{"config_name": "recursive_grid_SOLUSDT_454days",
 "logging_level": 0,
 "long": {"auto_unstuck_delay_minutes": 712.2747013412679,
          "auto_unstuck_ema_dist": 0.040178320343709495,
          "auto_unstuck_qty_pct": 0.01,
          "auto_unstuck_wallet_exposure_threshold": 0.057257490328888314,
          "backwards_tp": false,
          "ddown_factor": 0.6883557088906158,
          "ema_span_0": 1011.4096412073324,
          "ema_span_1": 1398.9187043253332,
          "enabled": true,
          "initial_eprice_ema_dist": 0.00036878903490259336,
          "initial_qty_pct": 0.05,
          "markup_range": 0.02376639543164745,
          "min_markup": 0.008325350541814339,
          "n_close_orders": 6,
          "rentry_pprice_dist": 0.0248240466311956,
          "rentry_pprice_dist_wallet_exposure_weighting": 2.0759333408028287,
          "wallet_exposure_limit": 1},
 "short": {"auto_unstuck_delay_minutes": 651.1191515796913,
           "auto_unstuck_ema_dist": -0.009391963480590307,
           "auto_unstuck_qty_pct": 0.05491700238105324,
           "auto_unstuck_wallet_exposure_threshold": 0.35348510232454,
           "backwards_tp": true,
           "ddown_factor": 1.483344745398159,
           "ema_span_0": 1223.6182967383534,
           "ema_span_1": 182.67192375470134,
           "enabled": false,
           "initial_eprice_ema_dist": -0.05700801695993667,
           "initial_qty_pct": 0.049781870689185964,
           "markup_range": 0.016499116696811603,
           "min_markup": 0.0070890096927309154,
           "n_close_orders": 6,
           "rentry_pprice_dist": 0.019246370567909232,
           "rentry_pprice_dist_wallet_exposure_weighting": 2.758463402012936,
           "wallet_exposure_limit": 1.0}}