{"config_name": "recursive_grid_ICPUSDT_453days",
 "logging_level": 0,
 "long": {"auto_unstuck_delay_minutes": 920.1285284779028,
          "auto_unstuck_ema_dist": -0.019084015512544517,
          "auto_unstuck_qty_pct": 0.01,
          "auto_unstuck_wallet_exposure_threshold": 0.032551530446450753,
          "backwards_tp": false,
          "ddown_factor": 1.6317259097503067,
          "ema_span_0": 581.2820553625855,
          "ema_span_1": 907.1167973526908,
          "enabled": true,
          "initial_eprice_ema_dist": 0.0076853815664999605,
          "initial_qty_pct": 0.05,
          "markup_range": 0.058527840285781334,
          "min_markup": 0.01,
          "n_close_orders": 7,
          "rentry_pprice_dist": 0.02205867217922177,
          "rentry_pprice_dist_wallet_exposure_weighting": 1.0436009387490581,
          "wallet_exposure_limit": 1},
 "short": {"auto_unstuck_delay_minutes": 177.16539952690934,
           "auto_unstuck_ema_dist": -0.057870046413672944,
           "auto_unstuck_qty_pct": 0.02831174401354404,
           "auto_unstuck_wallet_exposure_threshold": 0.8715049399119883,
           "backwards_tp": true,
           "ddown_factor": 1.632494503302528,
           "ema_span_0": 1299.5461975279134,
           "ema_span_1": 793.1172790844175,
           "enabled": false,
           "initial_eprice_ema_dist": -0.007711265777914672,
           "initial_qty_pct": 0.014025605591300287,
           "markup_range": 0.05324448909311883,
           "min_markup": 0.0037602370671365086,
           "n_close_orders": 9,
           "rentry_pprice_dist": 0.03938002322492987,
           "rentry_pprice_dist_wallet_exposure_weighting": 4.1783095613794945,
           "wallet_exposure_limit": 1.0}}