{"config_name": "recursive_grid_GRTUSDT_454days",
 "logging_level": 0,
 "long": {"auto_unstuck_delay_minutes": 1346.4637326654206,
          "auto_unstuck_ema_dist": 0.01983547453980035,
          "auto_unstuck_qty_pct": 0.01,
          "auto_unstuck_wallet_exposure_threshold": 0.0745715773496847,
          "backwards_tp": false,
          "ddown_factor": 1.1005899726940425,
          "ema_span_0": 614.6248894043415,
          "ema_span_1": 535.5214693326716,
          "enabled": true,
          "initial_eprice_ema_dist": 0.006444386456332926,
          "initial_qty_pct": 0.05,
          "markup_range": 0.027694133678345445,
          "min_markup": 0.00590424232177846,
          "n_close_orders": 5,
          "rentry_pprice_dist": 0.022758685162618048,
          "rentry_pprice_dist_wallet_exposure_weighting": 3.882965872956546,
          "wallet_exposure_limit": 1.0},
 "short": {"auto_unstuck_delay_minutes": 173.47429893337178,
           "auto_unstuck_ema_dist": -0.01659887564890733,
           "auto_unstuck_qty_pct": 0.025566775957743877,
           "auto_unstuck_wallet_exposure_threshold": 0.22959031774979322,
           "backwards_tp": true,
           "ddown_factor": 0.4662485940233533,
           "ema_span_0": 1397.5697208312683,
           "ema_span_1": 224.02545814569717,
           "enabled": false,
           "initial_eprice_ema_dist": -0.04635810310426976,
           "initial_qty_pct": 0.011382797095812386,
           "markup_range": 0.055775913998261394,
           "min_markup": 0.009859271067734588,
           "n_close_orders": 7,
           "rentry_pprice_dist": 0.026745674610821484,
           "rentry_pprice_dist_wallet_exposure_weighting": 10.530721534444892,
           "wallet_exposure_limit": 1.0}}