{"config_name": "recursive_grid_FTMUSDT_143days",
 "logging_level": 0,
 "long": {"auto_unstuck_delay_minutes": 528.2994483279571,
          "auto_unstuck_ema_dist": 0.0030175572436750148,
          "auto_unstuck_qty_pct": 0.01,
          "auto_unstuck_wallet_exposure_threshold": 0.055060826178100805,
          "backwards_tp": false,
          "ddown_factor": 0.31411679824934186,
          "ema_span_0": 1358.4842266775738,
          "ema_span_1": 1026.941460662836,
          "enabled": true,
          "initial_eprice_ema_dist": -0.0071044394280626,
          "initial_qty_pct": 0.03243937284730697,
          "markup_range": 0.02229781842426543,
          "min_markup": 0.010545594743214863,
          "n_close_orders": 8,
          "rentry_pprice_dist": 0.015553173255587378,
          "rentry_pprice_dist_wallet_exposure_weighting": 9.519996315588871,
          "wallet_exposure_limit": 1},
 "short": {"auto_unstuck_delay_minutes": 429.40432458331253,
           "auto_unstuck_ema_dist": -0.08307691716827631,
           "auto_unstuck_qty_pct": 0.022719438274039994,
           "auto_unstuck_wallet_exposure_threshold": 0.5341746009505437,
           "backwards_tp": false,
           "ddown_factor": 0.4990454357542321,
           "ema_span_0": 125.82578884786618,
           "ema_span_1": 513.399605667853,
           "enabled": false,
           "initial_eprice_ema_dist": -0.047767628606797265,
           "initial_qty_pct": 0.0440378494384129,
           "markup_range": 0.013735845763964468,
           "min_markup": 0.0075918238742288145,
           "n_close_orders": 12,
           "rentry_pprice_dist": 0.015483995562989017,
           "rentry_pprice_dist_wallet_exposure_weighting": 16.347475189729774,
           "wallet_exposure_limit": 1.0}}