{"config_name": "recursive_grid_NEARUSDT_142days",
 "logging_level": 0,
 "long": {"auto_unstuck_delay_minutes": 541.7520178414478,
          "auto_unstuck_ema_dist": 0.039942250906190635,
          "auto_unstuck_qty_pct": 0.01,
          "auto_unstuck_wallet_exposure_threshold": 0.036779384331299916,
          "backwards_tp": false,
          "ddown_factor": 0.6564446704664346,
          "ema_span_0": 1370.1380806602251,
          "ema_span_1": 532.2179379930517,
          "enabled": true,
          "initial_eprice_ema_dist": 0.02923339009842536,
          "initial_qty_pct": 0.03307712918426351,
          "markup_range": 0.015578806677734314,
          "min_markup": 0.013240630400006396,
          "n_close_orders": 6,
          "rentry_pprice_dist": 0.03777052941580357,
          "rentry_pprice_dist_wallet_exposure_weighting": 11.178958668975925,
          "wallet_exposure_limit": 1.0},
 "short": {"auto_unstuck_delay_minutes": 1331.434577615062,
           "auto_unstuck_ema_dist": -0.08009937169165203,
           "auto_unstuck_qty_pct": 0.0461132490429777,
           "auto_unstuck_wallet_exposure_threshold": 0.5574940377941735,
           "backwards_tp": false,
           "ddown_factor": 0.7295866614679578,
           "ema_span_0": 89.82292132246297,
           "ema_span_1": 861.733493034398,
           "enabled": false,
           "initial_eprice_ema_dist": -0.06096957766593584,
           "initial_qty_pct": 0.031646747936213096,
           "markup_range": 0.05671463193102882,
           "min_markup": 0.009448793033328472,
           "n_close_orders": 11,
           "rentry_pprice_dist": 0.04208411130808504,
           "rentry_pprice_dist_wallet_exposure_weighting": 2.247695451549514,
           "wallet_exposure_limit": 1.0}}