{"config_name": "recursive_grid_SHIB1000USDT_967days",
 "logging_level": 0,
 "long": {"auto_unstuck_delay_minutes": 0.0,
          "auto_unstuck_ema_dist": 0,
          "auto_unstuck_qty_pct": 0,
          "auto_unstuck_wallet_exposure_threshold": 0.0,
          "backwards_tp": false,
          "ddown_factor": 0.4894242849338531,
          "ema_span_0": 366.97932728458454,
          "ema_span_1": 861.0499815822195,
          "enabled": true,
          "initial_eprice_ema_dist": 0.012484251458954614,
          "initial_qty_pct": 0.04,
          "markup_range": 0.03829616934678003,
          "min_markup": 0.009522281403444036,
          "n_close_orders": 3,
          "rentry_pprice_dist": 0.01856177802112562,
          "rentry_pprice_dist_wallet_exposure_weighting": 10.086798141486264,
          "wallet_exposure_limit": 1},
 "short": {"auto_unstuck_delay_minutes": 1385.2471347340345,
           "auto_unstuck_ema_dist": -0.07618144831362594,
           "auto_unstuck_qty_pct": 0.09221526187857287,
           "auto_unstuck_wallet_exposure_threshold": 0.6232037664795319,
           "backwards_tp": false,
           "ddown_factor": 2.414241239658506,
           "ema_span_0": 331.554493198206,
           "ema_span_1": 1375.0831657764975,
           "enabled": false,
           "initial_eprice_ema_dist": -0.08162044514630121,
           "initial_qty_pct": 0.02902962079055192,
           "markup_range": 0.005128691498833495,
           "min_markup": 0.005182140468853676,
           "n_close_orders": 3,
           "rentry_pprice_dist": 0.03219735405172035,
           "rentry_pprice_dist_wallet_exposure_weighting": 8.21377379730459,
           "wallet_exposure_limit": 1.0}}