{"config_name": "recursive_grid_MKRUSDT_454days",
 "logging_level": 0,
 "long": {"auto_unstuck_delay_minutes": 1111.021116406871,
          "auto_unstuck_ema_dist": -0.043289582284390636,
          "auto_unstuck_qty_pct": 0.01,
          "auto_unstuck_wallet_exposure_threshold": 0.06502950934017415,
          "backwards_tp": false,
          "ddown_factor": 1.1264489566764944,
          "ema_span_0": 628.5400550149375,
          "ema_span_1": 776.0758276780412,
          "enabled": true,
          "initial_eprice_ema_dist": 0.0066655441068685555,
          "initial_qty_pct": 0.05,
          "markup_range": 0.021353929727038236,
          "min_markup": 0.009852116608998944,
          "n_close_orders": 5,
          "rentry_pprice_dist": 0.02283786867308612,
          "rentry_pprice_dist_wallet_exposure_weighting": 0.8981979690679818,
          "wallet_exposure_limit": 1},
 "short": {"auto_unstuck_delay_minutes": 685.0708745610941,
           "auto_unstuck_ema_dist": -0.0626592945201882,
           "auto_unstuck_qty_pct": 0.09105867175316783,
           "auto_unstuck_wallet_exposure_threshold": 0.21382125908274263,
           "backwards_tp": true,
           "ddown_factor": 0.6845393368104677,
           "ema_span_0": 1111.061199945089,
           "ema_span_1": 832.3886979713525,
           "enabled": false,
           "initial_eprice_ema_dist": -0.09422256241968915,
           "initial_qty_pct": 0.015429507122543665,
           "markup_range": 0.01887057626702959,
           "min_markup": 0.006395795167059546,
           "n_close_orders": 10,
           "rentry_pprice_dist": 0.02024186360055292,
           "rentry_pprice_dist_wallet_exposure_weighting": 1.0172594765896625,
           "wallet_exposure_limit": 1.0}}