{"config_name": "recursive_grid_1000BONKUSDT_143days",
 "logging_level": 0,
 "long": {"auto_unstuck_delay_minutes": 1084.3460030874717,
          "auto_unstuck_ema_dist": -0.023416395837070402,
          "auto_unstuck_qty_pct": 0.01,
          "auto_unstuck_wallet_exposure_threshold": 0.09535188574716863,
          "backwards_tp": false,
          "ddown_factor": 0.4893777603646422,
          "ema_span_0": 133.1736085749183,
          "ema_span_1": 100,
          "enabled": true,
          "initial_eprice_ema_dist": 0.0169727970805362,
          "initial_qty_pct": 0.04792620533753731,
          "markup_range": 0.04694784386056632,
          "min_markup": 0.01703154977897461,
          "n_close_orders": 8,
          "rentry_pprice_dist": 0.013169827854684662,
          "rentry_pprice_dist_wallet_exposure_weighting": 9.634458838006783,
          "wallet_exposure_limit": 1},
 "short": {"auto_unstuck_delay_minutes": 1309.5454296383716,
           "auto_unstuck_ema_dist": -0.0061267739742260074,
           "auto_unstuck_qty_pct": 0.044862693754664985,
           "auto_unstuck_wallet_exposure_threshold": 0.762663017885972,
           "backwards_tp": false,
           "ddown_factor": 1.9311784080456644,
           "ema_span_0": 30.299438799027012,
           "ema_span_1": 950.4550306844636,
           "enabled": false,
           "initial_eprice_ema_dist": -0.04322251276676541,
           "initial_qty_pct": 0.027152734092225732,
           "markup_range": 0.056871348741895825,
           "min_markup": 0.0047311691683582,
           "n_close_orders": 14,
           "rentry_pprice_dist": 0.0073994863186840525,
           "rentry_pprice_dist_wallet_exposure_weighting": 6.193023915271536,
           "wallet_exposure_limit": 1.0}}