{"config_name": "recursive_grid_UNIUSDT_156days",
 "logging_level": 0,
 "long": {"auto_unstuck_delay_minutes": 1390.469041015302,
          "auto_unstuck_ema_dist": 0.0011919648887328427,
          "auto_unstuck_qty_pct": 0.01,
          "auto_unstuck_wallet_exposure_threshold": 0.09229571904049019,
          "backwards_tp": false,
          "ddown_factor": 0.3783913354653908,
          "ema_span_0": 262.93520124552776,
          "ema_span_1": 338.8245131462065,
          "enabled": true,
          "initial_eprice_ema_dist": 0.008735058524853083,
          "initial_qty_pct": 0.041024102952330124,
          "markup_range": 0.03951991029705904,
          "min_markup": 0.008,
          "n_close_orders": 6,
          "rentry_pprice_dist": 0.03178219373701949,
          "rentry_pprice_dist_wallet_exposure_weighting": 8.690742233093285,
          "wallet_exposure_limit": 1},
 "short": {"auto_unstuck_delay_minutes": 1070.7630725443976,
           "auto_unstuck_ema_dist": -0.08090572752614623,
           "auto_unstuck_qty_pct": 0.07796421822594728,
           "auto_unstuck_wallet_exposure_threshold": 0.5682789444713934,
           "backwards_tp": false,
           "ddown_factor": 2.114781096422126,
           "ema_span_0": 482.44027197181134,
           "ema_span_1": 281.03323985162217,
           "enabled": false,
           "initial_eprice_ema_dist": -0.005081508804224366,
           "initial_qty_pct": 0.036286268268568074,
           "markup_range": 0.004260337222211985,
           "min_markup": 0.006986200099615948,
           "n_close_orders": 5,
           "rentry_pprice_dist": 0.03533711868934752,
           "rentry_pprice_dist_wallet_exposure_weighting": 10.703152141052906,
           "wallet_exposure_limit": 1.0}}