{"config_name": "recursive_grid_MNTUSDT_156days",
 "logging_level": 0,
 "long": {"auto_unstuck_delay_minutes": 772.584227808353,
          "auto_unstuck_ema_dist": -0.011254897087197888,
          "auto_unstuck_qty_pct": 0.01,
          "auto_unstuck_wallet_exposure_threshold": 0.08984409343054493,
          "backwards_tp": false,
          "ddown_factor": 0.42010668559720565,
          "ema_span_0": 1261.2882171648268,
          "ema_span_1": 713.573730506721,
          "enabled": true,
          "initial_eprice_ema_dist": 0.011033738745394784,
          "initial_qty_pct": 0.03560389099072461,
          "markup_range": 0.04136143124950071,
          "min_markup": 0.008,
          "n_close_orders": 6,
          "rentry_pprice_dist": 0.0069908183115704875,
          "rentry_pprice_dist_wallet_exposure_weighting": 7.700259224059243,
          "wallet_exposure_limit": 1},
 "short": {"auto_unstuck_delay_minutes": 1370.0491718225876,
           "auto_unstuck_ema_dist": -0.062443298614396486,
           "auto_unstuck_qty_pct": 0.09419926409320402,
           "auto_unstuck_wallet_exposure_threshold": 0.7300983163787836,
           "backwards_tp": false,
           "ddown_factor": 0.5534052845680668,
           "ema_span_0": 199.55622170988545,
           "ema_span_1": 78.65803300781437,
           "enabled": false,
           "initial_eprice_ema_dist": -0.05761697981473733,
           "initial_qty_pct": 0.019350333155853938,
           "markup_range": 0.04271246989077593,
           "min_markup": 0.0037102389681733226,
           "n_close_orders": 15,
           "rentry_pprice_dist": 0.02824679410802957,
           "rentry_pprice_dist_wallet_exposure_weighting": 14.670500625352057,
           "wallet_exposure_limit": 1.0}}