{"config_name": "recursive_grid_MATICUSDT_156days",
 "logging_level": 0,
 "long": {"auto_unstuck_delay_minutes": 852.7219249653143,
          "auto_unstuck_ema_dist": 0.03015750062860877,
          "auto_unstuck_qty_pct": 0.01,
          "auto_unstuck_wallet_exposure_threshold": 0.07322195251121777,
          "backwards_tp": false,
          "ddown_factor": 0.3782431981735032,
          "ema_span_0": 457.0721763692785,
          "ema_span_1": 876.1616423685358,
          "enabled": true,
          "initial_eprice_ema_dist": 0.003687300316340394,
          "initial_qty_pct": 0.03410942868471881,
          "markup_range": 0.02785490974968321,
          "min_markup": 0.009621692820108324,
          "n_close_orders": 6,
          "rentry_pprice_dist": 0.02406162074441273,
          "rentry_pprice_dist_wallet_exposure_weighting": 7.990303353750676,
          "wallet_exposure_limit": 1},
 "short": {"auto_unstuck_delay_minutes": 1104.4096151746046,
           "auto_unstuck_ema_dist": -0.09770884702658272,
           "auto_unstuck_qty_pct": 0.06922710382839747,
           "auto_unstuck_wallet_exposure_threshold": 0.8647011366854742,
           "backwards_tp": false,
           "ddown_factor": 0.4564688757820473,
           "ema_span_0": 679.1560241220858,
           "ema_span_1": 470.9542283543302,
           "enabled": false,
           "initial_eprice_ema_dist": -0.08406392366678199,
           "initial_qty_pct": 0.024554412974052926,
           "markup_range": 0.0040657080671411844,
           "min_markup": 0.00804259992072447,
           "n_close_orders": 7,
           "rentry_pprice_dist": 0.022522754235245166,
           "rentry_pprice_dist_wallet_exposure_weighting": 17.519032740182404,
           "wallet_exposure_limit": 1.0}}