{"config_name": "recursive_grid_BNBUSDT_366days",
 "logging_level": 0,
 "long": {"auto_unstuck_delay_minutes": 539.4162080933895,
          "auto_unstuck_ema_dist": -0.045708656225455925,
          "auto_unstuck_qty_pct": 0.02789326392735711,
          "auto_unstuck_wallet_exposure_threshold": 0.022156248912711746,
          "backwards_tp": false,
          "ddown_factor": 1.5110570031512425,
          "ema_span_0": 2120.262557252624,
          "ema_span_1": 845.3160269023787,
          "enabled": true,
          "initial_eprice_ema_dist": -0.0010200151915439558,
          "initial_qty_pct": 0.030813710649442178,
          "markup_range": 0.017025969673931683,
          "min_markup": 0.01050450173143764,
          "n_close_orders": 4,
          "rentry_pprice_dist": 0.018495647283399533,
          "rentry_pprice_dist_wallet_exposure_weighting": 2.069897926136602,
          "wallet_exposure_limit": 1},
 "short": {"auto_unstuck_delay_minutes": 0.0,
           "auto_unstuck_ema_dist": 0.0,
           "auto_unstuck_qty_pct": 0.0,
           "auto_unstuck_wallet_exposure_threshold": 0.0,
           "backwards_tp": false,
           "ddown_factor": 0.2741394244664491,
           "ema_span_0": 762.9886252411386,
           "ema_span_1": 886.6068564890977,
           "enabled": false,
           "initial_eprice_ema_dist": -0.009903910158193615,
           "initial_qty_pct": 0.01234490608875319,
           "markup_range": 0.00370858097802514,
           "min_markup": 0.009861390130927648,
           "n_close_orders": 4,
           "rentry_pprice_dist": 0.054406346996541434,
           "rentry_pprice_dist_wallet_exposure_weighting": 6.965903557315852,
           "wallet_exposure_limit": 1.0}}