{"config_name": "recursive_grid_ZRXUSDT_454days",
 "logging_level": 0,
 "long": {"auto_unstuck_delay_minutes": 1051.5274727701267,
          "auto_unstuck_ema_dist": 0.024753224607961352,
          "auto_unstuck_qty_pct": 0.01,
          "auto_unstuck_wallet_exposure_threshold": 0.05380180636288982,
          "backwards_tp": false,
          "ddown_factor": 0.41632208632174933,
          "ema_span_0": 813.5560492703312,
          "ema_span_1": 961.5127780040137,
          "enabled": true,
          "initial_eprice_ema_dist": 0.0015839106596837937,
          "initial_qty_pct": 0.05,
          "markup_range": 0.03197031428376626,
          "min_markup": 0.0030867115098124486,
          "n_close_orders": 6,
          "rentry_pprice_dist": 0.05576898689361551,
          "rentry_pprice_dist_wallet_exposure_weighting": 1.3616991964096843,
          "wallet_exposure_limit": 1.0},
 "short": {"auto_unstuck_delay_minutes": 229.7835699246108,
           "auto_unstuck_ema_dist": -0.06853977664738535,
           "auto_unstuck_qty_pct": 0.03591672395605436,
           "auto_unstuck_wallet_exposure_threshold": 0.5601124394332697,
           "backwards_tp": true,
           "ddown_factor": 2.6305018408617475,
           "ema_span_0": 565.7852269194051,
           "ema_span_1": 66.42989804753208,
           "enabled": false,
           "initial_eprice_ema_dist": -0.010910302709012179,
           "initial_qty_pct": 0.01662879148499838,
           "markup_range": 0.042014237928688455,
           "min_markup": 0.00843781530223742,
           "n_close_orders": 12,
           "rentry_pprice_dist": 0.018302342665590617,
           "rentry_pprice_dist_wallet_exposure_weighting": 4.732682053711075,
           "wallet_exposure_limit": 1.0}}