{"config_name": "recursive_grid_MKRUSDT_894days",
 "logging_level": 0,
 "long": {"auto_unstuck_delay_minutes": 0,
          "auto_unstuck_ema_dist": 0,
          "auto_unstuck_qty_pct": 0,
          "auto_unstuck_wallet_exposure_threshold": 0.0,
          "backwards_tp": false,
          "ddown_factor": 0.42724773170282293,
          "ema_span_0": 1440,
          "ema_span_1": 1240.7587866152285,
          "enabled": true,
          "initial_eprice_ema_dist": 0.025553189025303714,
          "initial_qty_pct": 0.04,
          "markup_range": 0.0472897293675551,
          "min_markup": 0.03,
          "n_close_orders": 3,
          "rentry_pprice_dist": 0.04074465516514157,
          "rentry_pprice_dist_wallet_exposure_weighting": 8.904718907201309,
          "wallet_exposure_limit": 1},
 "short": {"auto_unstuck_delay_minutes": 33.64013156380649,
           "auto_unstuck_ema_dist": -0.04512383042124733,
           "auto_unstuck_qty_pct": 0.0318543296101902,
           "auto_unstuck_wallet_exposure_threshold": 0.5626112229123026,
           "backwards_tp": false,
           "ddown_factor": 2.8050380483150947,
           "ema_span_0": 485.0307284177329,
           "ema_span_1": 848.3717643423125,
           "enabled": false,
           "initial_eprice_ema_dist": -0.043988810905836055,
           "initial_qty_pct": 0.014037010001280006,
           "markup_range": 0.003371839712433222,
           "min_markup": 0.0037992862351369254,
           "n_close_orders": 12,
           "rentry_pprice_dist": 0.009661078415170488,
           "rentry_pprice_dist_wallet_exposure_weighting": 7.1210811780470245,
           "wallet_exposure_limit": 1.0}}