{"config_name": "recursive_grid_TONUSDT_212days",
 "logging_level": 0,
 "long": {"auto_unstuck_delay_minutes": 510.41697086471686,
          "auto_unstuck_ema_dist": -0.03047883476592066,
          "auto_unstuck_qty_pct": 0.01,
          "auto_unstuck_wallet_exposure_threshold": 0.059783711245645334,
          "backwards_tp": false,
          "ddown_factor": 1.781491263999742,
          "ema_span_0": 681.3992076502805,
          "ema_span_1": 1384.3618013437458,
          "enabled": true,
          "initial_eprice_ema_dist": 0.005212189967643477,
          "initial_qty_pct": 0.05,
          "markup_range": 0.022087047469236697,
          "min_markup": 0.009603741590662605,
          "n_close_orders": 5,
          "rentry_pprice_dist": 0.022542520979533853,
          "rentry_pprice_dist_wallet_exposure_weighting": 1.0463857831123748,
          "wallet_exposure_limit": 1},
 "short": {"auto_unstuck_delay_minutes": 614.8576804747013,
           "auto_unstuck_ema_dist": -0.06533078043828534,
           "auto_unstuck_qty_pct": 0.090173239661279,
           "auto_unstuck_wallet_exposure_threshold": 0.22976116969063318,
           "backwards_tp": true,
           "ddown_factor": 2.572198593739654,
           "ema_span_0": 347.52656887898814,
           "ema_span_1": 847.4390598337272,
           "enabled": false,
           "initial_eprice_ema_dist": -0.06420998606943712,
           "initial_qty_pct": 0.019236012760520636,
           "markup_range": 0.041255522469504244,
           "min_markup": 0.0014575411686425757,
           "n_close_orders": 2,
           "rentry_pprice_dist": 0.043501083528708524,
           "rentry_pprice_dist_wallet_exposure_weighting": 5.386736242120794,
           "wallet_exposure_limit": 1.0}}