{"config_name": "recursive_grid_WIFUSDT_78days",
 "logging_level": 0,
 "long": {"auto_unstuck_delay_minutes": 565.7067281677735,
          "auto_unstuck_ema_dist": -0.020114928627381713,
          "auto_unstuck_qty_pct": 0.01,
          "auto_unstuck_wallet_exposure_threshold": 0.04663488797805393,
          "backwards_tp": false,
          "ddown_factor": 1.815588736746737,
          "ema_span_0": 1353.24187511553,
          "ema_span_1": 622.4707117212287,
          "enabled": true,
          "initial_eprice_ema_dist": 0.004018403427313992,
          "initial_qty_pct": 0.05,
          "markup_range": 0.02802915618444881,
          "min_markup": 0.00442031508409808,
          "n_close_orders": 7,
          "rentry_pprice_dist": 0.033648290258748076,
          "rentry_pprice_dist_wallet_exposure_weighting": 1.2193520689367727,
          "wallet_exposure_limit": 1},
 "short": {"auto_unstuck_delay_minutes": 398.55122521857015,
           "auto_unstuck_ema_dist": -0.012440423053405703,
           "auto_unstuck_qty_pct": 0.03204111376081848,
           "auto_unstuck_wallet_exposure_threshold": 0.41274422609418415,
           "backwards_tp": true,
           "ddown_factor": 2.9726269815757784,
           "ema_span_0": 1012.9464708990481,
           "ema_span_1": 736.0563851442328,
           "enabled": false,
           "initial_eprice_ema_dist": -0.04956659693934556,
           "initial_qty_pct": 0.02538533328783927,
           "markup_range": 0.001113473554352742,
           "min_markup": 0.00493297098783086,
           "n_close_orders": 3,
           "rentry_pprice_dist": 0.023378019927400857,
           "rentry_pprice_dist_wallet_exposure_weighting": 8.697120700601975,
           "wallet_exposure_limit": 1.0}}