{"config_name": "recursive_grid_LRCUSDT_991days",
 "logging_level": 0,
 "long": {"auto_unstuck_delay_minutes": 0.0,
          "auto_unstuck_ema_dist": 0.0,
          "auto_unstuck_qty_pct": 0.0,
          "auto_unstuck_wallet_exposure_threshold": 0.0,
          "backwards_tp": false,
          "ddown_factor": 0.5421262331170277,
          "ema_span_0": 597.0855761268297,
          "ema_span_1": 1058.4405312070837,
          "enabled": true,
          "initial_eprice_ema_dist": 0.0595279473585921,
          "initial_qty_pct": 0.04,
          "markup_range": 0.048927568378859046,
          "min_markup": 0.03,
          "n_close_orders": 3,
          "rentry_pprice_dist": 0.03860628107924564,
          "rentry_pprice_dist_wallet_exposure_weighting": 8.798051989355168,
          "wallet_exposure_limit": 1.0},
 "short": {"auto_unstuck_delay_minutes": 776.6968139802331,
           "auto_unstuck_ema_dist": -0.07220581240266155,
           "auto_unstuck_qty_pct": 0.06799238753995746,
           "auto_unstuck_wallet_exposure_threshold": 0.46589733699706637,
           "backwards_tp": false,
           "ddown_factor": 0.6174778429194413,
           "ema_span_0": 270.3946414489357,
           "ema_span_1": 551.8241820807036,
           "enabled": false,
           "initial_eprice_ema_dist": -0.015056388443067434,
           "initial_qty_pct": 0.014282787715852474,
           "markup_range": 0.014615075298529767,
           "min_markup": 0.0028700780025302398,
           "n_close_orders": 13,
           "rentry_pprice_dist": 0.04570661685209809,
           "rentry_pprice_dist_wallet_exposure_weighting": 14.4912871061603,
           "wallet_exposure_limit": 1.0}}