{"config_name": "recursive_grid_MKRUSDT_454days",
 "logging_level": 0,
 "long": {"auto_unstuck_delay_minutes": 720.9753314193241,
          "auto_unstuck_ema_dist": -0.030403370049046776,
          "auto_unstuck_qty_pct": 0.01,
          "auto_unstuck_wallet_exposure_threshold": 0.04885265380612566,
          "backwards_tp": false,
          "ddown_factor": 2,
          "ema_span_0": 1371.2525052295034,
          "ema_span_1": 770.196525921025,
          "enabled": true,
          "initial_eprice_ema_dist": 0.0069424180274038185,
          "initial_qty_pct": 0.05,
          "markup_range": 0.057972558865539446,
          "min_markup": 0.007679497730735348,
          "n_close_orders": 7,
          "rentry_pprice_dist": 0.02,
          "rentry_pprice_dist_wallet_exposure_weighting": 0.6516615423604013,
          "wallet_exposure_limit": 1},
 "short": {"auto_unstuck_delay_minutes": 390.5316123125452,
           "auto_unstuck_ema_dist": -0.07233145936975097,
           "auto_unstuck_qty_pct": 0.08630158955173775,
           "auto_unstuck_wallet_exposure_threshold": 0.8304965271924477,
           "backwards_tp": true,
           "ddown_factor": 1.462323175627942,
           "ema_span_0": 793.6607225569569,
           "ema_span_1": 810.4452836692258,
           "enabled": false,
           "initial_eprice_ema_dist": 0.0017245739620811718,
           "initial_qty_pct": 0.031063505032609753,
           "markup_range": 0.01154378247808957,
           "min_markup": 0.0072733092617442915,
           "n_close_orders": 13,
           "rentry_pprice_dist": 0.0477796824558375,
           "rentry_pprice_dist_wallet_exposure_weighting": 15.529626857179597,
           "wallet_exposure_limit": 1.0}}