{"config_name": "recursive_grid_BTCUSDT_142days",
 "logging_level": 0,
 "long": {"auto_unstuck_delay_minutes": 1117.80001161538,
          "auto_unstuck_ema_dist": -0.04704617707954016,
          "auto_unstuck_qty_pct": 0.01,
          "auto_unstuck_wallet_exposure_threshold": 0.03258241707973062,
          "backwards_tp": false,
          "ddown_factor": 0.8997601095227492,
          "ema_span_0": 860.086231885233,
          "ema_span_1": 765.8467432949623,
          "enabled": true,
          "initial_eprice_ema_dist": 0.0027115741852655117,
          "initial_qty_pct": 0.03042416717290075,
          "markup_range": 0.037165442927232735,
          "min_markup": 0.016777361216638465,
          "n_close_orders": 6,
          "rentry_pprice_dist": 0.013036031052998723,
          "rentry_pprice_dist_wallet_exposure_weighting": 1.7811233486495561,
          "wallet_exposure_limit": 1},
 "short": {"auto_unstuck_delay_minutes": 358.2120189924644,
           "auto_unstuck_ema_dist": -0.00023907898111122372,
           "auto_unstuck_qty_pct": 0.021025174363454344,
           "auto_unstuck_wallet_exposure_threshold": 0.20277206600940875,
           "backwards_tp": false,
           "ddown_factor": 1.1113245749122873,
           "ema_span_0": 609.7818604200418,
           "ema_span_1": 321.33212363903675,
           "enabled": false,
           "initial_eprice_ema_dist": -0.007920847752387009,
           "initial_qty_pct": 0.029869292596716127,
           "markup_range": 0.05877005112946222,
           "min_markup": 0.00642881202613535,
           "n_close_orders": 10,
           "rentry_pprice_dist": 0.0357686555104858,
           "rentry_pprice_dist_wallet_exposure_weighting": 15.352530672901775,
           "wallet_exposure_limit": 1.0}}