{"config_name": "recursive_grid_FILUSDT_366days",
 "logging_level": 0,
 "long": {"auto_unstuck_delay_minutes": 437.0397848523976,
          "auto_unstuck_ema_dist": -0.0019196098589174988,
          "auto_unstuck_qty_pct": 0.04811917696327867,
          "auto_unstuck_wallet_exposure_threshold": 0.13822185753386546,
          "backwards_tp": false,
          "ddown_factor": 0.3733087739171708,
          "ema_span_0": 2179.593515186814,
          "ema_span_1": 2322.3943508931006,
          "enabled": true,
          "initial_eprice_ema_dist": 0.0018787663229683101,
          "initial_qty_pct": 0.03,
          "markup_range": 0.013050934806956127,
          "min_markup": 0.006389571077230495,
          "n_close_orders": 9,
          "rentry_pprice_dist": 0.02598897421750662,
          "rentry_pprice_dist_wallet_exposure_weighting": 2.615095726817246,
          "wallet_exposure_limit": 1},
 "short": {"auto_unstuck_delay_minutes": 0.0,
           "auto_unstuck_ema_dist": 0.0,
           "auto_unstuck_qty_pct": 0.0,
           "auto_unstuck_wallet_exposure_threshold": 0.0,
           "backwards_tp": false,
           "ddown_factor": 2.1770924855575586,
           "ema_span_0": 503.94140531614164,
           "ema_span_1": 996.4447941464967,
           "enabled": false,
           "initial_eprice_ema_dist": 0.00213116325867628,
           "initial_qty_pct": 0.005995307351790334,
           "markup_range": 0.004354281128546235,
           "min_markup": 0.008471821418188604,
           "n_close_orders": 2,
           "rentry_pprice_dist": 0.005139487805066149,
           "rentry_pprice_dist_wallet_exposure_weighting": 6.689719734700208,
           "wallet_exposure_limit": 1.0}}