{"config_name": "recursive_grid_BTCUSDT_143days",
 "logging_level": 0,
 "long": {"auto_unstuck_delay_minutes": 1134.7850989636509,
          "auto_unstuck_ema_dist": -0.04685352338613807,
          "auto_unstuck_qty_pct": 0.01,
          "auto_unstuck_wallet_exposure_threshold": 0.07367918395854739,
          "backwards_tp": false,
          "ddown_factor": 0.3978274605087976,
          "ema_span_0": 610.3092465170232,
          "ema_span_1": 352.34746950911995,
          "enabled": true,
          "initial_eprice_ema_dist": -0.005381595681769179,
          "initial_qty_pct": 0.039417130432495125,
          "markup_range": 0.048314953991645676,
          "min_markup": 0.026098221890978504,
          "n_close_orders": 6,
          "rentry_pprice_dist": 0.022914522581707456,
          "rentry_pprice_dist_wallet_exposure_weighting": 9.554608914385701,
          "wallet_exposure_limit": 1.0},
 "short": {"auto_unstuck_delay_minutes": 1132.5940099717086,
           "auto_unstuck_ema_dist": -0.0011598456586126987,
           "auto_unstuck_qty_pct": 0.06383789529728962,
           "auto_unstuck_wallet_exposure_threshold": 0.44528026429929424,
           "backwards_tp": false,
           "ddown_factor": 1.237216563307794,
           "ema_span_0": 1183.3092528698799,
           "ema_span_1": 576.517205180299,
           "enabled": false,
           "initial_eprice_ema_dist": 0.0012398944654049282,
           "initial_qty_pct": 0.015108554571381556,
           "markup_range": 0.04887011077369624,
           "min_markup": 0.005884296214318579,
           "n_close_orders": 9,
           "rentry_pprice_dist": 0.007190884379478539,
           "rentry_pprice_dist_wallet_exposure_weighting": 12.29281996023185,
           "wallet_exposure_limit": 1.0}}