{"config_name": "recursive_grid_BTCUSDT_142days",
 "logging_level": 0,
 "long": {"auto_unstuck_delay_minutes": 1382.9275624323607,
          "auto_unstuck_ema_dist": -0.03404671461460919,
          "auto_unstuck_qty_pct": 0.01,
          "auto_unstuck_wallet_exposure_threshold": 0.09907959838803179,
          "backwards_tp": false,
          "ddown_factor": 0.37129277040183345,
          "ema_span_0": 661.1912802414781,
          "ema_span_1": 607.9908238686581,
          "enabled": true,
          "initial_eprice_ema_dist": 0.002584220880790336,
          "initial_qty_pct": 0.04431050415635131,
          "markup_range": 0.03632810553402331,
          "min_markup": 0.016798971532343276,
          "n_close_orders": 3,
          "rentry_pprice_dist": 0.013958923732492653,
          "rentry_pprice_dist_wallet_exposure_weighting": 0.9813010965911393,
          "wallet_exposure_limit": 1.0},
 "short": {"auto_unstuck_delay_minutes": 402.7730691469168,
           "auto_unstuck_ema_dist": -0.009515569409900407,
           "auto_unstuck_qty_pct": 0.06119247152997166,
           "auto_unstuck_wallet_exposure_threshold": 0.7115755046506432,
           "backwards_tp": false,
           "ddown_factor": 2.423061723933832,
           "ema_span_0": 1415.517765892507,
           "ema_span_1": 946.7731997538826,
           "enabled": false,
           "initial_eprice_ema_dist": -0.03151776063006265,
           "initial_qty_pct": 0.04277957101468049,
           "markup_range": 0.022350763602191855,
           "min_markup": 0.004024031483789766,
           "n_close_orders": 3,
           "rentry_pprice_dist": 0.011722395524739459,
           "rentry_pprice_dist_wallet_exposure_weighting": 5.788823964123138,
           "wallet_exposure_limit": 1.0}}