{"config_name": "recursive_grid_MATICUSDT_366days",
 "logging_level": 0,
 "long": {"auto_unstuck_delay_minutes": 627.1271752776297,
          "auto_unstuck_ema_dist": -0.03276556842762812,
          "auto_unstuck_qty_pct": 0.013036933104202387,
          "auto_unstuck_wallet_exposure_threshold": 0.07606735333352752,
          "backwards_tp": true,
          "ddown_factor": 0.4186263243658353,
          "ema_span_0": 2388.4208202255827,
          "ema_span_1": 1414.5299781056824,
          "enabled": true,
          "initial_eprice_ema_dist": -0.008408032378112764,
          "initial_qty_pct": 0.030194090706988908,
          "markup_range": 0.01649785631030892,
          "min_markup": 0.012631867026979863,
          "n_close_orders": 7,
          "rentry_pprice_dist": 0.056306264671000424,
          "rentry_pprice_dist_wallet_exposure_weighting": 3.1611981359281462,
          "wallet_exposure_limit": 1},
 "short": {"auto_unstuck_delay_minutes": 0.0,
           "auto_unstuck_ema_dist": 0.0,
           "auto_unstuck_qty_pct": 0.0,
           "auto_unstuck_wallet_exposure_threshold": 0.0,
           "backwards_tp": true,
           "ddown_factor": 0.8165816182144129,
           "ema_span_0": 628.0143212568046,
           "ema_span_1": 1129.2539066350419,
           "enabled": false,
           "initial_eprice_ema_dist": 0.0004915480622733667,
           "initial_qty_pct": 0.005762661170548622,
           "markup_range": 0.005630937360913186,
           "min_markup": 0.001311369946621381,
           "n_close_orders": 5,
           "rentry_pprice_dist": 0.05815538756618626,
           "rentry_pprice_dist_wallet_exposure_weighting": 2.9901328250027643,
           "wallet_exposure_limit": 1.0}}