{"config_name": "recursive_grid_1000RATSUSDT_150days",
 "logging_level": 0,
 "long": {"auto_unstuck_delay_minutes": 837.0399771563352,
          "auto_unstuck_ema_dist": -0.018836670772467812,
          "auto_unstuck_qty_pct": 0.01,
          "auto_unstuck_wallet_exposure_threshold": 0.055111324039758366,
          "backwards_tp": false,
          "ddown_factor": 0.41280636103137347,
          "ema_span_0": 811.1403813233477,
          "ema_span_1": 319.70779217777925,
          "enabled": true,
          "initial_eprice_ema_dist": 0.045917759688382104,
          "initial_qty_pct": 0.04051137466966152,
          "markup_range": 0.023180034199823146,
          "min_markup": 0.02538707363500448,
          "n_close_orders": 7,
          "rentry_pprice_dist": 0.035842605163891726,
          "rentry_pprice_dist_wallet_exposure_weighting": 14.58266248875491,
          "wallet_exposure_limit": 1},
 "short": {"auto_unstuck_delay_minutes": 280.2529844355491,
           "auto_unstuck_ema_dist": 0.0027761370104402994,
           "auto_unstuck_qty_pct": 0.057660720109143596,
           "auto_unstuck_wallet_exposure_threshold": 0.4256713574462935,
           "backwards_tp": false,
           "ddown_factor": 2.054132857243677,
           "ema_span_0": 517.8361128670546,
           "ema_span_1": 1175.2400644168865,
           "enabled": false,
           "initial_eprice_ema_dist": -0.05943432620170632,
           "initial_qty_pct": 0.04570279017113449,
           "markup_range": 0.03155627265796195,
           "min_markup": 0.006200657427449484,
           "n_close_orders": 15,
           "rentry_pprice_dist": 0.04266724679811806,
           "rentry_pprice_dist_wallet_exposure_weighting": 12.64476043537731,
           "wallet_exposure_limit": 1.0}}