{"config_name": "recursive_grid_MNTUSDT_301days",
 "logging_level": 0,
 "long": {"auto_unstuck_delay_minutes": 0.0,
          "auto_unstuck_ema_dist": 0.0,
          "auto_unstuck_qty_pct": 0.0,
          "auto_unstuck_wallet_exposure_threshold": 0.0,
          "backwards_tp": false,
          "ddown_factor": 0.44085662514887586,
          "ema_span_0": 520.4359168480329,
          "ema_span_1": 1409.0248474922582,
          "enabled": true,
          "initial_eprice_ema_dist": -0.046496393239672786,
          "initial_qty_pct": 0.04,
          "markup_range": 0.0479673622927216,
          "min_markup": 0.03,
          "n_close_orders": 3,
          "rentry_pprice_dist": 0.03617950529829107,
          "rentry_pprice_dist_wallet_exposure_weighting": 11.522890178317764,
          "wallet_exposure_limit": 1.0},
 "short": {"auto_unstuck_delay_minutes": 1060.489428072158,
           "auto_unstuck_ema_dist": -0.05956512784551236,
           "auto_unstuck_qty_pct": 0.08069760116612505,
           "auto_unstuck_wallet_exposure_threshold": 0.624790124602078,
           "backwards_tp": false,
           "ddown_factor": 1.8026623311032983,
           "ema_span_0": 822.2677012302175,
           "ema_span_1": 322.3761363449988,
           "enabled": false,
           "initial_eprice_ema_dist": -0.05792259956622798,
           "initial_qty_pct": 0.027099482837063656,
           "markup_range": 0.05265332051255859,
           "min_markup": 0.0028838641231235885,
           "n_close_orders": 4,
           "rentry_pprice_dist": 0.020163136921740963,
           "rentry_pprice_dist_wallet_exposure_weighting": 14.17414289604803,
           "wallet_exposure_limit": 1.0}}