{"config_name": "recursive_grid_FILUSDT_1126days",
 "logging_level": 0,
 "long": {"auto_unstuck_delay_minutes": 0.0,
          "auto_unstuck_ema_dist": 0.0,
          "auto_unstuck_qty_pct": 0.0,
          "auto_unstuck_wallet_exposure_threshold": 0.0,
          "backwards_tp": false,
          "ddown_factor": 0.44896308032142607,
          "ema_span_0": 1147.8175881395528,
          "ema_span_1": 572.0457668133527,
          "enabled": true,
          "initial_eprice_ema_dist": 0.08020421004210229,
          "initial_qty_pct": 0.04,
          "markup_range": 0.03890531200678751,
          "min_markup": 0.03,
          "n_close_orders": 4,
          "rentry_pprice_dist": 0.03758048133474112,
          "rentry_pprice_dist_wallet_exposure_weighting": 9.55699073063021,
          "wallet_exposure_limit": 1.0},
 "short": {"auto_unstuck_delay_minutes": 30.724856285627027,
           "auto_unstuck_ema_dist": -0.029098939205557603,
           "auto_unstuck_qty_pct": 0.0976021997677338,
           "auto_unstuck_wallet_exposure_threshold": 0.4473974790986217,
           "backwards_tp": false,
           "ddown_factor": 0.7685664604563047,
           "ema_span_0": 769.2018112919161,
           "ema_span_1": 487.38545145966,
           "enabled": false,
           "initial_eprice_ema_dist": -0.08962847864595874,
           "initial_qty_pct": 0.037913643825675844,
           "markup_range": 0.023821052632032134,
           "min_markup": 0.007084087507974739,
           "n_close_orders": 4,
           "rentry_pprice_dist": 0.030548780610099628,
           "rentry_pprice_dist_wallet_exposure_weighting": 18.506984561574033,
           "wallet_exposure_limit": 1.0}}