{"config_name": "recursive_grid_TIAUSDT_121days",
 "logging_level": 0,
 "long": {"auto_unstuck_delay_minutes": 643.6112904163645,
          "auto_unstuck_ema_dist": -0.034469928610677394,
          "auto_unstuck_qty_pct": 0.06446728860927056,
          "auto_unstuck_wallet_exposure_threshold": 0.13680482988851547,
          "backwards_tp": false,
          "ddown_factor": 1.0589317661328146,
          "ema_span_0": 2054.887125242977,
          "ema_span_1": 861.653675504096,
          "enabled": true,
          "initial_eprice_ema_dist": -0.007686373040417674,
          "initial_qty_pct": 0.03704115918422063,
          "markup_range": 0.016100530289357276,
          "min_markup": 0.005123211712746441,
          "n_close_orders": 4,
          "rentry_pprice_dist": 0.04581327473097842,
          "rentry_pprice_dist_wallet_exposure_weighting": 0.09276850605948339,
          "wallet_exposure_limit": 1.0},
 "short": {"auto_unstuck_delay_minutes": 0.0,
           "auto_unstuck_ema_dist": 0.0,
           "auto_unstuck_qty_pct": 0.0,
           "auto_unstuck_wallet_exposure_threshold": 0.0,
           "backwards_tp": false,
           "ddown_factor": 0.6485215361764568,
           "ema_span_0": 752.2534247370088,
           "ema_span_1": 436.50366219230693,
           "enabled": false,
           "initial_eprice_ema_dist": -0.008535338158687825,
           "initial_qty_pct": 0.009638629562728557,
           "markup_range": 0.0010707572784761045,
           "min_markup": 0.00794555245384445,
           "n_close_orders": 11,
           "rentry_pprice_dist": 0.031885058377375965,
           "rentry_pprice_dist_wallet_exposure_weighting": 2.5737710509923035,
           "wallet_exposure_limit": 1.0}}