{"config_name": "recursive_grid_DOTUSDT_156days",
 "logging_level": 0,
 "long": {"auto_unstuck_delay_minutes": 673.3821549371496,
          "auto_unstuck_ema_dist": -0.023103459587878718,
          "auto_unstuck_qty_pct": 0.01,
          "auto_unstuck_wallet_exposure_threshold": 0.08052498658719076,
          "backwards_tp": false,
          "ddown_factor": 0.5363077436216042,
          "ema_span_0": 554.0523662938184,
          "ema_span_1": 456.5955382719385,
          "enabled": true,
          "initial_eprice_ema_dist": 0.0007820446714000731,
          "initial_qty_pct": 0.04870871016062767,
          "markup_range": 0.01275805734755989,
          "min_markup": 0.011268460559300086,
          "n_close_orders": 4,
          "rentry_pprice_dist": 0.012178530273987158,
          "rentry_pprice_dist_wallet_exposure_weighting": 8.039643390730864,
          "wallet_exposure_limit": 1},
 "short": {"auto_unstuck_delay_minutes": 1220.4973737284472,
           "auto_unstuck_ema_dist": -0.012075799246259677,
           "auto_unstuck_qty_pct": 0.09506257149785735,
           "auto_unstuck_wallet_exposure_threshold": 0.38716152770114876,
           "backwards_tp": false,
           "ddown_factor": 0.7047051558276762,
           "ema_span_0": 1418.8369305812937,
           "ema_span_1": 881.3215035094244,
           "enabled": false,
           "initial_eprice_ema_dist": -0.004721250920063216,
           "initial_qty_pct": 0.028226569125366245,
           "markup_range": 0.004599057935317156,
           "min_markup": 0.009056740696637314,
           "n_close_orders": 4,
           "rentry_pprice_dist": 0.03326539945574195,
           "rentry_pprice_dist_wallet_exposure_weighting": 10.828272542732897,
           "wallet_exposure_limit": 1.0}}