{"config_name": "recursive_grid_CROUSDT_156days",
 "logging_level": 0,
 "long": {"auto_unstuck_delay_minutes": 548.5047304804446,
          "auto_unstuck_ema_dist": 0.025282532145613365,
          "auto_unstuck_qty_pct": 0.01,
          "auto_unstuck_wallet_exposure_threshold": 0.04637162761071573,
          "backwards_tp": false,
          "ddown_factor": 0.5902580536069411,
          "ema_span_0": 916.5685889942013,
          "ema_span_1": 924.0283607990829,
          "enabled": true,
          "initial_eprice_ema_dist": 0.014316639424867453,
          "initial_qty_pct": 0.030398227935320325,
          "markup_range": 0.04118154314930301,
          "min_markup": 0.01617626402355383,
          "n_close_orders": 4,
          "rentry_pprice_dist": 0.017781796829022024,
          "rentry_pprice_dist_wallet_exposure_weighting": 9.067710693598652,
          "wallet_exposure_limit": 1},
 "short": {"auto_unstuck_delay_minutes": 849.483711714744,
           "auto_unstuck_ema_dist": -0.07650062513875587,
           "auto_unstuck_qty_pct": 0.011666987353797505,
           "auto_unstuck_wallet_exposure_threshold": 0.5217141618406373,
           "backwards_tp": false,
           "ddown_factor": 0.14648209505743415,
           "ema_span_0": 908.2253719378768,
           "ema_span_1": 785.1426444006528,
           "enabled": false,
           "initial_eprice_ema_dist": -0.0452711880458121,
           "initial_qty_pct": 0.015495226790815143,
           "markup_range": 0.021027417844700975,
           "min_markup": 0.004485695882996152,
           "n_close_orders": 8,
           "rentry_pprice_dist": 0.041698178266309574,
           "rentry_pprice_dist_wallet_exposure_weighting": 18.773188651811598,
           "wallet_exposure_limit": 1.0}}