{"config_name": "recursive_grid_BTCUSDT_366days",
 "logging_level": 0,
 "long": {"auto_unstuck_delay_minutes": 1175.3226901390306,
          "auto_unstuck_ema_dist": 0.020431483716146406,
          "auto_unstuck_qty_pct": 0.027220093069398116,
          "auto_unstuck_wallet_exposure_threshold": 0.18300759735281266,
          "backwards_tp": true,
          "ddown_factor": 0.18160019682046527,
          "ema_span_0": 670.311984048282,
          "ema_span_1": 1248.1762180346593,
          "enabled": true,
          "initial_eprice_ema_dist": -0.009960785714915932,
          "initial_qty_pct": 0.034399740316546426,
          "markup_range": 0.016385382712694668,
          "min_markup": 0.01368349451915355,
          "n_close_orders": 3,
          "rentry_pprice_dist": 0.017103734046390037,
          "rentry_pprice_dist_wallet_exposure_weighting": 1.1922656435771715,
          "wallet_exposure_limit": 1.0},
 "short": {"auto_unstuck_delay_minutes": 0.0,
           "auto_unstuck_ema_dist": 0.0,
           "auto_unstuck_qty_pct": 0.0,
           "auto_unstuck_wallet_exposure_threshold": 0.0,
           "backwards_tp": true,
           "ddown_factor": 0.226484659770904,
           "ema_span_0": 1202.0224607608095,
           "ema_span_1": 614.2146827342901,
           "enabled": false,
           "initial_eprice_ema_dist": -0.0009725471034865638,
           "initial_qty_pct": 0.018272281523348487,
           "markup_range": 0.009965841935772277,
           "min_markup": 0.006996549341517601,
           "n_close_orders": 4,
           "rentry_pprice_dist": 0.029324540738723814,
           "rentry_pprice_dist_wallet_exposure_weighting": 0.6129311809897479,
           "wallet_exposure_limit": 1.0}}