{"config_name": "recursive_grid_CROUSDT_156days",
 "logging_level": 0,
 "long": {"auto_unstuck_delay_minutes": 710.4858381286559,
          "auto_unstuck_ema_dist": -0.049159841691144096,
          "auto_unstuck_qty_pct": 0.01,
          "auto_unstuck_wallet_exposure_threshold": 0.05153240246746399,
          "backwards_tp": false,
          "ddown_factor": 0.4697329165517343,
          "ema_span_0": 1295.521805304024,
          "ema_span_1": 1425.1827977349985,
          "enabled": true,
          "initial_eprice_ema_dist": 0.04587903724908175,
          "initial_qty_pct": 0.04557110190372731,
          "markup_range": 0.04562969030715214,
          "min_markup": 0.02915298554266784,
          "n_close_orders": 5,
          "rentry_pprice_dist": 0.03836651303529923,
          "rentry_pprice_dist_wallet_exposure_weighting": 7.936820130846242,
          "wallet_exposure_limit": 1.0},
 "short": {"auto_unstuck_delay_minutes": 1157.8663884209757,
           "auto_unstuck_ema_dist": -0.026417522904272336,
           "auto_unstuck_qty_pct": 0.03429587246794721,
           "auto_unstuck_wallet_exposure_threshold": 0.17778268485942147,
           "backwards_tp": false,
           "ddown_factor": 0.7369399754562242,
           "ema_span_0": 1366.3881937443912,
           "ema_span_1": 675.1022987362934,
           "enabled": false,
           "initial_eprice_ema_dist": -0.08107126529105002,
           "initial_qty_pct": 0.047163318997544806,
           "markup_range": 0.028235442682396653,
           "min_markup": 0.0040429470941613,
           "n_close_orders": 8,
           "rentry_pprice_dist": 0.032509786708000185,
           "rentry_pprice_dist_wallet_exposure_weighting": 7.635160977963615,
           "wallet_exposure_limit": 1.0}}