{"config_name": "recursive_grid_PEOPLEUSDT_143days",
 "logging_level": 0,
 "long": {"auto_unstuck_delay_minutes": 1092.3971129476065,
          "auto_unstuck_ema_dist": 0.031860285210477346,
          "auto_unstuck_qty_pct": 0.01,
          "auto_unstuck_wallet_exposure_threshold": 0.05073377554363567,
          "backwards_tp": false,
          "ddown_factor": 0.38291943505851656,
          "ema_span_0": 1115.8542992307118,
          "ema_span_1": 972.2765812691108,
          "enabled": true,
          "initial_eprice_ema_dist": 0.015519760390625095,
          "initial_qty_pct": 0.04114014985641558,
          "markup_range": 0.040080537583627826,
          "min_markup": 0.01385632888398659,
          "n_close_orders": 8,
          "rentry_pprice_dist": 0.026314324137508494,
          "rentry_pprice_dist_wallet_exposure_weighting": 8.219999351581432,
          "wallet_exposure_limit": 1},
 "short": {"auto_unstuck_delay_minutes": 886.8068618373925,
           "auto_unstuck_ema_dist": -0.022584108846084527,
           "auto_unstuck_qty_pct": 0.020135173788903657,
           "auto_unstuck_wallet_exposure_threshold": 0.3487749305373843,
           "backwards_tp": false,
           "ddown_factor": 1.644021615607863,
           "ema_span_0": 558.1873455666798,
           "ema_span_1": 136.5851393784765,
           "enabled": false,
           "initial_eprice_ema_dist": -0.05988097861905122,
           "initial_qty_pct": 0.013995833820021968,
           "markup_range": 0.05817820715803126,
           "min_markup": 0.008846843661304334,
           "n_close_orders": 2,
           "rentry_pprice_dist": 0.014424357914820114,
           "rentry_pprice_dist_wallet_exposure_weighting": 13.090673322509275,
           "wallet_exposure_limit": 1.0}}