{"config_name": "recursive_grid_BCHUSDT_156days",
 "logging_level": 0,
 "long": {"auto_unstuck_delay_minutes": 582.5541318211556,
          "auto_unstuck_ema_dist": 0.019061383647300867,
          "auto_unstuck_qty_pct": 0.01,
          "auto_unstuck_wallet_exposure_threshold": 0.04534119456135366,
          "backwards_tp": false,
          "ddown_factor": 0.4271851488565427,
          "ema_span_0": 1183.5349103280187,
          "ema_span_1": 447.0438152301852,
          "enabled": true,
          "initial_eprice_ema_dist": 0.027409515911213142,
          "initial_qty_pct": 0.03580686126969213,
          "markup_range": 0.03978120927152773,
          "min_markup": 0.03312957061915719,
          "n_close_orders": 4,
          "rentry_pprice_dist": 0.01700666702926923,
          "rentry_pprice_dist_wallet_exposure_weighting": 13.013143225303226,
          "wallet_exposure_limit": 1.0},
 "short": {"auto_unstuck_delay_minutes": 102.48027607541856,
           "auto_unstuck_ema_dist": -0.07413672268513977,
           "auto_unstuck_qty_pct": 0.018280343487933566,
           "auto_unstuck_wallet_exposure_threshold": 0.26826212453044207,
           "backwards_tp": false,
           "ddown_factor": 2.0694763809094887,
           "ema_span_0": 1361.3170677648968,
           "ema_span_1": 1125.6766171882261,
           "enabled": false,
           "initial_eprice_ema_dist": -0.05260552058393299,
           "initial_qty_pct": 0.0432269099716195,
           "markup_range": 0.03020101182219201,
           "min_markup": 0.006217175950732469,
           "n_close_orders": 9,
           "rentry_pprice_dist": 0.04449985556489368,
           "rentry_pprice_dist_wallet_exposure_weighting": 3.3466715606744613,
           "wallet_exposure_limit": 1.0}}