{"config_name": "recursive_grid_DYDXUSDT_365days",
 "logging_level": 0,
 "long": {"auto_unstuck_delay_minutes": 676.9970854798698,
          "auto_unstuck_ema_dist": -0.03660269663294109,
          "auto_unstuck_qty_pct": 0.018582406635667174,
          "auto_unstuck_wallet_exposure_threshold": 0.4084231782433935,
          "backwards_tp": false,
          "ddown_factor": 1.5539674923404558,
          "ema_span_0": 517.3195801725227,
          "ema_span_1": 1325.905382298364,
          "enabled": true,
          "initial_eprice_ema_dist": -0.020161948488712583,
          "initial_qty_pct": 0.02786384924305655,
          "markup_range": 0.02249968370264952,
          "min_markup": 0.006750502689951018,
          "n_close_orders": 8,
          "rentry_pprice_dist": 0.047240009339252674,
          "rentry_pprice_dist_wallet_exposure_weighting": 4.38978557837968,
          "wallet_exposure_limit": 1.0},
 "short": {"auto_unstuck_delay_minutes": 956.7125078727395,
           "auto_unstuck_ema_dist": -0.012411456443943883,
           "auto_unstuck_qty_pct": 0.09154948451161629,
           "auto_unstuck_wallet_exposure_threshold": 0.1452451979904746,
           "backwards_tp": false,
           "ddown_factor": 2.029721428319818,
           "ema_span_0": 507.40277229561696,
           "ema_span_1": 1278.227810698476,
           "enabled": false,
           "initial_eprice_ema_dist": 0.002845379090508594,
           "initial_qty_pct": 0.017457753553629263,
           "markup_range": 0.004785620967251613,
           "min_markup": 0.03628988445002912,
           "n_close_orders": 13,
           "rentry_pprice_dist": 0.05725020086725526,
           "rentry_pprice_dist_wallet_exposure_weighting": 1.3762343989498262,
           "wallet_exposure_limit": 1.0}}