{"config_name": "recursive_grid_ETHUSDT_454days",
 "logging_level": 0,
 "long": {"auto_unstuck_delay_minutes": 703.5265992668451,
          "auto_unstuck_ema_dist": -0.04972532375580026,
          "auto_unstuck_qty_pct": 0.01,
          "auto_unstuck_wallet_exposure_threshold": 0.043558449703480606,
          "backwards_tp": false,
          "ddown_factor": 1.9883065701131015,
          "ema_span_0": 600.7110771777005,
          "ema_span_1": 603.5191783959643,
          "enabled": true,
          "initial_eprice_ema_dist": 0.00517708735370067,
          "initial_qty_pct": 0.05,
          "markup_range": 0.059886211497625755,
          "min_markup": 0.007004054855481553,
          "n_close_orders": 3,
          "rentry_pprice_dist": 0.02,
          "rentry_pprice_dist_wallet_exposure_weighting": 0.6627434122986507,
          "wallet_exposure_limit": 1},
 "short": {"auto_unstuck_delay_minutes": 1321.0432064579238,
           "auto_unstuck_ema_dist": -0.00553586106766521,
           "auto_unstuck_qty_pct": 0.07390038286846408,
           "auto_unstuck_wallet_exposure_threshold": 0.6691689872597991,
           "backwards_tp": true,
           "ddown_factor": 2.681001358403321,
           "ema_span_0": 1250.4798847906632,
           "ema_span_1": 547.333182597763,
           "enabled": false,
           "initial_eprice_ema_dist": -0.03478440238962298,
           "initial_qty_pct": 0.033483556772117035,
           "markup_range": 0.02671338173261609,
           "min_markup": 0.0015953793383067525,
           "n_close_orders": 15,
           "rentry_pprice_dist": 0.04347102158473045,
           "rentry_pprice_dist_wallet_exposure_weighting": 9.32114384758214,
           "wallet_exposure_limit": 1.0}}