{"config_name": "recursive_grid_FTMUSDT_994days",
 "logging_level": 0,
 "long": {"auto_unstuck_delay_minutes": 0,
          "auto_unstuck_ema_dist": 0,
          "auto_unstuck_qty_pct": 0,
          "auto_unstuck_wallet_exposure_threshold": 0.0,
          "backwards_tp": false,
          "ddown_factor": 0.5546062082680926,
          "ema_span_0": 454.0298099482128,
          "ema_span_1": 760.6791023849551,
          "enabled": true,
          "initial_eprice_ema_dist": 0.08674682527089479,
          "initial_qty_pct": 0.04,
          "markup_range": 0.024808236295456178,
          "min_markup": 0.0225111955160709,
          "n_close_orders": 2,
          "rentry_pprice_dist": 0.022368692332295454,
          "rentry_pprice_dist_wallet_exposure_weighting": 11.783498246946085,
          "wallet_exposure_limit": 1},
 "short": {"auto_unstuck_delay_minutes": 493.87432243302226,
           "auto_unstuck_ema_dist": -0.03644961693241425,
           "auto_unstuck_qty_pct": 0.05969641124810235,
           "auto_unstuck_wallet_exposure_threshold": 0.6784500062104448,
           "backwards_tp": false,
           "ddown_factor": 1.8402337720041868,
           "ema_span_0": 972.4939604695317,
           "ema_span_1": 969.6711970332057,
           "enabled": false,
           "initial_eprice_ema_dist": -0.07873237302037071,
           "initial_qty_pct": 0.03564167434556347,
           "markup_range": 0.010107983978739674,
           "min_markup": 0.008330399727157968,
           "n_close_orders": 12,
           "rentry_pprice_dist": 0.03894721690498204,
           "rentry_pprice_dist_wallet_exposure_weighting": 1.8553202607706099,
           "wallet_exposure_limit": 1.0}}