{"config_name": "recursive_grid_ICPUSDT_453days",
 "logging_level": 0,
 "long": {"auto_unstuck_delay_minutes": 975.6784834919081,
          "auto_unstuck_ema_dist": -0.02472750390645612,
          "auto_unstuck_qty_pct": 0.01,
          "auto_unstuck_wallet_exposure_threshold": 0.0632600212194949,
          "backwards_tp": false,
          "ddown_factor": 1.6593094137916644,
          "ema_span_0": 834.9512869705193,
          "ema_span_1": 842.40541597133,
          "enabled": true,
          "initial_eprice_ema_dist": 0.008549354990657647,
          "initial_qty_pct": 0.05,
          "markup_range": 0.05917369638021934,
          "min_markup": 0.009783471966555242,
          "n_close_orders": 5,
          "rentry_pprice_dist": 0.020783419506942742,
          "rentry_pprice_dist_wallet_exposure_weighting": 1.752820221182417,
          "wallet_exposure_limit": 1},
 "short": {"auto_unstuck_delay_minutes": 940.7323258357225,
           "auto_unstuck_ema_dist": -0.09880416717290764,
           "auto_unstuck_qty_pct": 0.09619481413584488,
           "auto_unstuck_wallet_exposure_threshold": 0.11157447842504853,
           "backwards_tp": true,
           "ddown_factor": 1.8694157151270965,
           "ema_span_0": 53.96818612930576,
           "ema_span_1": 584.6817445417394,
           "enabled": false,
           "initial_eprice_ema_dist": -0.012074170491071484,
           "initial_qty_pct": 0.04336145556053678,
           "markup_range": 0.03670121243942002,
           "min_markup": 0.005700355883216347,
           "n_close_orders": 8,
           "rentry_pprice_dist": 0.03991766586336413,
           "rentry_pprice_dist_wallet_exposure_weighting": 14.526568387696948,
           "wallet_exposure_limit": 1.0}}