{"config_name": "recursive_grid_1000FLOKIUSDT_366days",
 "logging_level": 0,
 "long": {"auto_unstuck_delay_minutes": 985.3461108596517,
          "auto_unstuck_ema_dist": -0.09009507355420499,
          "auto_unstuck_qty_pct": 0.08857865228472862,
          "auto_unstuck_wallet_exposure_threshold": 0.04975443616842035,
          "backwards_tp": true,
          "ddown_factor": 0.9064224343562957,
          "ema_span_0": 1284.0618424782826,
          "ema_span_1": 631.9029243895541,
          "enabled": true,
          "initial_eprice_ema_dist": -0.002703655078900297,
          "initial_qty_pct": 0.050726347709971635,
          "markup_range": 0.015708414242619578,
          "min_markup": 0.007327738232713674,
          "n_close_orders": 8,
          "rentry_pprice_dist": 0.03803845546646521,
          "rentry_pprice_dist_wallet_exposure_weighting": 1.981566801212234,
          "wallet_exposure_limit": 1},
 "short": {"auto_unstuck_delay_minutes": 0.0,
           "auto_unstuck_ema_dist": 0.0,
           "auto_unstuck_qty_pct": 0.0,
           "auto_unstuck_wallet_exposure_threshold": 0.0,
           "backwards_tp": true,
           "ddown_factor": 1.792225061508641,
           "ema_span_0": 830.9969074539943,
           "ema_span_1": 685.3711359357097,
           "enabled": false,
           "initial_eprice_ema_dist": -0.0054973951207430505,
           "initial_qty_pct": 0.013520412972383627,
           "markup_range": 0.005536660214589265,
           "min_markup": 0.00573129935761081,
           "n_close_orders": 3,
           "rentry_pprice_dist": 0.037073823152483906,
           "rentry_pprice_dist_wallet_exposure_weighting": 3.013413608513636,
           "wallet_exposure_limit": 1.0}}