{"config_name": "recursive_grid_BNBUSDT_454days",
 "logging_level": 0,
 "long": {"auto_unstuck_delay_minutes": 543.022077057282,
          "auto_unstuck_ema_dist": -0.023409385455811737,
          "auto_unstuck_qty_pct": 0.01,
          "auto_unstuck_wallet_exposure_threshold": 0.0771529377016187,
          "backwards_tp": false,
          "ddown_factor": 1.6339540964589705,
          "ema_span_0": 413.52213485776036,
          "ema_span_1": 473.5765242470226,
          "enabled": true,
          "initial_eprice_ema_dist": 0.0074913787831157935,
          "initial_qty_pct": 0.05,
          "markup_range": 0.02931594591483341,
          "min_markup": 0.005300006972855693,
          "n_close_orders": 6,
          "rentry_pprice_dist": 0.027880112964153287,
          "rentry_pprice_dist_wallet_exposure_weighting": 1.4020093776844125,
          "wallet_exposure_limit": 1},
 "short": {"auto_unstuck_delay_minutes": 856.3697732146902,
           "auto_unstuck_ema_dist": -0.03368464816024436,
           "auto_unstuck_qty_pct": 0.07135938346346171,
           "auto_unstuck_wallet_exposure_threshold": 0.793753855034664,
           "backwards_tp": true,
           "ddown_factor": 0.9737816821444009,
           "ema_span_0": 542.7566454432887,
           "ema_span_1": 1415.26293936573,
           "enabled": false,
           "initial_eprice_ema_dist": -0.02063503052040376,
           "initial_qty_pct": 0.030305061643591473,
           "markup_range": 0.028029955504672095,
           "min_markup": 0.002019792777340355,
           "n_close_orders": 15,
           "rentry_pprice_dist": 0.019913769476118816,
           "rentry_pprice_dist_wallet_exposure_weighting": 8.409147856251824,
           "wallet_exposure_limit": 1.0}}