{"config_name": "recursive_grid_ORDIUSDT_224days",
 "logging_level": 0,
 "long": {"auto_unstuck_delay_minutes": 987.3211926780463,
          "auto_unstuck_ema_dist": -0.07767267853035428,
          "auto_unstuck_qty_pct": 0.019596974644604095,
          "auto_unstuck_wallet_exposure_threshold": 0.695178928523855,
          "backwards_tp": false,
          "ddown_factor": 2.0479983816039242,
          "ema_span_0": 225.1461917375792,
          "ema_span_1": 423.06500314085514,
          "enabled": true,
          "initial_eprice_ema_dist": 0.002593620966090865,
          "initial_qty_pct": 0.023670536655667377,
          "markup_range": 0.02121515939817547,
          "min_markup": 0.01031700525734772,
          "n_close_orders": 7,
          "rentry_pprice_dist": 0.04579010134324126,
          "rentry_pprice_dist_wallet_exposure_weighting": 6.20429276745162,
          "wallet_exposure_limit": 1},
 "short": {"auto_unstuck_delay_minutes": 290.43719619793245,
           "auto_unstuck_ema_dist": -0.010381341261776478,
           "auto_unstuck_qty_pct": 0.027987712358116132,
           "auto_unstuck_wallet_exposure_threshold": 0.03932222909006507,
           "backwards_tp": false,
           "ddown_factor": 1.0148759143909079,
           "ema_span_0": 1341.1960405053653,
           "ema_span_1": 844.4945330427928,
           "enabled": false,
           "initial_eprice_ema_dist": -0.004822248503563919,
           "initial_qty_pct": 0.019715807550512377,
           "markup_range": 0.008525959498168523,
           "min_markup": 0.04676092714401795,
           "n_close_orders": 10,
           "rentry_pprice_dist": 0.01119896837460279,
           "rentry_pprice_dist_wallet_exposure_weighting": 5.5490332248016,
           "wallet_exposure_limit": 1.0}}