{"config_name": "recursive_grid_XLMUSDT_156days",
 "logging_level": 0,
 "long": {"auto_unstuck_delay_minutes": 791.898484740061,
          "auto_unstuck_ema_dist": 0.042946029842292247,
          "auto_unstuck_qty_pct": 0.01,
          "auto_unstuck_wallet_exposure_threshold": 0.043945641961696376,
          "backwards_tp": false,
          "ddown_factor": 0.47744805197256224,
          "ema_span_0": 528.9875464814561,
          "ema_span_1": 666.7159363898663,
          "enabled": true,
          "initial_eprice_ema_dist": 0.0005899170909985929,
          "initial_qty_pct": 0.04912603238218419,
          "markup_range": 0.020322978204524552,
          "min_markup": 0.008527220511458678,
          "n_close_orders": 5,
          "rentry_pprice_dist": 0.02470399369192844,
          "rentry_pprice_dist_wallet_exposure_weighting": 8.19225463586493,
          "wallet_exposure_limit": 1.0},
 "short": {"auto_unstuck_delay_minutes": 1305.0199025572892,
           "auto_unstuck_ema_dist": -0.032270627165976645,
           "auto_unstuck_qty_pct": 0.09197949425722236,
           "auto_unstuck_wallet_exposure_threshold": 0.7725798828631717,
           "backwards_tp": false,
           "ddown_factor": 2.4201923233082128,
           "ema_span_0": 1085.3357278490735,
           "ema_span_1": 856.381908583477,
           "enabled": false,
           "initial_eprice_ema_dist": -0.07553879020843024,
           "initial_qty_pct": 0.04898892347177867,
           "markup_range": 0.05150078391818534,
           "min_markup": 0.008729230731353718,
           "n_close_orders": 6,
           "rentry_pprice_dist": 0.022868439119140823,
           "rentry_pprice_dist_wallet_exposure_weighting": 2.4715166374000153,
           "wallet_exposure_limit": 1.0}}