{"config_name": "recursive_grid_KASUSDT_156days",
 "logging_level": 0,
 "long": {"auto_unstuck_delay_minutes": 822.1612451669841,
          "auto_unstuck_ema_dist": -0.027542753561536137,
          "auto_unstuck_qty_pct": 0.01,
          "auto_unstuck_wallet_exposure_threshold": 0.08942204242754166,
          "backwards_tp": false,
          "ddown_factor": 0.45615161111087243,
          "ema_span_0": 136.062491775605,
          "ema_span_1": 191.61935070705303,
          "enabled": true,
          "initial_eprice_ema_dist": -0.04426178649980215,
          "initial_qty_pct": 0.04706325492304942,
          "markup_range": 0.036654031270729144,
          "min_markup": 0.016964925386261834,
          "n_close_orders": 6,
          "rentry_pprice_dist": 0.008092844005961502,
          "rentry_pprice_dist_wallet_exposure_weighting": 11.533709541208271,
          "wallet_exposure_limit": 1},
 "short": {"auto_unstuck_delay_minutes": 599.5884552977833,
           "auto_unstuck_ema_dist": -0.005193095292250788,
           "auto_unstuck_qty_pct": 0.08740781807333,
           "auto_unstuck_wallet_exposure_threshold": 0.7465537491578039,
           "backwards_tp": false,
           "ddown_factor": 1.7451095777317078,
           "ema_span_0": 490.0590564323587,
           "ema_span_1": 836.4339266337763,
           "enabled": false,
           "initial_eprice_ema_dist": -0.05131145684577082,
           "initial_qty_pct": 0.04983421320025877,
           "markup_range": 0.04797926895035181,
           "min_markup": 0.009450418988661752,
           "n_close_orders": 14,
           "rentry_pprice_dist": 0.00981690030657259,
           "rentry_pprice_dist_wallet_exposure_weighting": 10.932671145041606,
           "wallet_exposure_limit": 1.0}}