{"config_name": "recursive_grid_1000TURBOUSDT_85days",
 "logging_level": 0,
 "long": {"auto_unstuck_delay_minutes": 1082.5543327951282,
          "auto_unstuck_ema_dist": -0.03585660651891326,
          "auto_unstuck_qty_pct": 0.01,
          "auto_unstuck_wallet_exposure_threshold": 0.07569561762936744,
          "backwards_tp": false,
          "ddown_factor": 0.5398728135564239,
          "ema_span_0": 795.7090732290776,
          "ema_span_1": 104.61646888988653,
          "enabled": true,
          "initial_eprice_ema_dist": 0.03062069184403668,
          "initial_qty_pct": 0.042931429077740266,
          "markup_range": 0.037955909646848876,
          "min_markup": 0.03842616309551378,
          "n_close_orders": 5,
          "rentry_pprice_dist": 0.03281133085604193,
          "rentry_pprice_dist_wallet_exposure_weighting": 11.074615483507454,
          "wallet_exposure_limit": 1.0},
 "short": {"auto_unstuck_delay_minutes": 680.7700562643441,
           "auto_unstuck_ema_dist": -0.006234080884814641,
           "auto_unstuck_qty_pct": 0.07499583778997415,
           "auto_unstuck_wallet_exposure_threshold": 0.8964650454745895,
           "backwards_tp": false,
           "ddown_factor": 2.8448666780572958,
           "ema_span_0": 29.162142864676568,
           "ema_span_1": 1321.1190057661845,
           "enabled": false,
           "initial_eprice_ema_dist": -0.05521544442753567,
           "initial_qty_pct": 0.011717577138633223,
           "markup_range": 0.03880265536289892,
           "min_markup": 0.001107423261504313,
           "n_close_orders": 5,
           "rentry_pprice_dist": 0.02934738891094339,
           "rentry_pprice_dist_wallet_exposure_weighting": 4.19957563202193,
           "wallet_exposure_limit": 1.0}}