{"config_name": "recursive_grid_FTMUSDT_994days",
 "logging_level": 0,
 "long": {"auto_unstuck_delay_minutes": 0,
          "auto_unstuck_ema_dist": 0,
          "auto_unstuck_qty_pct": 0.0,
          "auto_unstuck_wallet_exposure_threshold": 0.0,
          "backwards_tp": false,
          "ddown_factor": 0.5984420175086301,
          "ema_span_0": 519.7913950418861,
          "ema_span_1": 783.9800395554744,
          "enabled": true,
          "initial_eprice_ema_dist": 0.05219012471503645,
          "initial_qty_pct": 0.04,
          "markup_range": 0.03621940418571178,
          "min_markup": 0.008246891026494918,
          "n_close_orders": 2,
          "rentry_pprice_dist": 0.034127768024009734,
          "rentry_pprice_dist_wallet_exposure_weighting": 8.750674805530029,
          "wallet_exposure_limit": 1},
 "short": {"auto_unstuck_delay_minutes": 1118.1078332054412,
           "auto_unstuck_ema_dist": -0.052021685448898965,
           "auto_unstuck_qty_pct": 0.084710768220039,
           "auto_unstuck_wallet_exposure_threshold": 0.13917401206444452,
           "backwards_tp": false,
           "ddown_factor": 1.5949101746412375,
           "ema_span_0": 1254.3216923848054,
           "ema_span_1": 1398.3896632725932,
           "enabled": false,
           "initial_eprice_ema_dist": -0.06372196908044568,
           "initial_qty_pct": 0.04543909497848955,
           "markup_range": 0.041446465981332344,
           "min_markup": 0.006680486918357659,
           "n_close_orders": 9,
           "rentry_pprice_dist": 0.036455958423071894,
           "rentry_pprice_dist_wallet_exposure_weighting": 13.911671897099527,
           "wallet_exposure_limit": 1.0}}