{"config_name": "recursive_grid_1000RATSUSDT_150days",
 "logging_level": 0,
 "long": {"auto_unstuck_delay_minutes": 1410.43030459954,
          "auto_unstuck_ema_dist": -0.012671001303156681,
          "auto_unstuck_qty_pct": 0.01,
          "auto_unstuck_wallet_exposure_threshold": 0.05110116982923459,
          "backwards_tp": false,
          "ddown_factor": 0.34267491022053215,
          "ema_span_0": 370.1588288323504,
          "ema_span_1": 573.5619223053059,
          "enabled": true,
          "initial_eprice_ema_dist": 0.028325678204032353,
          "initial_qty_pct": 0.039143439126290196,
          "markup_range": 0.04531629630448045,
          "min_markup": 0.009946076684600206,
          "n_close_orders": 5,
          "rentry_pprice_dist": 0.03142182302778782,
          "rentry_pprice_dist_wallet_exposure_weighting": 7.5,
          "wallet_exposure_limit": 1},
 "short": {"auto_unstuck_delay_minutes": 1219.3533675510046,
           "auto_unstuck_ema_dist": -0.004672576513585172,
           "auto_unstuck_qty_pct": 0.06052954625244583,
           "auto_unstuck_wallet_exposure_threshold": 0.7072556769229079,
           "backwards_tp": false,
           "ddown_factor": 1.748015697954439,
           "ema_span_0": 522.0671176261441,
           "ema_span_1": 69.98674309020483,
           "enabled": false,
           "initial_eprice_ema_dist": -0.08637786834201475,
           "initial_qty_pct": 0.017485609383329305,
           "markup_range": 0.008631731629282952,
           "min_markup": 0.006047152514620112,
           "n_close_orders": 15,
           "rentry_pprice_dist": 0.04800566761919026,
           "rentry_pprice_dist_wallet_exposure_weighting": 0.9567361495261695,
           "wallet_exposure_limit": 1.0}}