{"config_name": "recursive_grid_ORDIUSDT_143days",
 "logging_level": 0,
 "long": {"auto_unstuck_delay_minutes": 944.1657933075965,
          "auto_unstuck_ema_dist": 0.011743099535238485,
          "auto_unstuck_qty_pct": 0.01,
          "auto_unstuck_wallet_exposure_threshold": 0.06882117376846425,
          "backwards_tp": false,
          "ddown_factor": 0.5156189554856131,
          "ema_span_0": 1380.651431798264,
          "ema_span_1": 286.16881087243223,
          "enabled": true,
          "initial_eprice_ema_dist": 0.011179549793958916,
          "initial_qty_pct": 0.03642224657013168,
          "markup_range": 0.021561237871598353,
          "min_markup": 0.011867353833624555,
          "n_close_orders": 7,
          "rentry_pprice_dist": 0.02267133492426739,
          "rentry_pprice_dist_wallet_exposure_weighting": 12.725936850099597,
          "wallet_exposure_limit": 1.0},
 "short": {"auto_unstuck_delay_minutes": 25.457422868304334,
           "auto_unstuck_ema_dist": -0.007663757134133198,
           "auto_unstuck_qty_pct": 0.03721301142242655,
           "auto_unstuck_wallet_exposure_threshold": 0.8322381427085287,
           "backwards_tp": false,
           "ddown_factor": 1.1238155570590918,
           "ema_span_0": 939.5268333964743,
           "ema_span_1": 384.52296634061014,
           "enabled": false,
           "initial_eprice_ema_dist": -0.03656144475865465,
           "initial_qty_pct": 0.04560118147498233,
           "markup_range": 0.056102077780222144,
           "min_markup": 0.002562903101855335,
           "n_close_orders": 3,
           "rentry_pprice_dist": 0.018335142565043427,
           "rentry_pprice_dist_wallet_exposure_weighting": 14.292235776446612,
           "wallet_exposure_limit": 1.0}}