{"config_name": "recursive_grid_ADAUSDT_156days",
 "logging_level": 0,
 "long": {"auto_unstuck_delay_minutes": 840.5867230008514,
          "auto_unstuck_ema_dist": 0.009525237336859158,
          "auto_unstuck_qty_pct": 0.01,
          "auto_unstuck_wallet_exposure_threshold": 0.059759001982857315,
          "backwards_tp": false,
          "ddown_factor": 0.42410185798680466,
          "ema_span_0": 1324.3906585203476,
          "ema_span_1": 295.88534022006496,
          "enabled": true,
          "initial_eprice_ema_dist": 0.011440708116503938,
          "initial_qty_pct": 0.030093920658889495,
          "markup_range": 0.030018770893557967,
          "min_markup": 0.009459853261374662,
          "n_close_orders": 4,
          "rentry_pprice_dist": 0.01436433433982822,
          "rentry_pprice_dist_wallet_exposure_weighting": 12.212370811800572,
          "wallet_exposure_limit": 1},
 "short": {"auto_unstuck_delay_minutes": 840.9105818133035,
           "auto_unstuck_ema_dist": -0.031641459476436984,
           "auto_unstuck_qty_pct": 0.08156506586110922,
           "auto_unstuck_wallet_exposure_threshold": 0.5077039107763565,
           "backwards_tp": false,
           "ddown_factor": 0.14304984669769244,
           "ema_span_0": 983.4706699872771,
           "ema_span_1": 535.6297494528397,
           "enabled": false,
           "initial_eprice_ema_dist": -0.09670026279334694,
           "initial_qty_pct": 0.04601194795504793,
           "markup_range": 0.03503638778329506,
           "min_markup": 0.006572815119882597,
           "n_close_orders": 12,
           "rentry_pprice_dist": 0.008164871190012685,
           "rentry_pprice_dist_wallet_exposure_weighting": 9.803967404181737,
           "wallet_exposure_limit": 1.0}}