{"config_name": "recursive_grid_IMXUSDT_932days",
 "logging_level": 0,
 "long": {"auto_unstuck_delay_minutes": 0.0,
          "auto_unstuck_ema_dist": 0.0,
          "auto_unstuck_qty_pct": 0.0,
          "auto_unstuck_wallet_exposure_threshold": 0.0,
          "backwards_tp": false,
          "ddown_factor": 0.4286781902727341,
          "ema_span_0": 274.9698625165623,
          "ema_span_1": 310.99286100499916,
          "enabled": true,
          "initial_eprice_ema_dist": 0.06252828759879225,
          "initial_qty_pct": 0.04,
          "markup_range": 0.026934690847784007,
          "min_markup": 0.012372667553601734,
          "n_close_orders": 3,
          "rentry_pprice_dist": 0.01357681054578828,
          "rentry_pprice_dist_wallet_exposure_weighting": 11.114376626829484,
          "wallet_exposure_limit": 1.0},
 "short": {"auto_unstuck_delay_minutes": 415.0527772286223,
           "auto_unstuck_ema_dist": -0.06878157711630553,
           "auto_unstuck_qty_pct": 0.07551118549198392,
           "auto_unstuck_wallet_exposure_threshold": 0.7669631095362474,
           "backwards_tp": false,
           "ddown_factor": 2.1430550896823433,
           "ema_span_0": 349.82409259342376,
           "ema_span_1": 254.33126962023408,
           "enabled": false,
           "initial_eprice_ema_dist": -0.0067511508532944325,
           "initial_qty_pct": 0.04093597097591167,
           "markup_range": 0.004744298291401943,
           "min_markup": 0.008999800898416108,
           "n_close_orders": 14,
           "rentry_pprice_dist": 0.03401675630755226,
           "rentry_pprice_dist_wallet_exposure_weighting": 11.321891720120792,
           "wallet_exposure_limit": 1.0}}