{"config_name": "recursive_grid_KASUSDT_156days",
 "logging_level": 0,
 "long": {"auto_unstuck_delay_minutes": 875.9781523680479,
          "auto_unstuck_ema_dist": -0.01104871386944807,
          "auto_unstuck_qty_pct": 0.01,
          "auto_unstuck_wallet_exposure_threshold": 0.09910825390709452,
          "backwards_tp": false,
          "ddown_factor": 0.32710612903946906,
          "ema_span_0": 103.74921334614781,
          "ema_span_1": 50,
          "enabled": true,
          "initial_eprice_ema_dist": -0.044563526064200304,
          "initial_qty_pct": 0.04330002403707649,
          "markup_range": 0.027086749709807616,
          "min_markup": 0.013578055446909,
          "n_close_orders": 7,
          "rentry_pprice_dist": 0.005483959799990977,
          "rentry_pprice_dist_wallet_exposure_weighting": 11.105369794402785,
          "wallet_exposure_limit": 1},
 "short": {"auto_unstuck_delay_minutes": 1061.591623563597,
           "auto_unstuck_ema_dist": -0.05349654648219515,
           "auto_unstuck_qty_pct": 0.06083926911764026,
           "auto_unstuck_wallet_exposure_threshold": 0.16703964137090566,
           "backwards_tp": false,
           "ddown_factor": 1.9777487538076586,
           "ema_span_0": 527.5604456399951,
           "ema_span_1": 1112.6475065984678,
           "enabled": false,
           "initial_eprice_ema_dist": -0.08809953603451945,
           "initial_qty_pct": 0.04051860533515092,
           "markup_range": 0.02158307118547377,
           "min_markup": 0.009463047613236585,
           "n_close_orders": 4,
           "rentry_pprice_dist": 0.016854081080072237,
           "rentry_pprice_dist_wallet_exposure_weighting": 13.10484735472306,
           "wallet_exposure_limit": 1.0}}