{"config_name": "recursive_grid_BEAMUSDT_212days",
 "logging_level": 0,
 "long": {"auto_unstuck_delay_minutes": 0,
          "auto_unstuck_ema_dist": 0.0,
          "auto_unstuck_qty_pct": 0,
          "auto_unstuck_wallet_exposure_threshold": 0.0,
          "backwards_tp": false,
          "ddown_factor": 0.5728581058658566,
          "ema_span_0": 503.6983964835743,
          "ema_span_1": 626.0165248303917,
          "enabled": true,
          "initial_eprice_ema_dist": 0.006141712877318182,
          "initial_qty_pct": 0.04,
          "markup_range": 0.039522632694113435,
          "min_markup": 0.014275976594263428,
          "n_close_orders": 2,
          "rentry_pprice_dist": 0.020814265794961304,
          "rentry_pprice_dist_wallet_exposure_weighting": 10.737586983226606,
          "wallet_exposure_limit": 1},
 "short": {"auto_unstuck_delay_minutes": 1316.6614667002993,
           "auto_unstuck_ema_dist": -0.08366454520547892,
           "auto_unstuck_qty_pct": 0.0243393981715568,
           "auto_unstuck_wallet_exposure_threshold": 0.44011920843395425,
           "backwards_tp": false,
           "ddown_factor": 1.883711879808694,
           "ema_span_0": 1181.1245909905488,
           "ema_span_1": 400.2333906695017,
           "enabled": false,
           "initial_eprice_ema_dist": -0.011995286500135913,
           "initial_qty_pct": 0.033664958997725265,
           "markup_range": 0.03014064949269673,
           "min_markup": 0.007038872310800328,
           "n_close_orders": 2,
           "rentry_pprice_dist": 0.026895420635391475,
           "rentry_pprice_dist_wallet_exposure_weighting": 8.39008334088944,
           "wallet_exposure_limit": 1.0}}