{"config_name": "recursive_grid_BNBUSDT_454days",
 "logging_level": 0,
 "long": {"auto_unstuck_delay_minutes": 932.6627578997073,
          "auto_unstuck_ema_dist": -0.00485743365506576,
          "auto_unstuck_qty_pct": 0.01,
          "auto_unstuck_wallet_exposure_threshold": 0.09880330534256317,
          "backwards_tp": false,
          "ddown_factor": 1.9291119547401243,
          "ema_span_0": 703.600357112317,
          "ema_span_1": 782.4311135479466,
          "enabled": true,
          "initial_eprice_ema_dist": 0.006215608098098528,
          "initial_qty_pct": 0.05,
          "markup_range": 0.05341546110832008,
          "min_markup": 0.00589256167763159,
          "n_close_orders": 5,
          "rentry_pprice_dist": 0.029482321727034258,
          "rentry_pprice_dist_wallet_exposure_weighting": 0.9919964197940447,
          "wallet_exposure_limit": 1},
 "short": {"auto_unstuck_delay_minutes": 1202.887244841589,
           "auto_unstuck_ema_dist": -0.099645547797992,
           "auto_unstuck_qty_pct": 0.05429162361716345,
           "auto_unstuck_wallet_exposure_threshold": 0.22646160272364002,
           "backwards_tp": true,
           "ddown_factor": 1.842046274571518,
           "ema_span_0": 1244.8062847990957,
           "ema_span_1": 720.1337650906271,
           "enabled": false,
           "initial_eprice_ema_dist": -0.02251048082650868,
           "initial_qty_pct": 0.02983673629397717,
           "markup_range": 0.054248048312596366,
           "min_markup": 0.00997131143771681,
           "n_close_orders": 7,
           "rentry_pprice_dist": 0.018471757097262027,
           "rentry_pprice_dist_wallet_exposure_weighting": 13.475104174488468,
           "wallet_exposure_limit": 1.0}}