{"config_name": "recursive_grid_BCHUSDT_156days",
 "logging_level": 0,
 "long": {"auto_unstuck_delay_minutes": 1076.5890609611406,
          "auto_unstuck_ema_dist": -0.009128833205532427,
          "auto_unstuck_qty_pct": 0.01,
          "auto_unstuck_wallet_exposure_threshold": 0.0934494772095309,
          "backwards_tp": false,
          "ddown_factor": 0.36833299126659713,
          "ema_span_0": 946.0992158990413,
          "ema_span_1": 1393.7963021294358,
          "enabled": true,
          "initial_eprice_ema_dist": 0.011401643993970435,
          "initial_qty_pct": 0.03049827386294878,
          "markup_range": 0.04874313129519853,
          "min_markup": 0.009181542375527714,
          "n_close_orders": 4,
          "rentry_pprice_dist": 0.018211599987360747,
          "rentry_pprice_dist_wallet_exposure_weighting": 9.18689230310065,
          "wallet_exposure_limit": 1},
 "short": {"auto_unstuck_delay_minutes": 607.2129391577433,
           "auto_unstuck_ema_dist": -0.09903026447538964,
           "auto_unstuck_qty_pct": 0.06231178789945651,
           "auto_unstuck_wallet_exposure_threshold": 0.7738251077994351,
           "backwards_tp": false,
           "ddown_factor": 1.214270004810154,
           "ema_span_0": 918.4392455879722,
           "ema_span_1": 1378.260508578758,
           "enabled": false,
           "initial_eprice_ema_dist": -0.026975531452237952,
           "initial_qty_pct": 0.03718358182258551,
           "markup_range": 0.033863416577390996,
           "min_markup": 0.002879137963947712,
           "n_close_orders": 8,
           "rentry_pprice_dist": 0.017977947805123316,
           "rentry_pprice_dist_wallet_exposure_weighting": 16.222716562911515,
           "wallet_exposure_limit": 1.0}}