{"config_name": "recursive_grid_WOOUSDT_365days",
 "logging_level": 0,
 "long": {"auto_unstuck_delay_minutes": 1350.3919692950724,
          "auto_unstuck_ema_dist": -0.1,
          "auto_unstuck_qty_pct": 0.0517942784678595,
          "auto_unstuck_wallet_exposure_threshold": 0.48534860850821987,
          "backwards_tp": false,
          "ddown_factor": 0.30256664017289936,
          "ema_span_0": 466.9223690951602,
          "ema_span_1": 1300.8155687911653,
          "enabled": true,
          "initial_eprice_ema_dist": 0.005140045954612236,
          "initial_qty_pct": 0.02,
          "markup_range": 0.009786941343896443,
          "min_markup": 0.007423159361840415,
          "n_close_orders": 5,
          "rentry_pprice_dist": 0.025528456359814596,
          "rentry_pprice_dist_wallet_exposure_weighting": 5.401011101889181,
          "wallet_exposure_limit": 1},
 "short": {"auto_unstuck_delay_minutes": 788.8415876998109,
           "auto_unstuck_ema_dist": -0.09864649126076057,
           "auto_unstuck_qty_pct": 0.06945176058764602,
           "auto_unstuck_wallet_exposure_threshold": 0.13333364694770777,
           "backwards_tp": false,
           "ddown_factor": 2.86269709213307,
           "ema_span_0": 1165.1972059675986,
           "ema_span_1": 1352.989930565415,
           "enabled": false,
           "initial_eprice_ema_dist": -0.0056377313405052846,
           "initial_qty_pct": 0.007040452530421762,
           "markup_range": 0.009122526559288125,
           "min_markup": 0.028232904763348353,
           "n_close_orders": 6,
           "rentry_pprice_dist": 0.024135989609245692,
           "rentry_pprice_dist_wallet_exposure_weighting": 6.996248372723244,
           "wallet_exposure_limit": 1.0}}