{"config_name": "recursive_grid_KASUSDT_156days",
 "logging_level": 0,
 "long": {"auto_unstuck_delay_minutes": 998.6672947460552,
          "auto_unstuck_ema_dist": -0.011322691919215705,
          "auto_unstuck_qty_pct": 0.01,
          "auto_unstuck_wallet_exposure_threshold": 0.04001044453213983,
          "backwards_tp": false,
          "ddown_factor": 0.5265013441455272,
          "ema_span_0": 316.6693723300413,
          "ema_span_1": 260.95116405385943,
          "enabled": true,
          "initial_eprice_ema_dist": -0.04900938652103744,
          "initial_qty_pct": 0.049788999742541425,
          "markup_range": 0.044632882166840276,
          "min_markup": 0.00973929949771478,
          "n_close_orders": 7,
          "rentry_pprice_dist": 0.007647314257300626,
          "rentry_pprice_dist_wallet_exposure_weighting": 7.978598958312465,
          "wallet_exposure_limit": 1},
 "short": {"auto_unstuck_delay_minutes": 802.3617411533812,
           "auto_unstuck_ema_dist": -0.05663028344100397,
           "auto_unstuck_qty_pct": 0.03566567410433491,
           "auto_unstuck_wallet_exposure_threshold": 0.8631980774683091,
           "backwards_tp": false,
           "ddown_factor": 2.9942493686569347,
           "ema_span_0": 1218.3113248731397,
           "ema_span_1": 566.413272008945,
           "enabled": false,
           "initial_eprice_ema_dist": -0.05231201996325379,
           "initial_qty_pct": 0.03759626525464691,
           "markup_range": 0.050878042781321645,
           "min_markup": 0.009618973421671655,
           "n_close_orders": 10,
           "rentry_pprice_dist": 0.014643903085022038,
           "rentry_pprice_dist_wallet_exposure_weighting": 3.5467332998747003,
           "wallet_exposure_limit": 1.0}}