{"config_name": "recursive_grid_TONUSDT_156days",
 "logging_level": 0,
 "long": {"auto_unstuck_delay_minutes": 842.240747900878,
          "auto_unstuck_ema_dist": -0.021272392964646974,
          "auto_unstuck_qty_pct": 0.01,
          "auto_unstuck_wallet_exposure_threshold": 0.047193769773825,
          "backwards_tp": false,
          "ddown_factor": 0.4678749585341333,
          "ema_span_0": 901.426660831123,
          "ema_span_1": 929.3758895273658,
          "enabled": true,
          "initial_eprice_ema_dist": -0.0024923656815974415,
          "initial_qty_pct": 0.04036962843607591,
          "markup_range": 0.04970137849414277,
          "min_markup": 0.013004476984481862,
          "n_close_orders": 5,
          "rentry_pprice_dist": 0.005913014791178744,
          "rentry_pprice_dist_wallet_exposure_weighting": 8.31740432817178,
          "wallet_exposure_limit": 1},
 "short": {"auto_unstuck_delay_minutes": 364.3551876914584,
           "auto_unstuck_ema_dist": -0.07042115190913609,
           "auto_unstuck_qty_pct": 0.030659471618764533,
           "auto_unstuck_wallet_exposure_threshold": 0.3732750570388409,
           "backwards_tp": false,
           "ddown_factor": 0.13942578611371947,
           "ema_span_0": 1027.658846556535,
           "ema_span_1": 757.9525022972284,
           "enabled": false,
           "initial_eprice_ema_dist": -0.017213818373796957,
           "initial_qty_pct": 0.04804971208811282,
           "markup_range": 0.013358204439994434,
           "min_markup": 0.0026316321376980926,
           "n_close_orders": 7,
           "rentry_pprice_dist": 0.01831204022997039,
           "rentry_pprice_dist_wallet_exposure_weighting": 13.012794794852311,
           "wallet_exposure_limit": 1.0}}