{"config_name": "recursive_grid_MNTUSDT_301days",
 "logging_level": 0,
 "long": {"auto_unstuck_delay_minutes": 0,
          "auto_unstuck_ema_dist": 0.0,
          "auto_unstuck_qty_pct": 0,
          "auto_unstuck_wallet_exposure_threshold": 0.0,
          "backwards_tp": false,
          "ddown_factor": 0.4435152449629421,
          "ema_span_0": 1235.2887794409835,
          "ema_span_1": 720.7876993980807,
          "enabled": true,
          "initial_eprice_ema_dist": -0.056028776508542655,
          "initial_qty_pct": 0.04,
          "markup_range": 0.04481254128260061,
          "min_markup": 0.03,
          "n_close_orders": 4,
          "rentry_pprice_dist": 0.024248846856736467,
          "rentry_pprice_dist_wallet_exposure_weighting": 9.38692879867657,
          "wallet_exposure_limit": 1},
 "short": {"auto_unstuck_delay_minutes": 1244.6388040009497,
           "auto_unstuck_ema_dist": -0.01429414801430337,
           "auto_unstuck_qty_pct": 0.07707702172537871,
           "auto_unstuck_wallet_exposure_threshold": 0.40583735720470704,
           "backwards_tp": false,
           "ddown_factor": 1.1666464617444094,
           "ema_span_0": 57.133287033113874,
           "ema_span_1": 504.41599103630585,
           "enabled": false,
           "initial_eprice_ema_dist": -0.013279793817681435,
           "initial_qty_pct": 0.03656234267513733,
           "markup_range": 0.005559822565681609,
           "min_markup": 0.003392878530929502,
           "n_close_orders": 5,
           "rentry_pprice_dist": 0.03043869729486189,
           "rentry_pprice_dist_wallet_exposure_weighting": 3.1987117351332506,
           "wallet_exposure_limit": 1.0}}