{"config_name": "recursive_grid_ORDIUSDT_143days",
 "logging_level": 0,
 "long": {"auto_unstuck_delay_minutes": 1128.3920635395466,
          "auto_unstuck_ema_dist": -0.03184919287753214,
          "auto_unstuck_qty_pct": 0.01,
          "auto_unstuck_wallet_exposure_threshold": 0.09222708733973575,
          "backwards_tp": false,
          "ddown_factor": 0.43401513436799455,
          "ema_span_0": 1128.292696983259,
          "ema_span_1": 645.706121933774,
          "enabled": true,
          "initial_eprice_ema_dist": 0.02887654581702378,
          "initial_qty_pct": 0.03692999541526984,
          "markup_range": 0.039629794212252094,
          "min_markup": 0.013545028936022326,
          "n_close_orders": 6,
          "rentry_pprice_dist": 0.036124124723301454,
          "rentry_pprice_dist_wallet_exposure_weighting": 13.410842292343382,
          "wallet_exposure_limit": 1.0},
 "short": {"auto_unstuck_delay_minutes": 1338.472031110325,
           "auto_unstuck_ema_dist": -0.04723140408795682,
           "auto_unstuck_qty_pct": 0.03488674027090232,
           "auto_unstuck_wallet_exposure_threshold": 0.5739188898069237,
           "backwards_tp": false,
           "ddown_factor": 1.8952515924837325,
           "ema_span_0": 916.7918556397075,
           "ema_span_1": 1274.7854339751864,
           "enabled": false,
           "initial_eprice_ema_dist": -0.016230700006099497,
           "initial_qty_pct": 0.047654591554072666,
           "markup_range": 0.03760314792229457,
           "min_markup": 0.007131086132366476,
           "n_close_orders": 7,
           "rentry_pprice_dist": 0.026089804193817102,
           "rentry_pprice_dist_wallet_exposure_weighting": 11.863530830359954,
           "wallet_exposure_limit": 1.0}}