{"config_name": "recursive_grid_NEARUSDT_142days",
 "logging_level": 0,
 "long": {"auto_unstuck_delay_minutes": 1256.0809799301278,
          "auto_unstuck_ema_dist": 0.03321857938666156,
          "auto_unstuck_qty_pct": 0.01,
          "auto_unstuck_wallet_exposure_threshold": 0.06957235749230554,
          "backwards_tp": false,
          "ddown_factor": 0.5374424981003926,
          "ema_span_0": 587.1956531462905,
          "ema_span_1": 470.0422747435923,
          "enabled": true,
          "initial_eprice_ema_dist": 0.012844780753536874,
          "initial_qty_pct": 0.04932612663689708,
          "markup_range": 0.028927639166492516,
          "min_markup": 0.037557848869431816,
          "n_close_orders": 6,
          "rentry_pprice_dist": 0.018476186537808734,
          "rentry_pprice_dist_wallet_exposure_weighting": 4.228250731740467,
          "wallet_exposure_limit": 1.0},
 "short": {"auto_unstuck_delay_minutes": 1345.3536646714506,
           "auto_unstuck_ema_dist": -0.043497249210662184,
           "auto_unstuck_qty_pct": 0.03224805708423542,
           "auto_unstuck_wallet_exposure_threshold": 0.633820382209928,
           "backwards_tp": false,
           "ddown_factor": 0.28670552382691405,
           "ema_span_0": 1306.7814746990382,
           "ema_span_1": 1198.102853262797,
           "enabled": false,
           "initial_eprice_ema_dist": -0.09634912706377972,
           "initial_qty_pct": 0.012918504110763358,
           "markup_range": 0.03061344290323428,
           "min_markup": 0.002987126726680911,
           "n_close_orders": 9,
           "rentry_pprice_dist": 0.00563938636096603,
           "rentry_pprice_dist_wallet_exposure_weighting": 18.373769784064653,
           "wallet_exposure_limit": 1.0}}