{"config_name": "recursive_grid_NEOUSDT_150days",
 "logging_level": 0,
 "long": {"auto_unstuck_delay_minutes": 1124.4023089617294,
          "auto_unstuck_ema_dist": -0.03306948963250798,
          "auto_unstuck_qty_pct": 0.01,
          "auto_unstuck_wallet_exposure_threshold": 0.06274556454374841,
          "backwards_tp": false,
          "ddown_factor": 0.5341701604293095,
          "ema_span_0": 1405.7778117702564,
          "ema_span_1": 562.4689662785888,
          "enabled": true,
          "initial_eprice_ema_dist": 0.008634313907972771,
          "initial_qty_pct": 0.030941603359826087,
          "markup_range": 0.025258645429977016,
          "min_markup": 0.00865803404971674,
          "n_close_orders": 5,
          "rentry_pprice_dist": 0.005584518846910934,
          "rentry_pprice_dist_wallet_exposure_weighting": 8.324655710016765,
          "wallet_exposure_limit": 1},
 "short": {"auto_unstuck_delay_minutes": 1302.9988083722917,
           "auto_unstuck_ema_dist": -0.0683827959799268,
           "auto_unstuck_qty_pct": 0.053457589592334535,
           "auto_unstuck_wallet_exposure_threshold": 0.8072872851554406,
           "backwards_tp": false,
           "ddown_factor": 1.4186406340190616,
           "ema_span_0": 615.4695333489693,
           "ema_span_1": 769.4861368158417,
           "enabled": false,
           "initial_eprice_ema_dist": -0.0011176036799294825,
           "initial_qty_pct": 0.02880253573747267,
           "markup_range": 0.036374192114913294,
           "min_markup": 0.0022939881183866593,
           "n_close_orders": 4,
           "rentry_pprice_dist": 0.030901757485101655,
           "rentry_pprice_dist_wallet_exposure_weighting": 7.720884981323755,
           "wallet_exposure_limit": 1.0}}