{"config_name": "recursive_grid_AVAXUSDT_366days",
 "logging_level": 0,
 "long": {"auto_unstuck_delay_minutes": 399.6818473263187,
          "auto_unstuck_ema_dist": 0.015557812318172257,
          "auto_unstuck_qty_pct": 0.05506863293559492,
          "auto_unstuck_wallet_exposure_threshold": 0.10634059230894465,
          "backwards_tp": false,
          "ddown_factor": 0.286758551640537,
          "ema_span_0": 1609.9575676202771,
          "ema_span_1": 1042.417901996174,
          "enabled": true,
          "initial_eprice_ema_dist": -0.0015097580915856574,
          "initial_qty_pct": 0.03587223179570965,
          "markup_range": 0.002653917900477052,
          "min_markup": 0.009745309802177344,
          "n_close_orders": 6,
          "rentry_pprice_dist": 0.030107994871978162,
          "rentry_pprice_dist_wallet_exposure_weighting": 0.8152856246620577,
          "wallet_exposure_limit": 1},
 "short": {"auto_unstuck_delay_minutes": 0.0,
           "auto_unstuck_ema_dist": 0.0,
           "auto_unstuck_qty_pct": 0.0,
           "auto_unstuck_wallet_exposure_threshold": 0.0,
           "backwards_tp": false,
           "ddown_factor": 2.6212993917882197,
           "ema_span_0": 1261.5727588227687,
           "ema_span_1": 511.831640950766,
           "enabled": false,
           "initial_eprice_ema_dist": -0.0013403436570188602,
           "initial_qty_pct": 0.00948488131904339,
           "markup_range": 0.0019075250188491399,
           "min_markup": 0.006946466210122661,
           "n_close_orders": 15,
           "rentry_pprice_dist": 0.01891745561562885,
           "rentry_pprice_dist_wallet_exposure_weighting": 3.9972144604064477,
           "wallet_exposure_limit": 1.0}}