{"config_name": "recursive_grid_XRPUSDT_143days",
 "logging_level": 0,
 "long": {"auto_unstuck_delay_minutes": 1422.0437360472374,
          "auto_unstuck_ema_dist": 0.008866284487515329,
          "auto_unstuck_qty_pct": 0.01,
          "auto_unstuck_wallet_exposure_threshold": 0.08785129858254952,
          "backwards_tp": false,
          "ddown_factor": 0.3336432699068319,
          "ema_span_0": 1280.7384355875677,
          "ema_span_1": 516.7055220405197,
          "enabled": true,
          "initial_eprice_ema_dist": -0.022607710163845888,
          "initial_qty_pct": 0.03845963433055771,
          "markup_range": 0.02405124875925998,
          "min_markup": 0.01697392837937209,
          "n_close_orders": 6,
          "rentry_pprice_dist": 0.009319799101383077,
          "rentry_pprice_dist_wallet_exposure_weighting": 8.514189134556455,
          "wallet_exposure_limit": 1},
 "short": {"auto_unstuck_delay_minutes": 28.434990070772713,
           "auto_unstuck_ema_dist": -0.04116455180657967,
           "auto_unstuck_qty_pct": 0.05731267954279961,
           "auto_unstuck_wallet_exposure_threshold": 0.13840279274207098,
           "backwards_tp": false,
           "ddown_factor": 1.0263103153668767,
           "ema_span_0": 977.0288754724651,
           "ema_span_1": 909.6251479072182,
           "enabled": false,
           "initial_eprice_ema_dist": -0.03308028752098627,
           "initial_qty_pct": 0.043806777331334444,
           "markup_range": 0.02400799588947456,
           "min_markup": 0.004032005427376846,
           "n_close_orders": 4,
           "rentry_pprice_dist": 0.03851167723644745,
           "rentry_pprice_dist_wallet_exposure_weighting": 6.3319004074287255,
           "wallet_exposure_limit": 1.0}}