{"config_name": "recursive_grid_PEOPLEUSDT_143days",
 "logging_level": 0,
 "long": {"auto_unstuck_delay_minutes": 1144.987847824833,
          "auto_unstuck_ema_dist": -0.03964050322818405,
          "auto_unstuck_qty_pct": 0.01,
          "auto_unstuck_wallet_exposure_threshold": 0.03515957811019207,
          "backwards_tp": false,
          "ddown_factor": 0.4643047420786257,
          "ema_span_0": 898.1640243561889,
          "ema_span_1": 699.7815067055301,
          "enabled": true,
          "initial_eprice_ema_dist": 0.011868549209180464,
          "initial_qty_pct": 0.040558454644496506,
          "markup_range": 0.04648442677996661,
          "min_markup": 0.03477349288214229,
          "n_close_orders": 5,
          "rentry_pprice_dist": 0.026075533523304904,
          "rentry_pprice_dist_wallet_exposure_weighting": 14.17396359930185,
          "wallet_exposure_limit": 1.0},
 "short": {"auto_unstuck_delay_minutes": 791.0169868837838,
           "auto_unstuck_ema_dist": -0.09260094489811567,
           "auto_unstuck_qty_pct": 0.06870788179744017,
           "auto_unstuck_wallet_exposure_threshold": 0.2985134080710209,
           "backwards_tp": false,
           "ddown_factor": 1.4666011164577215,
           "ema_span_0": 1100.7417273591386,
           "ema_span_1": 681.0538204538539,
           "enabled": false,
           "initial_eprice_ema_dist": -0.06525261808151467,
           "initial_qty_pct": 0.03665749137690911,
           "markup_range": 0.015516941467010301,
           "min_markup": 0.005054875202430154,
           "n_close_orders": 13,
           "rentry_pprice_dist": 0.012754854532851804,
           "rentry_pprice_dist_wallet_exposure_weighting": 8.764619029522917,
           "wallet_exposure_limit": 1.0}}