{"config_name": "recursive_grid_WOOUSDT_365days",
 "logging_level": 0,
 "long": {"auto_unstuck_delay_minutes": 1440,
          "auto_unstuck_ema_dist": -0.029263173866053552,
          "auto_unstuck_qty_pct": 0.04954168458291766,
          "auto_unstuck_wallet_exposure_threshold": 0.4796627576166866,
          "backwards_tp": false,
          "ddown_factor": 0.6673063361668836,
          "ema_span_0": 1058.8501130466025,
          "ema_span_1": 1301.607707174145,
          "enabled": true,
          "initial_eprice_ema_dist": 0.01009555368655669,
          "initial_qty_pct": 0.0384348406717661,
          "markup_range": 0.02435807756467067,
          "min_markup": 0.010523078202836036,
          "n_close_orders": 5,
          "rentry_pprice_dist": 0.026836993213842652,
          "rentry_pprice_dist_wallet_exposure_weighting": 5.5005960180655045,
          "wallet_exposure_limit": 1},
 "short": {"auto_unstuck_delay_minutes": 788.8415876998109,
           "auto_unstuck_ema_dist": -0.09864649126076057,
           "auto_unstuck_qty_pct": 0.06945176058764602,
           "auto_unstuck_wallet_exposure_threshold": 0.13333364694770777,
           "backwards_tp": false,
           "ddown_factor": 2.86269709213307,
           "ema_span_0": 1165.1972059675986,
           "ema_span_1": 1352.989930565415,
           "enabled": false,
           "initial_eprice_ema_dist": -0.0056377313405052846,
           "initial_qty_pct": 0.007040452530421762,
           "markup_range": 0.009122526559288125,
           "min_markup": 0.028232904763348353,
           "n_close_orders": 6,
           "rentry_pprice_dist": 0.024135989609245692,
           "rentry_pprice_dist_wallet_exposure_weighting": 6.996248372723244,
           "wallet_exposure_limit": 1.0}}