{"config_name": "recursive_grid_CROUSDT_156days",
 "logging_level": 0,
 "long": {"auto_unstuck_delay_minutes": 571.9326437794757,
          "auto_unstuck_ema_dist": 0.0061398857523567805,
          "auto_unstuck_qty_pct": 0.01,
          "auto_unstuck_wallet_exposure_threshold": 0.08719867506662345,
          "backwards_tp": false,
          "ddown_factor": 0.5144368293795176,
          "ema_span_0": 1291.240204548077,
          "ema_span_1": 910.1380954890463,
          "enabled": true,
          "initial_eprice_ema_dist": 0.004298130829954841,
          "initial_qty_pct": 0.03318638240149652,
          "markup_range": 0.010845762222893794,
          "min_markup": 0.012553841644777634,
          "n_close_orders": 5,
          "rentry_pprice_dist": 0.00985541197844936,
          "rentry_pprice_dist_wallet_exposure_weighting": 7.591543520663316,
          "wallet_exposure_limit": 1},
 "short": {"auto_unstuck_delay_minutes": 938.2267568920237,
           "auto_unstuck_ema_dist": -0.01681857958100018,
           "auto_unstuck_qty_pct": 0.023702072812344762,
           "auto_unstuck_wallet_exposure_threshold": 0.391761439301307,
           "backwards_tp": false,
           "ddown_factor": 0.42925441844725776,
           "ema_span_0": 1037.5553237974466,
           "ema_span_1": 90.06987553753937,
           "enabled": false,
           "initial_eprice_ema_dist": 0.000959564105644975,
           "initial_qty_pct": 0.012454438977902677,
           "markup_range": 0.004663365783459914,
           "min_markup": 0.00591292105729544,
           "n_close_orders": 8,
           "rentry_pprice_dist": 0.047535720267055444,
           "rentry_pprice_dist_wallet_exposure_weighting": 0.04321232982575918,
           "wallet_exposure_limit": 1.0}}