{"config_name": "recursive_grid_UNIUSDT_156days",
 "logging_level": 0,
 "long": {"auto_unstuck_delay_minutes": 580.3017135201029,
          "auto_unstuck_ema_dist": 0.04580946457605567,
          "auto_unstuck_qty_pct": 0.01,
          "auto_unstuck_wallet_exposure_threshold": 0.08174958201857355,
          "backwards_tp": false,
          "ddown_factor": 0.5368583859077831,
          "ema_span_0": 883.017870095834,
          "ema_span_1": 436.88358485760784,
          "enabled": true,
          "initial_eprice_ema_dist": -0.0071619948653749,
          "initial_qty_pct": 0.03228547004156215,
          "markup_range": 0.021189924274737496,
          "min_markup": 0.014338201902594765,
          "n_close_orders": 6,
          "rentry_pprice_dist": 0.03349585428323663,
          "rentry_pprice_dist_wallet_exposure_weighting": 10.228411211243314,
          "wallet_exposure_limit": 1.0},
 "short": {"auto_unstuck_delay_minutes": 872.8035674298071,
           "auto_unstuck_ema_dist": -0.05381220244393506,
           "auto_unstuck_qty_pct": 0.021625874110783115,
           "auto_unstuck_wallet_exposure_threshold": 0.12843182739084824,
           "backwards_tp": false,
           "ddown_factor": 2.004333122155031,
           "ema_span_0": 1057.144924986941,
           "ema_span_1": 476.7561757118844,
           "enabled": false,
           "initial_eprice_ema_dist": -0.047184623815912,
           "initial_qty_pct": 0.020631869213307924,
           "markup_range": 0.04602834503793899,
           "min_markup": 0.009566923342724545,
           "n_close_orders": 12,
           "rentry_pprice_dist": 0.00538251255080913,
           "rentry_pprice_dist_wallet_exposure_weighting": 19.095594851764435,
           "wallet_exposure_limit": 1.0}}