{"config_name": "recursive_grid_BOMEUSDT_15days",
 "logging_level": 0,
 "long": {"auto_unstuck_delay_minutes": 1225.5234849772592,
          "auto_unstuck_ema_dist": 0.03342608169139917,
          "auto_unstuck_qty_pct": 0.01,
          "auto_unstuck_wallet_exposure_threshold": 0.09594929121551575,
          "backwards_tp": false,
          "ddown_factor": 1.097828551192015,
          "ema_span_0": 756.9672911320771,
          "ema_span_1": 701.0785418404571,
          "enabled": true,
          "initial_eprice_ema_dist": 0.004027167030630093,
          "initial_qty_pct": 0.05,
          "markup_range": 0.017179092660616332,
          "min_markup": 0.007070722145123679,
          "n_close_orders": 4,
          "rentry_pprice_dist": 0.05766967337843275,
          "rentry_pprice_dist_wallet_exposure_weighting": 4.863647806708277,
          "wallet_exposure_limit": 1.0},
 "short": {"auto_unstuck_delay_minutes": 1112.1758901856406,
           "auto_unstuck_ema_dist": -0.07939616923322361,
           "auto_unstuck_qty_pct": 0.09977751616966353,
           "auto_unstuck_wallet_exposure_threshold": 0.6100001100077861,
           "backwards_tp": true,
           "ddown_factor": 1.865510265989747,
           "ema_span_0": 404.7808043453057,
           "ema_span_1": 1398.7632363031837,
           "enabled": false,
           "initial_eprice_ema_dist": -0.059072730538986894,
           "initial_qty_pct": 0.0409706748624757,
           "markup_range": 0.046071885646456257,
           "min_markup": 0.00938273934696528,
           "n_close_orders": 6,
           "rentry_pprice_dist": 0.013112125623197492,
           "rentry_pprice_dist_wallet_exposure_weighting": 14.112899351582058,
           "wallet_exposure_limit": 1.0}}