{"config_name": "recursive_grid_BEAMUSDT_212days",
 "logging_level": 0,
 "long": {"auto_unstuck_delay_minutes": 0,
          "auto_unstuck_ema_dist": 0,
          "auto_unstuck_qty_pct": 0,
          "auto_unstuck_wallet_exposure_threshold": 0.0,
          "backwards_tp": false,
          "ddown_factor": 0.48658865453374106,
          "ema_span_0": 328.5608403069959,
          "ema_span_1": 1151.738066416765,
          "enabled": true,
          "initial_eprice_ema_dist": 0.009216366815189017,
          "initial_qty_pct": 0.04,
          "markup_range": 0.038001482742662664,
          "min_markup": 0.009053697004764358,
          "n_close_orders": 2,
          "rentry_pprice_dist": 0.021563543336642087,
          "rentry_pprice_dist_wallet_exposure_weighting": 10.657182742612225,
          "wallet_exposure_limit": 1},
 "short": {"auto_unstuck_delay_minutes": 812.3996901143097,
           "auto_unstuck_ema_dist": -0.0003889144180353604,
           "auto_unstuck_qty_pct": 0.01758489208809491,
           "auto_unstuck_wallet_exposure_threshold": 0.5775607580648102,
           "backwards_tp": false,
           "ddown_factor": 0.9565153102048612,
           "ema_span_0": 559.7582474465157,
           "ema_span_1": 1065.364724125235,
           "enabled": false,
           "initial_eprice_ema_dist": -0.024231143018015378,
           "initial_qty_pct": 0.04819692519209013,
           "markup_range": 0.044213577000754824,
           "min_markup": 0.005731745199381276,
           "n_close_orders": 4,
           "rentry_pprice_dist": 0.0449730679297284,
           "rentry_pprice_dist_wallet_exposure_weighting": 13.281428938448492,
           "wallet_exposure_limit": 1.0}}