{"config_name": "recursive_grid_SAFEUSDT_44days",
 "logging_level": 0,
 "long": {"auto_unstuck_delay_minutes": 0,
          "auto_unstuck_ema_dist": 0,
          "auto_unstuck_qty_pct": 0,
          "auto_unstuck_wallet_exposure_threshold": 0.0,
          "backwards_tp": false,
          "ddown_factor": 0.5742948277453057,
          "ema_span_0": 818.5499242107131,
          "ema_span_1": 117.11636042780825,
          "enabled": true,
          "initial_eprice_ema_dist": 0.006399057911505132,
          "initial_qty_pct": 0.04,
          "markup_range": 0.02258793646782017,
          "min_markup": 0.0093211449501321,
          "n_close_orders": 2,
          "rentry_pprice_dist": 0.00604983083499653,
          "rentry_pprice_dist_wallet_exposure_weighting": 8.652304414375958,
          "wallet_exposure_limit": 1},
 "short": {"auto_unstuck_delay_minutes": 784.3416354262379,
           "auto_unstuck_ema_dist": 0.0029115576635315027,
           "auto_unstuck_qty_pct": 0.0525346213890076,
           "auto_unstuck_wallet_exposure_threshold": 0.16965550998317241,
           "backwards_tp": false,
           "ddown_factor": 2.5145921530995654,
           "ema_span_0": 470.22970563053883,
           "ema_span_1": 498.1398599396886,
           "enabled": false,
           "initial_eprice_ema_dist": -0.04665129375173024,
           "initial_qty_pct": 0.04710548388883218,
           "markup_range": 0.012460500926043104,
           "min_markup": 0.007269080111197332,
           "n_close_orders": 14,
           "rentry_pprice_dist": 0.04303508793256126,
           "rentry_pprice_dist_wallet_exposure_weighting": 15.442787597897464,
           "wallet_exposure_limit": 1.0}}