{"config_name": "recursive_grid_NEARUSDT_142days",
 "logging_level": 0,
 "long": {"auto_unstuck_delay_minutes": 797.2614465549449,
          "auto_unstuck_ema_dist": -0.03158915969957152,
          "auto_unstuck_qty_pct": 0.01,
          "auto_unstuck_wallet_exposure_threshold": 0.05755817821874199,
          "backwards_tp": false,
          "ddown_factor": 0.434483406852068,
          "ema_span_0": 946.5867432715827,
          "ema_span_1": 1187.3927584602084,
          "enabled": true,
          "initial_eprice_ema_dist": 0.004263575081531209,
          "initial_qty_pct": 0.038607689717522396,
          "markup_range": 0.03367913057349084,
          "min_markup": 0.013428076534880951,
          "n_close_orders": 6,
          "rentry_pprice_dist": 0.008721078600302525,
          "rentry_pprice_dist_wallet_exposure_weighting": 12.950542718107286,
          "wallet_exposure_limit": 1.0},
 "short": {"auto_unstuck_delay_minutes": 518.2813638267983,
           "auto_unstuck_ema_dist": -0.06975701337028481,
           "auto_unstuck_qty_pct": 0.08094647406957091,
           "auto_unstuck_wallet_exposure_threshold": 0.5855624131897378,
           "backwards_tp": false,
           "ddown_factor": 2.1123322790755905,
           "ema_span_0": 384.4175139277888,
           "ema_span_1": 745.2945985635421,
           "enabled": false,
           "initial_eprice_ema_dist": -0.07278760852470711,
           "initial_qty_pct": 0.023369109715730314,
           "markup_range": 0.009677694413572677,
           "min_markup": 0.005396788726692177,
           "n_close_orders": 10,
           "rentry_pprice_dist": 0.01607874581443696,
           "rentry_pprice_dist_wallet_exposure_weighting": 9.980671581238585,
           "wallet_exposure_limit": 1.0}}