{"config_name": "recursive_grid_UNIUSDT_366days",
 "logging_level": 0,
 "long": {"auto_unstuck_delay_minutes": 107.42792955243775,
          "auto_unstuck_ema_dist": -0.09525632998126093,
          "auto_unstuck_qty_pct": 0.08714732800072579,
          "auto_unstuck_wallet_exposure_threshold": 0.15906637391350778,
          "backwards_tp": false,
          "ddown_factor": 0.1,
          "ema_span_0": 1743.4339428724454,
          "ema_span_1": 2382.370235476314,
          "enabled": true,
          "initial_eprice_ema_dist": -0.008607925733677114,
          "initial_qty_pct": 0.033361375341463044,
          "markup_range": 0.01324712108216426,
          "min_markup": 0.013063609374455248,
          "n_close_orders": 9,
          "rentry_pprice_dist": 0.04311717922505692,
          "rentry_pprice_dist_wallet_exposure_weighting": 0.47320377137706093,
          "wallet_exposure_limit": 1},
 "short": {"auto_unstuck_delay_minutes": 0.0,
           "auto_unstuck_ema_dist": 0.0,
           "auto_unstuck_qty_pct": 0.0,
           "auto_unstuck_wallet_exposure_threshold": 0.0,
           "backwards_tp": false,
           "ddown_factor": 2.8887963830742924,
           "ema_span_0": 727.8012481696418,
           "ema_span_1": 1384.3898529179999,
           "enabled": false,
           "initial_eprice_ema_dist": -0.009954629403444291,
           "initial_qty_pct": 0.012193510091466641,
           "markup_range": 0.009348432916410966,
           "min_markup": 0.009010359340830651,
           "n_close_orders": 8,
           "rentry_pprice_dist": 0.05773597717310385,
           "rentry_pprice_dist_wallet_exposure_weighting": 1.5855195905230932,
           "wallet_exposure_limit": 1.0}}