{"config_name": "recursive_grid_10000COQUSDT_18days",
 "logging_level": 0,
 "long": {"auto_unstuck_delay_minutes": 1304.7655190763858,
          "auto_unstuck_ema_dist": 0.009586387460004443,
          "auto_unstuck_qty_pct": 0.01,
          "auto_unstuck_wallet_exposure_threshold": 0.07517248118219147,
          "backwards_tp": false,
          "ddown_factor": 1.8775303746045813,
          "ema_span_0": 626.4109249977988,
          "ema_span_1": 558.4445797258654,
          "enabled": true,
          "initial_eprice_ema_dist": 0.002205830955162763,
          "initial_qty_pct": 0.05,
          "markup_range": 0.05704925149367919,
          "min_markup": 0.009494561496672724,
          "n_close_orders": 7,
          "rentry_pprice_dist": 0.026719331846045795,
          "rentry_pprice_dist_wallet_exposure_weighting": 1.2841669099764115,
          "wallet_exposure_limit": 1},
 "short": {"auto_unstuck_delay_minutes": 1009.221025591557,
           "auto_unstuck_ema_dist": -0.0734250070545517,
           "auto_unstuck_qty_pct": 0.03482063892415765,
           "auto_unstuck_wallet_exposure_threshold": 0.7640760411149049,
           "backwards_tp": true,
           "ddown_factor": 2.760013235790723,
           "ema_span_0": 993.0416882096703,
           "ema_span_1": 1129.8324704540098,
           "enabled": false,
           "initial_eprice_ema_dist": -0.015908173292549233,
           "initial_qty_pct": 0.014879869779231263,
           "markup_range": 0.04123262917395112,
           "min_markup": 0.007002622058053574,
           "n_close_orders": 11,
           "rentry_pprice_dist": 0.041157679327169384,
           "rentry_pprice_dist_wallet_exposure_weighting": 18.415717615718194,
           "wallet_exposure_limit": 1.0}}