{"config_name": "recursive_grid_AVAXUSDT_454days",
 "logging_level": 0,
 "long": {"auto_unstuck_delay_minutes": 910.5120262842227,
          "auto_unstuck_ema_dist": -0.008729591477937391,
          "auto_unstuck_qty_pct": 0.01,
          "auto_unstuck_wallet_exposure_threshold": 0.07943795505075722,
          "backwards_tp": false,
          "ddown_factor": 1.4846980901447417,
          "ema_span_0": 1226.7779937965245,
          "ema_span_1": 1248.0329281837676,
          "enabled": true,
          "initial_eprice_ema_dist": 0.002468472874894527,
          "initial_qty_pct": 0.05,
          "markup_range": 0.05359350437466026,
          "min_markup": 0.009844904760721317,
          "n_close_orders": 6,
          "rentry_pprice_dist": 0.036483930970180566,
          "rentry_pprice_dist_wallet_exposure_weighting": 0.8651856595908644,
          "wallet_exposure_limit": 1},
 "short": {"auto_unstuck_delay_minutes": 1299.237684319681,
           "auto_unstuck_ema_dist": 0.0029017938191325393,
           "auto_unstuck_qty_pct": 0.041881054156214646,
           "auto_unstuck_wallet_exposure_threshold": 0.7815513578308698,
           "backwards_tp": true,
           "ddown_factor": 0.828869786590275,
           "ema_span_0": 348.8546699573849,
           "ema_span_1": 1376.6974974791435,
           "enabled": false,
           "initial_eprice_ema_dist": -0.07098038462697584,
           "initial_qty_pct": 0.037554023559820196,
           "markup_range": 0.021129036325596987,
           "min_markup": 0.008269445174845003,
           "n_close_orders": 15,
           "rentry_pprice_dist": 0.010383501554489924,
           "rentry_pprice_dist_wallet_exposure_weighting": 11.638538105712506,
           "wallet_exposure_limit": 1.0}}