{"config_name": "recursive_grid_MINAUSDT_798days",
 "logging_level": 0,
 "long": {"auto_unstuck_delay_minutes": 0.0,
          "auto_unstuck_ema_dist": 0.0,
          "auto_unstuck_qty_pct": 0.0,
          "auto_unstuck_wallet_exposure_threshold": 0.0,
          "backwards_tp": false,
          "ddown_factor": 0.5271688940639104,
          "ema_span_0": 1151.048348438744,
          "ema_span_1": 642.0469023179975,
          "enabled": true,
          "initial_eprice_ema_dist": 0.045669497001512405,
          "initial_qty_pct": 0.04,
          "markup_range": 0.024887713877586384,
          "min_markup": 0.014584612083480514,
          "n_close_orders": 2,
          "rentry_pprice_dist": 0.02230539088014393,
          "rentry_pprice_dist_wallet_exposure_weighting": 9.269807391831728,
          "wallet_exposure_limit": 1.0},
 "short": {"auto_unstuck_delay_minutes": 700.5062726260206,
           "auto_unstuck_ema_dist": -0.04879585198381693,
           "auto_unstuck_qty_pct": 0.036095296744560856,
           "auto_unstuck_wallet_exposure_threshold": 0.14007858029424264,
           "backwards_tp": false,
           "ddown_factor": 2.6781403670645374,
           "ema_span_0": 700.6570690594278,
           "ema_span_1": 1025.5769499913483,
           "enabled": false,
           "initial_eprice_ema_dist": -0.08311552953768339,
           "initial_qty_pct": 0.02427803407372318,
           "markup_range": 0.04139498649757536,
           "min_markup": 0.007994089006593139,
           "n_close_orders": 14,
           "rentry_pprice_dist": 0.03910714006906232,
           "rentry_pprice_dist_wallet_exposure_weighting": 11.69870201511677,
           "wallet_exposure_limit": 1.0}}