{"config_name": "recursive_grid_KASUSDT_238days",
 "logging_level": 0,
 "long": {"auto_unstuck_delay_minutes": 848.3824341523557,
          "auto_unstuck_ema_dist": 0.026878598163590214,
          "auto_unstuck_qty_pct": 0.01,
          "auto_unstuck_wallet_exposure_threshold": 0.06233082453139227,
          "backwards_tp": false,
          "ddown_factor": 1.950808564768404,
          "ema_span_0": 669.9001835863352,
          "ema_span_1": 1371.95937425527,
          "enabled": true,
          "initial_eprice_ema_dist": 0.007226187021720983,
          "initial_qty_pct": 0.05,
          "markup_range": 0.02937896265355721,
          "min_markup": 0.01,
          "n_close_orders": 6,
          "rentry_pprice_dist": 0.02,
          "rentry_pprice_dist_wallet_exposure_weighting": 0.6134840462229422,
          "wallet_exposure_limit": 1},
 "short": {"auto_unstuck_delay_minutes": 905.7575609972698,
           "auto_unstuck_ema_dist": -0.000408423707278352,
           "auto_unstuck_qty_pct": 0.09142389373910427,
           "auto_unstuck_wallet_exposure_threshold": 0.22221132353855788,
           "backwards_tp": true,
           "ddown_factor": 1.5199419119383477,
           "ema_span_0": 281.3118787047953,
           "ema_span_1": 484.5096901686251,
           "enabled": false,
           "initial_eprice_ema_dist": -0.041778966121250205,
           "initial_qty_pct": 0.028672084057412214,
           "markup_range": 0.04600467680297812,
           "min_markup": 0.00556976130746648,
           "n_close_orders": 5,
           "rentry_pprice_dist": 0.04262448251470928,
           "rentry_pprice_dist_wallet_exposure_weighting": 1.8426217840193648,
           "wallet_exposure_limit": 1.0}}