{"config_name": "recursive_grid_BTCUSDT_142days",
 "logging_level": 0,
 "long": {"auto_unstuck_delay_minutes": 1330.7675089533268,
          "auto_unstuck_ema_dist": -0.009601231789957879,
          "auto_unstuck_qty_pct": 0.01,
          "auto_unstuck_wallet_exposure_threshold": 0.062191372333578486,
          "backwards_tp": false,
          "ddown_factor": 0.7621065656928695,
          "ema_span_0": 1248.649408964924,
          "ema_span_1": 893.2264827526025,
          "enabled": true,
          "initial_eprice_ema_dist": 0.01274170064876715,
          "initial_qty_pct": 0.04628771754526049,
          "markup_range": 0.03772090451681325,
          "min_markup": 0.020785999156485713,
          "n_close_orders": 4,
          "rentry_pprice_dist": 0.021421867944770825,
          "rentry_pprice_dist_wallet_exposure_weighting": 3.002105120767862,
          "wallet_exposure_limit": 1.0},
 "short": {"auto_unstuck_delay_minutes": 840.2223891004855,
           "auto_unstuck_ema_dist": -0.09206925227931755,
           "auto_unstuck_qty_pct": 0.04649428483170291,
           "auto_unstuck_wallet_exposure_threshold": 0.4869553707488966,
           "backwards_tp": false,
           "ddown_factor": 1.247137680360856,
           "ema_span_0": 610.7142614789494,
           "ema_span_1": 397.6698441013678,
           "enabled": false,
           "initial_eprice_ema_dist": -0.0999106467446101,
           "initial_qty_pct": 0.0403898129546354,
           "markup_range": 0.014505604592253708,
           "min_markup": 0.005537454660251548,
           "n_close_orders": 10,
           "rentry_pprice_dist": 0.019950531689899294,
           "rentry_pprice_dist_wallet_exposure_weighting": 9.274784879983223,
           "wallet_exposure_limit": 1.0}}