{"config_name": "recursive_grid_BNBUSDT_156days",
 "logging_level": 0,
 "long": {"auto_unstuck_delay_minutes": 1053.0059638744374,
          "auto_unstuck_ema_dist": -0.0033458301952500463,
          "auto_unstuck_qty_pct": 0.01,
          "auto_unstuck_wallet_exposure_threshold": 0.04018303762954966,
          "backwards_tp": false,
          "ddown_factor": 0.5233061626942317,
          "ema_span_0": 1021.488095375756,
          "ema_span_1": 1059.0713537102995,
          "enabled": true,
          "initial_eprice_ema_dist": -0.03869965293641158,
          "initial_qty_pct": 0.049514900994460646,
          "markup_range": 0.011658695046492116,
          "min_markup": 0.017452479524197106,
          "n_close_orders": 7,
          "rentry_pprice_dist": 0.005,
          "rentry_pprice_dist_wallet_exposure_weighting": 7.639272677493427,
          "wallet_exposure_limit": 1},
 "short": {"auto_unstuck_delay_minutes": 1345.6088948894421,
           "auto_unstuck_ema_dist": -0.05771445535842043,
           "auto_unstuck_qty_pct": 0.026350410773512932,
           "auto_unstuck_wallet_exposure_threshold": 0.7562227952483761,
           "backwards_tp": false,
           "ddown_factor": 2.2990808881253484,
           "ema_span_0": 604.5906107776234,
           "ema_span_1": 1130.3538929369247,
           "enabled": false,
           "initial_eprice_ema_dist": -0.09610366518159551,
           "initial_qty_pct": 0.01528097621635497,
           "markup_range": 0.043466225900569776,
           "min_markup": 0.007797795248123402,
           "n_close_orders": 8,
           "rentry_pprice_dist": 0.009491241353186311,
           "rentry_pprice_dist_wallet_exposure_weighting": 9.733381066780268,
           "wallet_exposure_limit": 1.0}}