{"config_name": "recursive_grid_BCHUSDT_365days",
 "logging_level": 0,
 "long": {"auto_unstuck_delay_minutes": 849.8290182007072,
          "auto_unstuck_ema_dist": -0.07467475746770141,
          "auto_unstuck_qty_pct": 0.09195537104681285,
          "auto_unstuck_wallet_exposure_threshold": 0.14873722875497808,
          "backwards_tp": true,
          "ddown_factor": 0.8385602443906766,
          "ema_span_0": 494.3516011914737,
          "ema_span_1": 1195.126401904568,
          "enabled": true,
          "initial_eprice_ema_dist": -0.009223598641633385,
          "initial_qty_pct": 0.03601850534210715,
          "markup_range": 0.04425485039536316,
          "min_markup": 0.0338312988549341,
          "n_close_orders": 4,
          "rentry_pprice_dist": 0.03062108694575728,
          "rentry_pprice_dist_wallet_exposure_weighting": 3.3481380887907246,
          "wallet_exposure_limit": 1.0},
 "short": {"auto_unstuck_delay_minutes": 0.0,
           "auto_unstuck_ema_dist": 0.0,
           "auto_unstuck_qty_pct": 0.0,
           "auto_unstuck_wallet_exposure_threshold": 0.0,
           "backwards_tp": true,
           "ddown_factor": 1.5266139243755499,
           "ema_span_0": 1041.867437246519,
           "ema_span_1": 1069.8146156765908,
           "enabled": false,
           "initial_eprice_ema_dist": -7.517486873922369e-05,
           "initial_qty_pct": 0.013743993606768427,
           "markup_range": 0.0052706528800366735,
           "min_markup": 0.005456534323654257,
           "n_close_orders": 6,
           "rentry_pprice_dist": 0.012063419744581225,
           "rentry_pprice_dist_wallet_exposure_weighting": 2.991079159340745,
           "wallet_exposure_limit": 1.0}}