{"config_name": "recursive_grid_LINKUSDT_366days",
 "logging_level": 0,
 "long": {"auto_unstuck_delay_minutes": 1440,
          "auto_unstuck_ema_dist": -0.023402190420125424,
          "auto_unstuck_qty_pct": 0.01,
          "auto_unstuck_wallet_exposure_threshold": 0.12526015469912966,
          "backwards_tp": false,
          "ddown_factor": 0.9176241067004123,
          "ema_span_0": 2068.126422015725,
          "ema_span_1": 1964.9159433125105,
          "enabled": true,
          "initial_eprice_ema_dist": -0.008976077813508784,
          "initial_qty_pct": 0.04990841652059476,
          "markup_range": 0.013241412540023208,
          "min_markup": 0.012174338173957192,
          "n_close_orders": 8,
          "rentry_pprice_dist": 0.028449626301474636,
          "rentry_pprice_dist_wallet_exposure_weighting": 0.5451214771737353,
          "wallet_exposure_limit": 1},
 "short": {"auto_unstuck_delay_minutes": 0.0,
           "auto_unstuck_ema_dist": 0.0,
           "auto_unstuck_qty_pct": 0.0,
           "auto_unstuck_wallet_exposure_threshold": 0.0,
           "backwards_tp": false,
           "ddown_factor": 1.4499402402209236,
           "ema_span_0": 1284.0446474355806,
           "ema_span_1": 559.4665728428731,
           "enabled": false,
           "initial_eprice_ema_dist": -0.00344730023875437,
           "initial_qty_pct": 0.006882919449992548,
           "markup_range": 0.004160151258594536,
           "min_markup": 0.007357374350291626,
           "n_close_orders": 8,
           "rentry_pprice_dist": 0.02171443270647971,
           "rentry_pprice_dist_wallet_exposure_weighting": 3.887876730558157,
           "wallet_exposure_limit": 1.0}}