{"config_name": "recursive_grid_1000RATSUSDT_150days",
 "logging_level": 0,
 "long": {"auto_unstuck_delay_minutes": 1261.1829884942777,
          "auto_unstuck_ema_dist": -0.0059211097575526325,
          "auto_unstuck_qty_pct": 0.01,
          "auto_unstuck_wallet_exposure_threshold": 0.06109855667522471,
          "backwards_tp": false,
          "ddown_factor": 0.3,
          "ema_span_0": 1154.2913835337795,
          "ema_span_1": 1298.723886256235,
          "enabled": true,
          "initial_eprice_ema_dist": 0.024760986741194337,
          "initial_qty_pct": 0.034596438531304105,
          "markup_range": 0.038704764500569866,
          "min_markup": 0.014643048586596787,
          "n_close_orders": 4,
          "rentry_pprice_dist": 0.033503469790005624,
          "rentry_pprice_dist_wallet_exposure_weighting": 10.700954525700734,
          "wallet_exposure_limit": 1.0},
 "short": {"auto_unstuck_delay_minutes": 814.309449804449,
           "auto_unstuck_ema_dist": -0.0752804524988436,
           "auto_unstuck_qty_pct": 0.07738007794025102,
           "auto_unstuck_wallet_exposure_threshold": 0.18378815346314728,
           "backwards_tp": false,
           "ddown_factor": 2.068986526166479,
           "ema_span_0": 508.4910104240153,
           "ema_span_1": 907.9198435185792,
           "enabled": false,
           "initial_eprice_ema_dist": -0.00529682932509111,
           "initial_qty_pct": 0.012372793475551976,
           "markup_range": 0.012727891597240502,
           "min_markup": 0.0026244269932305443,
           "n_close_orders": 9,
           "rentry_pprice_dist": 0.013706389293991948,
           "rentry_pprice_dist_wallet_exposure_weighting": 16.925036887021164,
           "wallet_exposure_limit": 1.0}}