{"config_name": "recursive_grid_DOTUSDT_156days",
 "logging_level": 0,
 "long": {"auto_unstuck_delay_minutes": 1328.3279463411523,
          "auto_unstuck_ema_dist": -0.019933565730823888,
          "auto_unstuck_qty_pct": 0.01,
          "auto_unstuck_wallet_exposure_threshold": 0.07461964334065871,
          "backwards_tp": false,
          "ddown_factor": 0.37944539049213577,
          "ema_span_0": 549.8711823432038,
          "ema_span_1": 732.988399069682,
          "enabled": true,
          "initial_eprice_ema_dist": -0.0035786359806522366,
          "initial_qty_pct": 0.03387744140808817,
          "markup_range": 0.04405078404292593,
          "min_markup": 0.009829694119408983,
          "n_close_orders": 8,
          "rentry_pprice_dist": 0.009004060405844783,
          "rentry_pprice_dist_wallet_exposure_weighting": 9.79907239616831,
          "wallet_exposure_limit": 1},
 "short": {"auto_unstuck_delay_minutes": 1415.2847562433526,
           "auto_unstuck_ema_dist": -0.07245561238093227,
           "auto_unstuck_qty_pct": 0.06170317368667666,
           "auto_unstuck_wallet_exposure_threshold": 0.5683907796264595,
           "backwards_tp": false,
           "ddown_factor": 0.1766860101781609,
           "ema_span_0": 405.27109669842935,
           "ema_span_1": 189.09754264816377,
           "enabled": false,
           "initial_eprice_ema_dist": -0.0015644940186952117,
           "initial_qty_pct": 0.03879712269556892,
           "markup_range": 0.03133350426932935,
           "min_markup": 0.005009026067517658,
           "n_close_orders": 3,
           "rentry_pprice_dist": 0.03506270003195283,
           "rentry_pprice_dist_wallet_exposure_weighting": 9.470625703570118,
           "wallet_exposure_limit": 1.0}}