{"config_name": "recursive_grid_KASUSDT_156days",
 "logging_level": 0,
 "long": {"auto_unstuck_delay_minutes": 670.1085361801931,
          "auto_unstuck_ema_dist": -0.016570610601671476,
          "auto_unstuck_qty_pct": 0.01,
          "auto_unstuck_wallet_exposure_threshold": 0.060338724637325855,
          "backwards_tp": false,
          "ddown_factor": 0.5543563986414991,
          "ema_span_0": 252.49495953735854,
          "ema_span_1": 1053.777006131049,
          "enabled": true,
          "initial_eprice_ema_dist": 0.012201246123908454,
          "initial_qty_pct": 0.04299632421083502,
          "markup_range": 0.04933923966690485,
          "min_markup": 0.01295383248889943,
          "n_close_orders": 6,
          "rentry_pprice_dist": 0.021600302794414643,
          "rentry_pprice_dist_wallet_exposure_weighting": 9.077904382465517,
          "wallet_exposure_limit": 1.0},
 "short": {"auto_unstuck_delay_minutes": 694.0181084599319,
           "auto_unstuck_ema_dist": -0.0928246508442015,
           "auto_unstuck_qty_pct": 0.04521046563195384,
           "auto_unstuck_wallet_exposure_threshold": 0.35905682105183145,
           "backwards_tp": false,
           "ddown_factor": 0.3080514899682088,
           "ema_span_0": 417.4519834423503,
           "ema_span_1": 510.68790568441773,
           "enabled": false,
           "initial_eprice_ema_dist": -0.06805230275360585,
           "initial_qty_pct": 0.022331388718701453,
           "markup_range": 0.008439919479371545,
           "min_markup": 0.004670818837143261,
           "n_close_orders": 6,
           "rentry_pprice_dist": 0.015465257462044562,
           "rentry_pprice_dist_wallet_exposure_weighting": 2.440908257350838,
           "wallet_exposure_limit": 1.0}}