{"config_name": "recursive_grid_MYROUSDT_71days",
 "logging_level": 0,
 "long": {"auto_unstuck_delay_minutes": 1273.9510747061815,
          "auto_unstuck_ema_dist": -0.013954803225900907,
          "auto_unstuck_qty_pct": 0.01,
          "auto_unstuck_wallet_exposure_threshold": 0.07688272300378281,
          "backwards_tp": false,
          "ddown_factor": 1.3942191901190006,
          "ema_span_0": 504.3064274776912,
          "ema_span_1": 957.4452866281509,
          "enabled": true,
          "initial_eprice_ema_dist": 0.00968605071608154,
          "initial_qty_pct": 0.05,
          "markup_range": 0.058412249553078374,
          "min_markup": 0.004090804205760186,
          "n_close_orders": 3,
          "rentry_pprice_dist": 0.06563930616322446,
          "rentry_pprice_dist_wallet_exposure_weighting": 4.765664648314629,
          "wallet_exposure_limit": 1},
 "short": {"auto_unstuck_delay_minutes": 88.41007916037167,
           "auto_unstuck_ema_dist": -0.05892602338925163,
           "auto_unstuck_qty_pct": 0.04052738253269788,
           "auto_unstuck_wallet_exposure_threshold": 0.34657129518693736,
           "backwards_tp": true,
           "ddown_factor": 2.5815455836164287,
           "ema_span_0": 656.1809577311161,
           "ema_span_1": 909.8455153447862,
           "enabled": false,
           "initial_eprice_ema_dist": -0.07221678482897617,
           "initial_qty_pct": 0.03283077772901896,
           "markup_range": 0.022349305077151677,
           "min_markup": 0.007744797483159931,
           "n_close_orders": 5,
           "rentry_pprice_dist": 0.032217489269615616,
           "rentry_pprice_dist_wallet_exposure_weighting": 14.885628601643726,
           "wallet_exposure_limit": 1.0}}