{"config_name": "recursive_grid_BCHUSDT_454days",
 "logging_level": 0,
 "long": {"auto_unstuck_delay_minutes": 779.405689873641,
          "auto_unstuck_ema_dist": -0.0023350224687063957,
          "auto_unstuck_qty_pct": 0.01,
          "auto_unstuck_wallet_exposure_threshold": 0.03965949081586585,
          "backwards_tp": false,
          "ddown_factor": 1.3185848534601643,
          "ema_span_0": 448.55885800053073,
          "ema_span_1": 609.8968870129121,
          "enabled": true,
          "initial_eprice_ema_dist": 0.004681024321813654,
          "initial_qty_pct": 0.05,
          "markup_range": 0.057239986013051844,
          "min_markup": 0.00732675903581439,
          "n_close_orders": 4,
          "rentry_pprice_dist": 0.020537642816544185,
          "rentry_pprice_dist_wallet_exposure_weighting": 0.5988212241788332,
          "wallet_exposure_limit": 1.0},
 "short": {"auto_unstuck_delay_minutes": 746.6703521152789,
           "auto_unstuck_ema_dist": -0.03747819739996075,
           "auto_unstuck_qty_pct": 0.032451299189337424,
           "auto_unstuck_wallet_exposure_threshold": 0.7314286572253484,
           "backwards_tp": true,
           "ddown_factor": 0.1492198151790068,
           "ema_span_0": 673.7591570197485,
           "ema_span_1": 111.0172389815891,
           "enabled": false,
           "initial_eprice_ema_dist": -0.09804259755864594,
           "initial_qty_pct": 0.04888724506824692,
           "markup_range": 0.051965451997389986,
           "min_markup": 0.00931064374841013,
           "n_close_orders": 14,
           "rentry_pprice_dist": 0.034803659450909435,
           "rentry_pprice_dist_wallet_exposure_weighting": 9.989684711276789,
           "wallet_exposure_limit": 1.0}}