{"config_name": "recursive_grid_XLMUSDT_156days",
 "logging_level": 0,
 "long": {"auto_unstuck_delay_minutes": 534.6645206584428,
          "auto_unstuck_ema_dist": -0.03981252828480109,
          "auto_unstuck_qty_pct": 0.01,
          "auto_unstuck_wallet_exposure_threshold": 0.03558751920203672,
          "backwards_tp": false,
          "ddown_factor": 0.5670595663682813,
          "ema_span_0": 1021.3712437452431,
          "ema_span_1": 1220.5048176667135,
          "enabled": true,
          "initial_eprice_ema_dist": 0.004937750657950402,
          "initial_qty_pct": 0.04278272341404496,
          "markup_range": 0.012662070486763183,
          "min_markup": 0.0103391227702769,
          "n_close_orders": 8,
          "rentry_pprice_dist": 0.009036411839446375,
          "rentry_pprice_dist_wallet_exposure_weighting": 7.5,
          "wallet_exposure_limit": 1},
 "short": {"auto_unstuck_delay_minutes": 1125.8970733767057,
           "auto_unstuck_ema_dist": -0.04474824679382534,
           "auto_unstuck_qty_pct": 0.08706199013110494,
           "auto_unstuck_wallet_exposure_threshold": 0.4132290239427133,
           "backwards_tp": false,
           "ddown_factor": 2.3162638871273713,
           "ema_span_0": 927.202829247002,
           "ema_span_1": 440.3671342119556,
           "enabled": false,
           "initial_eprice_ema_dist": 0.002060374174776003,
           "initial_qty_pct": 0.04561106834951519,
           "markup_range": 0.0172764218290415,
           "min_markup": 0.003069546903716104,
           "n_close_orders": 10,
           "rentry_pprice_dist": 0.010878751606583316,
           "rentry_pprice_dist_wallet_exposure_weighting": 19.43499708639245,
           "wallet_exposure_limit": 1.0}}