{"config_name": "recursive_grid_MANTAUSDT_71days",
 "logging_level": 0,
 "long": {"auto_unstuck_delay_minutes": 761.9656338276742,
          "auto_unstuck_ema_dist": 0.00224673778911665,
          "auto_unstuck_qty_pct": 0.01,
          "auto_unstuck_wallet_exposure_threshold": 0.055036690591986064,
          "backwards_tp": false,
          "ddown_factor": 1.566294472913477,
          "ema_span_0": 553.2164885428908,
          "ema_span_1": 400,
          "enabled": true,
          "initial_eprice_ema_dist": 0.00016048749141901598,
          "initial_qty_pct": 0.05,
          "markup_range": 0.026234532260098857,
          "min_markup": 0.008690440944939488,
          "n_close_orders": 7,
          "rentry_pprice_dist": 0.02,
          "rentry_pprice_dist_wallet_exposure_weighting": 1.5041918555424512,
          "wallet_exposure_limit": 1},
 "short": {"auto_unstuck_delay_minutes": 417.7244327175723,
           "auto_unstuck_ema_dist": -0.06979822179668094,
           "auto_unstuck_qty_pct": 0.0973924373567825,
           "auto_unstuck_wallet_exposure_threshold": 0.43122958637739395,
           "backwards_tp": true,
           "ddown_factor": 0.18536099852306356,
           "ema_span_0": 313.0527185702914,
           "ema_span_1": 639.3787855674653,
           "enabled": false,
           "initial_eprice_ema_dist": -0.03892982770434198,
           "initial_qty_pct": 0.04361950046944711,
           "markup_range": 0.014388245197993256,
           "min_markup": 0.005566927860863928,
           "n_close_orders": 15,
           "rentry_pprice_dist": 0.04103870396354117,
           "rentry_pprice_dist_wallet_exposure_weighting": 12.508196888503718,
           "wallet_exposure_limit": 1.0}}