{"config_name": "recursive_grid_APTUSDT_454days",
 "logging_level": 0,
 "long": {"auto_unstuck_delay_minutes": 534.6961934131768,
          "auto_unstuck_ema_dist": -0.005499627434954614,
          "auto_unstuck_qty_pct": 0.01,
          "auto_unstuck_wallet_exposure_threshold": 0.06472018530734659,
          "backwards_tp": false,
          "ddown_factor": 1.1836621450394764,
          "ema_span_0": 855.9885681641811,
          "ema_span_1": 1088.4262076542022,
          "enabled": true,
          "initial_eprice_ema_dist": 0.002086741273830357,
          "initial_qty_pct": 0.05,
          "markup_range": 0.06,
          "min_markup": 0.009452057139317654,
          "n_close_orders": 3,
          "rentry_pprice_dist": 0.036000233726753414,
          "rentry_pprice_dist_wallet_exposure_weighting": 1.9410163670805751,
          "wallet_exposure_limit": 1},
 "short": {"auto_unstuck_delay_minutes": 578.4937277607187,
           "auto_unstuck_ema_dist": -0.027649077476263245,
           "auto_unstuck_qty_pct": 0.07653361029266552,
           "auto_unstuck_wallet_exposure_threshold": 0.8829559621529887,
           "backwards_tp": true,
           "ddown_factor": 0.6473345851136919,
           "ema_span_0": 89.66546479138495,
           "ema_span_1": 855.5565458785227,
           "enabled": false,
           "initial_eprice_ema_dist": -0.033411958337270106,
           "initial_qty_pct": 0.012197626247713802,
           "markup_range": 0.007154467460532654,
           "min_markup": 0.0032670043635379007,
           "n_close_orders": 5,
           "rentry_pprice_dist": 0.022370439972339045,
           "rentry_pprice_dist_wallet_exposure_weighting": 11.560092181598282,
           "wallet_exposure_limit": 1.0}}