{"config_name": "recursive_grid_HBARUSDT_365days",
 "logging_level": 0,
 "long": {"auto_unstuck_delay_minutes": 213.11435962320564,
          "auto_unstuck_ema_dist": -0.01781499931035347,
          "auto_unstuck_qty_pct": 0.07429502717033083,
          "auto_unstuck_wallet_exposure_threshold": 0.7,
          "backwards_tp": false,
          "ddown_factor": 0.1,
          "ema_span_0": 1554.184878893028,
          "ema_span_1": 203.24571958208375,
          "enabled": true,
          "initial_eprice_ema_dist": -0.009543936986803525,
          "initial_qty_pct": 0.03860267238466873,
          "markup_range": 0.02075692492067564,
          "min_markup": 0.009282766236104483,
          "n_close_orders": 5,
          "rentry_pprice_dist": 0.02480322389897942,
          "rentry_pprice_dist_wallet_exposure_weighting": 0.2607815808856939,
          "wallet_exposure_limit": 1},
 "short": {"auto_unstuck_delay_minutes": 848.1367075795511,
           "auto_unstuck_ema_dist": -0.047785149668329314,
           "auto_unstuck_qty_pct": 0.04353656547107728,
           "auto_unstuck_wallet_exposure_threshold": 0.1006741695351811,
           "backwards_tp": false,
           "ddown_factor": 2.3038606016471257,
           "ema_span_0": 1038.5299751605012,
           "ema_span_1": 600.7125953748473,
           "enabled": false,
           "initial_eprice_ema_dist": 0.00017130052914562932,
           "initial_qty_pct": 0.015085684185320136,
           "markup_range": 0.006156603727911697,
           "min_markup": 0.02680969710969026,
           "n_close_orders": 15,
           "rentry_pprice_dist": 0.005490249638445554,
           "rentry_pprice_dist_wallet_exposure_weighting": 1.4270086684848389,
           "wallet_exposure_limit": 1.0}}