{"config_name": "recursive_grid_BNBUSDT_454days",
 "logging_level": 0,
 "long": {"auto_unstuck_delay_minutes": 1264.2950641371049,
          "auto_unstuck_ema_dist": -0.013635320733419491,
          "auto_unstuck_qty_pct": 0.01,
          "auto_unstuck_wallet_exposure_threshold": 0.09656773384487155,
          "backwards_tp": false,
          "ddown_factor": 1.920384270640382,
          "ema_span_0": 758.6207310024943,
          "ema_span_1": 789.197137338889,
          "enabled": true,
          "initial_eprice_ema_dist": 0.006628936818843583,
          "initial_qty_pct": 0.05,
          "markup_range": 0.025150640567843385,
          "min_markup": 0.0060883543716371905,
          "n_close_orders": 7,
          "rentry_pprice_dist": 0.02513549621138067,
          "rentry_pprice_dist_wallet_exposure_weighting": 0.8994016237945816,
          "wallet_exposure_limit": 1},
 "short": {"auto_unstuck_delay_minutes": 1202.887244841589,
           "auto_unstuck_ema_dist": -0.099645547797992,
           "auto_unstuck_qty_pct": 0.05429162361716345,
           "auto_unstuck_wallet_exposure_threshold": 0.22646160272364002,
           "backwards_tp": true,
           "ddown_factor": 1.842046274571518,
           "ema_span_0": 1244.8062847990957,
           "ema_span_1": 720.1337650906271,
           "enabled": false,
           "initial_eprice_ema_dist": -0.02251048082650868,
           "initial_qty_pct": 0.02983673629397717,
           "markup_range": 0.054248048312596366,
           "min_markup": 0.00997131143771681,
           "n_close_orders": 7,
           "rentry_pprice_dist": 0.018471757097262027,
           "rentry_pprice_dist_wallet_exposure_weighting": 13.475104174488468,
           "wallet_exposure_limit": 1.0}}