{"config_name": "recursive_grid_NEARUSDT_142days",
 "logging_level": 0,
 "long": {"auto_unstuck_delay_minutes": 1367.3935388758277,
          "auto_unstuck_ema_dist": 0.01962921184304725,
          "auto_unstuck_qty_pct": 0.01,
          "auto_unstuck_wallet_exposure_threshold": 0.08919012754992704,
          "backwards_tp": false,
          "ddown_factor": 0.45436888590928115,
          "ema_span_0": 695.4212281867838,
          "ema_span_1": 813.0880629866147,
          "enabled": true,
          "initial_eprice_ema_dist": 0.003716611495855341,
          "initial_qty_pct": 0.04483842032927513,
          "markup_range": 0.03822796473414837,
          "min_markup": 0.03575998171731943,
          "n_close_orders": 6,
          "rentry_pprice_dist": 0.0161245698398928,
          "rentry_pprice_dist_wallet_exposure_weighting": 4.79567015200004,
          "wallet_exposure_limit": 1},
 "short": {"auto_unstuck_delay_minutes": 148.63810174167,
           "auto_unstuck_ema_dist": -0.01503080443099733,
           "auto_unstuck_qty_pct": 0.0783602258861027,
           "auto_unstuck_wallet_exposure_threshold": 0.29873386822884146,
           "backwards_tp": false,
           "ddown_factor": 2.4845876868638466,
           "ema_span_0": 234.23901343350502,
           "ema_span_1": 1302.0819421945118,
           "enabled": false,
           "initial_eprice_ema_dist": -0.07623446840747371,
           "initial_qty_pct": 0.04343974641514804,
           "markup_range": 0.05504834233513632,
           "min_markup": 0.006544825843271791,
           "n_close_orders": 3,
           "rentry_pprice_dist": 0.040644363226570605,
           "rentry_pprice_dist_wallet_exposure_weighting": 19.51179858631536,
           "wallet_exposure_limit": 1.0}}