{"config_name": "recursive_grid_TONUSDT_212days",
 "logging_level": 0,
 "long": {"auto_unstuck_delay_minutes": 1414.1329564651305,
          "auto_unstuck_ema_dist": -0.04182276660217543,
          "auto_unstuck_qty_pct": 0.01,
          "auto_unstuck_wallet_exposure_threshold": 0.033843032213374084,
          "backwards_tp": false,
          "ddown_factor": 1.3807182978514065,
          "ema_span_0": 1105.3388148606641,
          "ema_span_1": 1424.9446516722958,
          "enabled": true,
          "initial_eprice_ema_dist": 0.0065558126881144485,
          "initial_qty_pct": 0.05,
          "markup_range": 0.053367574644386885,
          "min_markup": 0.00608074831789003,
          "n_close_orders": 5,
          "rentry_pprice_dist": 0.04625180531367755,
          "rentry_pprice_dist_wallet_exposure_weighting": 0.9322153222453617,
          "wallet_exposure_limit": 1.0},
 "short": {"auto_unstuck_delay_minutes": 614.8576804747013,
           "auto_unstuck_ema_dist": -0.06533078043828534,
           "auto_unstuck_qty_pct": 0.090173239661279,
           "auto_unstuck_wallet_exposure_threshold": 0.22976116969063318,
           "backwards_tp": true,
           "ddown_factor": 2.572198593739654,
           "ema_span_0": 347.52656887898814,
           "ema_span_1": 847.4390598337272,
           "enabled": false,
           "initial_eprice_ema_dist": -0.06420998606943712,
           "initial_qty_pct": 0.019236012760520636,
           "markup_range": 0.041255522469504244,
           "min_markup": 0.0014575411686425757,
           "n_close_orders": 2,
           "rentry_pprice_dist": 0.043501083528708524,
           "rentry_pprice_dist_wallet_exposure_weighting": 5.386736242120794,
           "wallet_exposure_limit": 1.0}}