{"config_name": "recursive_grid_KASUSDT_238days",
 "logging_level": 0,
 "long": {"auto_unstuck_delay_minutes": 1211.8150704329803,
          "auto_unstuck_ema_dist": 0.012552313524189146,
          "auto_unstuck_qty_pct": 0.01,
          "auto_unstuck_wallet_exposure_threshold": 0.051125265779171716,
          "backwards_tp": false,
          "ddown_factor": 1.936028190661923,
          "ema_span_0": 1312.73993909049,
          "ema_span_1": 1138.0285329121627,
          "enabled": true,
          "initial_eprice_ema_dist": 0.006188988660304613,
          "initial_qty_pct": 0.05,
          "markup_range": 0.05489290109250019,
          "min_markup": 0.009890873717105803,
          "n_close_orders": 4,
          "rentry_pprice_dist": 0.020000587626064555,
          "rentry_pprice_dist_wallet_exposure_weighting": 0.5,
          "wallet_exposure_limit": 1},
 "short": {"auto_unstuck_delay_minutes": 246.77899479284872,
           "auto_unstuck_ema_dist": -0.01811522979997718,
           "auto_unstuck_qty_pct": 0.07602017000766063,
           "auto_unstuck_wallet_exposure_threshold": 0.6888188655852315,
           "backwards_tp": true,
           "ddown_factor": 2.4073019275132688,
           "ema_span_0": 169.39762997237648,
           "ema_span_1": 1211.4386103922777,
           "enabled": false,
           "initial_eprice_ema_dist": -0.0967562753573914,
           "initial_qty_pct": 0.034380200400209227,
           "markup_range": 0.03003548664180353,
           "min_markup": 0.006923724164960987,
           "n_close_orders": 16,
           "rentry_pprice_dist": 0.042446375444005424,
           "rentry_pprice_dist_wallet_exposure_weighting": 7.640930983577929,
           "wallet_exposure_limit": 1.0}}