{"config_name": "recursive_grid_POLYXUSDT_158days",
 "logging_level": 0,
 "long": {"auto_unstuck_delay_minutes": 609.2448739452541,
          "auto_unstuck_ema_dist": -0.04107664041077153,
          "auto_unstuck_qty_pct": 0.01,
          "auto_unstuck_wallet_exposure_threshold": 0.08145051522402216,
          "backwards_tp": false,
          "ddown_factor": 0.7679152102219626,
          "ema_span_0": 788.8240928602395,
          "ema_span_1": 942.2892651788694,
          "enabled": true,
          "initial_eprice_ema_dist": 0.0034124496437105377,
          "initial_qty_pct": 0.05,
          "markup_range": 0.06,
          "min_markup": 0.01,
          "n_close_orders": 5,
          "rentry_pprice_dist": 0.0520266427816954,
          "rentry_pprice_dist_wallet_exposure_weighting": 2.5115901878035523,
          "wallet_exposure_limit": 1},
 "short": {"auto_unstuck_delay_minutes": 418.44332220844524,
           "auto_unstuck_ema_dist": -0.012401839700105402,
           "auto_unstuck_qty_pct": 0.0979157945542422,
           "auto_unstuck_wallet_exposure_threshold": 0.408503479899866,
           "backwards_tp": true,
           "ddown_factor": 1.5198128903631698,
           "ema_span_0": 971.9178842567976,
           "ema_span_1": 438.22652349777303,
           "enabled": false,
           "initial_eprice_ema_dist": -0.08200244029705937,
           "initial_qty_pct": 0.042476240236018016,
           "markup_range": 0.013966635798544272,
           "min_markup": 0.00574637694643433,
           "n_close_orders": 16,
           "rentry_pprice_dist": 0.03653878303907484,
           "rentry_pprice_dist_wallet_exposure_weighting": 2.6786664423092876,
           "wallet_exposure_limit": 1.0}}