{"config_name": "recursive_grid_PENDLEUSDT_269days",
 "logging_level": 0,
 "long": {"auto_unstuck_delay_minutes": 556.2999370129929,
          "auto_unstuck_ema_dist": -0.035969178557794024,
          "auto_unstuck_qty_pct": 0.01,
          "auto_unstuck_wallet_exposure_threshold": 0.05159584217380958,
          "backwards_tp": false,
          "ddown_factor": 1.654266219485198,
          "ema_span_0": 1131.3288476703897,
          "ema_span_1": 1018.59861397285,
          "enabled": true,
          "initial_eprice_ema_dist": 0.0008749040286649001,
          "initial_qty_pct": 0.05,
          "markup_range": 0.057655680685515805,
          "min_markup": 0.009542200159049935,
          "n_close_orders": 7,
          "rentry_pprice_dist": 0.026264520414631218,
          "rentry_pprice_dist_wallet_exposure_weighting": 0.6552885534710775,
          "wallet_exposure_limit": 1},
 "short": {"auto_unstuck_delay_minutes": 551.0386497961964,
           "auto_unstuck_ema_dist": -0.005632965678174895,
           "auto_unstuck_qty_pct": 0.07008224085052613,
           "auto_unstuck_wallet_exposure_threshold": 0.13338821961098965,
           "backwards_tp": true,
           "ddown_factor": 0.9915593685384997,
           "ema_span_0": 536.0047303801261,
           "ema_span_1": 851.8694949441668,
           "enabled": false,
           "initial_eprice_ema_dist": -0.037759275911146084,
           "initial_qty_pct": 0.049382216720155726,
           "markup_range": 0.054927297974098635,
           "min_markup": 0.002969341812138008,
           "n_close_orders": 13,
           "rentry_pprice_dist": 0.022597747292120492,
           "rentry_pprice_dist_wallet_exposure_weighting": 7.636534751101394,
           "wallet_exposure_limit": 1.0}}