{"config_name": "recursive_grid_BTCUSDT_366days",
 "logging_level": 0,
 "long": {"auto_unstuck_delay_minutes": 1220.7277787998257,
          "auto_unstuck_ema_dist": 0.01791265147271524,
          "auto_unstuck_qty_pct": 0.026168350705066467,
          "auto_unstuck_wallet_exposure_threshold": 0.04811169447377916,
          "backwards_tp": true,
          "ddown_factor": 0.18160019682046527,
          "ema_span_0": 684.3713299935264,
          "ema_span_1": 1237.0036827527783,
          "enabled": true,
          "initial_eprice_ema_dist": -0.01,
          "initial_qty_pct": 0.03437420960451023,
          "markup_range": 0.015573285051820793,
          "min_markup": 0.013288183257486952,
          "n_close_orders": 8,
          "rentry_pprice_dist": 0.017079457427617562,
          "rentry_pprice_dist_wallet_exposure_weighting": 1.205822254621646,
          "wallet_exposure_limit": 1},
 "short": {"auto_unstuck_delay_minutes": 0.0,
           "auto_unstuck_ema_dist": 0.0,
           "auto_unstuck_qty_pct": 0.0,
           "auto_unstuck_wallet_exposure_threshold": 0.0,
           "backwards_tp": true,
           "ddown_factor": 0.226484659770904,
           "ema_span_0": 1202.0224607608095,
           "ema_span_1": 614.2146827342901,
           "enabled": false,
           "initial_eprice_ema_dist": -0.0009725471034865638,
           "initial_qty_pct": 0.018272281523348487,
           "markup_range": 0.009965841935772277,
           "min_markup": 0.006996549341517601,
           "n_close_orders": 4,
           "rentry_pprice_dist": 0.029324540738723814,
           "rentry_pprice_dist_wallet_exposure_weighting": 0.6129311809897479,
           "wallet_exposure_limit": 1.0}}