{"config_name": "recursive_grid_ENAUSDT_50days",
 "logging_level": 0,
 "long": {"auto_unstuck_delay_minutes": 1264.29008403579,
          "auto_unstuck_ema_dist": 0.05,
          "auto_unstuck_qty_pct": 0.01,
          "auto_unstuck_wallet_exposure_threshold": 0.08678994384905186,
          "backwards_tp": false,
          "ddown_factor": 0.4445475050338132,
          "ema_span_0": 161.49711671676687,
          "ema_span_1": 316.41177591282695,
          "enabled": true,
          "initial_eprice_ema_dist": -0.02609348393134439,
          "initial_qty_pct": 0.04379237418778191,
          "markup_range": 0.043861929699069394,
          "min_markup": 0.039054456589769256,
          "n_close_orders": 7,
          "rentry_pprice_dist": 0.014145722651188557,
          "rentry_pprice_dist_wallet_exposure_weighting": 13.85888631793785,
          "wallet_exposure_limit": 1},
 "short": {"auto_unstuck_delay_minutes": 817.2287794066958,
           "auto_unstuck_ema_dist": -0.0965758480837827,
           "auto_unstuck_qty_pct": 0.06830223227996962,
           "auto_unstuck_wallet_exposure_threshold": 0.6267582423064195,
           "backwards_tp": false,
           "ddown_factor": 1.7144143431977257,
           "ema_span_0": 255.71915084682263,
           "ema_span_1": 433.81144667380323,
           "enabled": false,
           "initial_eprice_ema_dist": -0.004155163025944486,
           "initial_qty_pct": 0.019752078536801505,
           "markup_range": 0.025958265218932675,
           "min_markup": 0.008185599191147854,
           "n_close_orders": 3,
           "rentry_pprice_dist": 0.04581415735939519,
           "rentry_pprice_dist_wallet_exposure_weighting": 17.339216212224283,
           "wallet_exposure_limit": 1.0}}