{"config_name": "recursive_grid_AXSUSDT_434days",
 "logging_level": 0,
 "long": {"auto_unstuck_delay_minutes": 0.0,
          "auto_unstuck_ema_dist": 0.0,
          "auto_unstuck_qty_pct": 0.0,
          "auto_unstuck_wallet_exposure_threshold": 0.0,
          "backwards_tp": false,
          "ddown_factor": 0.42948041701091505,
          "ema_span_0": 354.92738915222344,
          "ema_span_1": 195.96796411263972,
          "enabled": true,
          "initial_eprice_ema_dist": -0.015987146433976765,
          "initial_qty_pct": 0.04,
          "markup_range": 0.013620580066554365,
          "min_markup": 0.01410577912022066,
          "n_close_orders": 3,
          "rentry_pprice_dist": 0.005823873113301819,
          "rentry_pprice_dist_wallet_exposure_weighting": 10.976930589611168,
          "wallet_exposure_limit": 1.0},
 "short": {"auto_unstuck_delay_minutes": 446.6096740078487,
           "auto_unstuck_ema_dist": -0.04892563826644342,
           "auto_unstuck_qty_pct": 0.047501355869914816,
           "auto_unstuck_wallet_exposure_threshold": 0.24582277669228222,
           "backwards_tp": false,
           "ddown_factor": 0.4398574612483602,
           "ema_span_0": 829.6985695505172,
           "ema_span_1": 690.564462792255,
           "enabled": false,
           "initial_eprice_ema_dist": -0.07116545499670046,
           "initial_qty_pct": 0.04139660810898457,
           "markup_range": 0.010330528740307944,
           "min_markup": 0.0011166669160019192,
           "n_close_orders": 9,
           "rentry_pprice_dist": 0.02078918051240062,
           "rentry_pprice_dist_wallet_exposure_weighting": 8.374053045661924,
           "wallet_exposure_limit": 1.0}}