{"config_name": "recursive_grid_DOTUSDT_366days",
 "logging_level": 0,
 "long": {"auto_unstuck_delay_minutes": 640.900045308115,
          "auto_unstuck_ema_dist": -0.06089608149330426,
          "auto_unstuck_qty_pct": 0.09729975150116209,
          "auto_unstuck_wallet_exposure_threshold": 0.10819813887270288,
          "backwards_tp": false,
          "ddown_factor": 0.7350028177462408,
          "ema_span_0": 2158.4434347692395,
          "ema_span_1": 2246.1933140426795,
          "enabled": true,
          "initial_eprice_ema_dist": 0.0022443632568590376,
          "initial_qty_pct": 0.03519434571163744,
          "markup_range": 0.009459984756951721,
          "min_markup": 0.0061620046158787365,
          "n_close_orders": 6,
          "rentry_pprice_dist": 0.040495431887710244,
          "rentry_pprice_dist_wallet_exposure_weighting": 0.18311578006286128,
          "wallet_exposure_limit": 1},
 "short": {"auto_unstuck_delay_minutes": 0.0,
           "auto_unstuck_ema_dist": 0.0,
           "auto_unstuck_qty_pct": 0.0,
           "auto_unstuck_wallet_exposure_threshold": 0.0,
           "backwards_tp": false,
           "ddown_factor": 0.10225921837355695,
           "ema_span_0": 1074.0104282390234,
           "ema_span_1": 733.7972609328879,
           "enabled": false,
           "initial_eprice_ema_dist": -0.008776567724663321,
           "initial_qty_pct": 0.014420560033998608,
           "markup_range": 0.0035600846002980103,
           "min_markup": 0.004623010141147843,
           "n_close_orders": 7,
           "rentry_pprice_dist": 0.04824968626961322,
           "rentry_pprice_dist_wallet_exposure_weighting": 0.1703212774924654,
           "wallet_exposure_limit": 1.0}}