{"config_name": "recursive_grid_WOOUSDT_365days",
 "logging_level": 0,
 "long": {"auto_unstuck_delay_minutes": 1424.745008559481,
          "auto_unstuck_ema_dist": -0.06216856719948743,
          "auto_unstuck_qty_pct": 0.03326460503178858,
          "auto_unstuck_wallet_exposure_threshold": 0.5677666017818455,
          "backwards_tp": false,
          "ddown_factor": 0.5002536060855903,
          "ema_span_0": 1113.2916845883367,
          "ema_span_1": 1227.2796929705353,
          "enabled": true,
          "initial_eprice_ema_dist": 0.08792050392591588,
          "initial_qty_pct": 0.04440736712098732,
          "markup_range": 0.018134505052637393,
          "min_markup": 0.00827709910350606,
          "n_close_orders": 4,
          "rentry_pprice_dist": 0.054358095122661224,
          "rentry_pprice_dist_wallet_exposure_weighting": 4.315526399312276,
          "wallet_exposure_limit": 1.0},
 "short": {"auto_unstuck_delay_minutes": 788.8415876998109,
           "auto_unstuck_ema_dist": -0.09864649126076057,
           "auto_unstuck_qty_pct": 0.06945176058764602,
           "auto_unstuck_wallet_exposure_threshold": 0.13333364694770777,
           "backwards_tp": false,
           "ddown_factor": 2.86269709213307,
           "ema_span_0": 1165.1972059675986,
           "ema_span_1": 1352.989930565415,
           "enabled": false,
           "initial_eprice_ema_dist": -0.0056377313405052846,
           "initial_qty_pct": 0.007040452530421762,
           "markup_range": 0.009122526559288125,
           "min_markup": 0.028232904763348353,
           "n_close_orders": 6,
           "rentry_pprice_dist": 0.024135989609245692,
           "rentry_pprice_dist_wallet_exposure_weighting": 6.996248372723244,
           "wallet_exposure_limit": 1.0}}