{"config_name": "recursive_grid_LRCUSDT_454days",
 "logging_level": 0,
 "long": {"auto_unstuck_delay_minutes": 1268.0482626818743,
          "auto_unstuck_ema_dist": -0.030644758042908473,
          "auto_unstuck_qty_pct": 0.01,
          "auto_unstuck_wallet_exposure_threshold": 0.048029342442829116,
          "backwards_tp": false,
          "ddown_factor": 1.1707234270268656,
          "ema_span_0": 547.4140651634303,
          "ema_span_1": 659.2515430187666,
          "enabled": true,
          "initial_eprice_ema_dist": 0.002399039718846412,
          "initial_qty_pct": 0.05,
          "markup_range": 0.05739817974165951,
          "min_markup": 0.007345914474084636,
          "n_close_orders": 6,
          "rentry_pprice_dist": 0.028773851463395266,
          "rentry_pprice_dist_wallet_exposure_weighting": 0.6657793630787662,
          "wallet_exposure_limit": 1},
 "short": {"auto_unstuck_delay_minutes": 898.2868971935536,
           "auto_unstuck_ema_dist": -0.04155204715145487,
           "auto_unstuck_qty_pct": 0.02047916872732169,
           "auto_unstuck_wallet_exposure_threshold": 0.8207077533116162,
           "backwards_tp": true,
           "ddown_factor": 1.513765537970445,
           "ema_span_0": 629.1891345921774,
           "ema_span_1": 326.2038099472099,
           "enabled": false,
           "initial_eprice_ema_dist": -0.0200451952950777,
           "initial_qty_pct": 0.020798306360763956,
           "markup_range": 0.01303113161864993,
           "min_markup": 0.0012147756772946296,
           "n_close_orders": 5,
           "rentry_pprice_dist": 0.034448353052433156,
           "rentry_pprice_dist_wallet_exposure_weighting": 9.57876662172098,
           "wallet_exposure_limit": 1.0}}