{"config_name": "recursive_grid_ONDOUSDT_121days",
 "logging_level": 0,
 "long": {"auto_unstuck_delay_minutes": 954.6858538232239,
          "auto_unstuck_ema_dist": -0.03980092439775527,
          "auto_unstuck_qty_pct": 0.01,
          "auto_unstuck_wallet_exposure_threshold": 0.03490689217556446,
          "backwards_tp": false,
          "ddown_factor": 0.31706523720028135,
          "ema_span_0": 723.713479583256,
          "ema_span_1": 841.8243286938422,
          "enabled": true,
          "initial_eprice_ema_dist": -0.006067440660460034,
          "initial_qty_pct": 0.03654443336092021,
          "markup_range": 0.024662782429258713,
          "min_markup": 0.021102081198700592,
          "n_close_orders": 6,
          "rentry_pprice_dist": 0.009376431858773269,
          "rentry_pprice_dist_wallet_exposure_weighting": 13.900325640619794,
          "wallet_exposure_limit": 1.0},
 "short": {"auto_unstuck_delay_minutes": 522.0771205971445,
           "auto_unstuck_ema_dist": -0.09883649527900555,
           "auto_unstuck_qty_pct": 0.07272289466707145,
           "auto_unstuck_wallet_exposure_threshold": 0.6363437441889905,
           "backwards_tp": false,
           "ddown_factor": 1.4092558831486204,
           "ema_span_0": 716.603913300952,
           "ema_span_1": 846.3970009354027,
           "enabled": false,
           "initial_eprice_ema_dist": -0.09997537422881785,
           "initial_qty_pct": 0.04319828138105938,
           "markup_range": 0.0455803366082531,
           "min_markup": 0.005497367422372831,
           "n_close_orders": 10,
           "rentry_pprice_dist": 0.03465835595981427,
           "rentry_pprice_dist_wallet_exposure_weighting": 9.840825053430367,
           "wallet_exposure_limit": 1.0}}