{"config_name": "recursive_grid_BNBUSDT_366days",
 "logging_level": 0,
 "long": {"auto_unstuck_delay_minutes": 763.0242095214354,
          "auto_unstuck_ema_dist": -0.03527577687369508,
          "auto_unstuck_qty_pct": 0.010694412028065722,
          "auto_unstuck_wallet_exposure_threshold": 0.061448148905311646,
          "backwards_tp": false,
          "ddown_factor": 0.9888847971277477,
          "ema_span_0": 2339.2099243976345,
          "ema_span_1": 16.429202120727457,
          "enabled": true,
          "initial_eprice_ema_dist": 0.002876060834078961,
          "initial_qty_pct": 0.036096185648795805,
          "markup_range": 0.002751189757249464,
          "min_markup": 0.006151001833269554,
          "n_close_orders": 3,
          "rentry_pprice_dist": 0.02447744770954891,
          "rentry_pprice_dist_wallet_exposure_weighting": 2.34714483078148,
          "wallet_exposure_limit": 1.0},
 "short": {"auto_unstuck_delay_minutes": 0.0,
           "auto_unstuck_ema_dist": 0.0,
           "auto_unstuck_qty_pct": 0.0,
           "auto_unstuck_wallet_exposure_threshold": 0.0,
           "backwards_tp": false,
           "ddown_factor": 0.6540439075518688,
           "ema_span_0": 610.7484307522927,
           "ema_span_1": 946.2272803213658,
           "enabled": false,
           "initial_eprice_ema_dist": -0.009647482414609412,
           "initial_qty_pct": 0.009195018865071984,
           "markup_range": 0.00726907351986944,
           "min_markup": 0.008922871559773428,
           "n_close_orders": 3,
           "rentry_pprice_dist": 0.005038392551890933,
           "rentry_pprice_dist_wallet_exposure_weighting": 0.3488948794823665,
           "wallet_exposure_limit": 1.0}}