{"config_name": "recursive_grid_TONUSDT_212days",
 "logging_level": 0,
 "long": {"auto_unstuck_delay_minutes": 603.0986007209694,
          "auto_unstuck_ema_dist": -0.001929647918890688,
          "auto_unstuck_qty_pct": 0.01,
          "auto_unstuck_wallet_exposure_threshold": 0.08132867596743688,
          "backwards_tp": false,
          "ddown_factor": 1.5528307956303504,
          "ema_span_0": 1010.0300621005728,
          "ema_span_1": 1440,
          "enabled": true,
          "initial_eprice_ema_dist": 0.0006458281337782024,
          "initial_qty_pct": 0.05,
          "markup_range": 0.05960687143682235,
          "min_markup": 0.009422427278380267,
          "n_close_orders": 7,
          "rentry_pprice_dist": 0.02,
          "rentry_pprice_dist_wallet_exposure_weighting": 0.6324653022480421,
          "wallet_exposure_limit": 1},
 "short": {"auto_unstuck_delay_minutes": 619.5415328334623,
           "auto_unstuck_ema_dist": -0.0038689503420429455,
           "auto_unstuck_qty_pct": 0.01748518795074972,
           "auto_unstuck_wallet_exposure_threshold": 0.8069149912110575,
           "backwards_tp": true,
           "ddown_factor": 0.5241953809157618,
           "ema_span_0": 1317.8044807946555,
           "ema_span_1": 812.9762339914103,
           "enabled": false,
           "initial_eprice_ema_dist": -0.09451596875031595,
           "initial_qty_pct": 0.017763880196463452,
           "markup_range": 0.010668414831720997,
           "min_markup": 0.006308430568964668,
           "n_close_orders": 15,
           "rentry_pprice_dist": 0.03329644944037725,
           "rentry_pprice_dist_wallet_exposure_weighting": 16.58715414163034,
           "wallet_exposure_limit": 1.0}}