{"config_name": "recursive_grid_RONUSDT_114days",
 "logging_level": 0,
 "long": {"auto_unstuck_delay_minutes": 0,
          "auto_unstuck_ema_dist": 0,
          "auto_unstuck_qty_pct": 0,
          "auto_unstuck_wallet_exposure_threshold": 0.0,
          "backwards_tp": false,
          "ddown_factor": 0.5469233782715488,
          "ema_span_0": 337.4285974487537,
          "ema_span_1": 1121.3807204820973,
          "enabled": true,
          "initial_eprice_ema_dist": -0.048460019159045006,
          "initial_qty_pct": 0.04,
          "markup_range": 0.028159083162754707,
          "min_markup": 0.018843257873785157,
          "n_close_orders": 3,
          "rentry_pprice_dist": 0.018807056958319496,
          "rentry_pprice_dist_wallet_exposure_weighting": 9.119519395151787,
          "wallet_exposure_limit": 1},
 "short": {"auto_unstuck_delay_minutes": 507.6023108162923,
           "auto_unstuck_ema_dist": -0.019351366399753545,
           "auto_unstuck_qty_pct": 0.08721766802724568,
           "auto_unstuck_wallet_exposure_threshold": 0.7307042314077727,
           "backwards_tp": false,
           "ddown_factor": 0.5723679388335322,
           "ema_span_0": 1344.3503157503135,
           "ema_span_1": 1346.1989105915889,
           "enabled": false,
           "initial_eprice_ema_dist": -0.0346329185422638,
           "initial_qty_pct": 0.043323578090035154,
           "markup_range": 0.03763661529954491,
           "min_markup": 0.006926807623301,
           "n_close_orders": 14,
           "rentry_pprice_dist": 0.03698403556574758,
           "rentry_pprice_dist_wallet_exposure_weighting": 0.15403374444510565,
           "wallet_exposure_limit": 1.0}}