{"config_name": "recursive_grid_STXUSDT_923days",
 "logging_level": 0,
 "long": {"auto_unstuck_delay_minutes": 0.0,
          "auto_unstuck_ema_dist": 0.0,
          "auto_unstuck_qty_pct": 0.0,
          "auto_unstuck_wallet_exposure_threshold": 0.0,
          "backwards_tp": false,
          "ddown_factor": 0.4075726210069571,
          "ema_span_0": 1432.6892798711838,
          "ema_span_1": 909.2997643524232,
          "enabled": true,
          "initial_eprice_ema_dist": 0.09512716148049169,
          "initial_qty_pct": 0.04,
          "markup_range": 0.03393821142522325,
          "min_markup": 0.01919457334072594,
          "n_close_orders": 4,
          "rentry_pprice_dist": 0.02891121641473246,
          "rentry_pprice_dist_wallet_exposure_weighting": 9.241434837102801,
          "wallet_exposure_limit": 1.0},
 "short": {"auto_unstuck_delay_minutes": 836.2934844002568,
           "auto_unstuck_ema_dist": -0.0008290586240275039,
           "auto_unstuck_qty_pct": 0.053634597462720895,
           "auto_unstuck_wallet_exposure_threshold": 0.8267860160647085,
           "backwards_tp": false,
           "ddown_factor": 0.8902730689003631,
           "ema_span_0": 1054.5963082823944,
           "ema_span_1": 1187.5829103497672,
           "enabled": false,
           "initial_eprice_ema_dist": -0.011000707234714649,
           "initial_qty_pct": 0.0351715189296775,
           "markup_range": 0.05121184131118215,
           "min_markup": 0.005120971753227703,
           "n_close_orders": 4,
           "rentry_pprice_dist": 0.025097737750192056,
           "rentry_pprice_dist_wallet_exposure_weighting": 1.5479993428620609,
           "wallet_exposure_limit": 1.0}}