{"config_name": "recursive_grid_ICPUSDT_156days",
 "logging_level": 0,
 "long": {"auto_unstuck_delay_minutes": 1157.2654581230272,
          "auto_unstuck_ema_dist": 0.009358029463771341,
          "auto_unstuck_qty_pct": 0.01,
          "auto_unstuck_wallet_exposure_threshold": 0.06851206725875345,
          "backwards_tp": false,
          "ddown_factor": 0.5585337223941492,
          "ema_span_0": 1059.346138768851,
          "ema_span_1": 543.5869321375644,
          "enabled": true,
          "initial_eprice_ema_dist": -0.00045973454478113063,
          "initial_qty_pct": 0.03114742874045981,
          "markup_range": 0.01855999225120722,
          "min_markup": 0.012140845161982985,
          "n_close_orders": 7,
          "rentry_pprice_dist": 0.011620426913493317,
          "rentry_pprice_dist_wallet_exposure_weighting": 7.788113370967537,
          "wallet_exposure_limit": 1},
 "short": {"auto_unstuck_delay_minutes": 1432.8445648518164,
           "auto_unstuck_ema_dist": -0.08247114838023462,
           "auto_unstuck_qty_pct": 0.054228698691296054,
           "auto_unstuck_wallet_exposure_threshold": 0.20262869161663677,
           "backwards_tp": false,
           "ddown_factor": 2.6122891709427787,
           "ema_span_0": 1238.1167292138082,
           "ema_span_1": 1272.465552543955,
           "enabled": false,
           "initial_eprice_ema_dist": -0.07252205636373224,
           "initial_qty_pct": 0.045747166703232624,
           "markup_range": 0.04915512315913102,
           "min_markup": 0.0064654511404941915,
           "n_close_orders": 15,
           "rentry_pprice_dist": 0.043437022083816536,
           "rentry_pprice_dist_wallet_exposure_weighting": 3.1018597188474573,
           "wallet_exposure_limit": 1.0}}