{"config_name": "recursive_grid_APTUSDT_365days",
 "logging_level": 0,
 "long": {"auto_unstuck_delay_minutes": 1354.7589245612564,
          "auto_unstuck_ema_dist": -0.011003843239749001,
          "auto_unstuck_qty_pct": 0.08177512610345236,
          "auto_unstuck_wallet_exposure_threshold": 0.13932771307128455,
          "backwards_tp": true,
          "ddown_factor": 1.020819632670025,
          "ema_span_0": 531.2198754539319,
          "ema_span_1": 1869.488594081695,
          "enabled": true,
          "initial_eprice_ema_dist": -0.003107397005474146,
          "initial_qty_pct": 0.03325745595161562,
          "markup_range": 0.01204953158589337,
          "min_markup": 0.005461965642627162,
          "n_close_orders": 8,
          "rentry_pprice_dist": 0.038033678782000306,
          "rentry_pprice_dist_wallet_exposure_weighting": 4.784454501585069,
          "wallet_exposure_limit": 1},
 "short": {"auto_unstuck_delay_minutes": 0.0,
           "auto_unstuck_ema_dist": 0.0,
           "auto_unstuck_qty_pct": 0.0,
           "auto_unstuck_wallet_exposure_threshold": 0.0,
           "backwards_tp": true,
           "ddown_factor": 0.7371234031978183,
           "ema_span_0": 912.4569720289934,
           "ema_span_1": 1087.059244329826,
           "enabled": false,
           "initial_eprice_ema_dist": -0.0036236959398265167,
           "initial_qty_pct": 0.015052714190183197,
           "markup_range": 0.004036067760161698,
           "min_markup": 0.007959811772723077,
           "n_close_orders": 14,
           "rentry_pprice_dist": 0.023791376398467536,
           "rentry_pprice_dist_wallet_exposure_weighting": 9.588614065647976,
           "wallet_exposure_limit": 1.0}}