{"config_name": "recursive_grid_1000RATSUSDT_150days",
 "logging_level": 0,
 "long": {"auto_unstuck_delay_minutes": 717.6931591910935,
          "auto_unstuck_ema_dist": 0.0321206867749894,
          "auto_unstuck_qty_pct": 0.01,
          "auto_unstuck_wallet_exposure_threshold": 0.09268259993190928,
          "backwards_tp": false,
          "ddown_factor": 0.31853844773722295,
          "ema_span_0": 772.5500389159997,
          "ema_span_1": 658.0779220574387,
          "enabled": true,
          "initial_eprice_ema_dist": 0.04610915918887674,
          "initial_qty_pct": 0.030100832605178235,
          "markup_range": 0.03903449991379822,
          "min_markup": 0.009678285590083931,
          "n_close_orders": 8,
          "rentry_pprice_dist": 0.03278912077227985,
          "rentry_pprice_dist_wallet_exposure_weighting": 11.239494350863174,
          "wallet_exposure_limit": 1},
 "short": {"auto_unstuck_delay_minutes": 467.85846714956995,
           "auto_unstuck_ema_dist": -0.07228629844393324,
           "auto_unstuck_qty_pct": 0.07694217789421288,
           "auto_unstuck_wallet_exposure_threshold": 0.4911109239493837,
           "backwards_tp": false,
           "ddown_factor": 2.4219899609900257,
           "ema_span_0": 882.1747163350843,
           "ema_span_1": 214.05335603949726,
           "enabled": false,
           "initial_eprice_ema_dist": -0.055701115254603493,
           "initial_qty_pct": 0.010559742726876467,
           "markup_range": 0.005820917034179844,
           "min_markup": 0.005943550788290118,
           "n_close_orders": 11,
           "rentry_pprice_dist": 0.012426749010669232,
           "rentry_pprice_dist_wallet_exposure_weighting": 13.737554529783703,
           "wallet_exposure_limit": 1.0}}