{"config_name": "recursive_grid_BTCUSDT_366days",
 "logging_level": 0,
 "long": {"auto_unstuck_delay_minutes": 1013.1320670448324,
          "auto_unstuck_ema_dist": 0.005612430182951108,
          "auto_unstuck_qty_pct": 0.01,
          "auto_unstuck_wallet_exposure_threshold": 0.07387364094335173,
          "backwards_tp": false,
          "ddown_factor": 0.13074543946209868,
          "ema_span_0": 362.15960852536585,
          "ema_span_1": 83.08515025127234,
          "enabled": true,
          "initial_eprice_ema_dist": 0.0016394213033025969,
          "initial_qty_pct": 0.03166173373655617,
          "markup_range": 0.01208146149870478,
          "min_markup": 0.005145384323647564,
          "n_close_orders": 8,
          "rentry_pprice_dist": 0.011195438919456561,
          "rentry_pprice_dist_wallet_exposure_weighting": 0.6333858206486686,
          "wallet_exposure_limit": 1},
 "short": {"auto_unstuck_delay_minutes": 0.0,
           "auto_unstuck_ema_dist": 0.0,
           "auto_unstuck_qty_pct": 0.0,
           "auto_unstuck_wallet_exposure_threshold": 0.0,
           "backwards_tp": false,
           "ddown_factor": 2.2656563442009583,
           "ema_span_0": 406.3631060196427,
           "ema_span_1": 866.3664309555702,
           "enabled": false,
           "initial_eprice_ema_dist": -0.004891858787944569,
           "initial_qty_pct": 0.015560781463691473,
           "markup_range": 0.004173076433949002,
           "min_markup": 0.003194032583111366,
           "n_close_orders": 10,
           "rentry_pprice_dist": 0.027427639861096108,
           "rentry_pprice_dist_wallet_exposure_weighting": 2.3324515786181648,
           "wallet_exposure_limit": 1.0}}