{"config_name": "recursive_grid_GRTUSDT_143days",
 "logging_level": 0,
 "long": {"auto_unstuck_delay_minutes": 768.4677932747682,
          "auto_unstuck_ema_dist": 0.02083175906865506,
          "auto_unstuck_qty_pct": 0.01,
          "auto_unstuck_wallet_exposure_threshold": 0.06427835058493954,
          "backwards_tp": false,
          "ddown_factor": 0.510797971069111,
          "ema_span_0": 185.54949194785837,
          "ema_span_1": 180.22026776780888,
          "enabled": true,
          "initial_eprice_ema_dist": -0.022647090518027383,
          "initial_qty_pct": 0.031333515917970234,
          "markup_range": 0.01713668611882549,
          "min_markup": 0.016030171900806047,
          "n_close_orders": 8,
          "rentry_pprice_dist": 0.021902938710224126,
          "rentry_pprice_dist_wallet_exposure_weighting": 7.764002430467021,
          "wallet_exposure_limit": 1.0},
 "short": {"auto_unstuck_delay_minutes": 329.6967432883865,
           "auto_unstuck_ema_dist": -0.030273720098842924,
           "auto_unstuck_qty_pct": 0.0827026539421121,
           "auto_unstuck_wallet_exposure_threshold": 0.10249555718717147,
           "backwards_tp": false,
           "ddown_factor": 2.99690172580756,
           "ema_span_0": 1363.637261702903,
           "ema_span_1": 359.11980172980276,
           "enabled": false,
           "initial_eprice_ema_dist": -0.09904978388280782,
           "initial_qty_pct": 0.04998157695745667,
           "markup_range": 0.010953503419893137,
           "min_markup": 0.008834147237431783,
           "n_close_orders": 5,
           "rentry_pprice_dist": 0.044869588619290496,
           "rentry_pprice_dist_wallet_exposure_weighting": 16.783850929763982,
           "wallet_exposure_limit": 1.0}}