{"config_name": "recursive_grid_MNTUSDT_156days",
 "logging_level": 0,
 "long": {"auto_unstuck_delay_minutes": 1135.256878906815,
          "auto_unstuck_ema_dist": -0.017556669842901503,
          "auto_unstuck_qty_pct": 0.01,
          "auto_unstuck_wallet_exposure_threshold": 0.09457653753452554,
          "backwards_tp": false,
          "ddown_factor": 0.43734786817794863,
          "ema_span_0": 340.24137799209086,
          "ema_span_1": 1102.2971351543472,
          "enabled": true,
          "initial_eprice_ema_dist": 0.007381357623091998,
          "initial_qty_pct": 0.03650221762360625,
          "markup_range": 0.03488649026969935,
          "min_markup": 0.011546869773570122,
          "n_close_orders": 8,
          "rentry_pprice_dist": 0.00920460028280571,
          "rentry_pprice_dist_wallet_exposure_weighting": 8.319510756797762,
          "wallet_exposure_limit": 1},
 "short": {"auto_unstuck_delay_minutes": 560.6248241967746,
           "auto_unstuck_ema_dist": -0.019203029498146118,
           "auto_unstuck_qty_pct": 0.0887748262863988,
           "auto_unstuck_wallet_exposure_threshold": 0.3473982883503417,
           "backwards_tp": false,
           "ddown_factor": 2.6550529649982835,
           "ema_span_0": 832.0698584798303,
           "ema_span_1": 1309.0254482436987,
           "enabled": false,
           "initial_eprice_ema_dist": -0.07651819700801706,
           "initial_qty_pct": 0.02659978249984111,
           "markup_range": 0.03260565922445907,
           "min_markup": 0.005564274378282768,
           "n_close_orders": 14,
           "rentry_pprice_dist": 0.04107643988852841,
           "rentry_pprice_dist_wallet_exposure_weighting": 18.543526677961772,
           "wallet_exposure_limit": 1.0}}