{"config_name": "recursive_grid_ORDIUSDT_143days",
 "logging_level": 0,
 "long": {"auto_unstuck_delay_minutes": 1405.7523503763489,
          "auto_unstuck_ema_dist": -0.04604176988455828,
          "auto_unstuck_qty_pct": 0.01,
          "auto_unstuck_wallet_exposure_threshold": 0.05263316952816081,
          "backwards_tp": false,
          "ddown_factor": 0.5531938925461963,
          "ema_span_0": 491.6740374929527,
          "ema_span_1": 494.10262491930047,
          "enabled": true,
          "initial_eprice_ema_dist": 0.013305471343007106,
          "initial_qty_pct": 0.04812800951155749,
          "markup_range": 0.04409605731880577,
          "min_markup": 0.011140028615397691,
          "n_close_orders": 7,
          "rentry_pprice_dist": 0.017161951345832597,
          "rentry_pprice_dist_wallet_exposure_weighting": 8.663254351750718,
          "wallet_exposure_limit": 1},
 "short": {"auto_unstuck_delay_minutes": 1338.472031110325,
           "auto_unstuck_ema_dist": -0.04723140408795682,
           "auto_unstuck_qty_pct": 0.03488674027090232,
           "auto_unstuck_wallet_exposure_threshold": 0.5739188898069237,
           "backwards_tp": false,
           "ddown_factor": 1.8952515924837325,
           "ema_span_0": 916.7918556397075,
           "ema_span_1": 1274.7854339751864,
           "enabled": false,
           "initial_eprice_ema_dist": -0.016230700006099497,
           "initial_qty_pct": 0.047654591554072666,
           "markup_range": 0.03760314792229457,
           "min_markup": 0.007131086132366476,
           "n_close_orders": 7,
           "rentry_pprice_dist": 0.026089804193817102,
           "rentry_pprice_dist_wallet_exposure_weighting": 11.863530830359954,
           "wallet_exposure_limit": 1.0}}