{"config_name": "recursive_grid_FILUSDT_366days",
 "logging_level": 0,
 "long": {"auto_unstuck_delay_minutes": 968.6402767882506,
          "auto_unstuck_ema_dist": -0.08781997018727784,
          "auto_unstuck_qty_pct": 0.0232293068720604,
          "auto_unstuck_wallet_exposure_threshold": 0.18376683106685238,
          "backwards_tp": false,
          "ddown_factor": 0.25459047017331365,
          "ema_span_0": 2063.9425182339805,
          "ema_span_1": 1427.206570248542,
          "enabled": true,
          "initial_eprice_ema_dist": 0.002932198651384418,
          "initial_qty_pct": 0.03738276112787499,
          "markup_range": 0.019124414888525756,
          "min_markup": 0.006071648980569598,
          "n_close_orders": 6,
          "rentry_pprice_dist": 0.03222123062265695,
          "rentry_pprice_dist_wallet_exposure_weighting": 1.1530290951524962,
          "wallet_exposure_limit": 1},
 "short": {"auto_unstuck_delay_minutes": 0.0,
           "auto_unstuck_ema_dist": 0.0,
           "auto_unstuck_qty_pct": 0.0,
           "auto_unstuck_wallet_exposure_threshold": 0.0,
           "backwards_tp": false,
           "ddown_factor": 0.781079521440578,
           "ema_span_0": 1194.7097188940472,
           "ema_span_1": 957.4977338919001,
           "enabled": false,
           "initial_eprice_ema_dist": -0.008608582601589115,
           "initial_qty_pct": 0.016889156100418863,
           "markup_range": 0.009603271708988056,
           "min_markup": 0.00786353397414067,
           "n_close_orders": 8,
           "rentry_pprice_dist": 0.056512579521727155,
           "rentry_pprice_dist_wallet_exposure_weighting": 1.1820340152472393,
           "wallet_exposure_limit": 1.0}}