{"config_name": "recursive_grid_ENAUSDT_50days",
 "logging_level": 0,
 "long": {"auto_unstuck_delay_minutes": 1133.0111275467223,
          "auto_unstuck_ema_dist": 0.030269527517080484,
          "auto_unstuck_qty_pct": 0.01,
          "auto_unstuck_wallet_exposure_threshold": 0.06535185022443474,
          "backwards_tp": false,
          "ddown_factor": 0.6,
          "ema_span_0": 1044.2208328306551,
          "ema_span_1": 1050.5679582686062,
          "enabled": true,
          "initial_eprice_ema_dist": 0.019364682999260134,
          "initial_qty_pct": 0.032788528035960864,
          "markup_range": 0.02476213424241238,
          "min_markup": 0.039246832370474896,
          "n_close_orders": 5,
          "rentry_pprice_dist": 0.015432049287921641,
          "rentry_pprice_dist_wallet_exposure_weighting": 10.377829577955682,
          "wallet_exposure_limit": 1},
 "short": {"auto_unstuck_delay_minutes": 1123.6597239288178,
           "auto_unstuck_ema_dist": -0.016820011774370466,
           "auto_unstuck_qty_pct": 0.09697043598824279,
           "auto_unstuck_wallet_exposure_threshold": 0.7050051788532378,
           "backwards_tp": false,
           "ddown_factor": 1.93449315155642,
           "ema_span_0": 532.6473443282562,
           "ema_span_1": 1046.1024084084743,
           "enabled": false,
           "initial_eprice_ema_dist": -0.07703649801273124,
           "initial_qty_pct": 0.025519668627537018,
           "markup_range": 1.8895010639006225e-05,
           "min_markup": 0.0045861272283513905,
           "n_close_orders": 3,
           "rentry_pprice_dist": 0.04008580913358895,
           "rentry_pprice_dist_wallet_exposure_weighting": 16.758393122497925,
           "wallet_exposure_limit": 1.0}}