{"config_name": "recursive_grid_TIAUSDT_121days",
 "logging_level": 0,
 "long": {"auto_unstuck_delay_minutes": 47.46173012710414,
          "auto_unstuck_ema_dist": 0.02613998384989378,
          "auto_unstuck_qty_pct": 0.022783259627305676,
          "auto_unstuck_wallet_exposure_threshold": 0.15190267848791544,
          "backwards_tp": false,
          "ddown_factor": 0.7731119635566074,
          "ema_span_0": 1221.0202334162227,
          "ema_span_1": 969.928162848007,
          "enabled": true,
          "initial_eprice_ema_dist": -0.009240201635342102,
          "initial_qty_pct": 0.04942570913418098,
          "markup_range": 0.009927052279466449,
          "min_markup": 0.023820591863444148,
          "n_close_orders": 5,
          "rentry_pprice_dist": 0.026170743737483924,
          "rentry_pprice_dist_wallet_exposure_weighting": 4.065681875560066,
          "wallet_exposure_limit": 1},
 "short": {"auto_unstuck_delay_minutes": 0.0,
           "auto_unstuck_ema_dist": 0.0,
           "auto_unstuck_qty_pct": 0.0,
           "auto_unstuck_wallet_exposure_threshold": 0.0,
           "backwards_tp": false,
           "ddown_factor": 0.5889026885024705,
           "ema_span_0": 1004.0501176504808,
           "ema_span_1": 1124.7608967910337,
           "enabled": false,
           "initial_eprice_ema_dist": 0.0020702909505761168,
           "initial_qty_pct": 0.0068512775668626204,
           "markup_range": 0.007485997850086541,
           "min_markup": 0.005884410254510583,
           "n_close_orders": 10,
           "rentry_pprice_dist": 0.03828622850781442,
           "rentry_pprice_dist_wallet_exposure_weighting": 5.328066182126922,
           "wallet_exposure_limit": 1.0}}