{"config_name": "recursive_grid_SOLUSDT_454days",
 "logging_level": 0,
 "long": {"auto_unstuck_delay_minutes": 1209.507082417338,
          "auto_unstuck_ema_dist": -0.011281590844984438,
          "auto_unstuck_qty_pct": 0.01,
          "auto_unstuck_wallet_exposure_threshold": 0.06784739523863137,
          "backwards_tp": false,
          "ddown_factor": 1.942609759289006,
          "ema_span_0": 416.88931753260766,
          "ema_span_1": 649.3977972132125,
          "enabled": true,
          "initial_eprice_ema_dist": 0.0021916055766411507,
          "initial_qty_pct": 0.05,
          "markup_range": 0.01674879998467429,
          "min_markup": 0.009599012843950077,
          "n_close_orders": 7,
          "rentry_pprice_dist": 0.022329085843165092,
          "rentry_pprice_dist_wallet_exposure_weighting": 3.8273016319790236,
          "wallet_exposure_limit": 1},
 "short": {"auto_unstuck_delay_minutes": 306.2403295431051,
           "auto_unstuck_ema_dist": -0.03344310595206143,
           "auto_unstuck_qty_pct": 0.06934767446611562,
           "auto_unstuck_wallet_exposure_threshold": 0.6917202404920686,
           "backwards_tp": true,
           "ddown_factor": 0.7276618837648733,
           "ema_span_0": 1220.6308621003923,
           "ema_span_1": 550.4367816717079,
           "enabled": false,
           "initial_eprice_ema_dist": -0.027422340521513405,
           "initial_qty_pct": 0.04960902149173701,
           "markup_range": 0.0391892168247237,
           "min_markup": 0.00826898169606588,
           "n_close_orders": 13,
           "rentry_pprice_dist": 0.02914277390198628,
           "rentry_pprice_dist_wallet_exposure_weighting": 17.67182379242598,
           "wallet_exposure_limit": 1.0}}