{"config_name": "recursive_grid_SOLUSDT_454days",
 "logging_level": 0,
 "long": {"auto_unstuck_delay_minutes": 1218.6695199120468,
          "auto_unstuck_ema_dist": -0.046798868469058466,
          "auto_unstuck_qty_pct": 0.01,
          "auto_unstuck_wallet_exposure_threshold": 0.04224010066258733,
          "backwards_tp": false,
          "ddown_factor": 1.1966295169947243,
          "ema_span_0": 848.2745353298964,
          "ema_span_1": 765.4364052519012,
          "enabled": true,
          "initial_eprice_ema_dist": 0.0020972453728499204,
          "initial_qty_pct": 0.05,
          "markup_range": 0.015,
          "min_markup": 0.008688439581251865,
          "n_close_orders": 7,
          "rentry_pprice_dist": 0.021410202393520546,
          "rentry_pprice_dist_wallet_exposure_weighting": 2.7903077532324296,
          "wallet_exposure_limit": 1},
 "short": {"auto_unstuck_delay_minutes": 992.318053049251,
           "auto_unstuck_ema_dist": -0.08908544055035937,
           "auto_unstuck_qty_pct": 0.07623088064161349,
           "auto_unstuck_wallet_exposure_threshold": 0.3475619123602348,
           "backwards_tp": true,
           "ddown_factor": 2.659338757412825,
           "ema_span_0": 1017.7543188084893,
           "ema_span_1": 70.46140607917218,
           "enabled": false,
           "initial_eprice_ema_dist": -0.007128768969248078,
           "initial_qty_pct": 0.02827406135336541,
           "markup_range": 0.050529073254430214,
           "min_markup": 0.0012790860105954044,
           "n_close_orders": 12,
           "rentry_pprice_dist": 0.016157082541459613,
           "rentry_pprice_dist_wallet_exposure_weighting": 14.991128873198626,
           "wallet_exposure_limit": 1.0}}