{"config_name": "recursive_grid_RLCUSDT_374days",
 "logging_level": 0,
 "long": {"auto_unstuck_delay_minutes": 828.8062106455155,
          "auto_unstuck_ema_dist": -0.001272434100484574,
          "auto_unstuck_qty_pct": 0.01,
          "auto_unstuck_wallet_exposure_threshold": 0.06106904269903247,
          "backwards_tp": false,
          "ddown_factor": 1.9642922163655434,
          "ema_span_0": 783.0643361836168,
          "ema_span_1": 442.95328856996844,
          "enabled": true,
          "initial_eprice_ema_dist": 0.0034941686448739235,
          "initial_qty_pct": 0.05,
          "markup_range": 0.05874679488290775,
          "min_markup": 0.01,
          "n_close_orders": 7,
          "rentry_pprice_dist": 0.032606428191334136,
          "rentry_pprice_dist_wallet_exposure_weighting": 1.5977933544806886,
          "wallet_exposure_limit": 1},
 "short": {"auto_unstuck_delay_minutes": 1433.3236734424315,
           "auto_unstuck_ema_dist": -0.025613550557368137,
           "auto_unstuck_qty_pct": 0.07702271486832193,
           "auto_unstuck_wallet_exposure_threshold": 0.3142694547117724,
           "backwards_tp": true,
           "ddown_factor": 1.9330181440222636,
           "ema_span_0": 910.2626070330675,
           "ema_span_1": 939.4554798657512,
           "enabled": false,
           "initial_eprice_ema_dist": -0.041297099480649385,
           "initial_qty_pct": 0.030753864457384726,
           "markup_range": 0.019367525625205367,
           "min_markup": 0.008285048212070243,
           "n_close_orders": 2,
           "rentry_pprice_dist": 0.03990513561899195,
           "rentry_pprice_dist_wallet_exposure_weighting": 16.597939239455716,
           "wallet_exposure_limit": 1.0}}