{"config_name": "recursive_grid_RLCUSDT_374days",
 "logging_level": 0,
 "long": {"auto_unstuck_delay_minutes": 851.2299316354803,
          "auto_unstuck_ema_dist": 0.0038292839698187975,
          "auto_unstuck_qty_pct": 0.01,
          "auto_unstuck_wallet_exposure_threshold": 0.0952788889492354,
          "backwards_tp": false,
          "ddown_factor": 1.812635884309839,
          "ema_span_0": 674.818021110361,
          "ema_span_1": 783.9826638158488,
          "enabled": true,
          "initial_eprice_ema_dist": 0.0006045521574721043,
          "initial_qty_pct": 0.05,
          "markup_range": 0.05902750875326537,
          "min_markup": 0.009330464088308734,
          "n_close_orders": 6,
          "rentry_pprice_dist": 0.02810380103785888,
          "rentry_pprice_dist_wallet_exposure_weighting": 3.045543060699649,
          "wallet_exposure_limit": 1},
 "short": {"auto_unstuck_delay_minutes": 1433.3236734424315,
           "auto_unstuck_ema_dist": -0.025613550557368137,
           "auto_unstuck_qty_pct": 0.07702271486832193,
           "auto_unstuck_wallet_exposure_threshold": 0.3142694547117724,
           "backwards_tp": true,
           "ddown_factor": 1.9330181440222636,
           "ema_span_0": 910.2626070330675,
           "ema_span_1": 939.4554798657512,
           "enabled": false,
           "initial_eprice_ema_dist": -0.041297099480649385,
           "initial_qty_pct": 0.030753864457384726,
           "markup_range": 0.019367525625205367,
           "min_markup": 0.008285048212070243,
           "n_close_orders": 2,
           "rentry_pprice_dist": 0.03990513561899195,
           "rentry_pprice_dist_wallet_exposure_weighting": 16.597939239455716,
           "wallet_exposure_limit": 1.0}}