{"config_name": "recursive_grid_STXUSDT_454days",
 "logging_level": 0,
 "long": {"auto_unstuck_delay_minutes": 931.0068961421568,
          "auto_unstuck_ema_dist": -0.018661660461458514,
          "auto_unstuck_qty_pct": 0.01,
          "auto_unstuck_wallet_exposure_threshold": 0.0924111951425679,
          "backwards_tp": false,
          "ddown_factor": 1.3394370071839894,
          "ema_span_0": 577.2319307720452,
          "ema_span_1": 829.3833681396867,
          "enabled": true,
          "initial_eprice_ema_dist": 0.00015150768324458054,
          "initial_qty_pct": 0.05,
          "markup_range": 0.05430199715684309,
          "min_markup": 0.007898881721261193,
          "n_close_orders": 3,
          "rentry_pprice_dist": 0.03925767235052137,
          "rentry_pprice_dist_wallet_exposure_weighting": 1.0632970296185464,
          "wallet_exposure_limit": 1.0},
 "short": {"auto_unstuck_delay_minutes": 595.0542346695322,
           "auto_unstuck_ema_dist": -0.030384267243499255,
           "auto_unstuck_qty_pct": 0.01405402580847191,
           "auto_unstuck_wallet_exposure_threshold": 0.44766962688597156,
           "backwards_tp": true,
           "ddown_factor": 1.2152444350915401,
           "ema_span_0": 961.3678788853383,
           "ema_span_1": 1026.3371379862374,
           "enabled": false,
           "initial_eprice_ema_dist": -0.07488588597591385,
           "initial_qty_pct": 0.023093018034269143,
           "markup_range": 0.034703253674103485,
           "min_markup": 0.0012967856519216176,
           "n_close_orders": 8,
           "rentry_pprice_dist": 0.02911396037756047,
           "rentry_pprice_dist_wallet_exposure_weighting": 5.441302227617881,
           "wallet_exposure_limit": 1.0}}