{"config_name": "recursive_grid_GRTUSDT_143days",
 "logging_level": 0,
 "long": {"auto_unstuck_delay_minutes": 1100.3299781892854,
          "auto_unstuck_ema_dist": -0.01811349797053416,
          "auto_unstuck_qty_pct": 0.01,
          "auto_unstuck_wallet_exposure_threshold": 0.05483833658736918,
          "backwards_tp": false,
          "ddown_factor": 0.45629504364036466,
          "ema_span_0": 355.7291711134102,
          "ema_span_1": 352.264957850704,
          "enabled": true,
          "initial_eprice_ema_dist": 0.014265098727366633,
          "initial_qty_pct": 0.03842003276952829,
          "markup_range": 0.04230330202516939,
          "min_markup": 0.008350897834657546,
          "n_close_orders": 5,
          "rentry_pprice_dist": 0.007187318830726801,
          "rentry_pprice_dist_wallet_exposure_weighting": 8.21307090685066,
          "wallet_exposure_limit": 1},
 "short": {"auto_unstuck_delay_minutes": 1255.0434028873985,
           "auto_unstuck_ema_dist": -0.08239566099415416,
           "auto_unstuck_qty_pct": 0.043720816180911844,
           "auto_unstuck_wallet_exposure_threshold": 0.396071755623293,
           "backwards_tp": false,
           "ddown_factor": 1.083310397631294,
           "ema_span_0": 1054.3450654310216,
           "ema_span_1": 213.06064242520463,
           "enabled": false,
           "initial_eprice_ema_dist": -0.022592057553303346,
           "initial_qty_pct": 0.042496346234814686,
           "markup_range": 0.03795049070182904,
           "min_markup": 0.002732556955050737,
           "n_close_orders": 13,
           "rentry_pprice_dist": 0.045754259017205486,
           "rentry_pprice_dist_wallet_exposure_weighting": 18.091596661105076,
           "wallet_exposure_limit": 1.0}}