{"config_name": "recursive_grid_AGIXUSDT_325days",
 "logging_level": 0,
 "long": {"auto_unstuck_delay_minutes": 220.07308546068353,
          "auto_unstuck_ema_dist": 0.006441065989010636,
          "auto_unstuck_qty_pct": 0.062159270231868194,
          "auto_unstuck_wallet_exposure_threshold": 0.08720929125933753,
          "backwards_tp": false,
          "ddown_factor": 0.4381347020780194,
          "ema_span_0": 515.6410740630936,
          "ema_span_1": 349.3895817506531,
          "enabled": true,
          "initial_eprice_ema_dist": 0.0015325331017878182,
          "initial_qty_pct": 0.049612568931612505,
          "markup_range": 0.026393606901098633,
          "min_markup": 0.009087016435226974,
          "n_close_orders": 8,
          "rentry_pprice_dist": 0.041076163095630204,
          "rentry_pprice_dist_wallet_exposure_weighting": 1.2137303100357997,
          "wallet_exposure_limit": 1},
 "short": {"auto_unstuck_delay_minutes": 1213.276691620011,
           "auto_unstuck_ema_dist": -0.07606961151352064,
           "auto_unstuck_qty_pct": 0.0838195387779762,
           "auto_unstuck_wallet_exposure_threshold": 0.12406672770475619,
           "backwards_tp": false,
           "ddown_factor": 0.5555822481662996,
           "ema_span_0": 661.0264959871715,
           "ema_span_1": 585.5086120465154,
           "enabled": false,
           "initial_eprice_ema_dist": -0.00965609040740079,
           "initial_qty_pct": 0.01888551263188076,
           "markup_range": 0.0009136377614002633,
           "min_markup": 0.04993991771891392,
           "n_close_orders": 15,
           "rentry_pprice_dist": 0.04857968221763191,
           "rentry_pprice_dist_wallet_exposure_weighting": 3.1103704476420093,
           "wallet_exposure_limit": 1.0}}