{"config_name": "recursive_grid_FILUSDT_366days",
 "logging_level": 0,
 "long": {"auto_unstuck_delay_minutes": 120.18017577739347,
          "auto_unstuck_ema_dist": -0.009699619805981927,
          "auto_unstuck_qty_pct": 0.02415446945988562,
          "auto_unstuck_wallet_exposure_threshold": 0.06672854706810111,
          "backwards_tp": false,
          "ddown_factor": 0.40287130384289477,
          "ema_span_0": 1907.3595463427785,
          "ema_span_1": 1514.087300755145,
          "enabled": true,
          "initial_eprice_ema_dist": 0.002766004353700004,
          "initial_qty_pct": 0.03997904763967545,
          "markup_range": 0.018891089429701434,
          "min_markup": 0.005990143726562342,
          "n_close_orders": 7,
          "rentry_pprice_dist": 0.033337465840645,
          "rentry_pprice_dist_wallet_exposure_weighting": 1.2835662507696968,
          "wallet_exposure_limit": 1},
 "short": {"auto_unstuck_delay_minutes": 0.0,
           "auto_unstuck_ema_dist": 0.0,
           "auto_unstuck_qty_pct": 0.0,
           "auto_unstuck_wallet_exposure_threshold": 0.0,
           "backwards_tp": false,
           "ddown_factor": 0.781079521440578,
           "ema_span_0": 1194.7097188940472,
           "ema_span_1": 957.4977338919001,
           "enabled": false,
           "initial_eprice_ema_dist": -0.008608582601589115,
           "initial_qty_pct": 0.016889156100418863,
           "markup_range": 0.009603271708988056,
           "min_markup": 0.00786353397414067,
           "n_close_orders": 8,
           "rentry_pprice_dist": 0.056512579521727155,
           "rentry_pprice_dist_wallet_exposure_weighting": 1.1820340152472393,
           "wallet_exposure_limit": 1.0}}