{"config_name": "recursive_grid_ONDOUSDT_120days",
 "logging_level": 0,
 "long": {"auto_unstuck_delay_minutes": 770.0290422907932,
          "auto_unstuck_ema_dist": 0.02730900420163157,
          "auto_unstuck_qty_pct": 0.01,
          "auto_unstuck_wallet_exposure_threshold": 0.07221575612129047,
          "backwards_tp": false,
          "ddown_factor": 1.0361152208567483,
          "ema_span_0": 716.3152479369561,
          "ema_span_1": 1302.7762460841318,
          "enabled": true,
          "initial_eprice_ema_dist": 0.0006188763316692824,
          "initial_qty_pct": 0.03681026541171146,
          "markup_range": 0.016992589158403473,
          "min_markup": 0.031931558391769664,
          "n_close_orders": 7,
          "rentry_pprice_dist": 0.011760804893936638,
          "rentry_pprice_dist_wallet_exposure_weighting": 5.88984351950637,
          "wallet_exposure_limit": 1},
 "short": {"auto_unstuck_delay_minutes": 1178.433173274699,
           "auto_unstuck_ema_dist": -0.011116043749170856,
           "auto_unstuck_qty_pct": 0.05687690540581981,
           "auto_unstuck_wallet_exposure_threshold": 0.49564061174558594,
           "backwards_tp": false,
           "ddown_factor": 2.2651484331407534,
           "ema_span_0": 939.8081214030552,
           "ema_span_1": 69.26764769747473,
           "enabled": false,
           "initial_eprice_ema_dist": -0.052354540425183484,
           "initial_qty_pct": 0.036717723605509886,
           "markup_range": 0.025919694675510172,
           "min_markup": 0.003373012950907538,
           "n_close_orders": 10,
           "rentry_pprice_dist": 0.025762706793842433,
           "rentry_pprice_dist_wallet_exposure_weighting": 12.79259172375927,
           "wallet_exposure_limit": 1.0}}