{"config_name": "recursive_grid_ORDIUSDT_143days",
 "logging_level": 0,
 "long": {"auto_unstuck_delay_minutes": 666.6924322612806,
          "auto_unstuck_ema_dist": -0.010048931925617116,
          "auto_unstuck_qty_pct": 0.01,
          "auto_unstuck_wallet_exposure_threshold": 0.07064708393443574,
          "backwards_tp": false,
          "ddown_factor": 0.5333385617316709,
          "ema_span_0": 630.1329638049147,
          "ema_span_1": 549.7174441986818,
          "enabled": true,
          "initial_eprice_ema_dist": 0.011951007744227173,
          "initial_qty_pct": 0.04596049981798088,
          "markup_range": 0.044697245296128514,
          "min_markup": 0.010955115724182877,
          "n_close_orders": 7,
          "rentry_pprice_dist": 0.01804040541370508,
          "rentry_pprice_dist_wallet_exposure_weighting": 7.814787485726507,
          "wallet_exposure_limit": 1},
 "short": {"auto_unstuck_delay_minutes": 527.9383060675073,
           "auto_unstuck_ema_dist": 0.0016240631260036886,
           "auto_unstuck_qty_pct": 0.0193962942825061,
           "auto_unstuck_wallet_exposure_threshold": 0.2970301544533241,
           "backwards_tp": false,
           "ddown_factor": 1.6427667567432462,
           "ema_span_0": 978.0811818784082,
           "ema_span_1": 693.0370226919896,
           "enabled": false,
           "initial_eprice_ema_dist": -0.043548464376286726,
           "initial_qty_pct": 0.014551023703396209,
           "markup_range": 0.012714143501165101,
           "min_markup": 0.009378984246887958,
           "n_close_orders": 5,
           "rentry_pprice_dist": 0.027866987863620598,
           "rentry_pprice_dist_wallet_exposure_weighting": 2.0037989624887254,
           "wallet_exposure_limit": 1.0}}