{"config_name": "recursive_grid_1000PEPEUSDT_332days",
 "logging_level": 0,
 "long": {"auto_unstuck_delay_minutes": 1434.6699149398014,
          "auto_unstuck_ema_dist": -0.042326452372126046,
          "auto_unstuck_qty_pct": 0.01,
          "auto_unstuck_wallet_exposure_threshold": 0.04365796666566639,
          "backwards_tp": false,
          "ddown_factor": 1.8095429171529638,
          "ema_span_0": 570.4060172339771,
          "ema_span_1": 1237.7827717360924,
          "enabled": true,
          "initial_eprice_ema_dist": 0.00809589546732864,
          "initial_qty_pct": 0.05,
          "markup_range": 0.015172157497890592,
          "min_markup": 0.009263313277379916,
          "n_close_orders": 4,
          "rentry_pprice_dist": 0.052988545496060135,
          "rentry_pprice_dist_wallet_exposure_weighting": 2.001122212401844,
          "wallet_exposure_limit": 1.0},
 "short": {"auto_unstuck_delay_minutes": 610.5012813446943,
           "auto_unstuck_ema_dist": -0.03354328629836825,
           "auto_unstuck_qty_pct": 0.07062362625567363,
           "auto_unstuck_wallet_exposure_threshold": 0.3753979663448298,
           "backwards_tp": true,
           "ddown_factor": 2.8206482976841665,
           "ema_span_0": 959.7846095460569,
           "ema_span_1": 559.1213000660864,
           "enabled": false,
           "initial_eprice_ema_dist": -0.0917243436529052,
           "initial_qty_pct": 0.025937527376375544,
           "markup_range": 0.008125333905536818,
           "min_markup": 0.006806903979078771,
           "n_close_orders": 5,
           "rentry_pprice_dist": 0.007101640924549613,
           "rentry_pprice_dist_wallet_exposure_weighting": 11.924786461087642,
           "wallet_exposure_limit": 1.0}}