{"config_name": "recursive_grid_ARBUSDT_156days",
 "logging_level": 0,
 "long": {"auto_unstuck_delay_minutes": 1056.9730879384847,
          "auto_unstuck_ema_dist": -0.003463974102954897,
          "auto_unstuck_qty_pct": 0.01,
          "auto_unstuck_wallet_exposure_threshold": 0.048600810460273376,
          "backwards_tp": false,
          "ddown_factor": 0.3954741924774171,
          "ema_span_0": 359.8040891288719,
          "ema_span_1": 648.623372774938,
          "enabled": true,
          "initial_eprice_ema_dist": 0.006567848071317762,
          "initial_qty_pct": 0.03045926341037444,
          "markup_range": 0.03756496018253759,
          "min_markup": 0.013532517352855628,
          "n_close_orders": 4,
          "rentry_pprice_dist": 0.014341593676484797,
          "rentry_pprice_dist_wallet_exposure_weighting": 10.462371959733002,
          "wallet_exposure_limit": 1},
 "short": {"auto_unstuck_delay_minutes": 26.02091081798773,
           "auto_unstuck_ema_dist": -0.03075922417833947,
           "auto_unstuck_qty_pct": 0.07096817004795129,
           "auto_unstuck_wallet_exposure_threshold": 0.38792928909348157,
           "backwards_tp": false,
           "ddown_factor": 2.4998104785848105,
           "ema_span_0": 1184.9253317097628,
           "ema_span_1": 788.6164168990657,
           "enabled": false,
           "initial_eprice_ema_dist": -0.03916613357402431,
           "initial_qty_pct": 0.04863382026858121,
           "markup_range": 0.03336593803153794,
           "min_markup": 0.001816244652241357,
           "n_close_orders": 3,
           "rentry_pprice_dist": 0.03750858840380881,
           "rentry_pprice_dist_wallet_exposure_weighting": 17.124263819272436,
           "wallet_exposure_limit": 1.0}}