{"config_name": "recursive_grid_TONUSDT_203days",
 "logging_level": 0,
 "long": {"auto_unstuck_delay_minutes": 694.2088709639605,
          "auto_unstuck_ema_dist": 0.0022245816888172743,
          "auto_unstuck_qty_pct": 0.09537283480082719,
          "auto_unstuck_wallet_exposure_threshold": 0.10308783319209354,
          "backwards_tp": true,
          "ddown_factor": 0.1,
          "ema_span_0": 37.25713393559769,
          "ema_span_1": 350.3600728967761,
          "enabled": true,
          "initial_eprice_ema_dist": -0.008653689234002013,
          "initial_qty_pct": 0.08146560503589663,
          "markup_range": 0.027643164784479,
          "min_markup": 0.008192249767337154,
          "n_close_orders": 2,
          "rentry_pprice_dist": 0.009065167613912241,
          "rentry_pprice_dist_wallet_exposure_weighting": 6.6885033552671755,
          "wallet_exposure_limit": 1},
 "short": {"auto_unstuck_delay_minutes": 0.0,
           "auto_unstuck_ema_dist": 0.0,
           "auto_unstuck_qty_pct": 0.0,
           "auto_unstuck_wallet_exposure_threshold": 0.0,
           "backwards_tp": true,
           "ddown_factor": 2.280005013282752,
           "ema_span_0": 855.4630551263438,
           "ema_span_1": 1236.198408188647,
           "enabled": false,
           "initial_eprice_ema_dist": -0.0021994018388514242,
           "initial_qty_pct": 0.015238514671961197,
           "markup_range": 0.0012128388028223047,
           "min_markup": 0.005820188625959416,
           "n_close_orders": 14,
           "rentry_pprice_dist": 0.015539496252752739,
           "rentry_pprice_dist_wallet_exposure_weighting": 3.278012354935793,
           "wallet_exposure_limit": 1.0}}