{"config_name": "recursive_grid_STXUSDT_365days",
 "logging_level": 0,
 "long": {"auto_unstuck_delay_minutes": 662.7291011042868,
          "auto_unstuck_ema_dist": -0.09821772426790903,
          "auto_unstuck_qty_pct": 0.013736425149174931,
          "auto_unstuck_wallet_exposure_threshold": 0.1774074025814121,
          "backwards_tp": true,
          "ddown_factor": 0.7310934410778002,
          "ema_span_0": 1037.5141042783785,
          "ema_span_1": 840.8344557765429,
          "enabled": true,
          "initial_eprice_ema_dist": 0.0021600156904812567,
          "initial_qty_pct": 0.045857954576874804,
          "markup_range": 0.017118898652840643,
          "min_markup": 0.022304338957861054,
          "n_close_orders": 5,
          "rentry_pprice_dist": 0.025255503359002382,
          "rentry_pprice_dist_wallet_exposure_weighting": 3.2956918017481343,
          "wallet_exposure_limit": 1.0},
 "short": {"auto_unstuck_delay_minutes": 0.0,
           "auto_unstuck_ema_dist": 0.0,
           "auto_unstuck_qty_pct": 0.0,
           "auto_unstuck_wallet_exposure_threshold": 0.0,
           "backwards_tp": true,
           "ddown_factor": 1.8248807913325193,
           "ema_span_0": 1434.0864893101057,
           "ema_span_1": 1264.6403116962344,
           "enabled": false,
           "initial_eprice_ema_dist": -0.00968767593476877,
           "initial_qty_pct": 0.014911990234825232,
           "markup_range": 0.00529030395764992,
           "min_markup": 0.004500555041302245,
           "n_close_orders": 7,
           "rentry_pprice_dist": 0.036397755655506896,
           "rentry_pprice_dist_wallet_exposure_weighting": 6.308725213134172,
           "wallet_exposure_limit": 1.0}}