{"config_name": "recursive_grid_ROSEUSDT_454days",
 "logging_level": 0,
 "long": {"auto_unstuck_delay_minutes": 1111.5927014148551,
          "auto_unstuck_ema_dist": -0.02786982673690055,
          "auto_unstuck_qty_pct": 0.01,
          "auto_unstuck_wallet_exposure_threshold": 0.04378527765113564,
          "backwards_tp": false,
          "ddown_factor": 0.91732181819193,
          "ema_span_0": 527.639250655642,
          "ema_span_1": 761.0590008364068,
          "enabled": true,
          "initial_eprice_ema_dist": 0.008596647644805827,
          "initial_qty_pct": 0.05,
          "markup_range": 0.05457878962810857,
          "min_markup": 0.003987789633541729,
          "n_close_orders": 3,
          "rentry_pprice_dist": 0.027180419617935613,
          "rentry_pprice_dist_wallet_exposure_weighting": 4.1265261194545975,
          "wallet_exposure_limit": 1.0},
 "short": {"auto_unstuck_delay_minutes": 1303.2271021659008,
           "auto_unstuck_ema_dist": -0.007496967730278248,
           "auto_unstuck_qty_pct": 0.041600804846523856,
           "auto_unstuck_wallet_exposure_threshold": 0.11319780646492889,
           "backwards_tp": true,
           "ddown_factor": 2.574070138702763,
           "ema_span_0": 1260.6065162682203,
           "ema_span_1": 971.2066423295773,
           "enabled": false,
           "initial_eprice_ema_dist": -0.048454237688550346,
           "initial_qty_pct": 0.01497888230993179,
           "markup_range": 0.021654852262629302,
           "min_markup": 0.003803841709242554,
           "n_close_orders": 12,
           "rentry_pprice_dist": 0.041293340935548456,
           "rentry_pprice_dist_wallet_exposure_weighting": 8.628932889265064,
           "wallet_exposure_limit": 1.0}}