{"config_name": "recursive_grid_UNIUSDT_365days",
 "logging_level": 0,
 "long": {"auto_unstuck_delay_minutes": 795.0289757080084,
          "auto_unstuck_ema_dist": -0.02592495402195938,
          "auto_unstuck_qty_pct": 0.06200157432489554,
          "auto_unstuck_wallet_exposure_threshold": 0.16423841757395563,
          "backwards_tp": true,
          "ddown_factor": 0.9974376415597531,
          "ema_span_0": 211.93419180247088,
          "ema_span_1": 356.4549812606803,
          "enabled": true,
          "initial_eprice_ema_dist": -0.008070112109688138,
          "initial_qty_pct": 0.04582967199100269,
          "markup_range": 0.026811763756243286,
          "min_markup": 0.027503566354926266,
          "n_close_orders": 4,
          "rentry_pprice_dist": 0.04612966954210675,
          "rentry_pprice_dist_wallet_exposure_weighting": 2.215801045206857,
          "wallet_exposure_limit": 1.0},
 "short": {"auto_unstuck_delay_minutes": 0.0,
           "auto_unstuck_ema_dist": 0.0,
           "auto_unstuck_qty_pct": 0.0,
           "auto_unstuck_wallet_exposure_threshold": 0.0,
           "backwards_tp": true,
           "ddown_factor": 0.25457653643653627,
           "ema_span_0": 717.3541335397548,
           "ema_span_1": 1308.7035263217049,
           "enabled": false,
           "initial_eprice_ema_dist": -0.009906103006888028,
           "initial_qty_pct": 0.012494660462728346,
           "markup_range": 0.004095165784268329,
           "min_markup": 0.004566700129351256,
           "n_close_orders": 10,
           "rentry_pprice_dist": 0.054057688408647685,
           "rentry_pprice_dist_wallet_exposure_weighting": 8.891305405341226,
           "wallet_exposure_limit": 1.0}}