{"config_name": "recursive_grid_BNBUSDT_1126days",
 "logging_level": 0,
 "long": {"auto_unstuck_delay_minutes": 0.0,
          "auto_unstuck_ema_dist": 0.0,
          "auto_unstuck_qty_pct": 0.0,
          "auto_unstuck_wallet_exposure_threshold": 0.0,
          "backwards_tp": false,
          "ddown_factor": 0.45737880197878805,
          "ema_span_0": 167.58855258277708,
          "ema_span_1": 1229.2201723751994,
          "enabled": true,
          "initial_eprice_ema_dist": 0.08623409316328709,
          "initial_qty_pct": 0.04,
          "markup_range": 0.049044379779846665,
          "min_markup": 0.03,
          "n_close_orders": 4,
          "rentry_pprice_dist": 0.0375681958019312,
          "rentry_pprice_dist_wallet_exposure_weighting": 12.449827550286491,
          "wallet_exposure_limit": 1.0},
 "short": {"auto_unstuck_delay_minutes": 647.5222089747773,
           "auto_unstuck_ema_dist": -0.04384626387106499,
           "auto_unstuck_qty_pct": 0.06911015550169056,
           "auto_unstuck_wallet_exposure_threshold": 0.47726335189239166,
           "backwards_tp": false,
           "ddown_factor": 1.944040766253587,
           "ema_span_0": 1166.4383566955132,
           "ema_span_1": 1304.5238697637242,
           "enabled": false,
           "initial_eprice_ema_dist": -0.015119932154022866,
           "initial_qty_pct": 0.03952225718509577,
           "markup_range": 0.023762314473487502,
           "min_markup": 0.004073231310486602,
           "n_close_orders": 4,
           "rentry_pprice_dist": 0.024650864615368265,
           "rentry_pprice_dist_wallet_exposure_weighting": 12.315466383503272,
           "wallet_exposure_limit": 1.0}}