{"config_name": "recursive_grid_1000PEPEUSDT_332days",
 "logging_level": 0,
 "long": {"auto_unstuck_delay_minutes": 907.3821087219534,
          "auto_unstuck_ema_dist": -0.018395581243722665,
          "auto_unstuck_qty_pct": 0.01,
          "auto_unstuck_wallet_exposure_threshold": 0.08033860203668616,
          "backwards_tp": false,
          "ddown_factor": 1.531434394213581,
          "ema_span_0": 418.8049439655412,
          "ema_span_1": 427.7725352536486,
          "enabled": true,
          "initial_eprice_ema_dist": 0.0036177522575942278,
          "initial_qty_pct": 0.05,
          "markup_range": 0.06,
          "min_markup": 0.009695146194869664,
          "n_close_orders": 6,
          "rentry_pprice_dist": 0.049237554546889176,
          "rentry_pprice_dist_wallet_exposure_weighting": 0.9426864258457524,
          "wallet_exposure_limit": 1},
 "short": {"auto_unstuck_delay_minutes": 1042.0991861529908,
           "auto_unstuck_ema_dist": -0.04708295726450251,
           "auto_unstuck_qty_pct": 0.03617497274895731,
           "auto_unstuck_wallet_exposure_threshold": 0.4095620134483162,
           "backwards_tp": true,
           "ddown_factor": 1.1176026809762691,
           "ema_span_0": 1220.3663922461155,
           "ema_span_1": 1059.8862514300108,
           "enabled": false,
           "initial_eprice_ema_dist": -0.011530809440866277,
           "initial_qty_pct": 0.03800540960954007,
           "markup_range": 0.02782629682301018,
           "min_markup": 0.0035295085321624935,
           "n_close_orders": 9,
           "rentry_pprice_dist": 0.04743527501982773,
           "rentry_pprice_dist_wallet_exposure_weighting": 16.192269188119198,
           "wallet_exposure_limit": 1.0}}