{"config_name": "recursive_grid_TIAUSDT_121days",
 "logging_level": 0,
 "long": {"auto_unstuck_delay_minutes": 1382.5626591924863,
          "auto_unstuck_ema_dist": -0.05918374746621922,
          "auto_unstuck_qty_pct": 0.061827518607054426,
          "auto_unstuck_wallet_exposure_threshold": 0.19696435394943654,
          "backwards_tp": false,
          "ddown_factor": 2.5843932251084705,
          "ema_span_0": 743.2552295156383,
          "ema_span_1": 793.2362402306624,
          "enabled": true,
          "initial_eprice_ema_dist": 0.0024084866669303634,
          "initial_qty_pct": 0.1,
          "markup_range": 0.016463948039283596,
          "min_markup": 0.03,
          "n_close_orders": 8,
          "rentry_pprice_dist": 0.035790651176007715,
          "rentry_pprice_dist_wallet_exposure_weighting": 3.792345423413853,
          "wallet_exposure_limit": 1},
 "short": {"auto_unstuck_delay_minutes": 0.0,
           "auto_unstuck_ema_dist": 0.0,
           "auto_unstuck_qty_pct": 0.0,
           "auto_unstuck_wallet_exposure_threshold": 0.0,
           "backwards_tp": false,
           "ddown_factor": 0.5889026885024705,
           "ema_span_0": 1004.0501176504808,
           "ema_span_1": 1124.7608967910337,
           "enabled": false,
           "initial_eprice_ema_dist": 0.0020702909505761168,
           "initial_qty_pct": 0.0068512775668626204,
           "markup_range": 0.007485997850086541,
           "min_markup": 0.005884410254510583,
           "n_close_orders": 10,
           "rentry_pprice_dist": 0.03828622850781442,
           "rentry_pprice_dist_wallet_exposure_weighting": 5.328066182126922,
           "wallet_exposure_limit": 1.0}}