{"config_name": "recursive_grid_GRTUSDT_454days",
 "logging_level": 0,
 "long": {"auto_unstuck_delay_minutes": 889.6656607836474,
          "auto_unstuck_ema_dist": -0.030759124733468153,
          "auto_unstuck_qty_pct": 0.01,
          "auto_unstuck_wallet_exposure_threshold": 0.08147013160576189,
          "backwards_tp": false,
          "ddown_factor": 1.9269515541820097,
          "ema_span_0": 706.4269938082566,
          "ema_span_1": 1194.3582574125433,
          "enabled": true,
          "initial_eprice_ema_dist": 0.0014966995305750964,
          "initial_qty_pct": 0.05,
          "markup_range": 0.06,
          "min_markup": 0.0037844898496322025,
          "n_close_orders": 6,
          "rentry_pprice_dist": 0.02186945642514073,
          "rentry_pprice_dist_wallet_exposure_weighting": 3.115104111835974,
          "wallet_exposure_limit": 1},
 "short": {"auto_unstuck_delay_minutes": 819.6636977638676,
           "auto_unstuck_ema_dist": -0.07805127275024781,
           "auto_unstuck_qty_pct": 0.09299850170513795,
           "auto_unstuck_wallet_exposure_threshold": 0.7508421942182809,
           "backwards_tp": true,
           "ddown_factor": 2.708607743461751,
           "ema_span_0": 1350.9314717460888,
           "ema_span_1": 1408.3752471375772,
           "enabled": false,
           "initial_eprice_ema_dist": -0.09337003608412607,
           "initial_qty_pct": 0.03944031643181184,
           "markup_range": 0.032793084695602756,
           "min_markup": 0.003757649273934885,
           "n_close_orders": 7,
           "rentry_pprice_dist": 0.025625580841806533,
           "rentry_pprice_dist_wallet_exposure_weighting": 12.987008746397803,
           "wallet_exposure_limit": 1.0}}