{"config_name": "recursive_grid_TONUSDT_156days",
 "logging_level": 0,
 "long": {"auto_unstuck_delay_minutes": 705.9819391279029,
          "auto_unstuck_ema_dist": 0.005287710860692615,
          "auto_unstuck_qty_pct": 0.01,
          "auto_unstuck_wallet_exposure_threshold": 0.08702971395258202,
          "backwards_tp": false,
          "ddown_factor": 0.5888554696020556,
          "ema_span_0": 633.4900367628273,
          "ema_span_1": 1183.4857222833898,
          "enabled": true,
          "initial_eprice_ema_dist": -0.001437530522359863,
          "initial_qty_pct": 0.04365898480929256,
          "markup_range": 0.04632911081809143,
          "min_markup": 0.03834898056504604,
          "n_close_orders": 6,
          "rentry_pprice_dist": 0.039803835251700316,
          "rentry_pprice_dist_wallet_exposure_weighting": 11.856860137470767,
          "wallet_exposure_limit": 1.0},
 "short": {"auto_unstuck_delay_minutes": 1105.7401023316672,
           "auto_unstuck_ema_dist": -0.06027316421195871,
           "auto_unstuck_qty_pct": 0.06551790628288692,
           "auto_unstuck_wallet_exposure_threshold": 0.6537166104384184,
           "backwards_tp": false,
           "ddown_factor": 2.304494667638886,
           "ema_span_0": 42.45514970706137,
           "ema_span_1": 973.4489132686066,
           "enabled": false,
           "initial_eprice_ema_dist": -0.03881504565544356,
           "initial_qty_pct": 0.04068135686940525,
           "markup_range": 0.018641338185290936,
           "min_markup": 0.008528738410477828,
           "n_close_orders": 8,
           "rentry_pprice_dist": 0.03762041643031003,
           "rentry_pprice_dist_wallet_exposure_weighting": 1.5715066367547248,
           "wallet_exposure_limit": 1.0}}