{"config_name": "recursive_grid_AXSUSDT_1016days",
 "logging_level": 0,
 "long": {"auto_unstuck_delay_minutes": 0.0,
          "auto_unstuck_ema_dist": 0.0,
          "auto_unstuck_qty_pct": 0.0,
          "auto_unstuck_wallet_exposure_threshold": 0.0,
          "backwards_tp": false,
          "ddown_factor": 0.5040112924620785,
          "ema_span_0": 151.4029817285803,
          "ema_span_1": 168.35549123614544,
          "enabled": true,
          "initial_eprice_ema_dist": 0.04912147287271457,
          "initial_qty_pct": 0.04,
          "markup_range": 0.03040962850739383,
          "min_markup": 0.014916678423145199,
          "n_close_orders": 4,
          "rentry_pprice_dist": 0.01687167620774889,
          "rentry_pprice_dist_wallet_exposure_weighting": 11.815825763282783,
          "wallet_exposure_limit": 1.0},
 "short": {"auto_unstuck_delay_minutes": 907.802397946945,
           "auto_unstuck_ema_dist": -0.061205128174685264,
           "auto_unstuck_qty_pct": 0.04758885933287084,
           "auto_unstuck_wallet_exposure_threshold": 0.8599554370706127,
           "backwards_tp": false,
           "ddown_factor": 2.1545865732057132,
           "ema_span_0": 107.0406051349102,
           "ema_span_1": 912.3966965840673,
           "enabled": false,
           "initial_eprice_ema_dist": -0.02100539792917734,
           "initial_qty_pct": 0.033581230403634366,
           "markup_range": 0.02609992187712917,
           "min_markup": 0.005079350812119017,
           "n_close_orders": 10,
           "rentry_pprice_dist": 0.041331843936917835,
           "rentry_pprice_dist_wallet_exposure_weighting": 13.997167205156844,
           "wallet_exposure_limit": 1.0}}