{"config_name": "recursive_grid_IMXUSDT_454days",
 "logging_level": 0,
 "long": {"auto_unstuck_delay_minutes": 1343.2438984391965,
          "auto_unstuck_ema_dist": -0.034285319431149965,
          "auto_unstuck_qty_pct": 0.01,
          "auto_unstuck_wallet_exposure_threshold": 0.09474895841541527,
          "backwards_tp": false,
          "ddown_factor": 1.9149463239776585,
          "ema_span_0": 1075.8564843757217,
          "ema_span_1": 1116.172404532896,
          "enabled": true,
          "initial_eprice_ema_dist": 0.00869945816697826,
          "initial_qty_pct": 0.05,
          "markup_range": 0.0494243427122868,
          "min_markup": 0.008208449005309362,
          "n_close_orders": 6,
          "rentry_pprice_dist": 0.02533838398867028,
          "rentry_pprice_dist_wallet_exposure_weighting": 1.0840499301082294,
          "wallet_exposure_limit": 1},
 "short": {"auto_unstuck_delay_minutes": 472.50835021964036,
           "auto_unstuck_ema_dist": -0.03679537958239934,
           "auto_unstuck_qty_pct": 0.035386270587743976,
           "auto_unstuck_wallet_exposure_threshold": 0.48416203985830664,
           "backwards_tp": true,
           "ddown_factor": 1.452679243956578,
           "ema_span_0": 255.08573731597522,
           "ema_span_1": 474.00919261863254,
           "enabled": false,
           "initial_eprice_ema_dist": -0.05147292967983243,
           "initial_qty_pct": 0.025069459571812683,
           "markup_range": 0.0049732333175355106,
           "min_markup": 0.0037999247811041146,
           "n_close_orders": 9,
           "rentry_pprice_dist": 0.026801425241816435,
           "rentry_pprice_dist_wallet_exposure_weighting": 10.177113617878819,
           "wallet_exposure_limit": 1.0}}