{"config_name": "recursive_grid_ETHUSDT_366days",
 "logging_level": 0,
 "long": {"auto_unstuck_delay_minutes": 740.4016043424003,
          "auto_unstuck_ema_dist": -0.009959463290911082,
          "auto_unstuck_qty_pct": 0.021733875374860677,
          "auto_unstuck_wallet_exposure_threshold": 0.06744860445023236,
          "backwards_tp": false,
          "ddown_factor": 1.319761610374441,
          "ema_span_0": 1226.8963952151603,
          "ema_span_1": 1409.7696259703312,
          "enabled": true,
          "initial_eprice_ema_dist": 0.002487497988363031,
          "initial_qty_pct": 0.05965116480816329,
          "markup_range": 0.02,
          "min_markup": 0.005629879521222814,
          "n_close_orders": 2,
          "rentry_pprice_dist": 0.01719101554961643,
          "rentry_pprice_dist_wallet_exposure_weighting": 0.39469013021267574,
          "wallet_exposure_limit": 1},
 "short": {"auto_unstuck_delay_minutes": 0.0,
           "auto_unstuck_ema_dist": 0.0,
           "auto_unstuck_qty_pct": 0.0,
           "auto_unstuck_wallet_exposure_threshold": 0.0,
           "backwards_tp": false,
           "ddown_factor": 0.3441002867683152,
           "ema_span_0": 849.6067642814448,
           "ema_span_1": 840.5175974880565,
           "enabled": false,
           "initial_eprice_ema_dist": -0.002295971353514421,
           "initial_qty_pct": 0.016960454215003883,
           "markup_range": 0.006435408291966945,
           "min_markup": 0.006899748484894265,
           "n_close_orders": 5,
           "rentry_pprice_dist": 0.041631452131261855,
           "rentry_pprice_dist_wallet_exposure_weighting": 2.19797832894378,
           "wallet_exposure_limit": 1.0}}