{"config_name": "recursive_grid_SANDUSDT_955days",
 "logging_level": 0,
 "long": {"auto_unstuck_delay_minutes": 0,
          "auto_unstuck_ema_dist": 0,
          "auto_unstuck_qty_pct": 0,
          "auto_unstuck_wallet_exposure_threshold": 0.0,
          "backwards_tp": false,
          "ddown_factor": 0.4891278090810391,
          "ema_span_0": 950.6794838371854,
          "ema_span_1": 1211.9112535781826,
          "enabled": true,
          "initial_eprice_ema_dist": 0.03905595732683501,
          "initial_qty_pct": 0.04,
          "markup_range": 0.03453962009910209,
          "min_markup": 0.01156900007919083,
          "n_close_orders": 2,
          "rentry_pprice_dist": 0.0354667962185995,
          "rentry_pprice_dist_wallet_exposure_weighting": 9.712150594174142,
          "wallet_exposure_limit": 1},
 "short": {"auto_unstuck_delay_minutes": 1155.3030129293388,
           "auto_unstuck_ema_dist": -0.0644053004870768,
           "auto_unstuck_qty_pct": 0.03942460527336277,
           "auto_unstuck_wallet_exposure_threshold": 0.8783563380430585,
           "backwards_tp": false,
           "ddown_factor": 1.181148832728937,
           "ema_span_0": 628.3883891719787,
           "ema_span_1": 265.7639925400431,
           "enabled": false,
           "initial_eprice_ema_dist": -0.09066907007846489,
           "initial_qty_pct": 0.04254365376403761,
           "markup_range": 0.035529331197064834,
           "min_markup": 0.008004014463402535,
           "n_close_orders": 13,
           "rentry_pprice_dist": 0.04774497840715884,
           "rentry_pprice_dist_wallet_exposure_weighting": 6.317937599059711,
           "wallet_exposure_limit": 1.0}}