{"config_name": "recursive_grid_XMRUSDT_926days",
 "logging_level": 0,
 "long": {"auto_unstuck_delay_minutes": 0,
          "auto_unstuck_ema_dist": 0,
          "auto_unstuck_qty_pct": 0,
          "auto_unstuck_wallet_exposure_threshold": 0.0,
          "backwards_tp": false,
          "ddown_factor": 0.4977269763799039,
          "ema_span_0": 609.878043053968,
          "ema_span_1": 923.4673732865297,
          "enabled": true,
          "initial_eprice_ema_dist": 0.022641298324291376,
          "initial_qty_pct": 0.04,
          "markup_range": 0.038984211931102845,
          "min_markup": 0.03,
          "n_close_orders": 4,
          "rentry_pprice_dist": 0.027766841586994856,
          "rentry_pprice_dist_wallet_exposure_weighting": 15.092662154525328,
          "wallet_exposure_limit": 1},
 "short": {"auto_unstuck_delay_minutes": 142.4090155616779,
           "auto_unstuck_ema_dist": -0.016101856510016332,
           "auto_unstuck_qty_pct": 0.03300868518782566,
           "auto_unstuck_wallet_exposure_threshold": 0.7703833424976847,
           "backwards_tp": false,
           "ddown_factor": 0.12786486141597164,
           "ema_span_0": 170.68515100300883,
           "ema_span_1": 1235.0281576285745,
           "enabled": false,
           "initial_eprice_ema_dist": -0.05718795041015344,
           "initial_qty_pct": 0.039137226213760534,
           "markup_range": 0.034861934328533704,
           "min_markup": 0.0034325218767889782,
           "n_close_orders": 11,
           "rentry_pprice_dist": 0.026710881230018527,
           "rentry_pprice_dist_wallet_exposure_weighting": 6.265091672926502,
           "wallet_exposure_limit": 1.0}}