{"config_name": "recursive_grid_ORDIUSDT_143days",
 "logging_level": 0,
 "long": {"auto_unstuck_delay_minutes": 1207.871772450528,
          "auto_unstuck_ema_dist": -0.004737340602911153,
          "auto_unstuck_qty_pct": 0.01,
          "auto_unstuck_wallet_exposure_threshold": 0.03,
          "backwards_tp": false,
          "ddown_factor": 0.598440266719507,
          "ema_span_0": 868.8502364321437,
          "ema_span_1": 206.8000917861635,
          "enabled": true,
          "initial_eprice_ema_dist": 0.013362615032144556,
          "initial_qty_pct": 0.049953094697568194,
          "markup_range": 0.011397755314739194,
          "min_markup": 0.019174558560100148,
          "n_close_orders": 7,
          "rentry_pprice_dist": 0.020279218280862106,
          "rentry_pprice_dist_wallet_exposure_weighting": 9.034911314830277,
          "wallet_exposure_limit": 1},
 "short": {"auto_unstuck_delay_minutes": 1095.6162259283112,
           "auto_unstuck_ema_dist": -0.0724679900625595,
           "auto_unstuck_qty_pct": 0.08487102746533291,
           "auto_unstuck_wallet_exposure_threshold": 0.5177315006652164,
           "backwards_tp": false,
           "ddown_factor": 2.5851878083956676,
           "ema_span_0": 62.83905932586155,
           "ema_span_1": 378.73353190529957,
           "enabled": false,
           "initial_eprice_ema_dist": -0.0047501027711018,
           "initial_qty_pct": 0.041152603161086904,
           "markup_range": 0.044101082470680626,
           "min_markup": 0.004554454109832461,
           "n_close_orders": 15,
           "rentry_pprice_dist": 0.020673970206449753,
           "rentry_pprice_dist_wallet_exposure_weighting": 14.026055314789556,
           "wallet_exposure_limit": 1.0}}