{"config_name": "recursive_grid_BNBUSDT_366days",
 "logging_level": 0,
 "long": {"auto_unstuck_delay_minutes": 1440,
          "auto_unstuck_ema_dist": 0.013208324941013865,
          "auto_unstuck_qty_pct": 0.019047152097466692,
          "auto_unstuck_wallet_exposure_threshold": 0.030579002163297234,
          "backwards_tp": false,
          "ddown_factor": 1.0807118293441478,
          "ema_span_0": 2376.1688821892444,
          "ema_span_1": 2340.705141360947,
          "enabled": true,
          "initial_eprice_ema_dist": 0.0024747710875385217,
          "initial_qty_pct": 0.05904090078374949,
          "markup_range": 0.01980179735334506,
          "min_markup": 0.007320178673688418,
          "n_close_orders": 2,
          "rentry_pprice_dist": 0.027454211020233953,
          "rentry_pprice_dist_wallet_exposure_weighting": 1.1835086458570323,
          "wallet_exposure_limit": 1},
 "short": {"auto_unstuck_delay_minutes": 0.0,
           "auto_unstuck_ema_dist": 0.0,
           "auto_unstuck_qty_pct": 0.0,
           "auto_unstuck_wallet_exposure_threshold": 0.0,
           "backwards_tp": false,
           "ddown_factor": 0.2741394244664491,
           "ema_span_0": 762.9886252411386,
           "ema_span_1": 886.6068564890977,
           "enabled": false,
           "initial_eprice_ema_dist": -0.009903910158193615,
           "initial_qty_pct": 0.01234490608875319,
           "markup_range": 0.00370858097802514,
           "min_markup": 0.009861390130927648,
           "n_close_orders": 4,
           "rentry_pprice_dist": 0.054406346996541434,
           "rentry_pprice_dist_wallet_exposure_weighting": 6.965903557315852,
           "wallet_exposure_limit": 1.0}}