{"config_name": "recursive_grid_TRXUSDT_1016days",
 "logging_level": 0,
 "long": {"auto_unstuck_delay_minutes": 0.0,
          "auto_unstuck_ema_dist": 0.0,
          "auto_unstuck_qty_pct": 0.0,
          "auto_unstuck_wallet_exposure_threshold": 0.0,
          "backwards_tp": false,
          "ddown_factor": 0.5489675473558534,
          "ema_span_0": 1355.8742920998643,
          "ema_span_1": 661.4865805383498,
          "enabled": true,
          "initial_eprice_ema_dist": 0.09794145620169434,
          "initial_qty_pct": 0.04,
          "markup_range": 0.024428725538116175,
          "min_markup": 0.026316669147534513,
          "n_close_orders": 3,
          "rentry_pprice_dist": 0.012197572795674533,
          "rentry_pprice_dist_wallet_exposure_weighting": 10.088036673409846,
          "wallet_exposure_limit": 1.0},
 "short": {"auto_unstuck_delay_minutes": 901.307816652513,
           "auto_unstuck_ema_dist": -0.07634325702162914,
           "auto_unstuck_qty_pct": 0.08846708020049493,
           "auto_unstuck_wallet_exposure_threshold": 0.2110900080044319,
           "backwards_tp": false,
           "ddown_factor": 2.061032223761097,
           "ema_span_0": 687.830622662867,
           "ema_span_1": 1406.9453351383145,
           "enabled": false,
           "initial_eprice_ema_dist": -0.006662203431212446,
           "initial_qty_pct": 0.04717900830771948,
           "markup_range": 0.03627127628265439,
           "min_markup": 0.002092900877077584,
           "n_close_orders": 12,
           "rentry_pprice_dist": 0.012797385075755098,
           "rentry_pprice_dist_wallet_exposure_weighting": 18.29920844110886,
           "wallet_exposure_limit": 1.0}}