{"config_name": "recursive_grid_XRPUSDT_143days",
 "logging_level": 0,
 "long": {"auto_unstuck_delay_minutes": 763.2039647443646,
          "auto_unstuck_ema_dist": 0.010392430574773476,
          "auto_unstuck_qty_pct": 0.01,
          "auto_unstuck_wallet_exposure_threshold": 0.09319469343650982,
          "backwards_tp": false,
          "ddown_factor": 0.3760266598712778,
          "ema_span_0": 276.02355426841734,
          "ema_span_1": 633.2213599822074,
          "enabled": true,
          "initial_eprice_ema_dist": -0.011509221144542564,
          "initial_qty_pct": 0.03448240742986737,
          "markup_range": 0.020737696108603328,
          "min_markup": 0.022027358742192964,
          "n_close_orders": 5,
          "rentry_pprice_dist": 0.009059923980294853,
          "rentry_pprice_dist_wallet_exposure_weighting": 8.055279403680785,
          "wallet_exposure_limit": 1},
 "short": {"auto_unstuck_delay_minutes": 305.1173385943657,
           "auto_unstuck_ema_dist": -0.08653080605839289,
           "auto_unstuck_qty_pct": 0.068036623424304,
           "auto_unstuck_wallet_exposure_threshold": 0.8909479298985757,
           "backwards_tp": false,
           "ddown_factor": 2.2560084285511297,
           "ema_span_0": 290.1735662459684,
           "ema_span_1": 207.26035721913632,
           "enabled": false,
           "initial_eprice_ema_dist": -0.02101899748560744,
           "initial_qty_pct": 0.02860369000708407,
           "markup_range": 0.058417807180287044,
           "min_markup": 0.007434090155791883,
           "n_close_orders": 15,
           "rentry_pprice_dist": 0.025510926487621977,
           "rentry_pprice_dist_wallet_exposure_weighting": 14.413317653652362,
           "wallet_exposure_limit": 1.0}}