{"config_name": "recursive_grid_MKRUSDT_848days",
 "logging_level": 0,
 "long": {"auto_unstuck_delay_minutes": 0.0,
          "auto_unstuck_ema_dist": 0.0,
          "auto_unstuck_qty_pct": 0.0,
          "auto_unstuck_wallet_exposure_threshold": 0.0,
          "backwards_tp": false,
          "ddown_factor": 0.5470955649981797,
          "ema_span_0": 205.1796104598343,
          "ema_span_1": 862.6782640936781,
          "enabled": true,
          "initial_eprice_ema_dist": 0.035587253464250346,
          "initial_qty_pct": 0.04,
          "markup_range": 0.026912172755172943,
          "min_markup": 0.015241309169139163,
          "n_close_orders": 3,
          "rentry_pprice_dist": 0.014106656045834984,
          "rentry_pprice_dist_wallet_exposure_weighting": 11.42977620831004,
          "wallet_exposure_limit": 1.0},
 "short": {"auto_unstuck_delay_minutes": 210.1193828205272,
           "auto_unstuck_ema_dist": -0.09425360020591272,
           "auto_unstuck_qty_pct": 0.0632951120024367,
           "auto_unstuck_wallet_exposure_threshold": 0.8596212212920633,
           "backwards_tp": false,
           "ddown_factor": 1.9950289058341864,
           "ema_span_0": 1104.2245059826073,
           "ema_span_1": 273.3006380649555,
           "enabled": false,
           "initial_eprice_ema_dist": -0.022623236847702413,
           "initial_qty_pct": 0.024933606092067767,
           "markup_range": 0.011225910314279839,
           "min_markup": 0.005116034516149812,
           "n_close_orders": 9,
           "rentry_pprice_dist": 0.0463938103734612,
           "rentry_pprice_dist_wallet_exposure_weighting": 9.218755666881243,
           "wallet_exposure_limit": 1.0}}