{"config_name": "recursive_grid_GTCUSDT_926days",
 "logging_level": 0,
 "long": {"auto_unstuck_delay_minutes": 0.0,
          "auto_unstuck_ema_dist": 0.0,
          "auto_unstuck_qty_pct": 0.0,
          "auto_unstuck_wallet_exposure_threshold": 0.0,
          "backwards_tp": false,
          "ddown_factor": 0.47064315545099966,
          "ema_span_0": 1357.8070522652934,
          "ema_span_1": 50.563571351366825,
          "enabled": true,
          "initial_eprice_ema_dist": 0.015589182952207167,
          "initial_qty_pct": 0.04,
          "markup_range": 0.03312525558167746,
          "min_markup": 0.013054554952284508,
          "n_close_orders": 3,
          "rentry_pprice_dist": 0.030518303560496216,
          "rentry_pprice_dist_wallet_exposure_weighting": 10.358186799699297,
          "wallet_exposure_limit": 1.0},
 "short": {"auto_unstuck_delay_minutes": 1202.059310076155,
           "auto_unstuck_ema_dist": -0.09511993761719688,
           "auto_unstuck_qty_pct": 0.06655428147752383,
           "auto_unstuck_wallet_exposure_threshold": 0.8288808456270007,
           "backwards_tp": false,
           "ddown_factor": 0.4299615184566121,
           "ema_span_0": 109.04667009759177,
           "ema_span_1": 1261.3581831037343,
           "enabled": false,
           "initial_eprice_ema_dist": -0.057500400080434326,
           "initial_qty_pct": 0.010748185504215205,
           "markup_range": 0.031216926519155704,
           "min_markup": 0.007973196593250872,
           "n_close_orders": 6,
           "rentry_pprice_dist": 0.029604586676694734,
           "rentry_pprice_dist_wallet_exposure_weighting": 1.8355323814002666,
           "wallet_exposure_limit": 1.0}}