{"config_name": "recursive_grid_WOOUSDT_365days",
 "logging_level": 0,
 "long": {"auto_unstuck_delay_minutes": 1218.019063790351,
          "auto_unstuck_ema_dist": -0.019820588628731553,
          "auto_unstuck_qty_pct": 0.09320544840016078,
          "auto_unstuck_wallet_exposure_threshold": 0.48033667069655894,
          "backwards_tp": false,
          "ddown_factor": 1.5724687117344005,
          "ema_span_0": 1140.0054192645207,
          "ema_span_1": 1386.9243912469888,
          "enabled": true,
          "initial_eprice_ema_dist": -5.792212997561552e-05,
          "initial_qty_pct": 0.03137054999742295,
          "markup_range": 0.02499178385091485,
          "min_markup": 0.006406369684168101,
          "n_close_orders": 5,
          "rentry_pprice_dist": 0.057073528591493304,
          "rentry_pprice_dist_wallet_exposure_weighting": 3.71529637435604,
          "wallet_exposure_limit": 1.0},
 "short": {"auto_unstuck_delay_minutes": 168.73325057806576,
           "auto_unstuck_ema_dist": -0.039013600635125004,
           "auto_unstuck_qty_pct": 0.03761711566558851,
           "auto_unstuck_wallet_exposure_threshold": 0.0976862908477904,
           "backwards_tp": false,
           "ddown_factor": 1.93663205374015,
           "ema_span_0": 1244.0765122889472,
           "ema_span_1": 650.7842015989146,
           "enabled": false,
           "initial_eprice_ema_dist": 0.002909033259087073,
           "initial_qty_pct": 0.0186170478652106,
           "markup_range": 0.004459199280573097,
           "min_markup": 0.021444578957117346,
           "n_close_orders": 5,
           "rentry_pprice_dist": 0.030133231153018573,
           "rentry_pprice_dist_wallet_exposure_weighting": 4.416898470782827,
           "wallet_exposure_limit": 1.0}}