{"config_name": "recursive_grid_MATICUSDT_1126days",
 "logging_level": 0,
 "long": {"auto_unstuck_delay_minutes": 0,
          "auto_unstuck_ema_dist": 0.0,
          "auto_unstuck_qty_pct": 0,
          "auto_unstuck_wallet_exposure_threshold": 0.0,
          "backwards_tp": false,
          "ddown_factor": 0.4812939926395503,
          "ema_span_0": 1230.2965951988167,
          "ema_span_1": 1147.346585694651,
          "enabled": true,
          "initial_eprice_ema_dist": 0.03536595083804777,
          "initial_qty_pct": 0.04,
          "markup_range": 0.049526611880430726,
          "min_markup": 0.03,
          "n_close_orders": 2,
          "rentry_pprice_dist": 0.031998656609938406,
          "rentry_pprice_dist_wallet_exposure_weighting": 10.011153139735708,
          "wallet_exposure_limit": 1},
 "short": {"auto_unstuck_delay_minutes": 596.8595492853711,
           "auto_unstuck_ema_dist": -0.051721293123272734,
           "auto_unstuck_qty_pct": 0.07029487253922657,
           "auto_unstuck_wallet_exposure_threshold": 0.1759490718739504,
           "backwards_tp": false,
           "ddown_factor": 1.0006986427334146,
           "ema_span_0": 137.96029815949473,
           "ema_span_1": 878.4154444145424,
           "enabled": false,
           "initial_eprice_ema_dist": -0.07246898377886314,
           "initial_qty_pct": 0.02612786806920995,
           "markup_range": 0.0001797944830804976,
           "min_markup": 0.009001366882235986,
           "n_close_orders": 15,
           "rentry_pprice_dist": 0.02619666251047444,
           "rentry_pprice_dist_wallet_exposure_weighting": 10.348553022626735,
           "wallet_exposure_limit": 1.0}}