{"config_name": "recursive_grid_IMXUSDT_156days",
 "logging_level": 0,
 "long": {"auto_unstuck_delay_minutes": 526.8111513352159,
          "auto_unstuck_ema_dist": -0.010264067268957212,
          "auto_unstuck_qty_pct": 0.01,
          "auto_unstuck_wallet_exposure_threshold": 0.06034956163196673,
          "backwards_tp": false,
          "ddown_factor": 0.5051657743614016,
          "ema_span_0": 869.5694449624264,
          "ema_span_1": 901.4876529325929,
          "enabled": true,
          "initial_eprice_ema_dist": 0.005529167027873247,
          "initial_qty_pct": 0.03563961698453853,
          "markup_range": 0.023019109880054296,
          "min_markup": 0.012671479765814585,
          "n_close_orders": 6,
          "rentry_pprice_dist": 0.011283685460776606,
          "rentry_pprice_dist_wallet_exposure_weighting": 7.944228076616376,
          "wallet_exposure_limit": 1},
 "short": {"auto_unstuck_delay_minutes": 599.9094080568058,
           "auto_unstuck_ema_dist": -0.01398801025566071,
           "auto_unstuck_qty_pct": 0.06904444066201999,
           "auto_unstuck_wallet_exposure_threshold": 0.28275641086355807,
           "backwards_tp": false,
           "ddown_factor": 2.6426495735860813,
           "ema_span_0": 1152.7087312390083,
           "ema_span_1": 522.2844244790052,
           "enabled": false,
           "initial_eprice_ema_dist": -0.07096286734784017,
           "initial_qty_pct": 0.03925801392961051,
           "markup_range": 0.01635354697476838,
           "min_markup": 0.0019683390818066495,
           "n_close_orders": 6,
           "rentry_pprice_dist": 0.012748946658894634,
           "rentry_pprice_dist_wallet_exposure_weighting": 6.753740350722632,
           "wallet_exposure_limit": 1.0}}