{"config_name": "recursive_grid_BCHUSDT_156days",
 "logging_level": 0,
 "long": {"auto_unstuck_delay_minutes": 1190.8229777442182,
          "auto_unstuck_ema_dist": 0.0022974558766324163,
          "auto_unstuck_qty_pct": 0.01,
          "auto_unstuck_wallet_exposure_threshold": 0.04832237153536244,
          "backwards_tp": false,
          "ddown_factor": 0.5977716945887088,
          "ema_span_0": 857.4176815549199,
          "ema_span_1": 693.335511115259,
          "enabled": true,
          "initial_eprice_ema_dist": 0.012322099254219496,
          "initial_qty_pct": 0.036291249238273184,
          "markup_range": 0.015543746546068382,
          "min_markup": 0.009228203975150836,
          "n_close_orders": 7,
          "rentry_pprice_dist": 0.03752464227928377,
          "rentry_pprice_dist_wallet_exposure_weighting": 14.510505120201202,
          "wallet_exposure_limit": 1.0},
 "short": {"auto_unstuck_delay_minutes": 242.68817842034179,
           "auto_unstuck_ema_dist": -0.07792638887988797,
           "auto_unstuck_qty_pct": 0.05613742346136945,
           "auto_unstuck_wallet_exposure_threshold": 0.6990978251109011,
           "backwards_tp": false,
           "ddown_factor": 2.1484451501949553,
           "ema_span_0": 245.58438033127416,
           "ema_span_1": 708.276807908381,
           "enabled": false,
           "initial_eprice_ema_dist": -0.04507454073994586,
           "initial_qty_pct": 0.04476658682979312,
           "markup_range": 0.042871998458965305,
           "min_markup": 0.007303432544740585,
           "n_close_orders": 5,
           "rentry_pprice_dist": 0.013089588616137172,
           "rentry_pprice_dist_wallet_exposure_weighting": 9.860244949492694,
           "wallet_exposure_limit": 1.0}}