{"config_name": "recursive_grid_PYTHUSDT_205days",
 "logging_level": 0,
 "long": {"auto_unstuck_delay_minutes": 0,
          "auto_unstuck_ema_dist": 0,
          "auto_unstuck_qty_pct": 0,
          "auto_unstuck_wallet_exposure_threshold": 0.0,
          "backwards_tp": false,
          "ddown_factor": 0.5570468876796282,
          "ema_span_0": 340.05945388339944,
          "ema_span_1": 341.11155730311964,
          "enabled": true,
          "initial_eprice_ema_dist": 0.022722340011738014,
          "initial_qty_pct": 0.04,
          "markup_range": 0.016051502359968467,
          "min_markup": 0.02655033297099835,
          "n_close_orders": 3,
          "rentry_pprice_dist": 0.02417059093821795,
          "rentry_pprice_dist_wallet_exposure_weighting": 9.069896085078692,
          "wallet_exposure_limit": 1},
 "short": {"auto_unstuck_delay_minutes": 326.79285267283643,
           "auto_unstuck_ema_dist": -0.07466525080774936,
           "auto_unstuck_qty_pct": 0.07039698987047842,
           "auto_unstuck_wallet_exposure_threshold": 0.6176818704331254,
           "backwards_tp": false,
           "ddown_factor": 2.344264537442171,
           "ema_span_0": 1438.1329450668045,
           "ema_span_1": 1244.8638112322299,
           "enabled": false,
           "initial_eprice_ema_dist": -0.08448765530932778,
           "initial_qty_pct": 0.015638502977707427,
           "markup_range": 0.014111217535233438,
           "min_markup": 0.008744732189538036,
           "n_close_orders": 12,
           "rentry_pprice_dist": 0.04754085175257477,
           "rentry_pprice_dist_wallet_exposure_weighting": 10.1338407670156,
           "wallet_exposure_limit": 1.0}}