{"config_name": "recursive_grid_ETHUSDT_143days",
 "logging_level": 0,
 "long": {"auto_unstuck_delay_minutes": 1143.7668683948968,
          "auto_unstuck_ema_dist": -0.01764195119880476,
          "auto_unstuck_qty_pct": 0.01,
          "auto_unstuck_wallet_exposure_threshold": 0.05810532524051499,
          "backwards_tp": false,
          "ddown_factor": 0.40234843286905975,
          "ema_span_0": 976.5340403202147,
          "ema_span_1": 1382.2833853428933,
          "enabled": true,
          "initial_eprice_ema_dist": 0.007883875516881328,
          "initial_qty_pct": 0.03552828140571193,
          "markup_range": 0.02934838434197718,
          "min_markup": 0.00917661260414711,
          "n_close_orders": 5,
          "rentry_pprice_dist": 0.03162455928612111,
          "rentry_pprice_dist_wallet_exposure_weighting": 14.473717113105184,
          "wallet_exposure_limit": 1},
 "short": {"auto_unstuck_delay_minutes": 1178.3811710516586,
           "auto_unstuck_ema_dist": 0.0019561179092073278,
           "auto_unstuck_qty_pct": 0.05595272345416912,
           "auto_unstuck_wallet_exposure_threshold": 0.6104065145366571,
           "backwards_tp": false,
           "ddown_factor": 2.944774390038777,
           "ema_span_0": 1204.235998650194,
           "ema_span_1": 113.97723069213232,
           "enabled": false,
           "initial_eprice_ema_dist": -0.013846362360428091,
           "initial_qty_pct": 0.04421913146987106,
           "markup_range": 0.059717105473194386,
           "min_markup": 0.0061838814202172295,
           "n_close_orders": 5,
           "rentry_pprice_dist": 0.013529369207072546,
           "rentry_pprice_dist_wallet_exposure_weighting": 1.2128519293480178,
           "wallet_exposure_limit": 1.0}}