{"config_name": "recursive_grid_DOGEUSDT_454days",
 "logging_level": 0,
 "long": {"auto_unstuck_delay_minutes": 915.6105795322328,
          "auto_unstuck_ema_dist": 0.04455311746077914,
          "auto_unstuck_qty_pct": 0.01,
          "auto_unstuck_wallet_exposure_threshold": 0.03633789763101509,
          "backwards_tp": false,
          "ddown_factor": 0.7936468857008285,
          "ema_span_0": 1287.0092273363384,
          "ema_span_1": 940.599572863766,
          "enabled": true,
          "initial_eprice_ema_dist": 0.0025871897790114783,
          "initial_qty_pct": 0.05,
          "markup_range": 0.025462752544286843,
          "min_markup": 0.0067969901174116405,
          "n_close_orders": 5,
          "rentry_pprice_dist": 0.039845440987020836,
          "rentry_pprice_dist_wallet_exposure_weighting": 1.7503875206962678,
          "wallet_exposure_limit": 1.0},
 "short": {"auto_unstuck_delay_minutes": 1192.7942529855889,
           "auto_unstuck_ema_dist": -0.039126408122288917,
           "auto_unstuck_qty_pct": 0.03373439251580968,
           "auto_unstuck_wallet_exposure_threshold": 0.8815549585714781,
           "backwards_tp": true,
           "ddown_factor": 2.859557563362725,
           "ema_span_0": 81.57980384935031,
           "ema_span_1": 429.4291984491186,
           "enabled": false,
           "initial_eprice_ema_dist": -0.0750081278722845,
           "initial_qty_pct": 0.04149809998996002,
           "markup_range": 0.018582544799632224,
           "min_markup": 0.0010295383986360554,
           "n_close_orders": 13,
           "rentry_pprice_dist": 0.04025980117662562,
           "rentry_pprice_dist_wallet_exposure_weighting": 14.196963673633476,
           "wallet_exposure_limit": 1.0}}