{"config_name": "recursive_grid_CROUSDT_365days",
 "logging_level": 0,
 "long": {"auto_unstuck_delay_minutes": 902.5838912130121,
          "auto_unstuck_ema_dist": -0.022309155583546895,
          "auto_unstuck_qty_pct": 0.017348668848122556,
          "auto_unstuck_wallet_exposure_threshold": 0.19665039523894284,
          "backwards_tp": true,
          "ddown_factor": 0.5068356718591157,
          "ema_span_0": 1206.853427313769,
          "ema_span_1": 787.2622922821472,
          "enabled": true,
          "initial_eprice_ema_dist": 0.0006391746382966256,
          "initial_qty_pct": 0.037558532584787044,
          "markup_range": 0.010211042362369615,
          "min_markup": 0.005,
          "n_close_orders": 8,
          "rentry_pprice_dist": 0.014665722895640781,
          "rentry_pprice_dist_wallet_exposure_weighting": 1.6559433164358928,
          "wallet_exposure_limit": 1},
 "short": {"auto_unstuck_delay_minutes": 0.0,
           "auto_unstuck_ema_dist": 0.0,
           "auto_unstuck_qty_pct": 0.0,
           "auto_unstuck_wallet_exposure_threshold": 0.0,
           "backwards_tp": true,
           "ddown_factor": 2.1202155716043967,
           "ema_span_0": 707.0732038883773,
           "ema_span_1": 810.0604575317,
           "enabled": false,
           "initial_eprice_ema_dist": -0.004008468934052387,
           "initial_qty_pct": 0.006245090487036658,
           "markup_range": 0.00836979583984381,
           "min_markup": 0.006435804434911028,
           "n_close_orders": 14,
           "rentry_pprice_dist": 0.05359011117944534,
           "rentry_pprice_dist_wallet_exposure_weighting": 3.62216697827214,
           "wallet_exposure_limit": 1.0}}