{"config_name": "recursive_grid_BCHUSDT_156days",
 "logging_level": 0,
 "long": {"auto_unstuck_delay_minutes": 1346.7572065401432,
          "auto_unstuck_ema_dist": 0.021548143854668272,
          "auto_unstuck_qty_pct": 0.01,
          "auto_unstuck_wallet_exposure_threshold": 0.08119541875084038,
          "backwards_tp": false,
          "ddown_factor": 0.30366553938179,
          "ema_span_0": 669.4340610122658,
          "ema_span_1": 438.7098365605624,
          "enabled": true,
          "initial_eprice_ema_dist": -0.007834105686800194,
          "initial_qty_pct": 0.04843474676613946,
          "markup_range": 0.018524973554228982,
          "min_markup": 0.02064970525269296,
          "n_close_orders": 8,
          "rentry_pprice_dist": 0.01719516046918524,
          "rentry_pprice_dist_wallet_exposure_weighting": 11.7362970868749,
          "wallet_exposure_limit": 1.0},
 "short": {"auto_unstuck_delay_minutes": 1345.7150071195683,
           "auto_unstuck_ema_dist": 0.002142755566768337,
           "auto_unstuck_qty_pct": 0.08937700227045522,
           "auto_unstuck_wallet_exposure_threshold": 0.3174195473789376,
           "backwards_tp": false,
           "ddown_factor": 1.0174644167602038,
           "ema_span_0": 168.20739781646648,
           "ema_span_1": 157.86406529933114,
           "enabled": false,
           "initial_eprice_ema_dist": -0.0900605295644495,
           "initial_qty_pct": 0.02710264802946126,
           "markup_range": 0.0463371161654359,
           "min_markup": 0.005176281700750201,
           "n_close_orders": 2,
           "rentry_pprice_dist": 0.04294530061871444,
           "rentry_pprice_dist_wallet_exposure_weighting": 15.908676140301099,
           "wallet_exposure_limit": 1.0}}