{"config_name": "recursive_grid_CTSIUSDT_454days",
 "logging_level": 0,
 "long": {"auto_unstuck_delay_minutes": 711.295791971063,
          "auto_unstuck_ema_dist": -0.036704790623607375,
          "auto_unstuck_qty_pct": 0.01,
          "auto_unstuck_wallet_exposure_threshold": 0.08082039890332915,
          "backwards_tp": false,
          "ddown_factor": 1.1926320064992935,
          "ema_span_0": 1259.6496607689119,
          "ema_span_1": 860.5400881403837,
          "enabled": true,
          "initial_eprice_ema_dist": 0.0026228057675758503,
          "initial_qty_pct": 0.05,
          "markup_range": 0.05082103612513452,
          "min_markup": 0.006742756078562254,
          "n_close_orders": 7,
          "rentry_pprice_dist": 0.04366625544580067,
          "rentry_pprice_dist_wallet_exposure_weighting": 0.8665392389163513,
          "wallet_exposure_limit": 1},
 "short": {"auto_unstuck_delay_minutes": 1064.635623610323,
           "auto_unstuck_ema_dist": -0.07155531021900724,
           "auto_unstuck_qty_pct": 0.04137938952651868,
           "auto_unstuck_wallet_exposure_threshold": 0.26731983868158105,
           "backwards_tp": true,
           "ddown_factor": 0.6255872667543948,
           "ema_span_0": 943.2702553408268,
           "ema_span_1": 114.59078403276223,
           "enabled": false,
           "initial_eprice_ema_dist": -0.08446301618539835,
           "initial_qty_pct": 0.03670049647184025,
           "markup_range": 0.0072466438475616395,
           "min_markup": 0.009976158029591183,
           "n_close_orders": 5,
           "rentry_pprice_dist": 0.010593386085135999,
           "rentry_pprice_dist_wallet_exposure_weighting": 4.274149704961276,
           "wallet_exposure_limit": 1.0}}