{"config_name": "recursive_grid_ONDOUSDT_121days",
 "logging_level": 0,
 "long": {"auto_unstuck_delay_minutes": 1350.9951329384337,
          "auto_unstuck_ema_dist": -0.05,
          "auto_unstuck_qty_pct": 0.01,
          "auto_unstuck_wallet_exposure_threshold": 0.0782044548434368,
          "backwards_tp": false,
          "ddown_factor": 0.48232745124989396,
          "ema_span_0": 1346.7053574088259,
          "ema_span_1": 840.2909528294422,
          "enabled": true,
          "initial_eprice_ema_dist": -0.0255110011702896,
          "initial_qty_pct": 0.04145086428145259,
          "markup_range": 0.011694452369262637,
          "min_markup": 0.016203881406336173,
          "n_close_orders": 8,
          "rentry_pprice_dist": 0.007080828989476625,
          "rentry_pprice_dist_wallet_exposure_weighting": 8.607899507067986,
          "wallet_exposure_limit": 1},
 "short": {"auto_unstuck_delay_minutes": 746.9307492042584,
           "auto_unstuck_ema_dist": -0.09960152140619113,
           "auto_unstuck_qty_pct": 0.07653035524198216,
           "auto_unstuck_wallet_exposure_threshold": 0.17242328358419004,
           "backwards_tp": false,
           "ddown_factor": 0.19975129926767174,
           "ema_span_0": 1264.1451550883219,
           "ema_span_1": 931.5233050660477,
           "enabled": false,
           "initial_eprice_ema_dist": -0.08045010872179455,
           "initial_qty_pct": 0.027358863195296526,
           "markup_range": 0.024523423683810736,
           "min_markup": 0.006145389639720598,
           "n_close_orders": 14,
           "rentry_pprice_dist": 0.011471835568562268,
           "rentry_pprice_dist_wallet_exposure_weighting": 3.9666686727589373,
           "wallet_exposure_limit": 1.0}}