{"config_name": "recursive_grid_ADAUSDT_1229days",
 "logging_level": 0,
 "long": {"auto_unstuck_delay_minutes": 0.0,
          "auto_unstuck_ema_dist": 0.0,
          "auto_unstuck_qty_pct": 0.0,
          "auto_unstuck_wallet_exposure_threshold": 0.0,
          "backwards_tp": false,
          "ddown_factor": 0.5385685980240775,
          "ema_span_0": 126.08330572581428,
          "ema_span_1": 847.7586492969924,
          "enabled": true,
          "initial_eprice_ema_dist": 0.05462943456524197,
          "initial_qty_pct": 0.04,
          "markup_range": 0.03490055191208782,
          "min_markup": 0.03,
          "n_close_orders": 3,
          "rentry_pprice_dist": 0.04178405852048396,
          "rentry_pprice_dist_wallet_exposure_weighting": 14.572319536915035,
          "wallet_exposure_limit": 1.0},
 "short": {"auto_unstuck_delay_minutes": 916.4053929754807,
           "auto_unstuck_ema_dist": -0.028219125610452672,
           "auto_unstuck_qty_pct": 0.08943817954450065,
           "auto_unstuck_wallet_exposure_threshold": 0.8379743758073136,
           "backwards_tp": false,
           "ddown_factor": 0.2448677607280206,
           "ema_span_0": 595.1107508922424,
           "ema_span_1": 713.8424997030679,
           "enabled": false,
           "initial_eprice_ema_dist": -0.09360273097994228,
           "initial_qty_pct": 0.04577639438863008,
           "markup_range": 0.03370627374081921,
           "min_markup": 0.0049527652700768615,
           "n_close_orders": 9,
           "rentry_pprice_dist": 0.04517003317645814,
           "rentry_pprice_dist_wallet_exposure_weighting": 3.6559401185718543,
           "wallet_exposure_limit": 1.0}}