{"config_name": "recursive_grid_DOGEUSDT_365days",
 "logging_level": 0,
 "long": {"auto_unstuck_delay_minutes": 1149.269068739,
          "auto_unstuck_ema_dist": -0.033177317798395,
          "auto_unstuck_qty_pct": 0.020052336744923065,
          "auto_unstuck_wallet_exposure_threshold": 0.4989571060413738,
          "backwards_tp": false,
          "ddown_factor": 0.7931414377381885,
          "ema_span_0": 417.70353007556093,
          "ema_span_1": 103.71028705990211,
          "enabled": true,
          "initial_eprice_ema_dist": -0.03429375247963461,
          "initial_qty_pct": 0.031645171512360765,
          "markup_range": 0.022952388592603255,
          "min_markup": 0.00849048172786065,
          "n_close_orders": 5,
          "rentry_pprice_dist": 0.027052504547447394,
          "rentry_pprice_dist_wallet_exposure_weighting": 1.0744661719683233,
          "wallet_exposure_limit": 1},
 "short": {"auto_unstuck_delay_minutes": 1139.6499545618224,
           "auto_unstuck_ema_dist": -0.07580765923557498,
           "auto_unstuck_qty_pct": 0.09240287906824178,
           "auto_unstuck_wallet_exposure_threshold": 0.14766365984167493,
           "backwards_tp": false,
           "ddown_factor": 2.2062640141755545,
           "ema_span_0": 916.7724564390638,
           "ema_span_1": 1378.924076228304,
           "enabled": false,
           "initial_eprice_ema_dist": -0.008189960727239482,
           "initial_qty_pct": 0.01818521965826724,
           "markup_range": 0.0009671601784740947,
           "min_markup": 0.015014364540176513,
           "n_close_orders": 11,
           "rentry_pprice_dist": 0.044638152580195926,
           "rentry_pprice_dist_wallet_exposure_weighting": 0.20547424679984283,
           "wallet_exposure_limit": 1.0}}