{"config_name": "recursive_grid_ETHUSDT_143days",
 "logging_level": 0,
 "long": {"auto_unstuck_delay_minutes": 897.1001384523104,
          "auto_unstuck_ema_dist": -0.006864433777018321,
          "auto_unstuck_qty_pct": 0.01,
          "auto_unstuck_wallet_exposure_threshold": 0.05424667332549974,
          "backwards_tp": false,
          "ddown_factor": 0.5807982543700873,
          "ema_span_0": 104.46524288073934,
          "ema_span_1": 100,
          "enabled": true,
          "initial_eprice_ema_dist": 0.006808944816298053,
          "initial_qty_pct": 0.04243885522227934,
          "markup_range": 0.03193967442267245,
          "min_markup": 0.009697449416984635,
          "n_close_orders": 4,
          "rentry_pprice_dist": 0.0053288988288148756,
          "rentry_pprice_dist_wallet_exposure_weighting": 8.12670092156751,
          "wallet_exposure_limit": 1},
 "short": {"auto_unstuck_delay_minutes": 1270.2479804138143,
           "auto_unstuck_ema_dist": -0.08340223651800466,
           "auto_unstuck_qty_pct": 0.06223630597847926,
           "auto_unstuck_wallet_exposure_threshold": 0.8406359930093243,
           "backwards_tp": false,
           "ddown_factor": 1.6065335667227088,
           "ema_span_0": 847.6215971946483,
           "ema_span_1": 477.68182179330876,
           "enabled": false,
           "initial_eprice_ema_dist": -0.06771918596508253,
           "initial_qty_pct": 0.038219546160626415,
           "markup_range": 0.04366371519758443,
           "min_markup": 0.002042437189869876,
           "n_close_orders": 4,
           "rentry_pprice_dist": 0.024157445710200568,
           "rentry_pprice_dist_wallet_exposure_weighting": 15.044905900039176,
           "wallet_exposure_limit": 1.0}}