{"config_name": "recursive_grid_AIUSDT_73days",
 "logging_level": 0,
 "long": {"auto_unstuck_delay_minutes": 1206.067061729676,
          "auto_unstuck_ema_dist": 0.008634833649553628,
          "auto_unstuck_qty_pct": 0.01,
          "auto_unstuck_wallet_exposure_threshold": 0.04335672452552671,
          "backwards_tp": false,
          "ddown_factor": 1.3234607281627762,
          "ema_span_0": 576.3500407747918,
          "ema_span_1": 675.1218266607424,
          "enabled": true,
          "initial_eprice_ema_dist": 0.0012726713764514431,
          "initial_qty_pct": 0.05,
          "markup_range": 0.025001624966385253,
          "min_markup": 0.008450217084584963,
          "n_close_orders": 3,
          "rentry_pprice_dist": 0.030924006466012354,
          "rentry_pprice_dist_wallet_exposure_weighting": 3.939131715101175,
          "wallet_exposure_limit": 1.0},
 "short": {"auto_unstuck_delay_minutes": 93.45298669508333,
           "auto_unstuck_ema_dist": -0.05971882208696299,
           "auto_unstuck_qty_pct": 0.029425106444251704,
           "auto_unstuck_wallet_exposure_threshold": 0.3878495474743152,
           "backwards_tp": true,
           "ddown_factor": 0.8514829290639434,
           "ema_span_0": 623.3890254853841,
           "ema_span_1": 1295.512208604836,
           "enabled": false,
           "initial_eprice_ema_dist": -0.06553183689621138,
           "initial_qty_pct": 0.01029151669545957,
           "markup_range": 0.006663163360255722,
           "min_markup": 0.005162738896457748,
           "n_close_orders": 16,
           "rentry_pprice_dist": 0.03228882736679318,
           "rentry_pprice_dist_wallet_exposure_weighting": 0.6953259097121456,
           "wallet_exposure_limit": 1.0}}