{"config_name": "recursive_grid_CROUSDT_365days",
 "logging_level": 0,
 "long": {"auto_unstuck_delay_minutes": 898.5941485274668,
          "auto_unstuck_ema_dist": -0.022309155583546895,
          "auto_unstuck_qty_pct": 0.01655744512822618,
          "auto_unstuck_wallet_exposure_threshold": 0.11388854811249391,
          "backwards_tp": true,
          "ddown_factor": 0.42126521343745393,
          "ema_span_0": 1584.895890101585,
          "ema_span_1": 1738.4095094738896,
          "enabled": true,
          "initial_eprice_ema_dist": -0.004010324380821609,
          "initial_qty_pct": 0.036585869218016764,
          "markup_range": 0.01,
          "min_markup": 0.008989934626632338,
          "n_close_orders": 3,
          "rentry_pprice_dist": 0.018456578547458708,
          "rentry_pprice_dist_wallet_exposure_weighting": 1.4696969933956097,
          "wallet_exposure_limit": 1},
 "short": {"auto_unstuck_delay_minutes": 0.0,
           "auto_unstuck_ema_dist": 0.0,
           "auto_unstuck_qty_pct": 0.0,
           "auto_unstuck_wallet_exposure_threshold": 0.0,
           "backwards_tp": true,
           "ddown_factor": 2.1202155716043967,
           "ema_span_0": 707.0732038883773,
           "ema_span_1": 810.0604575317,
           "enabled": false,
           "initial_eprice_ema_dist": -0.004008468934052387,
           "initial_qty_pct": 0.006245090487036658,
           "markup_range": 0.00836979583984381,
           "min_markup": 0.006435804434911028,
           "n_close_orders": 14,
           "rentry_pprice_dist": 0.05359011117944534,
           "rentry_pprice_dist_wallet_exposure_weighting": 3.62216697827214,
           "wallet_exposure_limit": 1.0}}