{"config_name": "recursive_grid_SEIUSDT_302days",
 "logging_level": 0,
 "long": {"auto_unstuck_delay_minutes": 0.0,
          "auto_unstuck_ema_dist": 0,
          "auto_unstuck_qty_pct": 0,
          "auto_unstuck_wallet_exposure_threshold": 0.0,
          "backwards_tp": false,
          "ddown_factor": 0.5923630838833703,
          "ema_span_0": 100.36995074407618,
          "ema_span_1": 442.058585198557,
          "enabled": true,
          "initial_eprice_ema_dist": 0.012762904283203865,
          "initial_qty_pct": 0.04,
          "markup_range": 0.029923174675416206,
          "min_markup": 0.008181700074307328,
          "n_close_orders": 4,
          "rentry_pprice_dist": 0.021781086771776776,
          "rentry_pprice_dist_wallet_exposure_weighting": 9.822821587678186,
          "wallet_exposure_limit": 1},
 "short": {"auto_unstuck_delay_minutes": 154.64591649522472,
           "auto_unstuck_ema_dist": -0.07635671395464307,
           "auto_unstuck_qty_pct": 0.05048941127091432,
           "auto_unstuck_wallet_exposure_threshold": 0.8007331584401384,
           "backwards_tp": false,
           "ddown_factor": 2.010307783868276,
           "ema_span_0": 928.2978534269678,
           "ema_span_1": 525.6430328224803,
           "enabled": false,
           "initial_eprice_ema_dist": -0.09974673228769217,
           "initial_qty_pct": 0.04666433579796431,
           "markup_range": 0.02184934304058499,
           "min_markup": 0.00800981517878323,
           "n_close_orders": 4,
           "rentry_pprice_dist": 0.03773485499116344,
           "rentry_pprice_dist_wallet_exposure_weighting": 18.194258586626695,
           "wallet_exposure_limit": 1.0}}