{"config_name": "recursive_grid_1000TURBOUSDT_85days",
 "logging_level": 0,
 "long": {"auto_unstuck_delay_minutes": 1118.2558786521988,
          "auto_unstuck_ema_dist": -0.027602976130075358,
          "auto_unstuck_qty_pct": 0.01,
          "auto_unstuck_wallet_exposure_threshold": 0.03614499502099081,
          "backwards_tp": false,
          "ddown_factor": 0.419892124256382,
          "ema_span_0": 104.61066304220552,
          "ema_span_1": 100,
          "enabled": true,
          "initial_eprice_ema_dist": -0.03,
          "initial_qty_pct": 0.03711925531997507,
          "markup_range": 0.03921041298955666,
          "min_markup": 0.025663160344185164,
          "n_close_orders": 4,
          "rentry_pprice_dist": 0.03256648625378477,
          "rentry_pprice_dist_wallet_exposure_weighting": 7.880661641586404,
          "wallet_exposure_limit": 1},
 "short": {"auto_unstuck_delay_minutes": 991.4723253350897,
           "auto_unstuck_ema_dist": -0.018539961885625567,
           "auto_unstuck_qty_pct": 0.07242577416937933,
           "auto_unstuck_wallet_exposure_threshold": 0.5864832380559463,
           "backwards_tp": false,
           "ddown_factor": 1.2680969073401753,
           "ema_span_0": 599.1594744160807,
           "ema_span_1": 15.703903279431092,
           "enabled": false,
           "initial_eprice_ema_dist": -0.0518915786076961,
           "initial_qty_pct": 0.034770154151744184,
           "markup_range": 0.006649999333841372,
           "min_markup": 0.00660568621243541,
           "n_close_orders": 8,
           "rentry_pprice_dist": 0.03401611795220808,
           "rentry_pprice_dist_wallet_exposure_weighting": 13.81081754543146,
           "wallet_exposure_limit": 1.0}}