{"config_name": "recursive_grid_ENAUSDT_50days",
 "logging_level": 0,
 "long": {"auto_unstuck_delay_minutes": 1213.4842951144826,
          "auto_unstuck_ema_dist": 0.04881407668298328,
          "auto_unstuck_qty_pct": 0.01,
          "auto_unstuck_wallet_exposure_threshold": 0.0344824720761528,
          "backwards_tp": false,
          "ddown_factor": 0.5183947488638306,
          "ema_span_0": 593.7441716449116,
          "ema_span_1": 491.5226041096155,
          "enabled": true,
          "initial_eprice_ema_dist": -0.028059157581244946,
          "initial_qty_pct": 0.04904679382421939,
          "markup_range": 0.05,
          "min_markup": 0.04,
          "n_close_orders": 7,
          "rentry_pprice_dist": 0.02076512271734414,
          "rentry_pprice_dist_wallet_exposure_weighting": 8.581968081840731,
          "wallet_exposure_limit": 1.0},
 "short": {"auto_unstuck_delay_minutes": 739.9151184187672,
           "auto_unstuck_ema_dist": -0.014463672085411106,
           "auto_unstuck_qty_pct": 0.027024448437954776,
           "auto_unstuck_wallet_exposure_threshold": 0.3513332943820483,
           "backwards_tp": false,
           "ddown_factor": 0.17783875466419624,
           "ema_span_0": 611.60068990351,
           "ema_span_1": 661.4545496059076,
           "enabled": false,
           "initial_eprice_ema_dist": -0.08499449353608986,
           "initial_qty_pct": 0.04412405988580716,
           "markup_range": 0.006280905986774802,
           "min_markup": 0.0038465864697827053,
           "n_close_orders": 14,
           "rentry_pprice_dist": 0.025935498893149663,
           "rentry_pprice_dist_wallet_exposure_weighting": 5.7422135147004605,
           "wallet_exposure_limit": 1.0}}