{"config_name": "recursive_grid_FILUSDT_156days",
 "logging_level": 0,
 "long": {"auto_unstuck_delay_minutes": 586.3757541669331,
          "auto_unstuck_ema_dist": 0.035044507899517345,
          "auto_unstuck_qty_pct": 0.01,
          "auto_unstuck_wallet_exposure_threshold": 0.08329712622914871,
          "backwards_tp": false,
          "ddown_factor": 0.5601482611825437,
          "ema_span_0": 1182.7701108248975,
          "ema_span_1": 952.0736095703138,
          "enabled": true,
          "initial_eprice_ema_dist": 0.0174589147452723,
          "initial_qty_pct": 0.05,
          "markup_range": 0.04707007514375725,
          "min_markup": 0.02459359073083627,
          "n_close_orders": 5,
          "rentry_pprice_dist": 0.03128586216903608,
          "rentry_pprice_dist_wallet_exposure_weighting": 9.691442841591215,
          "wallet_exposure_limit": 1},
 "short": {"auto_unstuck_delay_minutes": 608.8817938627083,
           "auto_unstuck_ema_dist": -0.07051718768971142,
           "auto_unstuck_qty_pct": 0.09116015029724435,
           "auto_unstuck_wallet_exposure_threshold": 0.2141445380121356,
           "backwards_tp": false,
           "ddown_factor": 1.1104525726022616,
           "ema_span_0": 1243.055363873719,
           "ema_span_1": 519.2665835981867,
           "enabled": false,
           "initial_eprice_ema_dist": -0.00843382060911882,
           "initial_qty_pct": 0.04543191783408402,
           "markup_range": 0.04280861824857061,
           "min_markup": 0.009692223375406369,
           "n_close_orders": 14,
           "rentry_pprice_dist": 0.015307873036807244,
           "rentry_pprice_dist_wallet_exposure_weighting": 1.7787413283319875,
           "wallet_exposure_limit": 1.0}}