{"config_name": "recursive_grid_XRPUSDT_143days",
 "logging_level": 0,
 "long": {"auto_unstuck_delay_minutes": 1044.2345627386035,
          "auto_unstuck_ema_dist": 0.036076360350863396,
          "auto_unstuck_qty_pct": 0.01,
          "auto_unstuck_wallet_exposure_threshold": 0.059374108338431444,
          "backwards_tp": false,
          "ddown_factor": 0.4199356076019429,
          "ema_span_0": 1325.30635555727,
          "ema_span_1": 688.4531489390027,
          "enabled": true,
          "initial_eprice_ema_dist": -0.008988968466312735,
          "initial_qty_pct": 0.037918527018558565,
          "markup_range": 0.03798375418709144,
          "min_markup": 0.013022759253123272,
          "n_close_orders": 7,
          "rentry_pprice_dist": 0.02179917807435293,
          "rentry_pprice_dist_wallet_exposure_weighting": 11.134829790365076,
          "wallet_exposure_limit": 1.0},
 "short": {"auto_unstuck_delay_minutes": 988.6038080222497,
           "auto_unstuck_ema_dist": 0.002913386614055491,
           "auto_unstuck_qty_pct": 0.06582505329602467,
           "auto_unstuck_wallet_exposure_threshold": 0.6363697151525585,
           "backwards_tp": false,
           "ddown_factor": 2.075062430985303,
           "ema_span_0": 143.10673667111192,
           "ema_span_1": 1103.4447083739515,
           "enabled": false,
           "initial_eprice_ema_dist": -0.047586562088844264,
           "initial_qty_pct": 0.03671628668874698,
           "markup_range": 0.04553201548327172,
           "min_markup": 0.00892024825248025,
           "n_close_orders": 6,
           "rentry_pprice_dist": 0.04167485938183953,
           "rentry_pprice_dist_wallet_exposure_weighting": 4.924371077850644,
           "wallet_exposure_limit": 1.0}}