{"config_name": "recursive_grid_ONDOUSDT_121days",
 "logging_level": 0,
 "long": {"auto_unstuck_delay_minutes": 782.5458945910095,
          "auto_unstuck_ema_dist": 0.021483655983676533,
          "auto_unstuck_qty_pct": 0.01,
          "auto_unstuck_wallet_exposure_threshold": 0.07622060269743505,
          "backwards_tp": false,
          "ddown_factor": 0.39645323425050616,
          "ema_span_0": 786.8899101218694,
          "ema_span_1": 942.2098815783044,
          "enabled": true,
          "initial_eprice_ema_dist": -0.01360283530684326,
          "initial_qty_pct": 0.03076090193462436,
          "markup_range": 0.04443355003216837,
          "min_markup": 0.024763263423061958,
          "n_close_orders": 5,
          "rentry_pprice_dist": 0.009098934289774312,
          "rentry_pprice_dist_wallet_exposure_weighting": 7.67306531534019,
          "wallet_exposure_limit": 1},
 "short": {"auto_unstuck_delay_minutes": 807.8161929607179,
           "auto_unstuck_ema_dist": -0.07305716013500994,
           "auto_unstuck_qty_pct": 0.059828516398983914,
           "auto_unstuck_wallet_exposure_threshold": 0.49859653161209117,
           "backwards_tp": false,
           "ddown_factor": 0.12253919070118266,
           "ema_span_0": 878.5564990715994,
           "ema_span_1": 1145.1100744368875,
           "enabled": false,
           "initial_eprice_ema_dist": -0.0760593297357878,
           "initial_qty_pct": 0.014958004829576543,
           "markup_range": 0.012182573013538702,
           "min_markup": 0.009266951669131926,
           "n_close_orders": 9,
           "rentry_pprice_dist": 0.007296826654257595,
           "rentry_pprice_dist_wallet_exposure_weighting": 4.3306723769378985,
           "wallet_exposure_limit": 1.0}}