{"config_name": "recursive_grid_ATOMUSDT_156days",
 "logging_level": 0,
 "long": {"auto_unstuck_delay_minutes": 1301.391420654371,
          "auto_unstuck_ema_dist": -0.0400918707473292,
          "auto_unstuck_qty_pct": 0.01,
          "auto_unstuck_wallet_exposure_threshold": 0.054978052298673794,
          "backwards_tp": false,
          "ddown_factor": 0.5303947936257776,
          "ema_span_0": 894.8745509665472,
          "ema_span_1": 253.782607272626,
          "enabled": true,
          "initial_eprice_ema_dist": 0.01757421834021569,
          "initial_qty_pct": 0.033195958517308465,
          "markup_range": 0.019807626579061745,
          "min_markup": 0.01565927549290091,
          "n_close_orders": 4,
          "rentry_pprice_dist": 0.016914362950736114,
          "rentry_pprice_dist_wallet_exposure_weighting": 11.144419600900072,
          "wallet_exposure_limit": 1},
 "short": {"auto_unstuck_delay_minutes": 506.0893943045657,
           "auto_unstuck_ema_dist": -0.07125994157234386,
           "auto_unstuck_qty_pct": 0.03992754460678207,
           "auto_unstuck_wallet_exposure_threshold": 0.3625085012388881,
           "backwards_tp": false,
           "ddown_factor": 0.9137183489732789,
           "ema_span_0": 1186.126656683496,
           "ema_span_1": 517.3045121724425,
           "enabled": false,
           "initial_eprice_ema_dist": -0.08663475284168502,
           "initial_qty_pct": 0.049173401630452605,
           "markup_range": 0.05043578532963273,
           "min_markup": 0.007175888193915146,
           "n_close_orders": 15,
           "rentry_pprice_dist": 0.039544593741289435,
           "rentry_pprice_dist_wallet_exposure_weighting": 19.585069867626892,
           "wallet_exposure_limit": 1.0}}