{"config_name": "recursive_grid_SHIB1000USDT_967days",
 "logging_level": 0,
 "long": {"auto_unstuck_delay_minutes": 0,
          "auto_unstuck_ema_dist": 0,
          "auto_unstuck_qty_pct": 0,
          "auto_unstuck_wallet_exposure_threshold": 0.0,
          "backwards_tp": false,
          "ddown_factor": 0.4112509857891405,
          "ema_span_0": 851.0841736518724,
          "ema_span_1": 1110.4328679958808,
          "enabled": true,
          "initial_eprice_ema_dist": 0.012007806665076153,
          "initial_qty_pct": 0.04,
          "markup_range": 0.03895412109142131,
          "min_markup": 0.00809121122758757,
          "n_close_orders": 2,
          "rentry_pprice_dist": 0.020139861288299272,
          "rentry_pprice_dist_wallet_exposure_weighting": 10.170239933936273,
          "wallet_exposure_limit": 1},
 "short": {"auto_unstuck_delay_minutes": 769.403890765449,
           "auto_unstuck_ema_dist": -0.08002071345879502,
           "auto_unstuck_qty_pct": 0.08365542386333312,
           "auto_unstuck_wallet_exposure_threshold": 0.8656612079329349,
           "backwards_tp": false,
           "ddown_factor": 2.709492789060956,
           "ema_span_0": 805.6879605926915,
           "ema_span_1": 1439.6991099684217,
           "enabled": false,
           "initial_eprice_ema_dist": -0.06786581466458322,
           "initial_qty_pct": 0.010150784569528394,
           "markup_range": 0.03382998460737019,
           "min_markup": 0.00689113856652062,
           "n_close_orders": 13,
           "rentry_pprice_dist": 0.04122326500138117,
           "rentry_pprice_dist_wallet_exposure_weighting": 15.790240816574471,
           "wallet_exposure_limit": 1.0}}