{"config_name": "recursive_grid_TRXUSDT_365days",
 "logging_level": 0,
 "long": {"auto_unstuck_delay_minutes": 1413.1991518686873,
          "auto_unstuck_ema_dist": -0.008188406048783629,
          "auto_unstuck_qty_pct": 0.014231909200270412,
          "auto_unstuck_wallet_exposure_threshold": 0.18596166291614447,
          "backwards_tp": true,
          "ddown_factor": 0.14417118879436575,
          "ema_span_0": 1542.5138177143165,
          "ema_span_1": 741.0065510377772,
          "enabled": true,
          "initial_eprice_ema_dist": -0.00043108572818102036,
          "initial_qty_pct": 0.04002507126347368,
          "markup_range": 0.01078176303600522,
          "min_markup": 0.005022443301321988,
          "n_close_orders": 6,
          "rentry_pprice_dist": 0.0065383603763022845,
          "rentry_pprice_dist_wallet_exposure_weighting": 6.714024848758798,
          "wallet_exposure_limit": 1},
 "short": {"auto_unstuck_delay_minutes": 0.0,
           "auto_unstuck_ema_dist": 0.0,
           "auto_unstuck_qty_pct": 0.0,
           "auto_unstuck_wallet_exposure_threshold": 0.0,
           "backwards_tp": true,
           "ddown_factor": 2.6524879068755363,
           "ema_span_0": 1238.491343959005,
           "ema_span_1": 1125.6808907929053,
           "enabled": false,
           "initial_eprice_ema_dist": -0.002609003735457481,
           "initial_qty_pct": 0.016527564147432224,
           "markup_range": 0.0038729321180636057,
           "min_markup": 0.0018759346324918483,
           "n_close_orders": 6,
           "rentry_pprice_dist": 0.023381340162616372,
           "rentry_pprice_dist_wallet_exposure_weighting": 8.82026330933395,
           "wallet_exposure_limit": 1.0}}