{"config_name": "recursive_grid_ETCUSDT_454days",
 "logging_level": 0,
 "long": {"auto_unstuck_delay_minutes": 1435.8477795379295,
          "auto_unstuck_ema_dist": -0.030899953405878845,
          "auto_unstuck_qty_pct": 0.01,
          "auto_unstuck_wallet_exposure_threshold": 0.08485185060334019,
          "backwards_tp": false,
          "ddown_factor": 1.749976618586797,
          "ema_span_0": 900.9357520328234,
          "ema_span_1": 729.8754889678313,
          "enabled": true,
          "initial_eprice_ema_dist": 0.0023456528459079094,
          "initial_qty_pct": 0.05,
          "markup_range": 0.05606062659469311,
          "min_markup": 0.005283146369161636,
          "n_close_orders": 4,
          "rentry_pprice_dist": 0.022750481725035528,
          "rentry_pprice_dist_wallet_exposure_weighting": 0.5831249401052191,
          "wallet_exposure_limit": 1},
 "short": {"auto_unstuck_delay_minutes": 1169.924717345096,
           "auto_unstuck_ema_dist": -0.052840301524978775,
           "auto_unstuck_qty_pct": 0.04450619564041342,
           "auto_unstuck_wallet_exposure_threshold": 0.15062966206109724,
           "backwards_tp": true,
           "ddown_factor": 0.8234094644127963,
           "ema_span_0": 1364.1141763888122,
           "ema_span_1": 261.37475237234565,
           "enabled": false,
           "initial_eprice_ema_dist": -0.09542087608935938,
           "initial_qty_pct": 0.01877589649828428,
           "markup_range": 0.00919171624957982,
           "min_markup": 0.0015377589829890276,
           "n_close_orders": 11,
           "rentry_pprice_dist": 0.02913767489693227,
           "rentry_pprice_dist_wallet_exposure_weighting": 7.739711858889928,
           "wallet_exposure_limit": 1.0}}