{"config_name": "recursive_grid_RONUSDT_114days",
 "logging_level": 0,
 "long": {"auto_unstuck_delay_minutes": 0,
          "auto_unstuck_ema_dist": 0,
          "auto_unstuck_qty_pct": 0,
          "auto_unstuck_wallet_exposure_threshold": 0.0,
          "backwards_tp": false,
          "ddown_factor": 0.5297856178049235,
          "ema_span_0": 1130.837795218516,
          "ema_span_1": 1116.9890022479392,
          "enabled": true,
          "initial_eprice_ema_dist": 0.0025777562847282237,
          "initial_qty_pct": 0.04,
          "markup_range": 0.04,
          "min_markup": 0.024282575103101712,
          "n_close_orders": 3,
          "rentry_pprice_dist": 0.01823724869473801,
          "rentry_pprice_dist_wallet_exposure_weighting": 9.260884533573506,
          "wallet_exposure_limit": 1},
 "short": {"auto_unstuck_delay_minutes": 996.3387524162516,
           "auto_unstuck_ema_dist": -0.08327558477515987,
           "auto_unstuck_qty_pct": 0.09964017384882227,
           "auto_unstuck_wallet_exposure_threshold": 0.7519235601785397,
           "backwards_tp": false,
           "ddown_factor": 2.584852554449713,
           "ema_span_0": 639.7528820477897,
           "ema_span_1": 928.7583995969022,
           "enabled": false,
           "initial_eprice_ema_dist": -0.06881092910234642,
           "initial_qty_pct": 0.029947748641784268,
           "markup_range": 0.013413654099108465,
           "min_markup": 0.002274315459652786,
           "n_close_orders": 6,
           "rentry_pprice_dist": 0.030293185176924784,
           "rentry_pprice_dist_wallet_exposure_weighting": 7.483695327060871,
           "wallet_exposure_limit": 1.0}}