{"config_name": "recursive_grid_BTCUSDT_142days",
 "logging_level": 0,
 "long": {"auto_unstuck_delay_minutes": 1412.679165395724,
          "auto_unstuck_ema_dist": -0.01195721287600767,
          "auto_unstuck_qty_pct": 0.01,
          "auto_unstuck_wallet_exposure_threshold": 0.04976149657028148,
          "backwards_tp": false,
          "ddown_factor": 0.43229803825388485,
          "ema_span_0": 993.3876526756604,
          "ema_span_1": 567.6023396051005,
          "enabled": true,
          "initial_eprice_ema_dist": 0.00350079537492589,
          "initial_qty_pct": 0.03978329982463191,
          "markup_range": 0.038458978859746425,
          "min_markup": 0.015880805574692743,
          "n_close_orders": 6,
          "rentry_pprice_dist": 0.01277365049913249,
          "rentry_pprice_dist_wallet_exposure_weighting": 2.2260248357286936,
          "wallet_exposure_limit": 1},
 "short": {"auto_unstuck_delay_minutes": 402.7730691469168,
           "auto_unstuck_ema_dist": -0.009515569409900407,
           "auto_unstuck_qty_pct": 0.06119247152997166,
           "auto_unstuck_wallet_exposure_threshold": 0.7115755046506432,
           "backwards_tp": false,
           "ddown_factor": 2.423061723933832,
           "ema_span_0": 1415.517765892507,
           "ema_span_1": 946.7731997538826,
           "enabled": false,
           "initial_eprice_ema_dist": -0.03151776063006265,
           "initial_qty_pct": 0.04277957101468049,
           "markup_range": 0.022350763602191855,
           "min_markup": 0.004024031483789766,
           "n_close_orders": 3,
           "rentry_pprice_dist": 0.011722395524739459,
           "rentry_pprice_dist_wallet_exposure_weighting": 5.788823964123138,
           "wallet_exposure_limit": 1.0}}