{"config_name": "recursive_grid_ATOMUSDT_156days",
 "logging_level": 0,
 "long": {"auto_unstuck_delay_minutes": 919.200861016295,
          "auto_unstuck_ema_dist": 0.023002980865137426,
          "auto_unstuck_qty_pct": 0.01,
          "auto_unstuck_wallet_exposure_threshold": 0.03963114515828055,
          "backwards_tp": false,
          "ddown_factor": 0.5090184716065592,
          "ema_span_0": 274.08502630906617,
          "ema_span_1": 81.58058622136552,
          "enabled": true,
          "initial_eprice_ema_dist": 0.00966449651506454,
          "initial_qty_pct": 0.03266220978050985,
          "markup_range": 0.03818853880092391,
          "min_markup": 0.008823216440365277,
          "n_close_orders": 7,
          "rentry_pprice_dist": 0.01473928457755258,
          "rentry_pprice_dist_wallet_exposure_weighting": 9.71144637733652,
          "wallet_exposure_limit": 1},
 "short": {"auto_unstuck_delay_minutes": 1192.8930095192952,
           "auto_unstuck_ema_dist": -0.038925808246878774,
           "auto_unstuck_qty_pct": 0.022957822823964847,
           "auto_unstuck_wallet_exposure_threshold": 0.4988130559253888,
           "backwards_tp": false,
           "ddown_factor": 1.8987392727280927,
           "ema_span_0": 900.7130284961396,
           "ema_span_1": 831.15365306603,
           "enabled": false,
           "initial_eprice_ema_dist": -0.03735733480546925,
           "initial_qty_pct": 0.04069676330637856,
           "markup_range": 0.02914177890624259,
           "min_markup": 0.0032230384755132955,
           "n_close_orders": 9,
           "rentry_pprice_dist": 0.04020487486560804,
           "rentry_pprice_dist_wallet_exposure_weighting": 13.634443477206911,
           "wallet_exposure_limit": 1.0}}