{"config_name": "recursive_grid_ONDOUSDT_120days",
 "logging_level": 0,
 "long": {"auto_unstuck_delay_minutes": 924.1378155243256,
          "auto_unstuck_ema_dist": -0.0027925426985065185,
          "auto_unstuck_qty_pct": 0.01,
          "auto_unstuck_wallet_exposure_threshold": 0.06462102131802702,
          "backwards_tp": false,
          "ddown_factor": 1.1848528986610318,
          "ema_span_0": 408.02592516559884,
          "ema_span_1": 889.6986634389331,
          "enabled": true,
          "initial_eprice_ema_dist": 0.017227023621364454,
          "initial_qty_pct": 0.03789343991051109,
          "markup_range": 0.02314308538208236,
          "min_markup": 0.03939336885452887,
          "n_close_orders": 5,
          "rentry_pprice_dist": 0.022837621210172545,
          "rentry_pprice_dist_wallet_exposure_weighting": 0.8462875381451226,
          "wallet_exposure_limit": 1},
 "short": {"auto_unstuck_delay_minutes": 793.4118889060419,
           "auto_unstuck_ema_dist": -0.0728718233349445,
           "auto_unstuck_qty_pct": 0.04712758322962561,
           "auto_unstuck_wallet_exposure_threshold": 0.8910141594236505,
           "backwards_tp": false,
           "ddown_factor": 0.884532620370823,
           "ema_span_0": 1034.8510645263648,
           "ema_span_1": 714.7990097555801,
           "enabled": false,
           "initial_eprice_ema_dist": -0.09163170160489585,
           "initial_qty_pct": 0.03628006959161364,
           "markup_range": 0.05356339963952065,
           "min_markup": 0.008044841246925326,
           "n_close_orders": 10,
           "rentry_pprice_dist": 0.028036410265655846,
           "rentry_pprice_dist_wallet_exposure_weighting": 8.450742926851284,
           "wallet_exposure_limit": 1.0}}