{"config_name": "recursive_grid_MATICUSDT_366days",
 "logging_level": 0,
 "long": {"auto_unstuck_delay_minutes": 117.00737225884023,
          "auto_unstuck_ema_dist": -0.0401309709077671,
          "auto_unstuck_qty_pct": 0.09389654869274638,
          "auto_unstuck_wallet_exposure_threshold": 0.021835521307313834,
          "backwards_tp": false,
          "ddown_factor": 2.795565204484371,
          "ema_span_0": 603.905502150903,
          "ema_span_1": 2225.4018056224677,
          "enabled": true,
          "initial_eprice_ema_dist": 0.0018197041229372256,
          "initial_qty_pct": 0.034753951629898555,
          "markup_range": 0.0010635299506650151,
          "min_markup": 0.005,
          "n_close_orders": 9,
          "rentry_pprice_dist": 0.03752435634758102,
          "rentry_pprice_dist_wallet_exposure_weighting": 0.41307847812191945,
          "wallet_exposure_limit": 1},
 "short": {"auto_unstuck_delay_minutes": 0.0,
           "auto_unstuck_ema_dist": 0.0,
           "auto_unstuck_qty_pct": 0.0,
           "auto_unstuck_wallet_exposure_threshold": 0.0,
           "backwards_tp": false,
           "ddown_factor": 2.947161836067823,
           "ema_span_0": 456.7425929242252,
           "ema_span_1": 488.5675286114715,
           "enabled": false,
           "initial_eprice_ema_dist": -0.008094063469186945,
           "initial_qty_pct": 0.008195273539907313,
           "markup_range": 0.0038321045352710625,
           "min_markup": 0.008319669592265893,
           "n_close_orders": 8,
           "rentry_pprice_dist": 0.04974738292279883,
           "rentry_pprice_dist_wallet_exposure_weighting": 2.987056005782783,
           "wallet_exposure_limit": 1.0}}