{"config_name": "recursive_grid_MNTUSDT_156days",
 "logging_level": 0,
 "long": {"auto_unstuck_delay_minutes": 1379.312419705374,
          "auto_unstuck_ema_dist": -0.03317723848199264,
          "auto_unstuck_qty_pct": 0.01,
          "auto_unstuck_wallet_exposure_threshold": 0.04825005626320051,
          "backwards_tp": false,
          "ddown_factor": 0.5219355310729525,
          "ema_span_0": 815.3426946667513,
          "ema_span_1": 217.10963785246136,
          "enabled": true,
          "initial_eprice_ema_dist": 0.0022831197695693875,
          "initial_qty_pct": 0.04683076459523729,
          "markup_range": 0.042095197767216534,
          "min_markup": 0.013565318891713142,
          "n_close_orders": 7,
          "rentry_pprice_dist": 0.034810301454965845,
          "rentry_pprice_dist_wallet_exposure_weighting": 12.24368655981942,
          "wallet_exposure_limit": 1.0},
 "short": {"auto_unstuck_delay_minutes": 680.1547329018663,
           "auto_unstuck_ema_dist": -0.07961179257045864,
           "auto_unstuck_qty_pct": 0.08762640313170059,
           "auto_unstuck_wallet_exposure_threshold": 0.2431437477752157,
           "backwards_tp": false,
           "ddown_factor": 1.099713573155003,
           "ema_span_0": 296.8347586650469,
           "ema_span_1": 1054.640334842812,
           "enabled": false,
           "initial_eprice_ema_dist": -0.06507375883062289,
           "initial_qty_pct": 0.0417490874738318,
           "markup_range": 0.0504936641612793,
           "min_markup": 0.0017762553610109178,
           "n_close_orders": 4,
           "rentry_pprice_dist": 0.04272820205418945,
           "rentry_pprice_dist_wallet_exposure_weighting": 2.5121078486611204,
           "wallet_exposure_limit": 1.0}}