{"config_name": "recursive_grid_TRXUSDT_454days",
 "logging_level": 0,
 "long": {"auto_unstuck_delay_minutes": 1314.7681239040517,
          "auto_unstuck_ema_dist": -0.00171268552815277,
          "auto_unstuck_qty_pct": 0.01,
          "auto_unstuck_wallet_exposure_threshold": 0.0364880205375579,
          "backwards_tp": false,
          "ddown_factor": 2,
          "ema_span_0": 674.501681468571,
          "ema_span_1": 1403.2237552144243,
          "enabled": true,
          "initial_eprice_ema_dist": 0.004883929612995811,
          "initial_qty_pct": 0.05,
          "markup_range": 0.043472602233515525,
          "min_markup": 0.004240750515651673,
          "n_close_orders": 6,
          "rentry_pprice_dist": 0.02,
          "rentry_pprice_dist_wallet_exposure_weighting": 0.7235163970245672,
          "wallet_exposure_limit": 1},
 "short": {"auto_unstuck_delay_minutes": 1310.167485081767,
           "auto_unstuck_ema_dist": -0.08557409828711181,
           "auto_unstuck_qty_pct": 0.019267433217162563,
           "auto_unstuck_wallet_exposure_threshold": 0.6782003581160156,
           "backwards_tp": true,
           "ddown_factor": 1.9872978189034307,
           "ema_span_0": 655.7830496355765,
           "ema_span_1": 107.3250504987934,
           "enabled": false,
           "initial_eprice_ema_dist": -0.04101831293775245,
           "initial_qty_pct": 0.03248559744935525,
           "markup_range": 0.010843451201866907,
           "min_markup": 0.007334455055225127,
           "n_close_orders": 11,
           "rentry_pprice_dist": 0.025047634451029033,
           "rentry_pprice_dist_wallet_exposure_weighting": 4.833208523870067,
           "wallet_exposure_limit": 1.0}}