{"config_name": "recursive_grid_PEOPLEUSDT_143days",
 "logging_level": 0,
 "long": {"auto_unstuck_delay_minutes": 611.7793455352285,
          "auto_unstuck_ema_dist": 0.0020673260140611632,
          "auto_unstuck_qty_pct": 0.01,
          "auto_unstuck_wallet_exposure_threshold": 0.09444391026089981,
          "backwards_tp": false,
          "ddown_factor": 0.5560476187816307,
          "ema_span_0": 777.2063459162949,
          "ema_span_1": 548.1176068559871,
          "enabled": true,
          "initial_eprice_ema_dist": 0.012720303539479401,
          "initial_qty_pct": 0.036639927657333926,
          "markup_range": 0.0482852419419453,
          "min_markup": 0.011470083676468689,
          "n_close_orders": 6,
          "rentry_pprice_dist": 0.01587701875586248,
          "rentry_pprice_dist_wallet_exposure_weighting": 8.67738004355318,
          "wallet_exposure_limit": 1},
 "short": {"auto_unstuck_delay_minutes": 1169.8859096775323,
           "auto_unstuck_ema_dist": -0.04592656940677493,
           "auto_unstuck_qty_pct": 0.06086552112741938,
           "auto_unstuck_wallet_exposure_threshold": 0.3809676684235138,
           "backwards_tp": false,
           "ddown_factor": 0.3786169544070116,
           "ema_span_0": 651.5496150197247,
           "ema_span_1": 1089.5059057146727,
           "enabled": false,
           "initial_eprice_ema_dist": -0.07608078567976206,
           "initial_qty_pct": 0.028583544018786225,
           "markup_range": 0.00290620040028853,
           "min_markup": 0.005077302492795704,
           "n_close_orders": 9,
           "rentry_pprice_dist": 0.03379883242733273,
           "rentry_pprice_dist_wallet_exposure_weighting": 18.581640580719533,
           "wallet_exposure_limit": 1.0}}