{"config_name": "recursive_grid_1000RATSUSDT_129days",
 "logging_level": 0,
 "long": {"auto_unstuck_delay_minutes": 1206.0867801598104,
          "auto_unstuck_ema_dist": -0.04998541348436332,
          "auto_unstuck_qty_pct": 0.01,
          "auto_unstuck_wallet_exposure_threshold": 0.08138589649965258,
          "backwards_tp": false,
          "ddown_factor": 1.975531888401037,
          "ema_span_0": 1424.2827541597221,
          "ema_span_1": 1159.965770737155,
          "enabled": true,
          "initial_eprice_ema_dist": 0.003409955893523854,
          "initial_qty_pct": 0.05,
          "markup_range": 0.05371926304762449,
          "min_markup": 0.01,
          "n_close_orders": 7,
          "rentry_pprice_dist": 0.04707992475673596,
          "rentry_pprice_dist_wallet_exposure_weighting": 4.378919822185902,
          "wallet_exposure_limit": 1},
 "short": {"auto_unstuck_delay_minutes": 1167.7294484038523,
           "auto_unstuck_ema_dist": -0.0545116238278982,
           "auto_unstuck_qty_pct": 0.07107492358259138,
           "auto_unstuck_wallet_exposure_threshold": 0.39765548619565416,
           "backwards_tp": true,
           "ddown_factor": 0.27431537634847414,
           "ema_span_0": 710.6901147514385,
           "ema_span_1": 1245.8421512656244,
           "enabled": false,
           "initial_eprice_ema_dist": -0.06123662217870024,
           "initial_qty_pct": 0.04542379922407012,
           "markup_range": 0.04688048986992646,
           "min_markup": 0.002041481085109332,
           "n_close_orders": 3,
           "rentry_pprice_dist": 0.04859873753114019,
           "rentry_pprice_dist_wallet_exposure_weighting": 13.40743883181714,
           "wallet_exposure_limit": 1.0}}