{"config_name": "recursive_grid_NEARUSDT_454days",
 "logging_level": 0,
 "long": {"auto_unstuck_delay_minutes": 710.9096531754167,
          "auto_unstuck_ema_dist": 0.02393803624951793,
          "auto_unstuck_qty_pct": 0.01,
          "auto_unstuck_wallet_exposure_threshold": 0.04698482893888732,
          "backwards_tp": false,
          "ddown_factor": 1.5944229614216745,
          "ema_span_0": 987.1822942730691,
          "ema_span_1": 784.5222266508949,
          "enabled": true,
          "initial_eprice_ema_dist": 0.0064559510659765165,
          "initial_qty_pct": 0.05,
          "markup_range": 0.0486712252499109,
          "min_markup": 0.005064488643057545,
          "n_close_orders": 3,
          "rentry_pprice_dist": 0.040676442172013945,
          "rentry_pprice_dist_wallet_exposure_weighting": 2.7672717763225476,
          "wallet_exposure_limit": 1.0},
 "short": {"auto_unstuck_delay_minutes": 1238.6447247992105,
           "auto_unstuck_ema_dist": -0.06847374458453637,
           "auto_unstuck_qty_pct": 0.02551564042552318,
           "auto_unstuck_wallet_exposure_threshold": 0.22461164054371247,
           "backwards_tp": true,
           "ddown_factor": 1.6841288183632253,
           "ema_span_0": 256.86173742783785,
           "ema_span_1": 370.3780993415414,
           "enabled": false,
           "initial_eprice_ema_dist": 0.0019237287126334102,
           "initial_qty_pct": 0.037021378435123944,
           "markup_range": 0.02083184033717804,
           "min_markup": 0.0047798388800863335,
           "n_close_orders": 9,
           "rentry_pprice_dist": 0.03367735381863828,
           "rentry_pprice_dist_wallet_exposure_weighting": 18.549917178122566,
           "wallet_exposure_limit": 1.0}}