{"config_name": "recursive_grid_HBARUSDT_962days",
 "logging_level": 0,
 "long": {"auto_unstuck_delay_minutes": 0.0,
          "auto_unstuck_ema_dist": 0.0,
          "auto_unstuck_qty_pct": 0.0,
          "auto_unstuck_wallet_exposure_threshold": 0.0,
          "backwards_tp": false,
          "ddown_factor": 0.5534079132546266,
          "ema_span_0": 1437.8922645550958,
          "ema_span_1": 824.1847423935765,
          "enabled": true,
          "initial_eprice_ema_dist": 0.07809295764779334,
          "initial_qty_pct": 0.04,
          "markup_range": 0.01942948834828727,
          "min_markup": 0.02007724983274469,
          "n_close_orders": 3,
          "rentry_pprice_dist": 0.024970270140237467,
          "rentry_pprice_dist_wallet_exposure_weighting": 9.741460274232896,
          "wallet_exposure_limit": 1.0},
 "short": {"auto_unstuck_delay_minutes": 713.0810831651016,
           "auto_unstuck_ema_dist": -0.09247576917834537,
           "auto_unstuck_qty_pct": 0.06346590226705466,
           "auto_unstuck_wallet_exposure_threshold": 0.10367790236104019,
           "backwards_tp": false,
           "ddown_factor": 0.809183723276453,
           "ema_span_0": 877.5135090621176,
           "ema_span_1": 833.5557681180736,
           "enabled": false,
           "initial_eprice_ema_dist": 0.0014980114720465204,
           "initial_qty_pct": 0.02212400301204484,
           "markup_range": 0.03304632506582307,
           "min_markup": 0.004203116637310898,
           "n_close_orders": 3,
           "rentry_pprice_dist": 0.03415442226272534,
           "rentry_pprice_dist_wallet_exposure_weighting": 7.329672115248888,
           "wallet_exposure_limit": 1.0}}