{"config_name": "recursive_grid_BTCUSDT_366days",
 "logging_level": 0,
 "long": {"auto_unstuck_delay_minutes": 543.1130181391384,
          "auto_unstuck_ema_dist": -0.09331643706182738,
          "auto_unstuck_qty_pct": 0.06688965706360443,
          "auto_unstuck_wallet_exposure_threshold": 0.04793657756639462,
          "backwards_tp": false,
          "ddown_factor": 0.6899259854835774,
          "ema_span_0": 2346.6639379122385,
          "ema_span_1": 740.6158645773828,
          "enabled": true,
          "initial_eprice_ema_dist": -0.0004358855351881321,
          "initial_qty_pct": 0.06849530514257829,
          "markup_range": 0.015185647598861467,
          "min_markup": 0.013150030578477516,
          "n_close_orders": 8,
          "rentry_pprice_dist": 0.01636440637372268,
          "rentry_pprice_dist_wallet_exposure_weighting": 3.5888728733384836,
          "wallet_exposure_limit": 1.0},
 "short": {"auto_unstuck_delay_minutes": 0.0,
           "auto_unstuck_ema_dist": 0.0,
           "auto_unstuck_qty_pct": 0.0,
           "auto_unstuck_wallet_exposure_threshold": 0.0,
           "backwards_tp": false,
           "ddown_factor": 2.2656563442009583,
           "ema_span_0": 406.3631060196427,
           "ema_span_1": 866.3664309555702,
           "enabled": false,
           "initial_eprice_ema_dist": -0.004891858787944569,
           "initial_qty_pct": 0.015560781463691473,
           "markup_range": 0.004173076433949002,
           "min_markup": 0.003194032583111366,
           "n_close_orders": 10,
           "rentry_pprice_dist": 0.027427639861096108,
           "rentry_pprice_dist_wallet_exposure_weighting": 2.3324515786181648,
           "wallet_exposure_limit": 1.0}}