{"config_name": "recursive_grid_BNBUSDT_1126days",
 "logging_level": 0,
 "long": {"auto_unstuck_delay_minutes": 0,
          "auto_unstuck_ema_dist": 0.0,
          "auto_unstuck_qty_pct": 0,
          "auto_unstuck_wallet_exposure_threshold": 0.0,
          "backwards_tp": false,
          "ddown_factor": 0.5358195935862757,
          "ema_span_0": 1386.8990383460068,
          "ema_span_1": 1440,
          "enabled": true,
          "initial_eprice_ema_dist": 0.024159607132599348,
          "initial_qty_pct": 0.04,
          "markup_range": 0.04380046735175721,
          "min_markup": 0.03,
          "n_close_orders": 3,
          "rentry_pprice_dist": 0.020725860341056387,
          "rentry_pprice_dist_wallet_exposure_weighting": 9.81320460701008,
          "wallet_exposure_limit": 1.0},
 "short": {"auto_unstuck_delay_minutes": 1082.2930333042807,
           "auto_unstuck_ema_dist": -0.007432063276412576,
           "auto_unstuck_qty_pct": 0.07364470793245564,
           "auto_unstuck_wallet_exposure_threshold": 0.48566966661036093,
           "backwards_tp": false,
           "ddown_factor": 1.7160808972930517,
           "ema_span_0": 1158.5235516899695,
           "ema_span_1": 46.45889259339035,
           "enabled": false,
           "initial_eprice_ema_dist": 0.0002659656171602881,
           "initial_qty_pct": 0.015497410754302665,
           "markup_range": 0.05771226516790968,
           "min_markup": 0.004432683278765731,
           "n_close_orders": 4,
           "rentry_pprice_dist": 0.011450930440143281,
           "rentry_pprice_dist_wallet_exposure_weighting": 17.418731622935127,
           "wallet_exposure_limit": 1.0}}