{"config_name": "recursive_grid_DOTUSDT_1229days",
 "logging_level": 0,
 "long": {"auto_unstuck_delay_minutes": 0,
          "auto_unstuck_ema_dist": 0,
          "auto_unstuck_qty_pct": 0,
          "auto_unstuck_wallet_exposure_threshold": 0.0,
          "backwards_tp": false,
          "ddown_factor": 0.4810595839303269,
          "ema_span_0": 1011.5924591803154,
          "ema_span_1": 1192.6408318239276,
          "enabled": true,
          "initial_eprice_ema_dist": 0.04236067513684636,
          "initial_qty_pct": 0.04,
          "markup_range": 0.035540835487747016,
          "min_markup": 0.03,
          "n_close_orders": 2,
          "rentry_pprice_dist": 0.04144834289592934,
          "rentry_pprice_dist_wallet_exposure_weighting": 10.2992008319736,
          "wallet_exposure_limit": 1},
 "short": {"auto_unstuck_delay_minutes": 947.2013052046832,
           "auto_unstuck_ema_dist": -0.031596754075857686,
           "auto_unstuck_qty_pct": 0.07744194190410901,
           "auto_unstuck_wallet_exposure_threshold": 0.24712484299701362,
           "backwards_tp": false,
           "ddown_factor": 1.2597147657317957,
           "ema_span_0": 266.8568156899441,
           "ema_span_1": 346.9199233990618,
           "enabled": false,
           "initial_eprice_ema_dist": -0.09953560014302318,
           "initial_qty_pct": 0.023660264923546344,
           "markup_range": 0.025961040809441765,
           "min_markup": 0.009234658986721728,
           "n_close_orders": 10,
           "rentry_pprice_dist": 0.03894133925551909,
           "rentry_pprice_dist_wallet_exposure_weighting": 7.750504913229099,
           "wallet_exposure_limit": 1.0}}