{"config_name": "recursive_grid_IMXUSDT_156days",
 "logging_level": 0,
 "long": {"auto_unstuck_delay_minutes": 1120.0405301273097,
          "auto_unstuck_ema_dist": 0.012495826579185573,
          "auto_unstuck_qty_pct": 0.01,
          "auto_unstuck_wallet_exposure_threshold": 0.09114970256820046,
          "backwards_tp": false,
          "ddown_factor": 0.5943847148204988,
          "ema_span_0": 112.72776924539562,
          "ema_span_1": 397.7422856678693,
          "enabled": true,
          "initial_eprice_ema_dist": 0.0048387021918063315,
          "initial_qty_pct": 0.04874649109894367,
          "markup_range": 0.02212137463512353,
          "min_markup": 0.02411024655579079,
          "n_close_orders": 8,
          "rentry_pprice_dist": 0.015768445896923774,
          "rentry_pprice_dist_wallet_exposure_weighting": 7.751658350186793,
          "wallet_exposure_limit": 1},
 "short": {"auto_unstuck_delay_minutes": 656.9862677331641,
           "auto_unstuck_ema_dist": -0.017100308473835438,
           "auto_unstuck_qty_pct": 0.019438638075936848,
           "auto_unstuck_wallet_exposure_threshold": 0.48937748835426065,
           "backwards_tp": false,
           "ddown_factor": 1.1894608462767262,
           "ema_span_0": 1265.3463036087444,
           "ema_span_1": 714.4632212619445,
           "enabled": false,
           "initial_eprice_ema_dist": 0.002393361293177451,
           "initial_qty_pct": 0.026952203828739987,
           "markup_range": 0.010598714255534542,
           "min_markup": 0.0035732466340341385,
           "n_close_orders": 11,
           "rentry_pprice_dist": 0.005675387616284571,
           "rentry_pprice_dist_wallet_exposure_weighting": 17.575912237678697,
           "wallet_exposure_limit": 1.0}}