{"config_name": "recursive_grid_MATICUSDT_366days",
 "logging_level": 0,
 "long": {"auto_unstuck_delay_minutes": 1365.5703260221349,
          "auto_unstuck_ema_dist": -0.07173386238881028,
          "auto_unstuck_qty_pct": 0.012153147599184242,
          "auto_unstuck_wallet_exposure_threshold": 0.12419308248203834,
          "backwards_tp": false,
          "ddown_factor": 2.6407042044627422,
          "ema_span_0": 10,
          "ema_span_1": 1165.5290194419954,
          "enabled": true,
          "initial_eprice_ema_dist": 0.002793539040304062,
          "initial_qty_pct": 0.05972246516041205,
          "markup_range": 0.013073555838163636,
          "min_markup": 0.005529434123226323,
          "n_close_orders": 8,
          "rentry_pprice_dist": 0.03886044814663417,
          "rentry_pprice_dist_wallet_exposure_weighting": 0.06368505352227122,
          "wallet_exposure_limit": 1},
 "short": {"auto_unstuck_delay_minutes": 0.0,
           "auto_unstuck_ema_dist": 0.0,
           "auto_unstuck_qty_pct": 0.0,
           "auto_unstuck_wallet_exposure_threshold": 0.0,
           "backwards_tp": false,
           "ddown_factor": 2.3742091195721122,
           "ema_span_0": 1174.7267614069315,
           "ema_span_1": 662.6281157843064,
           "enabled": false,
           "initial_eprice_ema_dist": -0.0028596608426172294,
           "initial_qty_pct": 0.018884631557469216,
           "markup_range": 0.008498951999536713,
           "min_markup": 0.005667917716721432,
           "n_close_orders": 6,
           "rentry_pprice_dist": 0.043235043395461976,
           "rentry_pprice_dist_wallet_exposure_weighting": 6.615230630064643,
           "wallet_exposure_limit": 1.0}}