{"config_name": "recursive_grid_PYTHUSDT_205days",
 "logging_level": 0,
 "long": {"auto_unstuck_delay_minutes": 0.0,
          "auto_unstuck_ema_dist": 0.0,
          "auto_unstuck_qty_pct": 0.0,
          "auto_unstuck_wallet_exposure_threshold": 0.0,
          "backwards_tp": false,
          "ddown_factor": 0.4554740781157871,
          "ema_span_0": 626.1234734251808,
          "ema_span_1": 1098.1635438857704,
          "enabled": true,
          "initial_eprice_ema_dist": -0.06608427399553449,
          "initial_qty_pct": 0.04,
          "markup_range": 0.02237756054502993,
          "min_markup": 0.015200016112394361,
          "n_close_orders": 3,
          "rentry_pprice_dist": 0.02099486572922399,
          "rentry_pprice_dist_wallet_exposure_weighting": 11.556539078608568,
          "wallet_exposure_limit": 1.0},
 "short": {"auto_unstuck_delay_minutes": 821.8721843491229,
           "auto_unstuck_ema_dist": -0.03813690843073518,
           "auto_unstuck_qty_pct": 0.05060346278609886,
           "auto_unstuck_wallet_exposure_threshold": 0.588869162525923,
           "backwards_tp": false,
           "ddown_factor": 1.1628320104020735,
           "ema_span_0": 274.07870661543177,
           "ema_span_1": 413.40536450506596,
           "enabled": false,
           "initial_eprice_ema_dist": -0.0905712548268955,
           "initial_qty_pct": 0.029775262774308933,
           "markup_range": 0.0073300293173789366,
           "min_markup": 0.006096538601052451,
           "n_close_orders": 7,
           "rentry_pprice_dist": 0.03291693493272085,
           "rentry_pprice_dist_wallet_exposure_weighting": 5.468168078489867,
           "wallet_exposure_limit": 1.0}}