{"config_name": "recursive_grid_MANTAUSDT_71days",
 "logging_level": 0,
 "long": {"auto_unstuck_delay_minutes": 1096.2939453437086,
          "auto_unstuck_ema_dist": -0.01919048638836999,
          "auto_unstuck_qty_pct": 0.01,
          "auto_unstuck_wallet_exposure_threshold": 0.05694541994316395,
          "backwards_tp": false,
          "ddown_factor": 1.4517593386722218,
          "ema_span_0": 620.484400793968,
          "ema_span_1": 617.6894784364465,
          "enabled": true,
          "initial_eprice_ema_dist": 0.00857852000529224,
          "initial_qty_pct": 0.05,
          "markup_range": 0.053617734062365405,
          "min_markup": 0.007898853303729617,
          "n_close_orders": 6,
          "rentry_pprice_dist": 0.024051185649062324,
          "rentry_pprice_dist_wallet_exposure_weighting": 0.6475297325388732,
          "wallet_exposure_limit": 1.0},
 "short": {"auto_unstuck_delay_minutes": 784.3789751610747,
           "auto_unstuck_ema_dist": -0.06918279491255228,
           "auto_unstuck_qty_pct": 0.029345034743622503,
           "auto_unstuck_wallet_exposure_threshold": 0.17197364332191045,
           "backwards_tp": true,
           "ddown_factor": 2.371454678414642,
           "ema_span_0": 160.35460926676157,
           "ema_span_1": 1153.2644676758152,
           "enabled": false,
           "initial_eprice_ema_dist": -0.04258901907406624,
           "initial_qty_pct": 0.01592783025025225,
           "markup_range": 0.014811284126538284,
           "min_markup": 0.007616763212828561,
           "n_close_orders": 8,
           "rentry_pprice_dist": 0.04895951954956219,
           "rentry_pprice_dist_wallet_exposure_weighting": 0.8782247519179509,
           "wallet_exposure_limit": 1.0}}