{"config_name": "recursive_grid_DOTUSDT_156days",
 "logging_level": 0,
 "long": {"auto_unstuck_delay_minutes": 815.4699320159099,
          "auto_unstuck_ema_dist": -0.019933565730823888,
          "auto_unstuck_qty_pct": 0.01,
          "auto_unstuck_wallet_exposure_threshold": 0.0779256579154711,
          "backwards_tp": false,
          "ddown_factor": 0.5217922953758912,
          "ema_span_0": 893.3095860039708,
          "ema_span_1": 609.3439801757255,
          "enabled": true,
          "initial_eprice_ema_dist": 0.017734158475846945,
          "initial_qty_pct": 0.033643757417512035,
          "markup_range": 0.04390018263122662,
          "min_markup": 0.03413907609349436,
          "n_close_orders": 4,
          "rentry_pprice_dist": 0.024803553541327884,
          "rentry_pprice_dist_wallet_exposure_weighting": 10.715609675233114,
          "wallet_exposure_limit": 1},
 "short": {"auto_unstuck_delay_minutes": 1415.2847562433526,
           "auto_unstuck_ema_dist": -0.07245561238093227,
           "auto_unstuck_qty_pct": 0.06170317368667666,
           "auto_unstuck_wallet_exposure_threshold": 0.5683907796264595,
           "backwards_tp": false,
           "ddown_factor": 0.1766860101781609,
           "ema_span_0": 405.27109669842935,
           "ema_span_1": 189.09754264816377,
           "enabled": false,
           "initial_eprice_ema_dist": -0.0015644940186952117,
           "initial_qty_pct": 0.03879712269556892,
           "markup_range": 0.03133350426932935,
           "min_markup": 0.005009026067517658,
           "n_close_orders": 3,
           "rentry_pprice_dist": 0.03506270003195283,
           "rentry_pprice_dist_wallet_exposure_weighting": 9.470625703570118,
           "wallet_exposure_limit": 1.0}}