{"config_name": "recursive_grid_BEAMUSDT_212days",
 "logging_level": 0,
 "long": {"auto_unstuck_delay_minutes": 0.0,
          "auto_unstuck_ema_dist": 0.0,
          "auto_unstuck_qty_pct": 0.0,
          "auto_unstuck_wallet_exposure_threshold": 0.0,
          "backwards_tp": false,
          "ddown_factor": 0.4228090064863105,
          "ema_span_0": 1307.5156939842054,
          "ema_span_1": 464.980578851955,
          "enabled": true,
          "initial_eprice_ema_dist": 0.0416201360756831,
          "initial_qty_pct": 0.04,
          "markup_range": 0.029764443428520623,
          "min_markup": 0.021448718813003375,
          "n_close_orders": 3,
          "rentry_pprice_dist": 0.038974989232703046,
          "rentry_pprice_dist_wallet_exposure_weighting": 10.893033248030761,
          "wallet_exposure_limit": 1.0},
 "short": {"auto_unstuck_delay_minutes": 328.236443263247,
           "auto_unstuck_ema_dist": -0.05429664806548692,
           "auto_unstuck_qty_pct": 0.08419614292975605,
           "auto_unstuck_wallet_exposure_threshold": 0.8167843588791653,
           "backwards_tp": false,
           "ddown_factor": 1.5693469219130407,
           "ema_span_0": 336.5451943992015,
           "ema_span_1": 1409.876512524738,
           "enabled": false,
           "initial_eprice_ema_dist": -0.02497655488930657,
           "initial_qty_pct": 0.04442459676812057,
           "markup_range": 0.03854314366269647,
           "min_markup": 0.0019102857960314303,
           "n_close_orders": 12,
           "rentry_pprice_dist": 0.015277924783713703,
           "rentry_pprice_dist_wallet_exposure_weighting": 15.42489287935624,
           "wallet_exposure_limit": 1.0}}