{"config_name": "recursive_grid_THETAUSDT_365days",
 "logging_level": 0,
 "long": {"auto_unstuck_delay_minutes": 1359.8851855881799,
          "auto_unstuck_ema_dist": 0.01066788302756506,
          "auto_unstuck_qty_pct": 0.05202160001234874,
          "auto_unstuck_wallet_exposure_threshold": 0.36162565729046,
          "backwards_tp": false,
          "ddown_factor": 1.7571780140396482,
          "ema_span_0": 42.74903016626479,
          "ema_span_1": 31.992126413558037,
          "enabled": true,
          "initial_eprice_ema_dist": 0.007866174624986113,
          "initial_qty_pct": 0.0416372826481198,
          "markup_range": 0.0035587520067664057,
          "min_markup": 0.012613698217944514,
          "n_close_orders": 3,
          "rentry_pprice_dist": 0.02777824918484789,
          "rentry_pprice_dist_wallet_exposure_weighting": 2.1876826135503125,
          "wallet_exposure_limit": 1},
 "short": {"auto_unstuck_delay_minutes": 296.5893232684992,
           "auto_unstuck_ema_dist": -0.08409830165215308,
           "auto_unstuck_qty_pct": 0.08924090258645064,
           "auto_unstuck_wallet_exposure_threshold": 0.18629926684755627,
           "backwards_tp": false,
           "ddown_factor": 2.580437349709099,
           "ema_span_0": 1316.3569278183338,
           "ema_span_1": 1067.8092733564304,
           "enabled": false,
           "initial_eprice_ema_dist": -0.0002302154945879372,
           "initial_qty_pct": 0.014907632872175888,
           "markup_range": 0.007988740896466834,
           "min_markup": 0.02608349045519623,
           "n_close_orders": 10,
           "rentry_pprice_dist": 0.022877612897517965,
           "rentry_pprice_dist_wallet_exposure_weighting": 2.7098936049894182,
           "wallet_exposure_limit": 1.0}}