{"config_name": "recursive_grid_CAKEUSDT_147days",
 "logging_level": 0,
 "long": {"auto_unstuck_delay_minutes": 658.5715982035204,
          "auto_unstuck_ema_dist": -0.0039341596452072,
          "auto_unstuck_qty_pct": 0.01,
          "auto_unstuck_wallet_exposure_threshold": 0.08522216646626282,
          "backwards_tp": false,
          "ddown_factor": 1.5647314439199485,
          "ema_span_0": 737.4370617398749,
          "ema_span_1": 1203.6996585622196,
          "enabled": true,
          "initial_eprice_ema_dist": 0.006951350473301099,
          "initial_qty_pct": 0.05,
          "markup_range": 0.02343608780486059,
          "min_markup": 0.006748529909556348,
          "n_close_orders": 4,
          "rentry_pprice_dist": 0.023806769559374406,
          "rentry_pprice_dist_wallet_exposure_weighting": 1.1376246242516725,
          "wallet_exposure_limit": 1},
 "short": {"auto_unstuck_delay_minutes": 871.5338735633524,
           "auto_unstuck_ema_dist": -0.09130150934264897,
           "auto_unstuck_qty_pct": 0.08305506526911834,
           "auto_unstuck_wallet_exposure_threshold": 0.6529109912471819,
           "backwards_tp": true,
           "ddown_factor": 1.8667420541307633,
           "ema_span_0": 806.407393925603,
           "ema_span_1": 302.7371605349127,
           "enabled": false,
           "initial_eprice_ema_dist": -0.07681078466350327,
           "initial_qty_pct": 0.02483193555048341,
           "markup_range": 0.018258310126351728,
           "min_markup": 0.006463893155287024,
           "n_close_orders": 3,
           "rentry_pprice_dist": 0.013836446246989115,
           "rentry_pprice_dist_wallet_exposure_weighting": 14.280732909600196,
           "wallet_exposure_limit": 1.0}}