{"config_name": "recursive_grid_MINAUSDT_844days",
 "logging_level": 0,
 "long": {"auto_unstuck_delay_minutes": 0,
          "auto_unstuck_ema_dist": 0,
          "auto_unstuck_qty_pct": 0,
          "auto_unstuck_wallet_exposure_threshold": 0.0,
          "backwards_tp": false,
          "ddown_factor": 0.42266621232642126,
          "ema_span_0": 1052.0245096061358,
          "ema_span_1": 1179.6190338123074,
          "enabled": true,
          "initial_eprice_ema_dist": 0.0446055713857536,
          "initial_qty_pct": 0.04,
          "markup_range": 0.04893978228884793,
          "min_markup": 0.03,
          "n_close_orders": 3,
          "rentry_pprice_dist": 0.029500498259510465,
          "rentry_pprice_dist_wallet_exposure_weighting": 8.5,
          "wallet_exposure_limit": 1},
 "short": {"auto_unstuck_delay_minutes": 1321.230480910674,
           "auto_unstuck_ema_dist": -0.029037429151927252,
           "auto_unstuck_qty_pct": 0.03586997433506782,
           "auto_unstuck_wallet_exposure_threshold": 0.6811302235463017,
           "backwards_tp": false,
           "ddown_factor": 2.0004462947804544,
           "ema_span_0": 337.3060847288329,
           "ema_span_1": 1103.7515773808007,
           "enabled": false,
           "initial_eprice_ema_dist": -0.04663734270696607,
           "initial_qty_pct": 0.023207781053293915,
           "markup_range": 0.02515425923235044,
           "min_markup": 0.00733828431311345,
           "n_close_orders": 16,
           "rentry_pprice_dist": 0.023279888229597562,
           "rentry_pprice_dist_wallet_exposure_weighting": 15.630625743850102,
           "wallet_exposure_limit": 1.0}}