{"config_name": "recursive_grid_TRXUSDT_1016days",
 "logging_level": 0,
 "long": {"auto_unstuck_delay_minutes": 0.0,
          "auto_unstuck_ema_dist": 0.0,
          "auto_unstuck_qty_pct": 0.0,
          "auto_unstuck_wallet_exposure_threshold": 0.0,
          "backwards_tp": false,
          "ddown_factor": 0.47417291643019027,
          "ema_span_0": 933.8515417662628,
          "ema_span_1": 825.802328596307,
          "enabled": true,
          "initial_eprice_ema_dist": 0.04929293365484966,
          "initial_qty_pct": 0.04,
          "markup_range": 0.014587377384580987,
          "min_markup": 0.012898595304995108,
          "n_close_orders": 4,
          "rentry_pprice_dist": 0.007279573660105822,
          "rentry_pprice_dist_wallet_exposure_weighting": 11.8149185720431,
          "wallet_exposure_limit": 1.0},
 "short": {"auto_unstuck_delay_minutes": 492.26915340049817,
           "auto_unstuck_ema_dist": -0.029225738922455252,
           "auto_unstuck_qty_pct": 0.08639626574816567,
           "auto_unstuck_wallet_exposure_threshold": 0.8623534619335239,
           "backwards_tp": false,
           "ddown_factor": 0.8662896800921762,
           "ema_span_0": 527.9936973089315,
           "ema_span_1": 756.1759889868439,
           "enabled": false,
           "initial_eprice_ema_dist": 0.0013570352762850013,
           "initial_qty_pct": 0.026744875766229595,
           "markup_range": 0.019415534300444987,
           "min_markup": 0.007402668970901237,
           "n_close_orders": 12,
           "rentry_pprice_dist": 0.04244397845622501,
           "rentry_pprice_dist_wallet_exposure_weighting": 2.921964569354205,
           "wallet_exposure_limit": 1.0}}