{"config_name": "recursive_grid_CROUSDT_156days",
 "logging_level": 0,
 "long": {"auto_unstuck_delay_minutes": 810.2884082549513,
          "auto_unstuck_ema_dist": -0.016036237558615867,
          "auto_unstuck_qty_pct": 0.01,
          "auto_unstuck_wallet_exposure_threshold": 0.09547557484967835,
          "backwards_tp": false,
          "ddown_factor": 0.5580035896619917,
          "ema_span_0": 1034.3253147916616,
          "ema_span_1": 527.7738576139623,
          "enabled": true,
          "initial_eprice_ema_dist": 0.005745760019721392,
          "initial_qty_pct": 0.03574527225712304,
          "markup_range": 0.043661021544370154,
          "min_markup": 0.008,
          "n_close_orders": 5,
          "rentry_pprice_dist": 0.010658329934612142,
          "rentry_pprice_dist_wallet_exposure_weighting": 8.894001957915599,
          "wallet_exposure_limit": 1},
 "short": {"auto_unstuck_delay_minutes": 371.63833101102335,
           "auto_unstuck_ema_dist": -0.06520994010647443,
           "auto_unstuck_qty_pct": 0.0382446784236134,
           "auto_unstuck_wallet_exposure_threshold": 0.30760062574097113,
           "backwards_tp": false,
           "ddown_factor": 2.62034193550391,
           "ema_span_0": 627.496330524964,
           "ema_span_1": 1140.955243170954,
           "enabled": false,
           "initial_eprice_ema_dist": -0.010653600098049831,
           "initial_qty_pct": 0.022519717838326084,
           "markup_range": 0.02547756864558203,
           "min_markup": 0.004571422707070323,
           "n_close_orders": 14,
           "rentry_pprice_dist": 0.043396330970547334,
           "rentry_pprice_dist_wallet_exposure_weighting": 17.988657448332503,
           "wallet_exposure_limit": 1.0}}