{"config_name": "recursive_grid_CAKEUSDT_268days",
 "logging_level": 0,
 "long": {"auto_unstuck_delay_minutes": 0.0,
          "auto_unstuck_ema_dist": 0,
          "auto_unstuck_qty_pct": 0,
          "auto_unstuck_wallet_exposure_threshold": 0.0,
          "backwards_tp": false,
          "ddown_factor": 0.5828013268647674,
          "ema_span_0": 1304.3625885769566,
          "ema_span_1": 1190.278564367787,
          "enabled": true,
          "initial_eprice_ema_dist": 0.03336986372970548,
          "initial_qty_pct": 0.04,
          "markup_range": 0.044620386805908595,
          "min_markup": 0.03,
          "n_close_orders": 4,
          "rentry_pprice_dist": 0.040603947390489614,
          "rentry_pprice_dist_wallet_exposure_weighting": 9.589393423418123,
          "wallet_exposure_limit": 1},
 "short": {"auto_unstuck_delay_minutes": 1146.8248959415844,
           "auto_unstuck_ema_dist": -0.06440312682372837,
           "auto_unstuck_qty_pct": 0.050572617316030216,
           "auto_unstuck_wallet_exposure_threshold": 0.32225246998501,
           "backwards_tp": false,
           "ddown_factor": 0.11863022489039805,
           "ema_span_0": 526.6500625774743,
           "ema_span_1": 888.2329651145437,
           "enabled": false,
           "initial_eprice_ema_dist": -0.02952947510660324,
           "initial_qty_pct": 0.03892368884693093,
           "markup_range": 0.02415063629433183,
           "min_markup": 0.003300906532511409,
           "n_close_orders": 8,
           "rentry_pprice_dist": 0.028528260814913536,
           "rentry_pprice_dist_wallet_exposure_weighting": 10.309185124094446,
           "wallet_exposure_limit": 1.0}}