{"config_name": "recursive_grid_1000BONKUSDT_143days",
 "logging_level": 0,
 "long": {"auto_unstuck_delay_minutes": 1139.1097066892085,
          "auto_unstuck_ema_dist": 0.010485918551175574,
          "auto_unstuck_qty_pct": 0.01,
          "auto_unstuck_wallet_exposure_threshold": 0.0928467922722461,
          "backwards_tp": false,
          "ddown_factor": 0.5916926816760346,
          "ema_span_0": 809.5185413454635,
          "ema_span_1": 628.3678481305828,
          "enabled": true,
          "initial_eprice_ema_dist": 0.017709806108414064,
          "initial_qty_pct": 0.03844364040779363,
          "markup_range": 0.030138938479931508,
          "min_markup": 0.016392401900318675,
          "n_close_orders": 4,
          "rentry_pprice_dist": 0.03612454452670568,
          "rentry_pprice_dist_wallet_exposure_weighting": 10.889599993805772,
          "wallet_exposure_limit": 1},
 "short": {"auto_unstuck_delay_minutes": 163.27489698165326,
           "auto_unstuck_ema_dist": -0.0876335737281622,
           "auto_unstuck_qty_pct": 0.05907974782514752,
           "auto_unstuck_wallet_exposure_threshold": 0.331452827740479,
           "backwards_tp": false,
           "ddown_factor": 0.45466419627991395,
           "ema_span_0": 1097.4397397977045,
           "ema_span_1": 924.684306051736,
           "enabled": false,
           "initial_eprice_ema_dist": -0.033384897286500265,
           "initial_qty_pct": 0.04180293344521514,
           "markup_range": 0.05794553705290883,
           "min_markup": 0.009801213592769125,
           "n_close_orders": 12,
           "rentry_pprice_dist": 0.03886327386525867,
           "rentry_pprice_dist_wallet_exposure_weighting": 12.329517454070189,
           "wallet_exposure_limit": 1.0}}