{"config_name": "recursive_grid_1000FLOKIUSDT_400days",
 "logging_level": 0,
 "long": {"auto_unstuck_delay_minutes": 1419.9211575954876,
          "auto_unstuck_ema_dist": 0.0037094844591885473,
          "auto_unstuck_qty_pct": 0.01,
          "auto_unstuck_wallet_exposure_threshold": 0.08862438931287855,
          "backwards_tp": false,
          "ddown_factor": 1.2052549572061748,
          "ema_span_0": 1062.041311931283,
          "ema_span_1": 1035.3952026178235,
          "enabled": true,
          "initial_eprice_ema_dist": 0.0012420079386306437,
          "initial_qty_pct": 0.05,
          "markup_range": 0.040809320583959446,
          "min_markup": 0.0035433841626186222,
          "n_close_orders": 3,
          "rentry_pprice_dist": 0.03488985978345676,
          "rentry_pprice_dist_wallet_exposure_weighting": 2.2824482820837266,
          "wallet_exposure_limit": 1.0},
 "short": {"auto_unstuck_delay_minutes": 1093.1589725730646,
           "auto_unstuck_ema_dist": -0.0027718036467946905,
           "auto_unstuck_qty_pct": 0.08494374026992042,
           "auto_unstuck_wallet_exposure_threshold": 0.4599007195661511,
           "backwards_tp": true,
           "ddown_factor": 2.094280964216702,
           "ema_span_0": 76.45054764969343,
           "ema_span_1": 345.1131272270026,
           "enabled": false,
           "initial_eprice_ema_dist": -0.06294114916376506,
           "initial_qty_pct": 0.03881682703167421,
           "markup_range": 0.005141792670937215,
           "min_markup": 0.0019647238628446645,
           "n_close_orders": 14,
           "rentry_pprice_dist": 0.04377108189236548,
           "rentry_pprice_dist_wallet_exposure_weighting": 7.223820312576105,
           "wallet_exposure_limit": 1.0}}