{"config_name": "recursive_grid_DOTUSDT_156days",
 "logging_level": 0,
 "long": {"auto_unstuck_delay_minutes": 665.6752129241816,
          "auto_unstuck_ema_dist": -0.04700501611203141,
          "auto_unstuck_qty_pct": 0.01,
          "auto_unstuck_wallet_exposure_threshold": 0.05831147829768017,
          "backwards_tp": false,
          "ddown_factor": 0.577951054166086,
          "ema_span_0": 477.6518261524401,
          "ema_span_1": 531.3052248752033,
          "enabled": true,
          "initial_eprice_ema_dist": 0.002351963862137119,
          "initial_qty_pct": 0.04307416969028864,
          "markup_range": 0.012389793759631373,
          "min_markup": 0.012285829569840038,
          "n_close_orders": 6,
          "rentry_pprice_dist": 0.012394706039397888,
          "rentry_pprice_dist_wallet_exposure_weighting": 7.9140212203946865,
          "wallet_exposure_limit": 1},
 "short": {"auto_unstuck_delay_minutes": 1038.3912146547245,
           "auto_unstuck_ema_dist": -0.005209589614035753,
           "auto_unstuck_qty_pct": 0.09798022716563044,
           "auto_unstuck_wallet_exposure_threshold": 0.8382322420174598,
           "backwards_tp": false,
           "ddown_factor": 1.1169601315387716,
           "ema_span_0": 818.9646201775291,
           "ema_span_1": 1003.4234381782255,
           "enabled": false,
           "initial_eprice_ema_dist": 0.0010758781436711884,
           "initial_qty_pct": 0.016093941827962133,
           "markup_range": 0.04305137682197223,
           "min_markup": 0.0043635830293356406,
           "n_close_orders": 5,
           "rentry_pprice_dist": 0.009207198791577822,
           "rentry_pprice_dist_wallet_exposure_weighting": 0.06006328721364973,
           "wallet_exposure_limit": 1.0}}