{"config_name": "recursive_grid_KASUSDT_314days",
 "logging_level": 0,
 "long": {"auto_unstuck_delay_minutes": 0.0,
          "auto_unstuck_ema_dist": 0.0,
          "auto_unstuck_qty_pct": 0.0,
          "auto_unstuck_wallet_exposure_threshold": 0.0,
          "backwards_tp": false,
          "ddown_factor": 0.4643819124841606,
          "ema_span_0": 216.31576195693984,
          "ema_span_1": 1390.9082695270106,
          "enabled": true,
          "initial_eprice_ema_dist": -0.03472256281880877,
          "initial_qty_pct": 0.04,
          "markup_range": 0.03434241446008546,
          "min_markup": 0.009434512580181274,
          "n_close_orders": 2,
          "rentry_pprice_dist": 0.02325263608079853,
          "rentry_pprice_dist_wallet_exposure_weighting": 10.027281028481797,
          "wallet_exposure_limit": 1.0},
 "short": {"auto_unstuck_delay_minutes": 820.1463368709337,
           "auto_unstuck_ema_dist": -0.07311831580955894,
           "auto_unstuck_qty_pct": 0.08443490049533649,
           "auto_unstuck_wallet_exposure_threshold": 0.5146996817312244,
           "backwards_tp": false,
           "ddown_factor": 1.405043517487231,
           "ema_span_0": 205.82075203493127,
           "ema_span_1": 418.78617922158196,
           "enabled": false,
           "initial_eprice_ema_dist": -0.0996984149210294,
           "initial_qty_pct": 0.020086210327049284,
           "markup_range": 0.05066355185342938,
           "min_markup": 0.0020949806738809716,
           "n_close_orders": 2,
           "rentry_pprice_dist": 0.02498142168281207,
           "rentry_pprice_dist_wallet_exposure_weighting": 0.5380885085472653,
           "wallet_exposure_limit": 1.0}}