{"config_name": "recursive_grid_XLMUSDT_365days",
 "logging_level": 0,
 "long": {"auto_unstuck_delay_minutes": 1404.7457339960906,
          "auto_unstuck_ema_dist": -0.037920125959411785,
          "auto_unstuck_qty_pct": 0.042237334604897654,
          "auto_unstuck_wallet_exposure_threshold": 0.1821090160997265,
          "backwards_tp": true,
          "ddown_factor": 0.305928203785054,
          "ema_span_0": 703.6721926322492,
          "ema_span_1": 444.6332746711113,
          "enabled": true,
          "initial_eprice_ema_dist": 0.000720466306703205,
          "initial_qty_pct": 0.060781648598983044,
          "markup_range": 0.012807232049152269,
          "min_markup": 0.017387531228117415,
          "n_close_orders": 3,
          "rentry_pprice_dist": 0.028361820302381734,
          "rentry_pprice_dist_wallet_exposure_weighting": 1.2069674922307372,
          "wallet_exposure_limit": 1},
 "short": {"auto_unstuck_delay_minutes": 0.0,
           "auto_unstuck_ema_dist": 0.0,
           "auto_unstuck_qty_pct": 0.0,
           "auto_unstuck_wallet_exposure_threshold": 0.0,
           "backwards_tp": true,
           "ddown_factor": 2.1140734586411276,
           "ema_span_0": 1051.6809813369014,
           "ema_span_1": 655.058651368153,
           "enabled": false,
           "initial_eprice_ema_dist": -0.005158171977991697,
           "initial_qty_pct": 0.012049023025195834,
           "markup_range": 0.008212845529723383,
           "min_markup": 0.0089845370751752,
           "n_close_orders": 11,
           "rentry_pprice_dist": 0.04067412285488288,
           "rentry_pprice_dist_wallet_exposure_weighting": 2.003969381470337,
           "wallet_exposure_limit": 1.0}}