{"config_name": "recursive_grid_1000PEPEUSDT_143days",
 "logging_level": 0,
 "long": {"auto_unstuck_delay_minutes": 1239.0220638060505,
          "auto_unstuck_ema_dist": -0.013400338978314554,
          "auto_unstuck_qty_pct": 0.01,
          "auto_unstuck_wallet_exposure_threshold": 0.08920934634975636,
          "backwards_tp": false,
          "ddown_factor": 0.3109790523887012,
          "ema_span_0": 600.585085516073,
          "ema_span_1": 699.77352317782,
          "enabled": true,
          "initial_eprice_ema_dist": 0.011443529898444656,
          "initial_qty_pct": 0.041605439188336445,
          "markup_range": 0.03525684788415317,
          "min_markup": 0.02259586452724169,
          "n_close_orders": 7,
          "rentry_pprice_dist": 0.016381562147182036,
          "rentry_pprice_dist_wallet_exposure_weighting": 9.490697868341176,
          "wallet_exposure_limit": 1},
 "short": {"auto_unstuck_delay_minutes": 855.5954162826573,
           "auto_unstuck_ema_dist": -0.011878245152633984,
           "auto_unstuck_qty_pct": 0.04828257917310495,
           "auto_unstuck_wallet_exposure_threshold": 0.36866632702754054,
           "backwards_tp": false,
           "ddown_factor": 1.043339461713364,
           "ema_span_0": 970.2371248212928,
           "ema_span_1": 1390.0066033961514,
           "enabled": false,
           "initial_eprice_ema_dist": -0.020166082621441525,
           "initial_qty_pct": 0.03652111624674936,
           "markup_range": 0.04698734133899535,
           "min_markup": 0.008118569116382616,
           "n_close_orders": 11,
           "rentry_pprice_dist": 0.03305793824477433,
           "rentry_pprice_dist_wallet_exposure_weighting": 17.5947224648738,
           "wallet_exposure_limit": 1.0}}