{"config_name": "recursive_grid_PENDLEUSDT_269days",
 "logging_level": 0,
 "long": {"auto_unstuck_delay_minutes": 584.8798293486703,
          "auto_unstuck_ema_dist": -0.03571690586583807,
          "auto_unstuck_qty_pct": 0.01,
          "auto_unstuck_wallet_exposure_threshold": 0.05407138992147308,
          "backwards_tp": false,
          "ddown_factor": 1.59863001157969,
          "ema_span_0": 1086.3877105758352,
          "ema_span_1": 1100.4722433101936,
          "enabled": true,
          "initial_eprice_ema_dist": 0.000506888444359539,
          "initial_qty_pct": 0.05,
          "markup_range": 0.05414518245084107,
          "min_markup": 0.00964848304579153,
          "n_close_orders": 7,
          "rentry_pprice_dist": 0.026451023306560358,
          "rentry_pprice_dist_wallet_exposure_weighting": 0.6552885534710775,
          "wallet_exposure_limit": 1},
 "short": {"auto_unstuck_delay_minutes": 551.0386497961964,
           "auto_unstuck_ema_dist": -0.005632965678174895,
           "auto_unstuck_qty_pct": 0.07008224085052613,
           "auto_unstuck_wallet_exposure_threshold": 0.13338821961098965,
           "backwards_tp": true,
           "ddown_factor": 0.9915593685384997,
           "ema_span_0": 536.0047303801261,
           "ema_span_1": 851.8694949441668,
           "enabled": false,
           "initial_eprice_ema_dist": -0.037759275911146084,
           "initial_qty_pct": 0.049382216720155726,
           "markup_range": 0.054927297974098635,
           "min_markup": 0.002969341812138008,
           "n_close_orders": 13,
           "rentry_pprice_dist": 0.022597747292120492,
           "rentry_pprice_dist_wallet_exposure_weighting": 7.636534751101394,
           "wallet_exposure_limit": 1.0}}