{"config_name": "recursive_grid_WOOUSDT_365days",
 "logging_level": 0,
 "long": {"auto_unstuck_delay_minutes": 84.09097382505647,
          "auto_unstuck_ema_dist": -0.03066650589068763,
          "auto_unstuck_qty_pct": 0.05087864380891438,
          "auto_unstuck_wallet_exposure_threshold": 0.5225499116014766,
          "backwards_tp": false,
          "ddown_factor": 1.9018113356193278,
          "ema_span_0": 986.6705292710368,
          "ema_span_1": 1300.8155687911653,
          "enabled": true,
          "initial_eprice_ema_dist": -0.013950952618689658,
          "initial_qty_pct": 0.021849684923965322,
          "markup_range": 0.009353821745182369,
          "min_markup": 0.007423159361840415,
          "n_close_orders": 3,
          "rentry_pprice_dist": 0.05968797082435146,
          "rentry_pprice_dist_wallet_exposure_weighting": 1.4026408169448827,
          "wallet_exposure_limit": 1.0},
 "short": {"auto_unstuck_delay_minutes": 788.8415876998109,
           "auto_unstuck_ema_dist": -0.09864649126076057,
           "auto_unstuck_qty_pct": 0.06945176058764602,
           "auto_unstuck_wallet_exposure_threshold": 0.13333364694770777,
           "backwards_tp": false,
           "ddown_factor": 2.86269709213307,
           "ema_span_0": 1165.1972059675986,
           "ema_span_1": 1352.989930565415,
           "enabled": false,
           "initial_eprice_ema_dist": -0.0056377313405052846,
           "initial_qty_pct": 0.007040452530421762,
           "markup_range": 0.009122526559288125,
           "min_markup": 0.028232904763348353,
           "n_close_orders": 6,
           "rentry_pprice_dist": 0.024135989609245692,
           "rentry_pprice_dist_wallet_exposure_weighting": 6.996248372723244,
           "wallet_exposure_limit": 1.0}}