{"config_name": "recursive_grid_FTMUSDT_143days",
 "logging_level": 0,
 "long": {"auto_unstuck_delay_minutes": 1076.45873450174,
          "auto_unstuck_ema_dist": -0.02293525132629831,
          "auto_unstuck_qty_pct": 0.01,
          "auto_unstuck_wallet_exposure_threshold": 0.0424943262702129,
          "backwards_tp": false,
          "ddown_factor": 0.3556198897849995,
          "ema_span_0": 990.0052815126602,
          "ema_span_1": 726.0017681743195,
          "enabled": true,
          "initial_eprice_ema_dist": 0.0019425805873451347,
          "initial_qty_pct": 0.04572748224607721,
          "markup_range": 0.016722914778611448,
          "min_markup": 0.010644019801179943,
          "n_close_orders": 4,
          "rentry_pprice_dist": 0.01917476511870719,
          "rentry_pprice_dist_wallet_exposure_weighting": 9.534257683415092,
          "wallet_exposure_limit": 1},
 "short": {"auto_unstuck_delay_minutes": 1237.5262815595797,
           "auto_unstuck_ema_dist": -0.08488608865585769,
           "auto_unstuck_qty_pct": 0.013552625104818927,
           "auto_unstuck_wallet_exposure_threshold": 0.16240366324753464,
           "backwards_tp": false,
           "ddown_factor": 2.9663932391587076,
           "ema_span_0": 768.6627949050284,
           "ema_span_1": 731.5844997234407,
           "enabled": false,
           "initial_eprice_ema_dist": -0.018513766815923496,
           "initial_qty_pct": 0.048972173655732476,
           "markup_range": 0.031165278740902563,
           "min_markup": 0.0020170350842987433,
           "n_close_orders": 7,
           "rentry_pprice_dist": 0.04284853085916019,
           "rentry_pprice_dist_wallet_exposure_weighting": 13.949473007276733,
           "wallet_exposure_limit": 1.0}}