{"config_name": "recursive_grid_SHIB1000USDT_454days",
 "logging_level": 0,
 "long": {"auto_unstuck_delay_minutes": 601.0691951291385,
          "auto_unstuck_ema_dist": -0.017761074563600203,
          "auto_unstuck_qty_pct": 0.01,
          "auto_unstuck_wallet_exposure_threshold": 0.08083137858666334,
          "backwards_tp": false,
          "ddown_factor": 1.7243634157763204,
          "ema_span_0": 583.0831015408107,
          "ema_span_1": 851.861157271584,
          "enabled": true,
          "initial_eprice_ema_dist": 0.004175087587817346,
          "initial_qty_pct": 0.05,
          "markup_range": 0.041615468303831823,
          "min_markup": 0.009954159750066666,
          "n_close_orders": 7,
          "rentry_pprice_dist": 0.028225131596484317,
          "rentry_pprice_dist_wallet_exposure_weighting": 0.7917236792778365,
          "wallet_exposure_limit": 1},
 "short": {"auto_unstuck_delay_minutes": 608.6844529475026,
           "auto_unstuck_ema_dist": -0.07836413885988858,
           "auto_unstuck_qty_pct": 0.013953115145229759,
           "auto_unstuck_wallet_exposure_threshold": 0.47842967570940986,
           "backwards_tp": true,
           "ddown_factor": 0.44737537125709814,
           "ema_span_0": 337.87701387938796,
           "ema_span_1": 227.29478050706143,
           "enabled": false,
           "initial_eprice_ema_dist": -0.027834453022634806,
           "initial_qty_pct": 0.03248309687382572,
           "markup_range": 0.045575352859780524,
           "min_markup": 0.0025023339502522647,
           "n_close_orders": 4,
           "rentry_pprice_dist": 0.04726356855985668,
           "rentry_pprice_dist_wallet_exposure_weighting": 8.407961328945035,
           "wallet_exposure_limit": 1.0}}