{"config_name": "recursive_grid_DOTUSDT_366days",
 "logging_level": 0,
 "long": {"auto_unstuck_delay_minutes": 1041.161848280789,
          "auto_unstuck_ema_dist": 0.015545822170954092,
          "auto_unstuck_qty_pct": 0.019558993157381698,
          "auto_unstuck_wallet_exposure_threshold": 0.0787331354895339,
          "backwards_tp": false,
          "ddown_factor": 0.6714272840507727,
          "ema_span_0": 2378.5419319814096,
          "ema_span_1": 1518.1436954423702,
          "enabled": true,
          "initial_eprice_ema_dist": 0.003,
          "initial_qty_pct": 0.07003208970300999,
          "markup_range": 0.0198102333741264,
          "min_markup": 0.006601079436765107,
          "n_close_orders": 5,
          "rentry_pprice_dist": 0.03090462652495253,
          "rentry_pprice_dist_wallet_exposure_weighting": 0.268418199907494,
          "wallet_exposure_limit": 1},
 "short": {"auto_unstuck_delay_minutes": 0.0,
           "auto_unstuck_ema_dist": 0.0,
           "auto_unstuck_qty_pct": 0.0,
           "auto_unstuck_wallet_exposure_threshold": 0.0,
           "backwards_tp": false,
           "ddown_factor": 0.10225921837355695,
           "ema_span_0": 1074.0104282390234,
           "ema_span_1": 733.7972609328879,
           "enabled": false,
           "initial_eprice_ema_dist": -0.008776567724663321,
           "initial_qty_pct": 0.014420560033998608,
           "markup_range": 0.0035600846002980103,
           "min_markup": 0.004623010141147843,
           "n_close_orders": 7,
           "rentry_pprice_dist": 0.04824968626961322,
           "rentry_pprice_dist_wallet_exposure_weighting": 0.1703212774924654,
           "wallet_exposure_limit": 1.0}}