{"config_name": "recursive_grid_SHIB1000USDT_144days",
 "logging_level": 0,
 "long": {"auto_unstuck_delay_minutes": 730.6984957198434,
          "auto_unstuck_ema_dist": -0.006001762905233021,
          "auto_unstuck_qty_pct": 0.01,
          "auto_unstuck_wallet_exposure_threshold": 0.04010584483440343,
          "backwards_tp": false,
          "ddown_factor": 0.5969944272535674,
          "ema_span_0": 527.3620511700367,
          "ema_span_1": 1077.0452468620363,
          "enabled": true,
          "initial_eprice_ema_dist": 0.0016292228914253012,
          "initial_qty_pct": 0.03653363858722267,
          "markup_range": 0.04819636286919385,
          "min_markup": 0.009042057715504736,
          "n_close_orders": 4,
          "rentry_pprice_dist": 0.010256324210153257,
          "rentry_pprice_dist_wallet_exposure_weighting": 9.581464271407999,
          "wallet_exposure_limit": 1},
 "short": {"auto_unstuck_delay_minutes": 409.87939339107805,
           "auto_unstuck_ema_dist": -0.02797716026334525,
           "auto_unstuck_qty_pct": 0.0519189653212552,
           "auto_unstuck_wallet_exposure_threshold": 0.5906812883644845,
           "backwards_tp": false,
           "ddown_factor": 2.4180235555891523,
           "ema_span_0": 926.807490043117,
           "ema_span_1": 405.1715703855105,
           "enabled": false,
           "initial_eprice_ema_dist": -0.07244584317346456,
           "initial_qty_pct": 0.02618610663429377,
           "markup_range": 0.04356591191949325,
           "min_markup": 0.006705035160246865,
           "n_close_orders": 9,
           "rentry_pprice_dist": 0.04944736332036891,
           "rentry_pprice_dist_wallet_exposure_weighting": 11.07778932394311,
           "wallet_exposure_limit": 1.0}}