{"config_name": "recursive_grid_CROUSDT_454days",
 "logging_level": 0,
 "long": {"auto_unstuck_delay_minutes": 1293.4931842058331,
          "auto_unstuck_ema_dist": 0.03848309023212532,
          "auto_unstuck_qty_pct": 0.01,
          "auto_unstuck_wallet_exposure_threshold": 0.05663438222638932,
          "backwards_tp": false,
          "ddown_factor": 0.6988366584292447,
          "ema_span_0": 988.6008622357867,
          "ema_span_1": 645.6372575067707,
          "enabled": true,
          "initial_eprice_ema_dist": 0.0009012004290659592,
          "initial_qty_pct": 0.05,
          "markup_range": 0.01800716243750656,
          "min_markup": 0.0030187516392135533,
          "n_close_orders": 5,
          "rentry_pprice_dist": 0.023995053923559884,
          "rentry_pprice_dist_wallet_exposure_weighting": 4.362947950900058,
          "wallet_exposure_limit": 1.0},
 "short": {"auto_unstuck_delay_minutes": 200.94991637579963,
           "auto_unstuck_ema_dist": -0.0943999000954637,
           "auto_unstuck_qty_pct": 0.055235825431669244,
           "auto_unstuck_wallet_exposure_threshold": 0.5757699323643051,
           "backwards_tp": true,
           "ddown_factor": 1.5247139646768983,
           "ema_span_0": 896.5671586667968,
           "ema_span_1": 241.44006791978,
           "enabled": false,
           "initial_eprice_ema_dist": -0.07488072419344176,
           "initial_qty_pct": 0.03887122969935992,
           "markup_range": 0.020998015215078467,
           "min_markup": 0.00808671350229589,
           "n_close_orders": 3,
           "rentry_pprice_dist": 0.036291103688281305,
           "rentry_pprice_dist_wallet_exposure_weighting": 4.0164972900774725,
           "wallet_exposure_limit": 1.0}}