{
    "config_name": "recursive_grid_ETHUSDT_454days",
    "logging_level": 0,
    "long": {
        "auto_unstuck_delay_minutes": 717.5858683970233,
        "auto_unstuck_ema_dist": -0.04972532375580026,
        "auto_unstuck_qty_pct": 0.01,
        "auto_unstuck_wallet_exposure_threshold": 0.07572742456406914,
        "backwards_tp": false,
        "ddown_factor": 0.495,
        "ema_span_0": 593.8495057602098,
        "ema_span_1": 581.5853000592163,
        "enabled": true,
        "initial_eprice_ema_dist": 0.005319633453482838,
        "initial_qty_pct": 0.038,
        "markup_range": 0.02,
        "min_markup": 0.02,
        "n_close_orders": 4,
        "rentry_pprice_dist": 0.022,
        "rentry_pprice_dist_wallet_exposure_weighting": 9.23999999999989,
        "wallet_exposure_limit": 0.22
    },
    "short": {
        "auto_unstuck_delay_minutes": 1321.0432064579238,
        "auto_unstuck_ema_dist": -0.00553586106766521,
        "auto_unstuck_qty_pct": 0.07390038286846408,
        "auto_unstuck_wallet_exposure_threshold": 0.6691689872597991,
        "backwards_tp": true,
        "ddown_factor": 2.681001358403321,
        "ema_span_0": 1250.4798847906632,
        "ema_span_1": 547.333182597763,
        "enabled": false,
        "initial_eprice_ema_dist": -0.03478440238962298,
        "initial_qty_pct": 0.033483556772117035,
        "markup_range": 0.02671338173261609,
        "min_markup": 0.0015953793383067525,
        "n_close_orders": 15,
        "rentry_pprice_dist": 0.04347102158473045,
        "rentry_pprice_dist_wallet_exposure_weighting": 9.32114384758214,
        "wallet_exposure_limit": 0.0
    }
}