{"config_name": "recursive_grid_10000LADYSUSDT_323days",
 "logging_level": 0,
 "long": {"auto_unstuck_delay_minutes": 966.873099459792,
          "auto_unstuck_ema_dist": 0.014707441151343677,
          "auto_unstuck_qty_pct": 0.01,
          "auto_unstuck_wallet_exposure_threshold": 0.0780939432104672,
          "backwards_tp": false,
          "ddown_factor": 1.101625952291555,
          "ema_span_0": 825.9864524333641,
          "ema_span_1": 930.9637661916809,
          "enabled": true,
          "initial_eprice_ema_dist": 0.008721514312773305,
          "initial_qty_pct": 0.05,
          "markup_range": 0.025313945547841693,
          "min_markup": 0.005216016169776985,
          "n_close_orders": 7,
          "rentry_pprice_dist": 0.03129717939433984,
          "rentry_pprice_dist_wallet_exposure_weighting": 1.9926285230229996,
          "wallet_exposure_limit": 1},
 "short": {"auto_unstuck_delay_minutes": 1342.2081550662303,
           "auto_unstuck_ema_dist": -0.0844627790018943,
           "auto_unstuck_qty_pct": 0.04917864343181691,
           "auto_unstuck_wallet_exposure_threshold": 0.42690574399917813,
           "backwards_tp": true,
           "ddown_factor": 1.6767354944175827,
           "ema_span_0": 1046.9952210067866,
           "ema_span_1": 766.7172642894074,
           "enabled": false,
           "initial_eprice_ema_dist": -0.09512874050729273,
           "initial_qty_pct": 0.04379043386863471,
           "markup_range": 0.002905640040821855,
           "min_markup": 0.0026603299370767104,
           "n_close_orders": 16,
           "rentry_pprice_dist": 0.049911387701900393,
           "rentry_pprice_dist_wallet_exposure_weighting": 16.36500211680444,
           "wallet_exposure_limit": 1.0}}