{"config_name": "recursive_grid_SHIB1000USDT_156days",
 "logging_level": 0,
 "long": {"auto_unstuck_delay_minutes": 1079.4923171333335,
          "auto_unstuck_ema_dist": -0.042804637923766466,
          "auto_unstuck_qty_pct": 0.01,
          "auto_unstuck_wallet_exposure_threshold": 0.0804146510459956,
          "backwards_tp": false,
          "ddown_factor": 0.5702084693384553,
          "ema_span_0": 237.68720403112383,
          "ema_span_1": 315.16669701864174,
          "enabled": true,
          "initial_eprice_ema_dist": 0.007988464233261907,
          "initial_qty_pct": 0.0386117358464968,
          "markup_range": 0.03761162529989692,
          "min_markup": 0.011195217546630994,
          "n_close_orders": 5,
          "rentry_pprice_dist": 0.005,
          "rentry_pprice_dist_wallet_exposure_weighting": 9.154375989818911,
          "wallet_exposure_limit": 1},
 "short": {"auto_unstuck_delay_minutes": 536.1409921189795,
           "auto_unstuck_ema_dist": -0.04070094212433327,
           "auto_unstuck_qty_pct": 0.016345285406798526,
           "auto_unstuck_wallet_exposure_threshold": 0.46228036857890453,
           "backwards_tp": false,
           "ddown_factor": 1.1753770390798437,
           "ema_span_0": 392.41276416710434,
           "ema_span_1": 242.89081450004855,
           "enabled": false,
           "initial_eprice_ema_dist": -0.08073505096020231,
           "initial_qty_pct": 0.030747415200151458,
           "markup_range": 0.049249771386311106,
           "min_markup": 0.0034471514319164473,
           "n_close_orders": 9,
           "rentry_pprice_dist": 0.019338617831131884,
           "rentry_pprice_dist_wallet_exposure_weighting": 18.2194585870191,
           "wallet_exposure_limit": 1.0}}