{"config_name": "recursive_grid_FILUSDT_454days",
 "logging_level": 0,
 "long": {"auto_unstuck_delay_minutes": 1250.10864059115,
          "auto_unstuck_ema_dist": 0.03437975332516163,
          "auto_unstuck_qty_pct": 0.01,
          "auto_unstuck_wallet_exposure_threshold": 0.04312212329381926,
          "backwards_tp": false,
          "ddown_factor": 0.9249191733830188,
          "ema_span_0": 730.5442245907709,
          "ema_span_1": 636.655902716335,
          "enabled": true,
          "initial_eprice_ema_dist": 0.007744682800404512,
          "initial_qty_pct": 0.05,
          "markup_range": 0.05068864976138575,
          "min_markup": 0.004844252397410442,
          "n_close_orders": 3,
          "rentry_pprice_dist": 0.04472198192166926,
          "rentry_pprice_dist_wallet_exposure_weighting": 1.2360567355207606,
          "wallet_exposure_limit": 1.0},
 "short": {"auto_unstuck_delay_minutes": 1049.58284387128,
           "auto_unstuck_ema_dist": -0.03362088812998505,
           "auto_unstuck_qty_pct": 0.09451007994601433,
           "auto_unstuck_wallet_exposure_threshold": 0.16586970918602456,
           "backwards_tp": true,
           "ddown_factor": 2.615002808789654,
           "ema_span_0": 284.38354242603504,
           "ema_span_1": 256.28994799895105,
           "enabled": false,
           "initial_eprice_ema_dist": -0.05543961011779737,
           "initial_qty_pct": 0.012825904852858764,
           "markup_range": 0.022512480842667788,
           "min_markup": 0.0019176981268691127,
           "n_close_orders": 8,
           "rentry_pprice_dist": 0.034663239199862715,
           "rentry_pprice_dist_wallet_exposure_weighting": 13.716823469231352,
           "wallet_exposure_limit": 1.0}}