{"config_name": "recursive_grid_XMRUSDT_454days",
 "logging_level": 0,
 "long": {"auto_unstuck_delay_minutes": 941.101328568248,
          "auto_unstuck_ema_dist": -0.02856070095726448,
          "auto_unstuck_qty_pct": 0.01,
          "auto_unstuck_wallet_exposure_threshold": 0.07300053648880162,
          "backwards_tp": false,
          "ddown_factor": 1.4168971916565738,
          "ema_span_0": 506.1837552346293,
          "ema_span_1": 924.8818791093349,
          "enabled": true,
          "initial_eprice_ema_dist": 0.006559502816889524,
          "initial_qty_pct": 0.05,
          "markup_range": 0.020449541111406476,
          "min_markup": 0.0034042633579004188,
          "n_close_orders": 6,
          "rentry_pprice_dist": 0.025149689409342375,
          "rentry_pprice_dist_wallet_exposure_weighting": 4.794530593377211,
          "wallet_exposure_limit": 1},
 "short": {"auto_unstuck_delay_minutes": 347.80355157857065,
           "auto_unstuck_ema_dist": -0.03414189597105696,
           "auto_unstuck_qty_pct": 0.051172546826957,
           "auto_unstuck_wallet_exposure_threshold": 0.26340939246614037,
           "backwards_tp": true,
           "ddown_factor": 0.13603926056449142,
           "ema_span_0": 673.0317838691831,
           "ema_span_1": 691.6793083979704,
           "enabled": false,
           "initial_eprice_ema_dist": -0.05006405224858874,
           "initial_qty_pct": 0.010047256217377773,
           "markup_range": 0.021394084578797053,
           "min_markup": 0.005326225957174073,
           "n_close_orders": 9,
           "rentry_pprice_dist": 0.013411894380844933,
           "rentry_pprice_dist_wallet_exposure_weighting": 4.004878743175722,
           "wallet_exposure_limit": 1.0}}