{"config_name": "recursive_grid_XRPUSDT_365days",
 "logging_level": 0,
 "long": {"auto_unstuck_delay_minutes": 121.9061022801485,
          "auto_unstuck_ema_dist": 0.006558309490547628,
          "auto_unstuck_qty_pct": 0.04418214871051003,
          "auto_unstuck_wallet_exposure_threshold": 0.04934781589393519,
          "backwards_tp": false,
          "ddown_factor": 1.2580929405150636,
          "ema_span_0": 1147.4925452451528,
          "ema_span_1": 1040.3098044025392,
          "enabled": true,
          "initial_eprice_ema_dist": -0.0006495014138562438,
          "initial_qty_pct": 0.04810552583361724,
          "markup_range": 0.023107480298452943,
          "min_markup": 0.011905802814590872,
          "n_close_orders": 8,
          "rentry_pprice_dist": 0.02255972933973341,
          "rentry_pprice_dist_wallet_exposure_weighting": 1.0966846723707548,
          "wallet_exposure_limit": 1},
 "short": {"auto_unstuck_delay_minutes": 427.68706718995,
           "auto_unstuck_ema_dist": -0.04580408882725173,
           "auto_unstuck_qty_pct": 0.0878758089138846,
           "auto_unstuck_wallet_exposure_threshold": 0.12793633057309944,
           "backwards_tp": false,
           "ddown_factor": 0.3556337990508438,
           "ema_span_0": 465.23322292128455,
           "ema_span_1": 878.7248741174735,
           "enabled": false,
           "initial_eprice_ema_dist": -0.009622893236990024,
           "initial_qty_pct": 0.01598287390998953,
           "markup_range": 0.0012607321202686183,
           "min_markup": 0.039760824935781446,
           "n_close_orders": 14,
           "rentry_pprice_dist": 0.030642149905068406,
           "rentry_pprice_dist_wallet_exposure_weighting": 0.6966848719472576,
           "wallet_exposure_limit": 1.0}}