{"config_name": "recursive_grid_ONDOUSDT_120days",
 "logging_level": 0,
 "long": {"auto_unstuck_delay_minutes": 1337.3180768501454,
          "auto_unstuck_ema_dist": 0.021930396260790627,
          "auto_unstuck_qty_pct": 0.01,
          "auto_unstuck_wallet_exposure_threshold": 0.06725614506117648,
          "backwards_tp": false,
          "ddown_factor": 0.7104971990313698,
          "ema_span_0": 680.3787402580804,
          "ema_span_1": 650.2245247689043,
          "enabled": true,
          "initial_eprice_ema_dist": 0.01375048992586255,
          "initial_qty_pct": 0.0375188576045143,
          "markup_range": 0.030041705669660086,
          "min_markup": 0.03584672389243556,
          "n_close_orders": 5,
          "rentry_pprice_dist": 0.02664355146241489,
          "rentry_pprice_dist_wallet_exposure_weighting": 0.5385371835807164,
          "wallet_exposure_limit": 1},
 "short": {"auto_unstuck_delay_minutes": 447.2281963068594,
           "auto_unstuck_ema_dist": -0.08037396869851707,
           "auto_unstuck_qty_pct": 0.01262643237563835,
           "auto_unstuck_wallet_exposure_threshold": 0.10123389052586217,
           "backwards_tp": false,
           "ddown_factor": 1.246138096025624,
           "ema_span_0": 316.06337117175923,
           "ema_span_1": 613.5070909330839,
           "enabled": false,
           "initial_eprice_ema_dist": -0.0700976412819573,
           "initial_qty_pct": 0.03301032974326064,
           "markup_range": 0.028011217246680303,
           "min_markup": 0.006424981102126681,
           "n_close_orders": 9,
           "rentry_pprice_dist": 0.049730974030017826,
           "rentry_pprice_dist_wallet_exposure_weighting": 15.034255352219873,
           "wallet_exposure_limit": 1.0}}