{"config_name": "recursive_grid_ZRXUSDT_454days",
 "logging_level": 0,
 "long": {"auto_unstuck_delay_minutes": 685.2398121357081,
          "auto_unstuck_ema_dist": 0.02714119773767773,
          "auto_unstuck_qty_pct": 0.01,
          "auto_unstuck_wallet_exposure_threshold": 0.0830552923962979,
          "backwards_tp": false,
          "ddown_factor": 0.6845048889103551,
          "ema_span_0": 1196.9173217079135,
          "ema_span_1": 1159.7886662789429,
          "enabled": true,
          "initial_eprice_ema_dist": 0.006736561353499696,
          "initial_qty_pct": 0.05,
          "markup_range": 0.03621089712539938,
          "min_markup": 0.0032903454968871335,
          "n_close_orders": 6,
          "rentry_pprice_dist": 0.06827723003097656,
          "rentry_pprice_dist_wallet_exposure_weighting": 0.860460969171293,
          "wallet_exposure_limit": 1.0},
 "short": {"auto_unstuck_delay_minutes": 377.3369585960767,
           "auto_unstuck_ema_dist": -0.07688038509493589,
           "auto_unstuck_qty_pct": 0.0382728066520019,
           "auto_unstuck_wallet_exposure_threshold": 0.29359227813361133,
           "backwards_tp": true,
           "ddown_factor": 0.6682261621406519,
           "ema_span_0": 875.1627660672688,
           "ema_span_1": 376.3989169294238,
           "enabled": false,
           "initial_eprice_ema_dist": -0.03155400030316145,
           "initial_qty_pct": 0.025510691379037193,
           "markup_range": 0.023350957782181596,
           "min_markup": 0.007155613794296842,
           "n_close_orders": 5,
           "rentry_pprice_dist": 0.03034261877556397,
           "rentry_pprice_dist_wallet_exposure_weighting": 14.564683296048615,
           "wallet_exposure_limit": 1.0}}