{"config_name": "recursive_grid_SOLUSDT_454days",
 "logging_level": 0,
 "long": {"auto_unstuck_delay_minutes": 707.4276841659956,
          "auto_unstuck_ema_dist": 0.037256774900161924,
          "auto_unstuck_qty_pct": 0.01,
          "auto_unstuck_wallet_exposure_threshold": 0.0566935958729496,
          "backwards_tp": false,
          "ddown_factor": 1.214749338462687,
          "ema_span_0": 1113.5114117189025,
          "ema_span_1": 954.537586814839,
          "enabled": true,
          "initial_eprice_ema_dist": 0.005274316446623468,
          "initial_qty_pct": 0.05,
          "markup_range": 0.02376639543164745,
          "min_markup": 0.005940475204660927,
          "n_close_orders": 3,
          "rentry_pprice_dist": 0.03746952966601758,
          "rentry_pprice_dist_wallet_exposure_weighting": 1.613573420840912,
          "wallet_exposure_limit": 1.0},
 "short": {"auto_unstuck_delay_minutes": 494.3991456999111,
           "auto_unstuck_ema_dist": -0.06458440470192021,
           "auto_unstuck_qty_pct": 0.056586441664304196,
           "auto_unstuck_wallet_exposure_threshold": 0.4841827257755247,
           "backwards_tp": true,
           "ddown_factor": 0.5295420882669296,
           "ema_span_0": 62.730817286636494,
           "ema_span_1": 1186.356998793327,
           "enabled": false,
           "initial_eprice_ema_dist": -0.04090025823583314,
           "initial_qty_pct": 0.032202338768847066,
           "markup_range": 0.021720929158695768,
           "min_markup": 0.00280945650940601,
           "n_close_orders": 12,
           "rentry_pprice_dist": 0.010251992700791912,
           "rentry_pprice_dist_wallet_exposure_weighting": 17.711095188292656,
           "wallet_exposure_limit": 1.0}}