{"config_name": "recursive_grid_STXUSDT_365days",
 "logging_level": 0,
 "long": {"auto_unstuck_delay_minutes": 1301.154280535568,
          "auto_unstuck_ema_dist": -0.019439124047595138,
          "auto_unstuck_qty_pct": 0.09456582573930267,
          "auto_unstuck_wallet_exposure_threshold": 0.13938460862857363,
          "backwards_tp": true,
          "ddown_factor": 1.4215939535491056,
          "ema_span_0": 1452.1797258251752,
          "ema_span_1": 1398.0391546586945,
          "enabled": true,
          "initial_eprice_ema_dist": -0.003777214951625728,
          "initial_qty_pct": 0.03815818368649959,
          "markup_range": 0.020013766645964937,
          "min_markup": 0.005305061574171202,
          "n_close_orders": 2,
          "rentry_pprice_dist": 0.043785241589583676,
          "rentry_pprice_dist_wallet_exposure_weighting": 2.2866672659812277,
          "wallet_exposure_limit": 1},
 "short": {"auto_unstuck_delay_minutes": 0.0,
           "auto_unstuck_ema_dist": 0.0,
           "auto_unstuck_qty_pct": 0.0,
           "auto_unstuck_wallet_exposure_threshold": 0.0,
           "backwards_tp": true,
           "ddown_factor": 1.8248807913325193,
           "ema_span_0": 1434.0864893101057,
           "ema_span_1": 1264.6403116962344,
           "enabled": false,
           "initial_eprice_ema_dist": -0.00968767593476877,
           "initial_qty_pct": 0.014911990234825232,
           "markup_range": 0.00529030395764992,
           "min_markup": 0.004500555041302245,
           "n_close_orders": 7,
           "rentry_pprice_dist": 0.036397755655506896,
           "rentry_pprice_dist_wallet_exposure_weighting": 6.308725213134172,
           "wallet_exposure_limit": 1.0}}