{"config_name": "recursive_grid_MYROUSDT_71days",
 "logging_level": 0,
 "long": {"auto_unstuck_delay_minutes": 749.9357790843754,
          "auto_unstuck_ema_dist": -0.0165098433163023,
          "auto_unstuck_qty_pct": 0.01,
          "auto_unstuck_wallet_exposure_threshold": 0.06423528407879907,
          "backwards_tp": false,
          "ddown_factor": 1.4200390636553464,
          "ema_span_0": 631.558993727687,
          "ema_span_1": 847.1096211855225,
          "enabled": true,
          "initial_eprice_ema_dist": 0.009321282646960714,
          "initial_qty_pct": 0.05,
          "markup_range": 0.04984988222048095,
          "min_markup": 0.002,
          "n_close_orders": 5,
          "rentry_pprice_dist": 0.04314336022112385,
          "rentry_pprice_dist_wallet_exposure_weighting": 4.881968974763552,
          "wallet_exposure_limit": 1},
 "short": {"auto_unstuck_delay_minutes": 994.7241386775236,
           "auto_unstuck_ema_dist": -0.06487841528882834,
           "auto_unstuck_qty_pct": 0.07926099232674175,
           "auto_unstuck_wallet_exposure_threshold": 0.7497173502774557,
           "backwards_tp": true,
           "ddown_factor": 2.764062793199225,
           "ema_span_0": 529.6948672676858,
           "ema_span_1": 122.42232176400998,
           "enabled": false,
           "initial_eprice_ema_dist": -0.09987722076797662,
           "initial_qty_pct": 0.04644059924777003,
           "markup_range": 0.05286694722100489,
           "min_markup": 0.007191023753686003,
           "n_close_orders": 15,
           "rentry_pprice_dist": 0.015445333878212425,
           "rentry_pprice_dist_wallet_exposure_weighting": 5.205900622760796,
           "wallet_exposure_limit": 1.0}}