{"config_name": "recursive_grid_AGIXUSDT_325days",
 "logging_level": 0,
 "long": {"auto_unstuck_delay_minutes": 601.4856279178102,
          "auto_unstuck_ema_dist": -0.024261900765411126,
          "auto_unstuck_qty_pct": 0.0900616845352863,
          "auto_unstuck_wallet_exposure_threshold": 0.3129041983072176,
          "backwards_tp": false,
          "ddown_factor": 0.8102032763883972,
          "ema_span_0": 1083.7610608732944,
          "ema_span_1": 1542.8062748870411,
          "enabled": true,
          "initial_eprice_ema_dist": 0.0241417318324772,
          "initial_qty_pct": 0.0432669916628335,
          "markup_range": 0.028652615715622123,
          "min_markup": 0.014388477943431932,
          "n_close_orders": 6,
          "rentry_pprice_dist": 0.02588969072646043,
          "rentry_pprice_dist_wallet_exposure_weighting": 5.306662043524345,
          "wallet_exposure_limit": 1},
 "short": {"auto_unstuck_delay_minutes": 1213.276691620011,
           "auto_unstuck_ema_dist": -0.07606961151352064,
           "auto_unstuck_qty_pct": 0.0838195387779762,
           "auto_unstuck_wallet_exposure_threshold": 0.12406672770475619,
           "backwards_tp": false,
           "ddown_factor": 0.5555822481662996,
           "ema_span_0": 661.0264959871715,
           "ema_span_1": 585.5086120465154,
           "enabled": false,
           "initial_eprice_ema_dist": -0.00965609040740079,
           "initial_qty_pct": 0.01888551263188076,
           "markup_range": 0.0009136377614002633,
           "min_markup": 0.04993991771891392,
           "n_close_orders": 15,
           "rentry_pprice_dist": 0.04857968221763191,
           "rentry_pprice_dist_wallet_exposure_weighting": 3.1103704476420093,
           "wallet_exposure_limit": 1.0}}