{"config_name": "recursive_grid_NEARUSDT_142days",
 "logging_level": 0,
 "long": {"auto_unstuck_delay_minutes": 1282.045237003233,
          "auto_unstuck_ema_dist": 0.02313821951595255,
          "auto_unstuck_qty_pct": 0.01,
          "auto_unstuck_wallet_exposure_threshold": 0.07448662381715213,
          "backwards_tp": false,
          "ddown_factor": 0.45436888590928115,
          "ema_span_0": 741.5789350107274,
          "ema_span_1": 400,
          "enabled": true,
          "initial_eprice_ema_dist": 0.004031742928792151,
          "initial_qty_pct": 0.04584293397013519,
          "markup_range": 0.029084357281118148,
          "min_markup": 0.036403546235498345,
          "n_close_orders": 5,
          "rentry_pprice_dist": 0.01598231309443875,
          "rentry_pprice_dist_wallet_exposure_weighting": 4.857105104883611,
          "wallet_exposure_limit": 1.0},
 "short": {"auto_unstuck_delay_minutes": 148.63810174167,
           "auto_unstuck_ema_dist": -0.01503080443099733,
           "auto_unstuck_qty_pct": 0.0783602258861027,
           "auto_unstuck_wallet_exposure_threshold": 0.29873386822884146,
           "backwards_tp": false,
           "ddown_factor": 2.4845876868638466,
           "ema_span_0": 234.23901343350502,
           "ema_span_1": 1302.0819421945118,
           "enabled": false,
           "initial_eprice_ema_dist": -0.07623446840747371,
           "initial_qty_pct": 0.04343974641514804,
           "markup_range": 0.05504834233513632,
           "min_markup": 0.006544825843271791,
           "n_close_orders": 3,
           "rentry_pprice_dist": 0.040644363226570605,
           "rentry_pprice_dist_wallet_exposure_weighting": 19.51179858631536,
           "wallet_exposure_limit": 1.0}}