{"config_name": "recursive_grid_SHIB1000USDT_365days",
 "logging_level": 0,
 "long": {"auto_unstuck_delay_minutes": 515.1551718344782,
          "auto_unstuck_ema_dist": -0.0874362263548355,
          "auto_unstuck_qty_pct": 0.02374913281211593,
          "auto_unstuck_wallet_exposure_threshold": 0.13078526134550542,
          "backwards_tp": false,
          "ddown_factor": 0.22822267677879352,
          "ema_span_0": 851.5145238387893,
          "ema_span_1": 641.7255750279796,
          "enabled": true,
          "initial_eprice_ema_dist": -0.0742292732954438,
          "initial_qty_pct": 0.03243232287255802,
          "markup_range": 0.01999115217073638,
          "min_markup": 0.00853761961299115,
          "n_close_orders": 5,
          "rentry_pprice_dist": 0.024427709610622256,
          "rentry_pprice_dist_wallet_exposure_weighting": 0.9031540412992447,
          "wallet_exposure_limit": 1},
 "short": {"auto_unstuck_delay_minutes": 1191.9072795012082,
           "auto_unstuck_ema_dist": -0.04227237535516472,
           "auto_unstuck_qty_pct": 0.034730984223560156,
           "auto_unstuck_wallet_exposure_threshold": 0.02697270727637331,
           "backwards_tp": false,
           "ddown_factor": 0.6327618954192908,
           "ema_span_0": 1171.0295519045562,
           "ema_span_1": 966.4250427684732,
           "enabled": false,
           "initial_eprice_ema_dist": 0.0011004854618900054,
           "initial_qty_pct": 0.01122444116304255,
           "markup_range": 0.00895454150690169,
           "min_markup": 0.02014719339932396,
           "n_close_orders": 7,
           "rentry_pprice_dist": 0.042078579263375215,
           "rentry_pprice_dist_wallet_exposure_weighting": 6.927894413029669,
           "wallet_exposure_limit": 1.0}}