{"config_name": "recursive_grid_TIAUSDT_121days",
 "logging_level": 0,
 "long": {"auto_unstuck_delay_minutes": 1379.038375680074,
          "auto_unstuck_ema_dist": -0.09478915093297072,
          "auto_unstuck_qty_pct": 0.09388365911813218,
          "auto_unstuck_wallet_exposure_threshold": 0.02219065027957883,
          "backwards_tp": true,
          "ddown_factor": 0.3002308171185393,
          "ema_span_0": 1049.8274038212178,
          "ema_span_1": 489.54068063739373,
          "enabled": true,
          "initial_eprice_ema_dist": -0.008629785590508374,
          "initial_qty_pct": 0.034854683815777374,
          "markup_range": 0.02773116838849983,
          "min_markup": 0.047655145461488205,
          "n_close_orders": 2,
          "rentry_pprice_dist": 0.03580221136981748,
          "rentry_pprice_dist_wallet_exposure_weighting": 5.7840494673576845,
          "wallet_exposure_limit": 1.0},
 "short": {"auto_unstuck_delay_minutes": 0.0,
           "auto_unstuck_ema_dist": 0.0,
           "auto_unstuck_qty_pct": 0.0,
           "auto_unstuck_wallet_exposure_threshold": 0.0,
           "backwards_tp": true,
           "ddown_factor": 2.94040996019343,
           "ema_span_0": 571.830486632861,
           "ema_span_1": 487.9230251883963,
           "enabled": false,
           "initial_eprice_ema_dist": 0.002262830003804754,
           "initial_qty_pct": 0.011612079244641502,
           "markup_range": 0.005224819059809573,
           "min_markup": 0.006647863783011885,
           "n_close_orders": 12,
           "rentry_pprice_dist": 0.04365505552085059,
           "rentry_pprice_dist_wallet_exposure_weighting": 4.928495257656826,
           "wallet_exposure_limit": 1.0}}