{"config_name": "recursive_grid_ONDOUSDT_67days",
 "logging_level": 0,
 "long": {"auto_unstuck_delay_minutes": 908.6710222297055,
          "auto_unstuck_ema_dist": -0.02132339386233876,
          "auto_unstuck_qty_pct": 0.01,
          "auto_unstuck_wallet_exposure_threshold": 0.07071657541983749,
          "backwards_tp": false,
          "ddown_factor": 1.9853278455593193,
          "ema_span_0": 601.5860725527709,
          "ema_span_1": 625.7104872818823,
          "enabled": true,
          "initial_eprice_ema_dist": 0.004494707099340329,
          "initial_qty_pct": 0.05,
          "markup_range": 0.05553348198404075,
          "min_markup": 0.009052916646263348,
          "n_close_orders": 5,
          "rentry_pprice_dist": 0.020587557094202787,
          "rentry_pprice_dist_wallet_exposure_weighting": 0.6527938500828984,
          "wallet_exposure_limit": 1},
 "short": {"auto_unstuck_delay_minutes": 922.5852188859727,
           "auto_unstuck_ema_dist": -0.04944426308158463,
           "auto_unstuck_qty_pct": 0.08395934143777756,
           "auto_unstuck_wallet_exposure_threshold": 0.29630727522908995,
           "backwards_tp": true,
           "ddown_factor": 1.060636954775745,
           "ema_span_0": 903.1619337704259,
           "ema_span_1": 1231.2362922811346,
           "enabled": false,
           "initial_eprice_ema_dist": -0.028927762961363665,
           "initial_qty_pct": 0.03790080065525428,
           "markup_range": 0.019765264870388922,
           "min_markup": 0.0023606105313007256,
           "n_close_orders": 11,
           "rentry_pprice_dist": 0.006042249772914663,
           "rentry_pprice_dist_wallet_exposure_weighting": 3.3958558139203965,
           "wallet_exposure_limit": 1.0}}