{"config_name": "recursive_grid_ENAUSDT_50days",
 "logging_level": 0,
 "long": {"auto_unstuck_delay_minutes": 969.6884669659304,
          "auto_unstuck_ema_dist": -0.02509332243112289,
          "auto_unstuck_qty_pct": 0.01,
          "auto_unstuck_wallet_exposure_threshold": 0.0454904529151404,
          "backwards_tp": false,
          "ddown_factor": 1.3809684875542758,
          "ema_span_0": 770.988078887216,
          "ema_span_1": 911.8704210296955,
          "enabled": true,
          "initial_eprice_ema_dist": 0.007125700683930561,
          "initial_qty_pct": 0.049936348190763945,
          "markup_range": 0.03237247800927136,
          "min_markup": 0.02225661947964067,
          "n_close_orders": 4,
          "rentry_pprice_dist": 0.02861672994782438,
          "rentry_pprice_dist_wallet_exposure_weighting": 11.335922455498944,
          "wallet_exposure_limit": 1.0},
 "short": {"auto_unstuck_delay_minutes": 375.4483567845498,
           "auto_unstuck_ema_dist": -0.04661218582131248,
           "auto_unstuck_qty_pct": 0.060744283544936606,
           "auto_unstuck_wallet_exposure_threshold": 0.3999637147734,
           "backwards_tp": false,
           "ddown_factor": 1.9317125424015757,
           "ema_span_0": 835.770978821197,
           "ema_span_1": 1043.3415657799308,
           "enabled": false,
           "initial_eprice_ema_dist": -0.09121054028295172,
           "initial_qty_pct": 0.03316621679992924,
           "markup_range": 0.011135231294498487,
           "min_markup": 0.005311510116720958,
           "n_close_orders": 9,
           "rentry_pprice_dist": 0.03875057141618626,
           "rentry_pprice_dist_wallet_exposure_weighting": 3.1344288894197847,
           "wallet_exposure_limit": 1.0}}