{"config_name": "recursive_grid_TRXUSDT_366days",
 "logging_level": 0,
 "long": {"auto_unstuck_delay_minutes": 1291.9801778045548,
          "auto_unstuck_ema_dist": -0.05639870902052748,
          "auto_unstuck_qty_pct": 0.01,
          "auto_unstuck_wallet_exposure_threshold": 0.09840976247402324,
          "backwards_tp": false,
          "ddown_factor": 0.1,
          "ema_span_0": 1593.4302350762794,
          "ema_span_1": 1875.6055508416189,
          "enabled": true,
          "initial_eprice_ema_dist": -0.005865559171666527,
          "initial_qty_pct": 0.038823305057059054,
          "markup_range": 0.01813673839052357,
          "min_markup": 0.00557625452076666,
          "n_close_orders": 3,
          "rentry_pprice_dist": 0.018124342263944448,
          "rentry_pprice_dist_wallet_exposure_weighting": 0.48974118997841826,
          "wallet_exposure_limit": 1},
 "short": {"auto_unstuck_delay_minutes": 0.0,
           "auto_unstuck_ema_dist": 0.0,
           "auto_unstuck_qty_pct": 0.0,
           "auto_unstuck_wallet_exposure_threshold": 0.0,
           "backwards_tp": false,
           "ddown_factor": 1.9760274901467747,
           "ema_span_0": 623.5061239306609,
           "ema_span_1": 406.80298517161685,
           "enabled": false,
           "initial_eprice_ema_dist": -0.0028708746283834033,
           "initial_qty_pct": 0.008000553335489699,
           "markup_range": 0.005640778922554732,
           "min_markup": 0.003683306728166379,
           "n_close_orders": 3,
           "rentry_pprice_dist": 0.05728260392731404,
           "rentry_pprice_dist_wallet_exposure_weighting": 1.4180008531277584,
           "wallet_exposure_limit": 1.0}}