{"config_name": "recursive_grid_GRTUSDT_143days",
 "logging_level": 0,
 "long": {"auto_unstuck_delay_minutes": 1427.5942790684196,
          "auto_unstuck_ema_dist": -0.023726991589232208,
          "auto_unstuck_qty_pct": 0.01,
          "auto_unstuck_wallet_exposure_threshold": 0.03962731697556489,
          "backwards_tp": false,
          "ddown_factor": 0.34744961526093365,
          "ema_span_0": 235.98519875569568,
          "ema_span_1": 256.96610525043707,
          "enabled": true,
          "initial_eprice_ema_dist": 0.029286810969317453,
          "initial_qty_pct": 0.04387209295663956,
          "markup_range": 0.04936029759997884,
          "min_markup": 0.024737522306813146,
          "n_close_orders": 6,
          "rentry_pprice_dist": 0.005,
          "rentry_pprice_dist_wallet_exposure_weighting": 12.65950074877756,
          "wallet_exposure_limit": 1.0},
 "short": {"auto_unstuck_delay_minutes": 1347.0813136903678,
           "auto_unstuck_ema_dist": -0.02500155754140497,
           "auto_unstuck_qty_pct": 0.014576227466584421,
           "auto_unstuck_wallet_exposure_threshold": 0.16072326596275596,
           "backwards_tp": false,
           "ddown_factor": 1.6294500017015698,
           "ema_span_0": 418.1255887451192,
           "ema_span_1": 280.6038532952482,
           "enabled": false,
           "initial_eprice_ema_dist": -0.03194644019449734,
           "initial_qty_pct": 0.026459186574491964,
           "markup_range": 0.04647723739216339,
           "min_markup": 0.008792349985867172,
           "n_close_orders": 12,
           "rentry_pprice_dist": 0.037788771452696025,
           "rentry_pprice_dist_wallet_exposure_weighting": 14.777316753645362,
           "wallet_exposure_limit": 1.0}}