{"config_name": "recursive_grid_POWRUSDT_146days",
 "logging_level": 0,
 "long": {"auto_unstuck_delay_minutes": 827.0081389032534,
          "auto_unstuck_ema_dist": 0.015163539517651535,
          "auto_unstuck_qty_pct": 0.01,
          "auto_unstuck_wallet_exposure_threshold": 0.08473487236479688,
          "backwards_tp": false,
          "ddown_factor": 0.6,
          "ema_span_0": 1300.5807973834058,
          "ema_span_1": 621.0863855134966,
          "enabled": true,
          "initial_eprice_ema_dist": -0.007554109706297385,
          "initial_qty_pct": 0.03303283001232072,
          "markup_range": 0.015312222740783154,
          "min_markup": 0.008,
          "n_close_orders": 6,
          "rentry_pprice_dist": 0.02177421080770168,
          "rentry_pprice_dist_wallet_exposure_weighting": 7.913674998453863,
          "wallet_exposure_limit": 1},
 "short": {"auto_unstuck_delay_minutes": 391.9277871566309,
           "auto_unstuck_ema_dist": -0.03832528526069325,
           "auto_unstuck_qty_pct": 0.0886657670854512,
           "auto_unstuck_wallet_exposure_threshold": 0.2705948197129942,
           "backwards_tp": false,
           "ddown_factor": 2.404248385724361,
           "ema_span_0": 1285.3631632907359,
           "ema_span_1": 358.08911139366035,
           "enabled": false,
           "initial_eprice_ema_dist": -0.03932763423725871,
           "initial_qty_pct": 0.036758218639170094,
           "markup_range": 0.0026265075563928785,
           "min_markup": 0.007656695310332501,
           "n_close_orders": 10,
           "rentry_pprice_dist": 0.03975250892522655,
           "rentry_pprice_dist_wallet_exposure_weighting": 3.1225048347842232,
           "wallet_exposure_limit": 1.0}}