{"config_name": "recursive_grid_MKRUSDT_848days",
 "logging_level": 0,
 "long": {"auto_unstuck_delay_minutes": 0,
          "auto_unstuck_ema_dist": 0,
          "auto_unstuck_qty_pct": 0,
          "auto_unstuck_wallet_exposure_threshold": 0.0,
          "backwards_tp": false,
          "ddown_factor": 0.4318198541246458,
          "ema_span_0": 605.1070287743007,
          "ema_span_1": 1302.2905119828338,
          "enabled": true,
          "initial_eprice_ema_dist": 0.016990838194393895,
          "initial_qty_pct": 0.04,
          "markup_range": 0.03659592498575282,
          "min_markup": 0.008294137528638995,
          "n_close_orders": 2,
          "rentry_pprice_dist": 0.021485477881146804,
          "rentry_pprice_dist_wallet_exposure_weighting": 11.026493669873329,
          "wallet_exposure_limit": 1},
 "short": {"auto_unstuck_delay_minutes": 1191.0188835474514,
           "auto_unstuck_ema_dist": -0.06253184780544935,
           "auto_unstuck_qty_pct": 0.05679506810955756,
           "auto_unstuck_wallet_exposure_threshold": 0.10708209495319086,
           "backwards_tp": false,
           "ddown_factor": 1.2131643314572045,
           "ema_span_0": 297.86501655836395,
           "ema_span_1": 846.4611968825038,
           "enabled": false,
           "initial_eprice_ema_dist": -0.06276925910072137,
           "initial_qty_pct": 0.014682487660876516,
           "markup_range": 0.041986566853056274,
           "min_markup": 0.004741484980753958,
           "n_close_orders": 8,
           "rentry_pprice_dist": 0.03562029448376109,
           "rentry_pprice_dist_wallet_exposure_weighting": 18.42969626694029,
           "wallet_exposure_limit": 1.0}}