{"config_name": "recursive_grid_NEARUSDT_142days",
 "logging_level": 0,
 "long": {"auto_unstuck_delay_minutes": 1066.1425023630545,
          "auto_unstuck_ema_dist": 0.009550775620166388,
          "auto_unstuck_qty_pct": 0.01,
          "auto_unstuck_wallet_exposure_threshold": 0.08969611949471534,
          "backwards_tp": false,
          "ddown_factor": 1.260858168235103,
          "ema_span_0": 591.3017572288175,
          "ema_span_1": 1230.2511484280947,
          "enabled": true,
          "initial_eprice_ema_dist": 0.02941833688800172,
          "initial_qty_pct": 0.040019686840746194,
          "markup_range": 0.031554062839466566,
          "min_markup": 0.01178478103988374,
          "n_close_orders": 4,
          "rentry_pprice_dist": 0.019662035069241184,
          "rentry_pprice_dist_wallet_exposure_weighting": 4.0508557538641945,
          "wallet_exposure_limit": 1.0},
 "short": {"auto_unstuck_delay_minutes": 516.6743035483779,
           "auto_unstuck_ema_dist": -0.061242010666108224,
           "auto_unstuck_qty_pct": 0.04427531109301829,
           "auto_unstuck_wallet_exposure_threshold": 0.14720073293683447,
           "backwards_tp": false,
           "ddown_factor": 1.5162831202012927,
           "ema_span_0": 1038.7062571780586,
           "ema_span_1": 1259.652400516994,
           "enabled": false,
           "initial_eprice_ema_dist": -0.07121802783641118,
           "initial_qty_pct": 0.04344152899496152,
           "markup_range": 0.021287013728380867,
           "min_markup": 0.0071642401774610455,
           "n_close_orders": 4,
           "rentry_pprice_dist": 0.04337146988274665,
           "rentry_pprice_dist_wallet_exposure_weighting": 15.7697100563267,
           "wallet_exposure_limit": 1.0}}