{"config_name": "recursive_grid_XLMUSDT_156days",
 "logging_level": 0,
 "long": {"auto_unstuck_delay_minutes": 921.7511829402013,
          "auto_unstuck_ema_dist": -0.034350985960580574,
          "auto_unstuck_qty_pct": 0.01,
          "auto_unstuck_wallet_exposure_threshold": 0.03926270152074609,
          "backwards_tp": false,
          "ddown_factor": 0.5098072931779247,
          "ema_span_0": 410.2783113552783,
          "ema_span_1": 1050.3031918413553,
          "enabled": true,
          "initial_eprice_ema_dist": 0.007163911297629388,
          "initial_qty_pct": 0.04942778520522597,
          "markup_range": 0.010632097287331515,
          "min_markup": 0.010188856811741002,
          "n_close_orders": 5,
          "rentry_pprice_dist": 0.008517264551775552,
          "rentry_pprice_dist_wallet_exposure_weighting": 8.257511096670358,
          "wallet_exposure_limit": 1.0},
 "short": {"auto_unstuck_delay_minutes": 254.73580244581956,
           "auto_unstuck_ema_dist": -0.04154182667595226,
           "auto_unstuck_qty_pct": 0.0155535021358107,
           "auto_unstuck_wallet_exposure_threshold": 0.8738030788598822,
           "backwards_tp": false,
           "ddown_factor": 1.022564746019298,
           "ema_span_0": 978.2764824808817,
           "ema_span_1": 802.5024080537569,
           "enabled": false,
           "initial_eprice_ema_dist": -0.021169720014509993,
           "initial_qty_pct": 0.04124759395491548,
           "markup_range": 0.043590528005391226,
           "min_markup": 0.007091171358861819,
           "n_close_orders": 15,
           "rentry_pprice_dist": 0.020204562310163328,
           "rentry_pprice_dist_wallet_exposure_weighting": 13.747601384237228,
           "wallet_exposure_limit": 1.0}}