{"config_name": "recursive_grid_SHIB1000USDT_365days",
 "logging_level": 0,
 "long": {"auto_unstuck_delay_minutes": 664.1978981702531,
          "auto_unstuck_ema_dist": -0.019759989032004627,
          "auto_unstuck_qty_pct": 0.03331265688777042,
          "auto_unstuck_wallet_exposure_threshold": 0.5123897168864004,
          "backwards_tp": false,
          "ddown_factor": 0.19230569108428638,
          "ema_span_0": 326.58837994952705,
          "ema_span_1": 1383.2712090043797,
          "enabled": true,
          "initial_eprice_ema_dist": -0.02444362783804341,
          "initial_qty_pct": 0.026295891635830685,
          "markup_range": 0.024360947989254294,
          "min_markup": 0.008240177010996197,
          "n_close_orders": 5,
          "rentry_pprice_dist": 0.02541636771908203,
          "rentry_pprice_dist_wallet_exposure_weighting": 0.5879599907802185,
          "wallet_exposure_limit": 1},
 "short": {"auto_unstuck_delay_minutes": 1191.9072795012082,
           "auto_unstuck_ema_dist": -0.04227237535516472,
           "auto_unstuck_qty_pct": 0.034730984223560156,
           "auto_unstuck_wallet_exposure_threshold": 0.02697270727637331,
           "backwards_tp": false,
           "ddown_factor": 0.6327618954192908,
           "ema_span_0": 1171.0295519045562,
           "ema_span_1": 966.4250427684732,
           "enabled": false,
           "initial_eprice_ema_dist": 0.0011004854618900054,
           "initial_qty_pct": 0.01122444116304255,
           "markup_range": 0.00895454150690169,
           "min_markup": 0.02014719339932396,
           "n_close_orders": 7,
           "rentry_pprice_dist": 0.042078579263375215,
           "rentry_pprice_dist_wallet_exposure_weighting": 6.927894413029669,
           "wallet_exposure_limit": 1.0}}