{"config_name": "recursive_grid_TRXUSDT_365days",
 "logging_level": 0,
 "long": {"auto_unstuck_delay_minutes": 1294.9341567186625,
          "auto_unstuck_ema_dist": -0.005311589791119273,
          "auto_unstuck_qty_pct": 0.08113328500150258,
          "auto_unstuck_wallet_exposure_threshold": 0.08165618020516675,
          "backwards_tp": true,
          "ddown_factor": 0.6446383310478553,
          "ema_span_0": 901.5206992570324,
          "ema_span_1": 2070.115678201209,
          "enabled": true,
          "initial_eprice_ema_dist": -0.000365735800337828,
          "initial_qty_pct": 0.07134198424739804,
          "markup_range": 0.022962802999648882,
          "min_markup": 0.005135963023355911,
          "n_close_orders": 5,
          "rentry_pprice_dist": 0.03131543392716641,
          "rentry_pprice_dist_wallet_exposure_weighting": 4.141106423722006,
          "wallet_exposure_limit": 1},
 "short": {"auto_unstuck_delay_minutes": 0.0,
           "auto_unstuck_ema_dist": 0.0,
           "auto_unstuck_qty_pct": 0.0,
           "auto_unstuck_wallet_exposure_threshold": 0.0,
           "backwards_tp": true,
           "ddown_factor": 2.6524879068755363,
           "ema_span_0": 1238.491343959005,
           "ema_span_1": 1125.6808907929053,
           "enabled": false,
           "initial_eprice_ema_dist": -0.002609003735457481,
           "initial_qty_pct": 0.016527564147432224,
           "markup_range": 0.0038729321180636057,
           "min_markup": 0.0018759346324918483,
           "n_close_orders": 6,
           "rentry_pprice_dist": 0.023381340162616372,
           "rentry_pprice_dist_wallet_exposure_weighting": 8.82026330933395,
           "wallet_exposure_limit": 1.0}}