{"config_name": "recursive_grid_ADAUSDT_365days",
 "logging_level": 0,
 "long": {"auto_unstuck_delay_minutes": 1116.635188203249,
          "auto_unstuck_ema_dist": -0.06380131541592855,
          "auto_unstuck_qty_pct": 0.033441913840901324,
          "auto_unstuck_wallet_exposure_threshold": 0.14694247621435225,
          "backwards_tp": true,
          "ddown_factor": 0.49834417322610786,
          "ema_span_0": 563.5813195992207,
          "ema_span_1": 2159.555523958298,
          "enabled": true,
          "initial_eprice_ema_dist": -0.0012838936786989403,
          "initial_qty_pct": 0.03,
          "markup_range": 0.012823377526889173,
          "min_markup": 0.00931037867226013,
          "n_close_orders": 7,
          "rentry_pprice_dist": 0.04796127167499694,
          "rentry_pprice_dist_wallet_exposure_weighting": 3.7501664615385963,
          "wallet_exposure_limit": 1},
 "short": {"auto_unstuck_delay_minutes": 0.0,
           "auto_unstuck_ema_dist": 0.0,
           "auto_unstuck_qty_pct": 0.0,
           "auto_unstuck_wallet_exposure_threshold": 0.0,
           "backwards_tp": true,
           "ddown_factor": 1.4992487765936697,
           "ema_span_0": 1120.6699375613289,
           "ema_span_1": 486.9523104426437,
           "enabled": false,
           "initial_eprice_ema_dist": -0.0049559723910989825,
           "initial_qty_pct": 0.0191831118049423,
           "markup_range": 0.007237683477068926,
           "min_markup": 0.0033909271662953813,
           "n_close_orders": 4,
           "rentry_pprice_dist": 0.03529203470053384,
           "rentry_pprice_dist_wallet_exposure_weighting": 0.5161006153547434,
           "wallet_exposure_limit": 1.0}}