{"config_name": "recursive_grid_NEARUSDT_454days",
 "logging_level": 0,
 "long": {"auto_unstuck_delay_minutes": 757.5559398631128,
          "auto_unstuck_ema_dist": 0.005620053846090998,
          "auto_unstuck_qty_pct": 0.01,
          "auto_unstuck_wallet_exposure_threshold": 0.058022894532199665,
          "backwards_tp": false,
          "ddown_factor": 1.9166280728744995,
          "ema_span_0": 1401.3568982076947,
          "ema_span_1": 1354.258460198599,
          "enabled": true,
          "initial_eprice_ema_dist": 0.005192808874251314,
          "initial_qty_pct": 0.05,
          "markup_range": 0.038271109696348775,
          "min_markup": 0.007873387221800808,
          "n_close_orders": 5,
          "rentry_pprice_dist": 0.030905220678284537,
          "rentry_pprice_dist_wallet_exposure_weighting": 1.6388697261979188,
          "wallet_exposure_limit": 1},
 "short": {"auto_unstuck_delay_minutes": 101.06273487558211,
           "auto_unstuck_ema_dist": -0.03162277974247994,
           "auto_unstuck_qty_pct": 0.07143430044716259,
           "auto_unstuck_wallet_exposure_threshold": 0.7480021486906051,
           "backwards_tp": true,
           "ddown_factor": 1.628985582995495,
           "ema_span_0": 1430.2953091880713,
           "ema_span_1": 1260.5157576981214,
           "enabled": false,
           "initial_eprice_ema_dist": -0.026441636657617118,
           "initial_qty_pct": 0.02880229867752871,
           "markup_range": 0.024512658907546715,
           "min_markup": 0.008304928677275631,
           "n_close_orders": 9,
           "rentry_pprice_dist": 0.011769441101407981,
           "rentry_pprice_dist_wallet_exposure_weighting": 9.455152626173692,
           "wallet_exposure_limit": 1.0}}