{"config_name": "recursive_grid_NEOUSDT_150days",
 "logging_level": 0,
 "long": {"auto_unstuck_delay_minutes": 954.4293355802621,
          "auto_unstuck_ema_dist": 0.01900658266253284,
          "auto_unstuck_qty_pct": 0.01,
          "auto_unstuck_wallet_exposure_threshold": 0.07843073954623922,
          "backwards_tp": false,
          "ddown_factor": 0.3,
          "ema_span_0": 1287.1102095551098,
          "ema_span_1": 1287.7212341648344,
          "enabled": true,
          "initial_eprice_ema_dist": 0.007807478094216669,
          "initial_qty_pct": 0.048704837164292025,
          "markup_range": 0.012163661464002802,
          "min_markup": 0.021756144552586468,
          "n_close_orders": 7,
          "rentry_pprice_dist": 0.007635975600150256,
          "rentry_pprice_dist_wallet_exposure_weighting": 9.415591323293516,
          "wallet_exposure_limit": 1},
 "short": {"auto_unstuck_delay_minutes": 746.3272890271699,
           "auto_unstuck_ema_dist": -0.01828569287557598,
           "auto_unstuck_qty_pct": 0.02734752821357908,
           "auto_unstuck_wallet_exposure_threshold": 0.5193177758504914,
           "backwards_tp": false,
           "ddown_factor": 0.2728686499727111,
           "ema_span_0": 1408.3875003787605,
           "ema_span_1": 1302.5983593782598,
           "enabled": false,
           "initial_eprice_ema_dist": -0.06206025329777857,
           "initial_qty_pct": 0.021297605444036624,
           "markup_range": 0.046822493958306344,
           "min_markup": 0.004757905894125947,
           "n_close_orders": 4,
           "rentry_pprice_dist": 0.030645687894729948,
           "rentry_pprice_dist_wallet_exposure_weighting": 2.1426254629180552,
           "wallet_exposure_limit": 1.0}}