{"config_name": "recursive_grid_TIAUSDT_121days",
 "logging_level": 0,
 "long": {"auto_unstuck_delay_minutes": 112.54658242087206,
          "auto_unstuck_ema_dist": -0.07845821182760855,
          "auto_unstuck_qty_pct": 0.025981139129986446,
          "auto_unstuck_wallet_exposure_threshold": 0.17187034222179481,
          "backwards_tp": false,
          "ddown_factor": 0.8051827602280899,
          "ema_span_0": 1394.686129846546,
          "ema_span_1": 1765.4411622355633,
          "enabled": true,
          "initial_eprice_ema_dist": -0.0073077432270228955,
          "initial_qty_pct": 0.07740114643507456,
          "markup_range": 0.01533495705381696,
          "min_markup": 0.02580024227949918,
          "n_close_orders": 2,
          "rentry_pprice_dist": 0.02488098868055586,
          "rentry_pprice_dist_wallet_exposure_weighting": 4.33269298913352,
          "wallet_exposure_limit": 1},
 "short": {"auto_unstuck_delay_minutes": 0.0,
           "auto_unstuck_ema_dist": 0.0,
           "auto_unstuck_qty_pct": 0.0,
           "auto_unstuck_wallet_exposure_threshold": 0.0,
           "backwards_tp": false,
           "ddown_factor": 0.3851425374481833,
           "ema_span_0": 851.5443706701845,
           "ema_span_1": 1044.1552668553127,
           "enabled": false,
           "initial_eprice_ema_dist": -0.0028556109977540007,
           "initial_qty_pct": 0.007395116542020666,
           "markup_range": 0.001686730820791087,
           "min_markup": 0.0011918965427270313,
           "n_close_orders": 7,
           "rentry_pprice_dist": 0.040440119818480336,
           "rentry_pprice_dist_wallet_exposure_weighting": 5.9123779161256795,
           "wallet_exposure_limit": 1.0}}