{"config_name": "recursive_grid_SHIB1000USDT_156days",
 "logging_level": 0,
 "long": {"auto_unstuck_delay_minutes": 1341.6220863693575,
          "auto_unstuck_ema_dist": 0.010175190894736695,
          "auto_unstuck_qty_pct": 0.01,
          "auto_unstuck_wallet_exposure_threshold": 0.07809166919414541,
          "backwards_tp": false,
          "ddown_factor": 0.4341414543988934,
          "ema_span_0": 600.683515409076,
          "ema_span_1": 1048.9077384176592,
          "enabled": true,
          "initial_eprice_ema_dist": -0.036248493265511085,
          "initial_qty_pct": 0.030044959497819337,
          "markup_range": 0.040831133664541816,
          "min_markup": 0.03474134962533515,
          "n_close_orders": 6,
          "rentry_pprice_dist": 0.019469735328627454,
          "rentry_pprice_dist_wallet_exposure_weighting": 12.008266778697674,
          "wallet_exposure_limit": 1.0},
 "short": {"auto_unstuck_delay_minutes": 815.7195560979344,
           "auto_unstuck_ema_dist": -0.0759663443452942,
           "auto_unstuck_qty_pct": 0.045231392777409625,
           "auto_unstuck_wallet_exposure_threshold": 0.27544146085039883,
           "backwards_tp": false,
           "ddown_factor": 0.40056042147013704,
           "ema_span_0": 223.92124607100766,
           "ema_span_1": 329.41850121792476,
           "enabled": false,
           "initial_eprice_ema_dist": -0.06300424646375431,
           "initial_qty_pct": 0.04512079978858009,
           "markup_range": 0.04767881876866799,
           "min_markup": 0.008377644901630309,
           "n_close_orders": 12,
           "rentry_pprice_dist": 0.0482100310875265,
           "rentry_pprice_dist_wallet_exposure_weighting": 15.979104176686835,
           "wallet_exposure_limit": 1.0}}