{"config_name": "recursive_grid_XRPUSDT_1127days",
 "logging_level": 0,
 "long": {"auto_unstuck_delay_minutes": 0,
          "auto_unstuck_ema_dist": 0,
          "auto_unstuck_qty_pct": 0,
          "auto_unstuck_wallet_exposure_threshold": 0.0,
          "backwards_tp": false,
          "ddown_factor": 0.4652385148072289,
          "ema_span_0": 873.6216769572745,
          "ema_span_1": 863.1403805871237,
          "enabled": true,
          "initial_eprice_ema_dist": 0.014264358762340765,
          "initial_qty_pct": 0.04,
          "markup_range": 0.04,
          "min_markup": 0.008897399819065956,
          "n_close_orders": 4,
          "rentry_pprice_dist": 0.0161121666409655,
          "rentry_pprice_dist_wallet_exposure_weighting": 9.416402967392363,
          "wallet_exposure_limit": 1},
 "short": {"auto_unstuck_delay_minutes": 205.59980876773463,
           "auto_unstuck_ema_dist": -0.0976853769343111,
           "auto_unstuck_qty_pct": 0.02071064216221809,
           "auto_unstuck_wallet_exposure_threshold": 0.776573803452732,
           "backwards_tp": false,
           "ddown_factor": 0.46877791659487444,
           "ema_span_0": 1104.1119091519658,
           "ema_span_1": 1191.5545883594941,
           "enabled": false,
           "initial_eprice_ema_dist": -0.019478984724065035,
           "initial_qty_pct": 0.04190577281743588,
           "markup_range": 0.050141908072768464,
           "min_markup": 0.00996175931026376,
           "n_close_orders": 2,
           "rentry_pprice_dist": 0.014101089921269662,
           "rentry_pprice_dist_wallet_exposure_weighting": 18.574169300670402,
           "wallet_exposure_limit": 1.0}}