{"config_name": "recursive_grid_XMRUSDT_454days",
 "logging_level": 0,
 "long": {"auto_unstuck_delay_minutes": 873.5180365366683,
          "auto_unstuck_ema_dist": -0.004281423192457556,
          "auto_unstuck_qty_pct": 0.01,
          "auto_unstuck_wallet_exposure_threshold": 0.049533670137020064,
          "backwards_tp": false,
          "ddown_factor": 1.9249509012994008,
          "ema_span_0": 910.9217818800237,
          "ema_span_1": 1199.733703092702,
          "enabled": true,
          "initial_eprice_ema_dist": 0.0063229117560833,
          "initial_qty_pct": 0.05,
          "markup_range": 0.052600528457872456,
          "min_markup": 0.005811865939326304,
          "n_close_orders": 4,
          "rentry_pprice_dist": 0.022057322775684122,
          "rentry_pprice_dist_wallet_exposure_weighting": 0.5387979702181438,
          "wallet_exposure_limit": 1.0},
 "short": {"auto_unstuck_delay_minutes": 181.68276145010506,
           "auto_unstuck_ema_dist": -0.0019340986173403268,
           "auto_unstuck_qty_pct": 0.0459058529128289,
           "auto_unstuck_wallet_exposure_threshold": 0.37906070070006315,
           "backwards_tp": true,
           "ddown_factor": 2.9497289616916156,
           "ema_span_0": 934.0775960646629,
           "ema_span_1": 1363.8128508176178,
           "enabled": false,
           "initial_eprice_ema_dist": -0.07909072340439427,
           "initial_qty_pct": 0.04169501613014728,
           "markup_range": 0.04333455882280298,
           "min_markup": 0.002849713469552485,
           "n_close_orders": 8,
           "rentry_pprice_dist": 0.03976596703576376,
           "rentry_pprice_dist_wallet_exposure_weighting": 16.953123868770376,
           "wallet_exposure_limit": 1.0}}