{"config_name": "recursive_grid_ZECUSDT_978days",
 "logging_level": 0,
 "long": {"auto_unstuck_delay_minutes": 0.0,
          "auto_unstuck_ema_dist": 0.0,
          "auto_unstuck_qty_pct": 0.0,
          "auto_unstuck_wallet_exposure_threshold": 0.0,
          "backwards_tp": false,
          "ddown_factor": 0.528689604479555,
          "ema_span_0": 452.99400683304293,
          "ema_span_1": 544.0316925406842,
          "enabled": true,
          "initial_eprice_ema_dist": 0.008243611142854032,
          "initial_qty_pct": 0.04,
          "markup_range": 0.0455693855031283,
          "min_markup": 0.03,
          "n_close_orders": 3,
          "rentry_pprice_dist": 0.047155115620933566,
          "rentry_pprice_dist_wallet_exposure_weighting": 12.964703851535967,
          "wallet_exposure_limit": 1.0},
 "short": {"auto_unstuck_delay_minutes": 213.83006538303948,
           "auto_unstuck_ema_dist": -0.05262603271670683,
           "auto_unstuck_qty_pct": 0.05086136779487575,
           "auto_unstuck_wallet_exposure_threshold": 0.717992035236204,
           "backwards_tp": false,
           "ddown_factor": 0.6574187447346387,
           "ema_span_0": 1366.0971513182708,
           "ema_span_1": 958.504045917527,
           "enabled": false,
           "initial_eprice_ema_dist": -0.09557599411884812,
           "initial_qty_pct": 0.029874777982168817,
           "markup_range": 0.009850124152241355,
           "min_markup": 0.004615167546740272,
           "n_close_orders": 10,
           "rentry_pprice_dist": 0.04878958056198266,
           "rentry_pprice_dist_wallet_exposure_weighting": 1.4449881819590904,
           "wallet_exposure_limit": 1.0}}