{"config_name": "recursive_grid_TRXUSDT_1016days",
 "logging_level": 0,
 "long": {"auto_unstuck_delay_minutes": 0.0,
          "auto_unstuck_ema_dist": 0.0,
          "auto_unstuck_qty_pct": 0.0,
          "auto_unstuck_wallet_exposure_threshold": 0.0,
          "backwards_tp": false,
          "ddown_factor": 0.4769899169236613,
          "ema_span_0": 364.00687852237496,
          "ema_span_1": 1416.6526338928488,
          "enabled": true,
          "initial_eprice_ema_dist": 0.04868323403220712,
          "initial_qty_pct": 0.04,
          "markup_range": 0.0359193805284791,
          "min_markup": 0.014641265841225435,
          "n_close_orders": 4,
          "rentry_pprice_dist": 0.02051193148394831,
          "rentry_pprice_dist_wallet_exposure_weighting": 10.791565891990805,
          "wallet_exposure_limit": 1.0},
 "short": {"auto_unstuck_delay_minutes": 1023.7080090619571,
           "auto_unstuck_ema_dist": -0.08090893555078783,
           "auto_unstuck_qty_pct": 0.07070479730078842,
           "auto_unstuck_wallet_exposure_threshold": 0.7742900882109628,
           "backwards_tp": false,
           "ddown_factor": 0.5327308721460136,
           "ema_span_0": 1157.8986905339336,
           "ema_span_1": 1060.7692495378997,
           "enabled": false,
           "initial_eprice_ema_dist": -0.08354664236013043,
           "initial_qty_pct": 0.03506930203483767,
           "markup_range": 0.006994173626321389,
           "min_markup": 0.007841556837809998,
           "n_close_orders": 6,
           "rentry_pprice_dist": 0.025498231087452482,
           "rentry_pprice_dist_wallet_exposure_weighting": 4.295267385311035,
           "wallet_exposure_limit": 1.0}}