{"config_name": "recursive_grid_LTCUSDT_143days",
 "logging_level": 0,
 "long": {"auto_unstuck_delay_minutes": 634.3643414654849,
          "auto_unstuck_ema_dist": -0.031128906046365916,
          "auto_unstuck_qty_pct": 0.01,
          "auto_unstuck_wallet_exposure_threshold": 0.09043999182759868,
          "backwards_tp": false,
          "ddown_factor": 0.5605835862444055,
          "ema_span_0": 925.8297481110787,
          "ema_span_1": 653.6697011663822,
          "enabled": true,
          "initial_eprice_ema_dist": -0.0011330316188988383,
          "initial_qty_pct": 0.04375679309427794,
          "markup_range": 0.03533366821963369,
          "min_markup": 0.00953563062625658,
          "n_close_orders": 8,
          "rentry_pprice_dist": 0.01022262939224268,
          "rentry_pprice_dist_wallet_exposure_weighting": 11.626308651743129,
          "wallet_exposure_limit": 1.0},
 "short": {"auto_unstuck_delay_minutes": 1361.6051634988173,
           "auto_unstuck_ema_dist": -0.08957374398741322,
           "auto_unstuck_qty_pct": 0.08081530388077188,
           "auto_unstuck_wallet_exposure_threshold": 0.7767234504689733,
           "backwards_tp": false,
           "ddown_factor": 2.1868824870958727,
           "ema_span_0": 1114.1499037215735,
           "ema_span_1": 253.4607956579246,
           "enabled": false,
           "initial_eprice_ema_dist": -0.09772807671715356,
           "initial_qty_pct": 0.029869019147326224,
           "markup_range": 0.017956390286954813,
           "min_markup": 0.007439313845581707,
           "n_close_orders": 5,
           "rentry_pprice_dist": 0.046673669514625364,
           "rentry_pprice_dist_wallet_exposure_weighting": 8.837646885192733,
           "wallet_exposure_limit": 1.0}}