{"config_name": "recursive_grid_NEARUSDT_143days",
 "logging_level": 0,
 "long": {"auto_unstuck_delay_minutes": 1440,
          "auto_unstuck_ema_dist": -0.04394268734613208,
          "auto_unstuck_qty_pct": 0.01,
          "auto_unstuck_wallet_exposure_threshold": 0.06620477595276651,
          "backwards_tp": false,
          "ddown_factor": 0.47458634749683715,
          "ema_span_0": 1082.9810589665935,
          "ema_span_1": 658.8746377099235,
          "enabled": true,
          "initial_eprice_ema_dist": 0.0038402678104534804,
          "initial_qty_pct": 0.042324104256612004,
          "markup_range": 0.020141840251562043,
          "min_markup": 0.03978156075074355,
          "n_close_orders": 7,
          "rentry_pprice_dist": 0.011883912595523863,
          "rentry_pprice_dist_wallet_exposure_weighting": 7.73545005786385,
          "wallet_exposure_limit": 1},
 "short": {"auto_unstuck_delay_minutes": 1268.8911599504238,
           "auto_unstuck_ema_dist": -0.022211670948541637,
           "auto_unstuck_qty_pct": 0.0802360370809134,
           "auto_unstuck_wallet_exposure_threshold": 0.2797239950625441,
           "backwards_tp": false,
           "ddown_factor": 1.5432776456444655,
           "ema_span_0": 1348.0118297574006,
           "ema_span_1": 1111.8747420752336,
           "enabled": false,
           "initial_eprice_ema_dist": -0.08336716040730391,
           "initial_qty_pct": 0.017665168250159846,
           "markup_range": 0.03312040431780813,
           "min_markup": 0.008391200291797098,
           "n_close_orders": 15,
           "rentry_pprice_dist": 0.013039162364138723,
           "rentry_pprice_dist_wallet_exposure_weighting": 13.484761203293466,
           "wallet_exposure_limit": 1.0}}