{"config_name": "recursive_grid_AVAXUSDT_1002days",
 "logging_level": 0,
 "long": {"auto_unstuck_delay_minutes": 0,
          "auto_unstuck_ema_dist": 0,
          "auto_unstuck_qty_pct": 0,
          "auto_unstuck_wallet_exposure_threshold": 0.0,
          "backwards_tp": false,
          "ddown_factor": 0.5494549058070693,
          "ema_span_0": 1046.0313908350067,
          "ema_span_1": 1060.9648820759428,
          "enabled": true,
          "initial_eprice_ema_dist": 0.02224420223583188,
          "initial_qty_pct": 0.04,
          "markup_range": 0.04,
          "min_markup": 0.008,
          "n_close_orders": 3,
          "rentry_pprice_dist": 0.032434268008220205,
          "rentry_pprice_dist_wallet_exposure_weighting": 10.061530743188419,
          "wallet_exposure_limit": 1},
 "short": {"auto_unstuck_delay_minutes": 1248.94031475741,
           "auto_unstuck_ema_dist": -0.0968445338302911,
           "auto_unstuck_qty_pct": 0.03668051932943206,
           "auto_unstuck_wallet_exposure_threshold": 0.6100595082230148,
           "backwards_tp": false,
           "ddown_factor": 2.4412411054040164,
           "ema_span_0": 533.4071885954396,
           "ema_span_1": 89.63965787187595,
           "enabled": false,
           "initial_eprice_ema_dist": -0.03704290442292575,
           "initial_qty_pct": 0.04259095792764516,
           "markup_range": 0.03240446553128459,
           "min_markup": 0.007644637307092498,
           "n_close_orders": 10,
           "rentry_pprice_dist": 0.025376632763985964,
           "rentry_pprice_dist_wallet_exposure_weighting": 18.79484601801518,
           "wallet_exposure_limit": 1.0}}