{"config_name": "recursive_grid_TONUSDT_156days",
 "logging_level": 0,
 "long": {"auto_unstuck_delay_minutes": 1395.966808027807,
          "auto_unstuck_ema_dist": -0.010664057394982994,
          "auto_unstuck_qty_pct": 0.01,
          "auto_unstuck_wallet_exposure_threshold": 0.05076575011936152,
          "backwards_tp": false,
          "ddown_factor": 0.4195422555360627,
          "ema_span_0": 1105.157426569516,
          "ema_span_1": 1379.7456809532944,
          "enabled": true,
          "initial_eprice_ema_dist": -0.0014795279769842934,
          "initial_qty_pct": 0.04729250731454819,
          "markup_range": 0.014252002370843803,
          "min_markup": 0.010372513441312129,
          "n_close_orders": 7,
          "rentry_pprice_dist": 0.00501834948773867,
          "rentry_pprice_dist_wallet_exposure_weighting": 8.635628228048121,
          "wallet_exposure_limit": 1.0},
 "short": {"auto_unstuck_delay_minutes": 420.7046527554871,
           "auto_unstuck_ema_dist": -0.05116921020156508,
           "auto_unstuck_qty_pct": 0.07742018442385262,
           "auto_unstuck_wallet_exposure_threshold": 0.29834753166546046,
           "backwards_tp": false,
           "ddown_factor": 0.524466679165575,
           "ema_span_0": 1206.0307692419344,
           "ema_span_1": 1408.7907460326521,
           "enabled": false,
           "initial_eprice_ema_dist": -0.0988217492118799,
           "initial_qty_pct": 0.03794789592355273,
           "markup_range": 0.04831086858238915,
           "min_markup": 0.006859913730080431,
           "n_close_orders": 11,
           "rentry_pprice_dist": 0.008835394879635245,
           "rentry_pprice_dist_wallet_exposure_weighting": 12.167815500705263,
           "wallet_exposure_limit": 1.0}}