{"config_name": "recursive_grid_BCHUSDT_156days",
 "logging_level": 0,
 "long": {"auto_unstuck_delay_minutes": 1409.506138881474,
          "auto_unstuck_ema_dist": 0.022002643449594857,
          "auto_unstuck_qty_pct": 0.01,
          "auto_unstuck_wallet_exposure_threshold": 0.057670747969626714,
          "backwards_tp": false,
          "ddown_factor": 0.37973691829011513,
          "ema_span_0": 1230.7749649136877,
          "ema_span_1": 1366.8046492829178,
          "enabled": true,
          "initial_eprice_ema_dist": 0.006034024795971116,
          "initial_qty_pct": 0.03135377911729396,
          "markup_range": 0.04903833242891627,
          "min_markup": 0.010074508720705876,
          "n_close_orders": 7,
          "rentry_pprice_dist": 0.02061669373910841,
          "rentry_pprice_dist_wallet_exposure_weighting": 7.710784290670791,
          "wallet_exposure_limit": 1},
 "short": {"auto_unstuck_delay_minutes": 137.9668889466336,
           "auto_unstuck_ema_dist": -0.00661073996959137,
           "auto_unstuck_qty_pct": 0.04291040303047651,
           "auto_unstuck_wallet_exposure_threshold": 0.30741455787969596,
           "backwards_tp": false,
           "ddown_factor": 1.8088229423552553,
           "ema_span_0": 934.875461264404,
           "ema_span_1": 71.38404603654666,
           "enabled": false,
           "initial_eprice_ema_dist": -0.01970911920858362,
           "initial_qty_pct": 0.039150575729242826,
           "markup_range": 0.005980411249473976,
           "min_markup": 0.008327458758202611,
           "n_close_orders": 14,
           "rentry_pprice_dist": 0.015039961007412388,
           "rentry_pprice_dist_wallet_exposure_weighting": 13.560413585836322,
           "wallet_exposure_limit": 1.0}}