{"config_name": "recursive_grid_1000RATSUSDT_143days",
 "logging_level": 0,
 "long": {"auto_unstuck_delay_minutes": 605.2070446282258,
          "auto_unstuck_ema_dist": -0.030457379160376944,
          "auto_unstuck_qty_pct": 0.01,
          "auto_unstuck_wallet_exposure_threshold": 0.07242119809877866,
          "backwards_tp": false,
          "ddown_factor": 0.4979430652504278,
          "ema_span_0": 853.5591623662549,
          "ema_span_1": 216.91698415044743,
          "enabled": true,
          "initial_eprice_ema_dist": 0.02432283573791473,
          "initial_qty_pct": 0.03226047215361699,
          "markup_range": 0.0215020867006337,
          "min_markup": 0.011131464078996959,
          "n_close_orders": 4,
          "rentry_pprice_dist": 0.014559977584172774,
          "rentry_pprice_dist_wallet_exposure_weighting": 11.650762106001286,
          "wallet_exposure_limit": 1},
 "short": {"auto_unstuck_delay_minutes": 445.2203295842346,
           "auto_unstuck_ema_dist": -0.04218114817778314,
           "auto_unstuck_qty_pct": 0.08178463085296452,
           "auto_unstuck_wallet_exposure_threshold": 0.8791945205807207,
           "backwards_tp": false,
           "ddown_factor": 2.6958714806785333,
           "ema_span_0": 15.089504053173306,
           "ema_span_1": 52.90126690863757,
           "enabled": false,
           "initial_eprice_ema_dist": -0.07507872676154645,
           "initial_qty_pct": 0.02846412203552797,
           "markup_range": 0.02644290803033021,
           "min_markup": 0.009734349874189613,
           "n_close_orders": 10,
           "rentry_pprice_dist": 0.026622029670764557,
           "rentry_pprice_dist_wallet_exposure_weighting": 16.195294461316895,
           "wallet_exposure_limit": 1.0}}