{"config_name": "recursive_grid_PENDLEUSDT_269days",
 "logging_level": 0,
 "long": {"auto_unstuck_delay_minutes": 575.1734945915767,
          "auto_unstuck_ema_dist": -0.03247590746185959,
          "auto_unstuck_qty_pct": 0.01,
          "auto_unstuck_wallet_exposure_threshold": 0.053243092530534164,
          "backwards_tp": false,
          "ddown_factor": 1.6291545251827002,
          "ema_span_0": 920.4034470988556,
          "ema_span_1": 620.7342002536026,
          "enabled": true,
          "initial_eprice_ema_dist": 0.0034283255958192475,
          "initial_qty_pct": 0.05,
          "markup_range": 0.04334262053490116,
          "min_markup": 0.009806584136603935,
          "n_close_orders": 7,
          "rentry_pprice_dist": 0.02486899681297767,
          "rentry_pprice_dist_wallet_exposure_weighting": 0.9680600783748173,
          "wallet_exposure_limit": 1},
 "short": {"auto_unstuck_delay_minutes": 727.6871589047993,
           "auto_unstuck_ema_dist": -0.08950004356186861,
           "auto_unstuck_qty_pct": 0.020858504934011184,
           "auto_unstuck_wallet_exposure_threshold": 0.711783025434236,
           "backwards_tp": true,
           "ddown_factor": 0.9696357855155171,
           "ema_span_0": 1035.5360126961973,
           "ema_span_1": 820.7063881028013,
           "enabled": false,
           "initial_eprice_ema_dist": -0.006886282484371578,
           "initial_qty_pct": 0.04507119415882995,
           "markup_range": 0.020819203614036934,
           "min_markup": 0.009156794736466203,
           "n_close_orders": 9,
           "rentry_pprice_dist": 0.026547823092995262,
           "rentry_pprice_dist_wallet_exposure_weighting": 11.850096091170773,
           "wallet_exposure_limit": 1.0}}