{"config_name": "recursive_grid_1000RATSUSDT_150days",
 "logging_level": 0,
 "long": {"auto_unstuck_delay_minutes": 967.6676229165508,
          "auto_unstuck_ema_dist": -0.04765780365800939,
          "auto_unstuck_qty_pct": 0.01,
          "auto_unstuck_wallet_exposure_threshold": 0.09497518748561073,
          "backwards_tp": false,
          "ddown_factor": 0.5563632734215929,
          "ema_span_0": 1374.840102692445,
          "ema_span_1": 500.08541787778586,
          "enabled": true,
          "initial_eprice_ema_dist": 0.028325678204032353,
          "initial_qty_pct": 0.03212401972291543,
          "markup_range": 0.021942664461933475,
          "min_markup": 0.010629973091381213,
          "n_close_orders": 5,
          "rentry_pprice_dist": 0.029881003242987363,
          "rentry_pprice_dist_wallet_exposure_weighting": 10.46616770081692,
          "wallet_exposure_limit": 1},
 "short": {"auto_unstuck_delay_minutes": 1219.3533675510046,
           "auto_unstuck_ema_dist": -0.004672576513585172,
           "auto_unstuck_qty_pct": 0.06052954625244583,
           "auto_unstuck_wallet_exposure_threshold": 0.7072556769229079,
           "backwards_tp": false,
           "ddown_factor": 1.748015697954439,
           "ema_span_0": 522.0671176261441,
           "ema_span_1": 69.98674309020483,
           "enabled": false,
           "initial_eprice_ema_dist": -0.08637786834201475,
           "initial_qty_pct": 0.017485609383329305,
           "markup_range": 0.008631731629282952,
           "min_markup": 0.006047152514620112,
           "n_close_orders": 15,
           "rentry_pprice_dist": 0.04800566761919026,
           "rentry_pprice_dist_wallet_exposure_weighting": 0.9567361495261695,
           "wallet_exposure_limit": 1.0}}