{"config_name": "recursive_grid_XLMUSDT_156days",
 "logging_level": 0,
 "long": {"auto_unstuck_delay_minutes": 715.9573471511637,
          "auto_unstuck_ema_dist": -0.014053645140615877,
          "auto_unstuck_qty_pct": 0.01,
          "auto_unstuck_wallet_exposure_threshold": 0.07439384121167687,
          "backwards_tp": false,
          "ddown_factor": 0.591507516795776,
          "ema_span_0": 1022.9328302966329,
          "ema_span_1": 1434.2474685094821,
          "enabled": true,
          "initial_eprice_ema_dist": 0.013068812979707262,
          "initial_qty_pct": 0.035926043862855694,
          "markup_range": 0.031641266051333945,
          "min_markup": 0.010844384069881911,
          "n_close_orders": 5,
          "rentry_pprice_dist": 0.020543056162240808,
          "rentry_pprice_dist_wallet_exposure_weighting": 9.395127129607538,
          "wallet_exposure_limit": 1},
 "short": {"auto_unstuck_delay_minutes": 404.20090514738,
           "auto_unstuck_ema_dist": -0.0034083793257110584,
           "auto_unstuck_qty_pct": 0.05276386487403924,
           "auto_unstuck_wallet_exposure_threshold": 0.5969597507272763,
           "backwards_tp": false,
           "ddown_factor": 2.8693522001426426,
           "ema_span_0": 67.27714819188799,
           "ema_span_1": 45.718073978503604,
           "enabled": false,
           "initial_eprice_ema_dist": -0.03790490015551688,
           "initial_qty_pct": 0.03209380518643362,
           "markup_range": 0.05113517138285334,
           "min_markup": 0.0070550981907652665,
           "n_close_orders": 14,
           "rentry_pprice_dist": 0.005225428093533677,
           "rentry_pprice_dist_wallet_exposure_weighting": 18.39912493911025,
           "wallet_exposure_limit": 1.0}}