{"config_name": "recursive_grid_DOTUSDT_366days",
 "logging_level": 0,
 "long": {"auto_unstuck_delay_minutes": 1303.6023155999633,
          "auto_unstuck_ema_dist": -0.040789284098668485,
          "auto_unstuck_qty_pct": 0.07414005882667678,
          "auto_unstuck_wallet_exposure_threshold": 0.16057353504663607,
          "backwards_tp": false,
          "ddown_factor": 0.710424495192106,
          "ema_span_0": 2387.5653295207676,
          "ema_span_1": 426.70109464364145,
          "enabled": true,
          "initial_eprice_ema_dist": 0.002716832945765555,
          "initial_qty_pct": 0.1,
          "markup_range": 0.01743396620414129,
          "min_markup": 0.006213068057125409,
          "n_close_orders": 9,
          "rentry_pprice_dist": 0.03705835231879148,
          "rentry_pprice_dist_wallet_exposure_weighting": 0.22575465691673074,
          "wallet_exposure_limit": 1},
 "short": {"auto_unstuck_delay_minutes": 0.0,
           "auto_unstuck_ema_dist": 0.0,
           "auto_unstuck_qty_pct": 0.0,
           "auto_unstuck_wallet_exposure_threshold": 0.0,
           "backwards_tp": false,
           "ddown_factor": 2.215535796810788,
           "ema_span_0": 634.7451553658157,
           "ema_span_1": 1087.842122061758,
           "enabled": false,
           "initial_eprice_ema_dist": -0.0014770113195988841,
           "initial_qty_pct": 0.006124017486568518,
           "markup_range": 0.004238891949560139,
           "min_markup": 0.008433783074405721,
           "n_close_orders": 3,
           "rentry_pprice_dist": 0.03386388288306383,
           "rentry_pprice_dist_wallet_exposure_weighting": 6.435646131971119,
           "wallet_exposure_limit": 1.0}}