{"config_name": "recursive_grid_TRXUSDT_454days",
 "logging_level": 0,
 "long": {"auto_unstuck_delay_minutes": 964.0078195439831,
          "auto_unstuck_ema_dist": 0.02410959627688125,
          "auto_unstuck_qty_pct": 0.01,
          "auto_unstuck_wallet_exposure_threshold": 0.09047845033405114,
          "backwards_tp": false,
          "ddown_factor": 1.1334824593463835,
          "ema_span_0": 1187.5090153630306,
          "ema_span_1": 1226.5603947492284,
          "enabled": true,
          "initial_eprice_ema_dist": 0.004687380474767318,
          "initial_qty_pct": 0.05,
          "markup_range": 0.05956789515045972,
          "min_markup": 0.004964148900780795,
          "n_close_orders": 6,
          "rentry_pprice_dist": 0.04429258714446061,
          "rentry_pprice_dist_wallet_exposure_weighting": 0.5962761216085802,
          "wallet_exposure_limit": 1.0},
 "short": {"auto_unstuck_delay_minutes": 231.69615766743695,
           "auto_unstuck_ema_dist": -0.050416820249240095,
           "auto_unstuck_qty_pct": 0.012598925074652934,
           "auto_unstuck_wallet_exposure_threshold": 0.8084168338112521,
           "backwards_tp": true,
           "ddown_factor": 0.6651364395564957,
           "ema_span_0": 800.1351585340041,
           "ema_span_1": 1432.2369380104694,
           "enabled": false,
           "initial_eprice_ema_dist": -0.08799354344713903,
           "initial_qty_pct": 0.02764153242597775,
           "markup_range": 0.03352940721781421,
           "min_markup": 0.006873294284556951,
           "n_close_orders": 10,
           "rentry_pprice_dist": 0.007323212371493552,
           "rentry_pprice_dist_wallet_exposure_weighting": 11.800929244013824,
           "wallet_exposure_limit": 1.0}}