{"config_name": "recursive_grid_LTCUSDT_453days",
 "logging_level": 0,
 "long": {"auto_unstuck_delay_minutes": 1291.2768148375162,
          "auto_unstuck_ema_dist": 0.01260298762994888,
          "auto_unstuck_qty_pct": 0.01,
          "auto_unstuck_wallet_exposure_threshold": 0.09193153108865815,
          "backwards_tp": false,
          "ddown_factor": 0.5078226995635611,
          "ema_span_0": 1344.0240239036448,
          "ema_span_1": 1389.7621679492122,
          "enabled": true,
          "initial_eprice_ema_dist": 0.005617328608567513,
          "initial_qty_pct": 0.05,
          "markup_range": 0.045026873906477846,
          "min_markup": 0.0033029069535449418,
          "n_close_orders": 4,
          "rentry_pprice_dist": 0.043095209674965926,
          "rentry_pprice_dist_wallet_exposure_weighting": 2.0363371559639547,
          "wallet_exposure_limit": 1.0},
 "short": {"auto_unstuck_delay_minutes": 1025.1581512628884,
           "auto_unstuck_ema_dist": -0.08864096571408075,
           "auto_unstuck_qty_pct": 0.08584219823380605,
           "auto_unstuck_wallet_exposure_threshold": 0.8389061417403967,
           "backwards_tp": true,
           "ddown_factor": 2.7520537932545643,
           "ema_span_0": 28.140385876859394,
           "ema_span_1": 1321.0276730121282,
           "enabled": false,
           "initial_eprice_ema_dist": -0.09213877439268645,
           "initial_qty_pct": 0.020865514256306894,
           "markup_range": 0.02215066243455636,
           "min_markup": 0.00800747564495858,
           "n_close_orders": 16,
           "rentry_pprice_dist": 0.023442984495940913,
           "rentry_pprice_dist_wallet_exposure_weighting": 16.79085603996526,
           "wallet_exposure_limit": 1.0}}