{"config_name": "recursive_grid_ONDOUSDT_120days",
 "logging_level": 0,
 "long": {"auto_unstuck_delay_minutes": 927.4827061356802,
          "auto_unstuck_ema_dist": -0.02947762327087475,
          "auto_unstuck_qty_pct": 0.01,
          "auto_unstuck_wallet_exposure_threshold": 0.06581213106143383,
          "backwards_tp": false,
          "ddown_factor": 1.2013402088237979,
          "ema_span_0": 1358.9790420993986,
          "ema_span_1": 532.1921607895536,
          "enabled": true,
          "initial_eprice_ema_dist": 0.016260909344235165,
          "initial_qty_pct": 0.04427620563811062,
          "markup_range": 0.0378086104533532,
          "min_markup": 0.03795920924241705,
          "n_close_orders": 4,
          "rentry_pprice_dist": 0.019239929060950997,
          "rentry_pprice_dist_wallet_exposure_weighting": 1.3297557642613278,
          "wallet_exposure_limit": 1},
 "short": {"auto_unstuck_delay_minutes": 364.089154417466,
           "auto_unstuck_ema_dist": -0.07441158484197712,
           "auto_unstuck_qty_pct": 0.03635974550717318,
           "auto_unstuck_wallet_exposure_threshold": 0.3585265583621433,
           "backwards_tp": false,
           "ddown_factor": 0.8904619192644593,
           "ema_span_0": 794.8449853125265,
           "ema_span_1": 1105.8181291166798,
           "enabled": false,
           "initial_eprice_ema_dist": -0.019849186500297364,
           "initial_qty_pct": 0.044750589495465364,
           "markup_range": 0.033448464274861096,
           "min_markup": 0.009218736388651151,
           "n_close_orders": 14,
           "rentry_pprice_dist": 0.0205989540463729,
           "rentry_pprice_dist_wallet_exposure_weighting": 5.5085798123091205,
           "wallet_exposure_limit": 1.0}}