{"config_name": "recursive_grid_XMRUSDT_880days",
 "logging_level": 0,
 "long": {"auto_unstuck_delay_minutes": 0,
          "auto_unstuck_ema_dist": 0,
          "auto_unstuck_qty_pct": 0,
          "auto_unstuck_wallet_exposure_threshold": 0.0,
          "backwards_tp": false,
          "ddown_factor": 0.4447624506303683,
          "ema_span_0": 1389.3445675123703,
          "ema_span_1": 1154.7766703594032,
          "enabled": true,
          "initial_eprice_ema_dist": 0.02902906721982787,
          "initial_qty_pct": 0.04,
          "markup_range": 0.0315654109542186,
          "min_markup": 0.023257334402925767,
          "n_close_orders": 3,
          "rentry_pprice_dist": 0.04,
          "rentry_pprice_dist_wallet_exposure_weighting": 9.793422701534599,
          "wallet_exposure_limit": 1},
 "short": {"auto_unstuck_delay_minutes": 1059.5419028065105,
           "auto_unstuck_ema_dist": -0.03793973358998206,
           "auto_unstuck_qty_pct": 0.030290386204709877,
           "auto_unstuck_wallet_exposure_threshold": 0.39630827229475285,
           "backwards_tp": false,
           "ddown_factor": 2.001747753826296,
           "ema_span_0": 959.129494861648,
           "ema_span_1": 837.2705881050618,
           "enabled": false,
           "initial_eprice_ema_dist": -0.0025678834372553916,
           "initial_qty_pct": 0.031437324509128374,
           "markup_range": 0.022981325990899387,
           "min_markup": 0.003609400325169309,
           "n_close_orders": 10,
           "rentry_pprice_dist": 0.031252591602207565,
           "rentry_pprice_dist_wallet_exposure_weighting": 0.1582828408963599,
           "wallet_exposure_limit": 1.0}}