{"config_name": "recursive_grid_DOTUSDT_366days",
 "logging_level": 0,
 "long": {"auto_unstuck_delay_minutes": 694.6300893569181,
          "auto_unstuck_ema_dist": -0.03148790061357379,
          "auto_unstuck_qty_pct": 0.08273200517912957,
          "auto_unstuck_wallet_exposure_threshold": 0.08795434998137863,
          "backwards_tp": false,
          "ddown_factor": 1.3253206660071577,
          "ema_span_0": 1954.1055439151844,
          "ema_span_1": 1575.3777681887032,
          "enabled": true,
          "initial_eprice_ema_dist": -0.003910802137834133,
          "initial_qty_pct": 0.051735993824690255,
          "markup_range": 0.0,
          "min_markup": 0.006831812063764138,
          "n_close_orders": 4,
          "rentry_pprice_dist": 0.04893584256076816,
          "rentry_pprice_dist_wallet_exposure_weighting": 0.03363542586196719,
          "wallet_exposure_limit": 1},
 "short": {"auto_unstuck_delay_minutes": 0.0,
           "auto_unstuck_ema_dist": 0.0,
           "auto_unstuck_qty_pct": 0.0,
           "auto_unstuck_wallet_exposure_threshold": 0.0,
           "backwards_tp": false,
           "ddown_factor": 0.10225921837355695,
           "ema_span_0": 1074.0104282390234,
           "ema_span_1": 733.7972609328879,
           "enabled": false,
           "initial_eprice_ema_dist": -0.008776567724663321,
           "initial_qty_pct": 0.014420560033998608,
           "markup_range": 0.0035600846002980103,
           "min_markup": 0.004623010141147843,
           "n_close_orders": 7,
           "rentry_pprice_dist": 0.04824968626961322,
           "rentry_pprice_dist_wallet_exposure_weighting": 0.1703212774924654,
           "wallet_exposure_limit": 1.0}}