{"config_name": "recursive_grid_LTCUSDT_1331days",
 "logging_level": 0,
 "long": {"auto_unstuck_delay_minutes": 0,
          "auto_unstuck_ema_dist": 0,
          "auto_unstuck_qty_pct": 0,
          "auto_unstuck_wallet_exposure_threshold": 0.0,
          "backwards_tp": false,
          "ddown_factor": 0.4783789321809758,
          "ema_span_0": 1132.536925220748,
          "ema_span_1": 1139.4828940226178,
          "enabled": true,
          "initial_eprice_ema_dist": 0.02036578962231432,
          "initial_qty_pct": 0.04,
          "markup_range": 0.03864705038605522,
          "min_markup": 0.008093978137139003,
          "n_close_orders": 2,
          "rentry_pprice_dist": 0.03446604914287959,
          "rentry_pprice_dist_wallet_exposure_weighting": 9.212088896594127,
          "wallet_exposure_limit": 1},
 "short": {"auto_unstuck_delay_minutes": 248.86195864583567,
           "auto_unstuck_ema_dist": -0.05244939882516538,
           "auto_unstuck_qty_pct": 0.0857173983312995,
           "auto_unstuck_wallet_exposure_threshold": 0.8070926090306524,
           "backwards_tp": false,
           "ddown_factor": 1.9264979693054824,
           "ema_span_0": 1059.4049473189277,
           "ema_span_1": 1184.2302734900195,
           "enabled": false,
           "initial_eprice_ema_dist": -0.0980667949666549,
           "initial_qty_pct": 0.04209738143785989,
           "markup_range": 0.03937922118560298,
           "min_markup": 0.0010921516983632773,
           "n_close_orders": 8,
           "rentry_pprice_dist": 0.04151615953944268,
           "rentry_pprice_dist_wallet_exposure_weighting": 19.222177150991598,
           "wallet_exposure_limit": 1.0}}