{"config_name": "recursive_grid_NEARUSDT_142days",
 "logging_level": 0,
 "long": {"auto_unstuck_delay_minutes": 743.5872511811504,
          "auto_unstuck_ema_dist": 0.016557140713970128,
          "auto_unstuck_qty_pct": 0.01,
          "auto_unstuck_wallet_exposure_threshold": 0.08498181840260574,
          "backwards_tp": false,
          "ddown_factor": 0.7492706858180481,
          "ema_span_0": 997.5460961093122,
          "ema_span_1": 797.5372641008862,
          "enabled": true,
          "initial_eprice_ema_dist": 0.0020874901461203415,
          "initial_qty_pct": 0.03924459947075201,
          "markup_range": 0.0289970008426838,
          "min_markup": 0.033204280562323024,
          "n_close_orders": 6,
          "rentry_pprice_dist": 0.018953286862089056,
          "rentry_pprice_dist_wallet_exposure_weighting": 5.209364076363299,
          "wallet_exposure_limit": 1},
 "short": {"auto_unstuck_delay_minutes": 987.0265809365471,
           "auto_unstuck_ema_dist": -0.05158625255094258,
           "auto_unstuck_qty_pct": 0.03593097225703123,
           "auto_unstuck_wallet_exposure_threshold": 0.22200942718533875,
           "backwards_tp": false,
           "ddown_factor": 0.8854195068172775,
           "ema_span_0": 1225.6461916123696,
           "ema_span_1": 1273.702089929166,
           "enabled": false,
           "initial_eprice_ema_dist": -0.0612095451618354,
           "initial_qty_pct": 0.017033545558493603,
           "markup_range": 0.032979958210382375,
           "min_markup": 0.0030482030997581685,
           "n_close_orders": 15,
           "rentry_pprice_dist": 0.0389705571144175,
           "rentry_pprice_dist_wallet_exposure_weighting": 0.7726633459064458,
           "wallet_exposure_limit": 1.0}}