{"config_name": "recursive_grid_TRXUSDT_365days",
 "logging_level": 0,
 "long": {"auto_unstuck_delay_minutes": 1301.5259412302225,
          "auto_unstuck_ema_dist": -0.0737751004046943,
          "auto_unstuck_qty_pct": 0.011764843670964345,
          "auto_unstuck_wallet_exposure_threshold": 0.1251198839059884,
          "backwards_tp": true,
          "ddown_factor": 0.4872315687324412,
          "ema_span_0": 116.67599713209954,
          "ema_span_1": 1340.950775734199,
          "enabled": true,
          "initial_eprice_ema_dist": -0.007433921018992294,
          "initial_qty_pct": 0.04045080837135787,
          "markup_range": 0.011369120569013543,
          "min_markup": 0.005,
          "n_close_orders": 3,
          "rentry_pprice_dist": 0.016831950513127206,
          "rentry_pprice_dist_wallet_exposure_weighting": 0.9515481104677262,
          "wallet_exposure_limit": 1},
 "short": {"auto_unstuck_delay_minutes": 0.0,
           "auto_unstuck_ema_dist": 0.0,
           "auto_unstuck_qty_pct": 0.0,
           "auto_unstuck_wallet_exposure_threshold": 0.0,
           "backwards_tp": true,
           "ddown_factor": 1.413887351466984,
           "ema_span_0": 433.0743380738533,
           "ema_span_1": 691.0451746067787,
           "enabled": false,
           "initial_eprice_ema_dist": -0.0044142050008561615,
           "initial_qty_pct": 0.019217773838212222,
           "markup_range": 0.0008296123836580605,
           "min_markup": 0.005904530079372635,
           "n_close_orders": 9,
           "rentry_pprice_dist": 0.006273075976558335,
           "rentry_pprice_dist_wallet_exposure_weighting": 4.242302030029977,
           "wallet_exposure_limit": 1.0}}