{"config_name": "recursive_grid_1000RATSUSDT_129days",
 "logging_level": 0,
 "long": {"auto_unstuck_delay_minutes": 1331.9590761497382,
          "auto_unstuck_ema_dist": -0.01798350429581507,
          "auto_unstuck_qty_pct": 0.01,
          "auto_unstuck_wallet_exposure_threshold": 0.04282951805095089,
          "backwards_tp": false,
          "ddown_factor": 1.3651467456573152,
          "ema_span_0": 1402.438367479001,
          "ema_span_1": 1437.1909900227436,
          "enabled": true,
          "initial_eprice_ema_dist": 0.005027600291431765,
          "initial_qty_pct": 0.05,
          "markup_range": 0.043199779101762176,
          "min_markup": 0.0043972674212095775,
          "n_close_orders": 6,
          "rentry_pprice_dist": 0.06201586640353031,
          "rentry_pprice_dist_wallet_exposure_weighting": 3.094741766431625,
          "wallet_exposure_limit": 1.0},
 "short": {"auto_unstuck_delay_minutes": 1275.8470857821167,
           "auto_unstuck_ema_dist": -0.08776806447993944,
           "auto_unstuck_qty_pct": 0.07245691403102576,
           "auto_unstuck_wallet_exposure_threshold": 0.38878617599731,
           "backwards_tp": true,
           "ddown_factor": 0.3960261032344561,
           "ema_span_0": 979.6491202969621,
           "ema_span_1": 227.97677604338537,
           "enabled": false,
           "initial_eprice_ema_dist": -0.015927352053454025,
           "initial_qty_pct": 0.01669908591330891,
           "markup_range": 0.05084018534004367,
           "min_markup": 0.002195350740671982,
           "n_close_orders": 4,
           "rentry_pprice_dist": 0.04468179864824062,
           "rentry_pprice_dist_wallet_exposure_weighting": 18.818358680616267,
           "wallet_exposure_limit": 1.0}}