{"config_name": "recursive_grid_TRXUSDT_1062days",
 "logging_level": 0,
 "long": {"auto_unstuck_delay_minutes": 0.0,
          "auto_unstuck_ema_dist": 0.0,
          "auto_unstuck_qty_pct": 0.0,
          "auto_unstuck_wallet_exposure_threshold": 0.0,
          "backwards_tp": false,
          "ddown_factor": 0.5674021002825878,
          "ema_span_0": 696.27783341102,
          "ema_span_1": 544.3523891602058,
          "enabled": true,
          "initial_eprice_ema_dist": 0.05635468333686877,
          "initial_qty_pct": 0.04,
          "markup_range": 0.035244888931582806,
          "min_markup": 0.03,
          "n_close_orders": 2,
          "rentry_pprice_dist": 0.03828757804599128,
          "rentry_pprice_dist_wallet_exposure_weighting": 11.558734377066532,
          "wallet_exposure_limit": 1.0},
 "short": {"auto_unstuck_delay_minutes": 705.7547629005026,
           "auto_unstuck_ema_dist": -0.08650103504250035,
           "auto_unstuck_qty_pct": 0.04956133634477572,
           "auto_unstuck_wallet_exposure_threshold": 0.47275448303036727,
           "backwards_tp": false,
           "ddown_factor": 1.1961238264953755,
           "ema_span_0": 1108.6797161810057,
           "ema_span_1": 286.1682533786477,
           "enabled": false,
           "initial_eprice_ema_dist": -0.027152805832418178,
           "initial_qty_pct": 0.04349280356402656,
           "markup_range": 0.044820734328589254,
           "min_markup": 0.006826184728172404,
           "n_close_orders": 14,
           "rentry_pprice_dist": 0.017960995551243333,
           "rentry_pprice_dist_wallet_exposure_weighting": 3.560724437829521,
           "wallet_exposure_limit": 1.0}}