{"config_name": "recursive_grid_KASUSDT_238days",
 "logging_level": 0,
 "long": {"auto_unstuck_delay_minutes": 531.7346873766153,
          "auto_unstuck_ema_dist": -0.031471366387524,
          "auto_unstuck_qty_pct": 0.01,
          "auto_unstuck_wallet_exposure_threshold": 0.09654953846725926,
          "backwards_tp": false,
          "ddown_factor": 1.779002555346901,
          "ema_span_0": 669.9001835863352,
          "ema_span_1": 462.8335776889223,
          "enabled": true,
          "initial_eprice_ema_dist": 0.0010341919631243974,
          "initial_qty_pct": 0.05,
          "markup_range": 0.04731126243072286,
          "min_markup": 0.01,
          "n_close_orders": 7,
          "rentry_pprice_dist": 0.02,
          "rentry_pprice_dist_wallet_exposure_weighting": 0.8725110210504183,
          "wallet_exposure_limit": 1},
 "short": {"auto_unstuck_delay_minutes": 905.7575609972698,
           "auto_unstuck_ema_dist": -0.000408423707278352,
           "auto_unstuck_qty_pct": 0.09142389373910427,
           "auto_unstuck_wallet_exposure_threshold": 0.22221132353855788,
           "backwards_tp": true,
           "ddown_factor": 1.5199419119383477,
           "ema_span_0": 281.3118787047953,
           "ema_span_1": 484.5096901686251,
           "enabled": false,
           "initial_eprice_ema_dist": -0.041778966121250205,
           "initial_qty_pct": 0.028672084057412214,
           "markup_range": 0.04600467680297812,
           "min_markup": 0.00556976130746648,
           "n_close_orders": 5,
           "rentry_pprice_dist": 0.04262448251470928,
           "rentry_pprice_dist_wallet_exposure_weighting": 1.8426217840193648,
           "wallet_exposure_limit": 1.0}}