{"config_name": "recursive_grid_DOTUSDT_366days",
 "logging_level": 0,
 "long": {"auto_unstuck_delay_minutes": 1001.1406097260343,
          "auto_unstuck_ema_dist": 0.005835533819374492,
          "auto_unstuck_qty_pct": 0.06165519099923619,
          "auto_unstuck_wallet_exposure_threshold": 0.08518937306086401,
          "backwards_tp": false,
          "ddown_factor": 0.7148448202197796,
          "ema_span_0": 2348.0099440114636,
          "ema_span_1": 1509.0514069101719,
          "enabled": true,
          "initial_eprice_ema_dist": 0.003,
          "initial_qty_pct": 0.0653063574860423,
          "markup_range": 0.012532631947796346,
          "min_markup": 0.006363613854551848,
          "n_close_orders": 3,
          "rentry_pprice_dist": 0.030512193213509224,
          "rentry_pprice_dist_wallet_exposure_weighting": 0.1710328833222794,
          "wallet_exposure_limit": 1},
 "short": {"auto_unstuck_delay_minutes": 0.0,
           "auto_unstuck_ema_dist": 0.0,
           "auto_unstuck_qty_pct": 0.0,
           "auto_unstuck_wallet_exposure_threshold": 0.0,
           "backwards_tp": false,
           "ddown_factor": 0.10225921837355695,
           "ema_span_0": 1074.0104282390234,
           "ema_span_1": 733.7972609328879,
           "enabled": false,
           "initial_eprice_ema_dist": -0.008776567724663321,
           "initial_qty_pct": 0.014420560033998608,
           "markup_range": 0.0035600846002980103,
           "min_markup": 0.004623010141147843,
           "n_close_orders": 7,
           "rentry_pprice_dist": 0.04824968626961322,
           "rentry_pprice_dist_wallet_exposure_weighting": 0.1703212774924654,
           "wallet_exposure_limit": 1.0}}