{"config_name": "recursive_grid_ORDIUSDT_143days",
 "logging_level": 0,
 "long": {"auto_unstuck_delay_minutes": 1366.9453896636999,
          "auto_unstuck_ema_dist": -0.040725211084442374,
          "auto_unstuck_qty_pct": 0.01,
          "auto_unstuck_wallet_exposure_threshold": 0.05193621916901914,
          "backwards_tp": false,
          "ddown_factor": 0.6,
          "ema_span_0": 590.8984918762707,
          "ema_span_1": 719.7662676339685,
          "enabled": true,
          "initial_eprice_ema_dist": 0.022243871012861346,
          "initial_qty_pct": 0.05,
          "markup_range": 0.04564827006337389,
          "min_markup": 0.01803062692392114,
          "n_close_orders": 5,
          "rentry_pprice_dist": 0.019969615569429507,
          "rentry_pprice_dist_wallet_exposure_weighting": 8.16281581041155,
          "wallet_exposure_limit": 1},
 "short": {"auto_unstuck_delay_minutes": 149.19441915879608,
           "auto_unstuck_ema_dist": -0.04713617980428102,
           "auto_unstuck_qty_pct": 0.07544736012851785,
           "auto_unstuck_wallet_exposure_threshold": 0.31928271401848685,
           "backwards_tp": false,
           "ddown_factor": 2.3991216370709547,
           "ema_span_0": 377.1877562220284,
           "ema_span_1": 1108.3864610419196,
           "enabled": false,
           "initial_eprice_ema_dist": -0.09969620661984037,
           "initial_qty_pct": 0.02186961130244687,
           "markup_range": 0.0431121666251007,
           "min_markup": 0.007229140403066053,
           "n_close_orders": 6,
           "rentry_pprice_dist": 0.02340325843104479,
           "rentry_pprice_dist_wallet_exposure_weighting": 7.960803026567255,
           "wallet_exposure_limit": 1.0}}