{"config_name": "recursive_grid_ONDOUSDT_121days",
 "logging_level": 0,
 "long": {"auto_unstuck_delay_minutes": 1316.9642960490828,
          "auto_unstuck_ema_dist": -0.02882672294372513,
          "auto_unstuck_qty_pct": 0.01,
          "auto_unstuck_wallet_exposure_threshold": 0.06528529801052063,
          "backwards_tp": false,
          "ddown_factor": 0.5105350901996153,
          "ema_span_0": 1351.552483697172,
          "ema_span_1": 1322.4853109219468,
          "enabled": true,
          "initial_eprice_ema_dist": -0.02298192030849281,
          "initial_qty_pct": 0.031240458071279276,
          "markup_range": 0.03644043452557424,
          "min_markup": 0.018554907961944627,
          "n_close_orders": 5,
          "rentry_pprice_dist": 0.006463970660711966,
          "rentry_pprice_dist_wallet_exposure_weighting": 10.486473211203617,
          "wallet_exposure_limit": 1},
 "short": {"auto_unstuck_delay_minutes": 250.898168674505,
           "auto_unstuck_ema_dist": -0.06516779203823239,
           "auto_unstuck_qty_pct": 0.018619561871642893,
           "auto_unstuck_wallet_exposure_threshold": 0.4815837740615635,
           "backwards_tp": false,
           "ddown_factor": 0.4916151926994926,
           "ema_span_0": 150.2287449836715,
           "ema_span_1": 47.50866573861332,
           "enabled": false,
           "initial_eprice_ema_dist": -0.06560972277504389,
           "initial_qty_pct": 0.04494542451543455,
           "markup_range": 0.048776880013857264,
           "min_markup": 0.0038173847222663904,
           "n_close_orders": 2,
           "rentry_pprice_dist": 0.04598165660431634,
           "rentry_pprice_dist_wallet_exposure_weighting": 13.763720013360704,
           "wallet_exposure_limit": 1.0}}