{"config_name": "recursive_grid_NEOUSDT_150days",
 "logging_level": 0,
 "long": {"auto_unstuck_delay_minutes": 1369.317207515167,
          "auto_unstuck_ema_dist": -0.037012107784860526,
          "auto_unstuck_qty_pct": 0.01,
          "auto_unstuck_wallet_exposure_threshold": 0.04842955154976288,
          "backwards_tp": false,
          "ddown_factor": 0.4853004848972363,
          "ema_span_0": 1135.151525525782,
          "ema_span_1": 766.4767475627025,
          "enabled": true,
          "initial_eprice_ema_dist": 0.003862160768652842,
          "initial_qty_pct": 0.032630793160648555,
          "markup_range": 0.04669745911376029,
          "min_markup": 0.022275043265822324,
          "n_close_orders": 7,
          "rentry_pprice_dist": 0.009397022723584595,
          "rentry_pprice_dist_wallet_exposure_weighting": 7.724646109312213,
          "wallet_exposure_limit": 1},
 "short": {"auto_unstuck_delay_minutes": 724.3062031874985,
           "auto_unstuck_ema_dist": 0.0020312760702493327,
           "auto_unstuck_qty_pct": 0.04052867301926398,
           "auto_unstuck_wallet_exposure_threshold": 0.49711984619346394,
           "backwards_tp": false,
           "ddown_factor": 1.9739135005956903,
           "ema_span_0": 429.5246029738318,
           "ema_span_1": 197.91303385610686,
           "enabled": false,
           "initial_eprice_ema_dist": -0.042928731701580715,
           "initial_qty_pct": 0.029369743861902865,
           "markup_range": 0.0274868707219126,
           "min_markup": 0.0030651478897560677,
           "n_close_orders": 10,
           "rentry_pprice_dist": 0.028854081109889053,
           "rentry_pprice_dist_wallet_exposure_weighting": 4.9073154299762205,
           "wallet_exposure_limit": 1.0}}