{"config_name": "recursive_grid_IMXUSDT_454days",
 "logging_level": 0,
 "long": {"auto_unstuck_delay_minutes": 1281.642946627717,
          "auto_unstuck_ema_dist": -0.041829174607266255,
          "auto_unstuck_qty_pct": 0.01,
          "auto_unstuck_wallet_exposure_threshold": 0.0760592623256806,
          "backwards_tp": false,
          "ddown_factor": 1.915626223783161,
          "ema_span_0": 830.0449841457859,
          "ema_span_1": 1218.3394926555184,
          "enabled": true,
          "initial_eprice_ema_dist": 0.0027336372661287923,
          "initial_qty_pct": 0.05,
          "markup_range": 0.0579284560952355,
          "min_markup": 0.005923000727571982,
          "n_close_orders": 6,
          "rentry_pprice_dist": 0.026597264924806966,
          "rentry_pprice_dist_wallet_exposure_weighting": 1.1729408371322585,
          "wallet_exposure_limit": 1},
 "short": {"auto_unstuck_delay_minutes": 46.4419305264157,
           "auto_unstuck_ema_dist": -0.0626474684876499,
           "auto_unstuck_qty_pct": 0.07573726333455268,
           "auto_unstuck_wallet_exposure_threshold": 0.14124456210248618,
           "backwards_tp": true,
           "ddown_factor": 2.541453828754737,
           "ema_span_0": 794.1971678228364,
           "ema_span_1": 360.0867135788358,
           "enabled": false,
           "initial_eprice_ema_dist": -0.0608880408789829,
           "initial_qty_pct": 0.04887394074484226,
           "markup_range": 0.02378092648888653,
           "min_markup": 0.003431037223309382,
           "n_close_orders": 5,
           "rentry_pprice_dist": 0.015864401893686077,
           "rentry_pprice_dist_wallet_exposure_weighting": 12.544739269320466,
           "wallet_exposure_limit": 1.0}}