{"config_name": "recursive_grid_BTCUSDT_142days",
 "logging_level": 0,
 "long": {"auto_unstuck_delay_minutes": 612.0477910745116,
          "auto_unstuck_ema_dist": -0.026190254598411667,
          "auto_unstuck_qty_pct": 0.01,
          "auto_unstuck_wallet_exposure_threshold": 0.07605652646369468,
          "backwards_tp": false,
          "ddown_factor": 0.5083128941131774,
          "ema_span_0": 617.5976476043547,
          "ema_span_1": 765.6254344877634,
          "enabled": true,
          "initial_eprice_ema_dist": 0.0032138662863560666,
          "initial_qty_pct": 0.04240486754974141,
          "markup_range": 0.015482768552471824,
          "min_markup": 0.01432966147604113,
          "n_close_orders": 7,
          "rentry_pprice_dist": 0.01576017945851135,
          "rentry_pprice_dist_wallet_exposure_weighting": 1.5762445107398206,
          "wallet_exposure_limit": 1},
 "short": {"auto_unstuck_delay_minutes": 358.2120189924644,
           "auto_unstuck_ema_dist": -0.00023907898111122372,
           "auto_unstuck_qty_pct": 0.021025174363454344,
           "auto_unstuck_wallet_exposure_threshold": 0.20277206600940875,
           "backwards_tp": false,
           "ddown_factor": 1.1113245749122873,
           "ema_span_0": 609.7818604200418,
           "ema_span_1": 321.33212363903675,
           "enabled": false,
           "initial_eprice_ema_dist": -0.007920847752387009,
           "initial_qty_pct": 0.029869292596716127,
           "markup_range": 0.05877005112946222,
           "min_markup": 0.00642881202613535,
           "n_close_orders": 10,
           "rentry_pprice_dist": 0.0357686555104858,
           "rentry_pprice_dist_wallet_exposure_weighting": 15.352530672901775,
           "wallet_exposure_limit": 1.0}}