{"config_name": "recursive_grid_LRCUSDT_454days",
 "logging_level": 0,
 "long": {"auto_unstuck_delay_minutes": 1184.2507498270463,
          "auto_unstuck_ema_dist": -0.045772132756323504,
          "auto_unstuck_qty_pct": 0.01,
          "auto_unstuck_wallet_exposure_threshold": 0.09243112621466912,
          "backwards_tp": false,
          "ddown_factor": 1.6764036883039934,
          "ema_span_0": 1098.9724938750192,
          "ema_span_1": 888.0862841022064,
          "enabled": true,
          "initial_eprice_ema_dist": 0.009504200961930987,
          "initial_qty_pct": 0.05,
          "markup_range": 0.02655465513508336,
          "min_markup": 0.003864953015570822,
          "n_close_orders": 4,
          "rentry_pprice_dist": 0.03131602685610593,
          "rentry_pprice_dist_wallet_exposure_weighting": 0.9234623731485658,
          "wallet_exposure_limit": 1},
 "short": {"auto_unstuck_delay_minutes": 82.47027931415059,
           "auto_unstuck_ema_dist": -0.016667301171142304,
           "auto_unstuck_qty_pct": 0.08047239638240339,
           "auto_unstuck_wallet_exposure_threshold": 0.8854246687609825,
           "backwards_tp": true,
           "ddown_factor": 1.5469022420162513,
           "ema_span_0": 1399.345117376453,
           "ema_span_1": 1212.5929274126688,
           "enabled": false,
           "initial_eprice_ema_dist": -0.009728928792039501,
           "initial_qty_pct": 0.030159576151571006,
           "markup_range": 0.029077456960708573,
           "min_markup": 0.006673831535563994,
           "n_close_orders": 8,
           "rentry_pprice_dist": 0.010690486718254802,
           "rentry_pprice_dist_wallet_exposure_weighting": 2.608708055371023,
           "wallet_exposure_limit": 1.0}}