{"config_name": "recursive_grid_LTCUSDT_1331days",
 "logging_level": 0,
 "long": {"auto_unstuck_delay_minutes": 0,
          "auto_unstuck_ema_dist": 0,
          "auto_unstuck_qty_pct": 0,
          "auto_unstuck_wallet_exposure_threshold": 0.0,
          "backwards_tp": false,
          "ddown_factor": 0.5188455489083313,
          "ema_span_0": 1230.864257324117,
          "ema_span_1": 1021.7660273686234,
          "enabled": true,
          "initial_eprice_ema_dist": 0.0213552464048255,
          "initial_qty_pct": 0.04,
          "markup_range": 0.03295709974481506,
          "min_markup": 0.009042606428443256,
          "n_close_orders": 2,
          "rentry_pprice_dist": 0.029148374807427328,
          "rentry_pprice_dist_wallet_exposure_weighting": 11.444675699732436,
          "wallet_exposure_limit": 1},
 "short": {"auto_unstuck_delay_minutes": 601.1365681462445,
           "auto_unstuck_ema_dist": -0.03810873822069345,
           "auto_unstuck_qty_pct": 0.09007298912073257,
           "auto_unstuck_wallet_exposure_threshold": 0.5686596744042275,
           "backwards_tp": false,
           "ddown_factor": 1.1066014858725788,
           "ema_span_0": 547.8449979399137,
           "ema_span_1": 1291.519207283572,
           "enabled": false,
           "initial_eprice_ema_dist": -0.02337957378538698,
           "initial_qty_pct": 0.04588958679671372,
           "markup_range": 0.00610675168441364,
           "min_markup": 0.009483567450294085,
           "n_close_orders": 3,
           "rentry_pprice_dist": 0.04255190290003099,
           "rentry_pprice_dist_wallet_exposure_weighting": 8.537002598293903,
           "wallet_exposure_limit": 1.0}}