{"config_name": "recursive_grid_RLCUSDT_374days",
 "logging_level": 0,
 "long": {"auto_unstuck_delay_minutes": 500,
          "auto_unstuck_ema_dist": -0.018442855823593545,
          "auto_unstuck_qty_pct": 0.01,
          "auto_unstuck_wallet_exposure_threshold": 0.03035176195463144,
          "backwards_tp": false,
          "ddown_factor": 1.2135441852899793,
          "ema_span_0": 643.8857302390459,
          "ema_span_1": 1006.536235124257,
          "enabled": true,
          "initial_eprice_ema_dist": 0.005573820313122949,
          "initial_qty_pct": 0.05,
          "markup_range": 0.057540614762819776,
          "min_markup": 0.008815550640959144,
          "n_close_orders": 5,
          "rentry_pprice_dist": 0.024313741353706935,
          "rentry_pprice_dist_wallet_exposure_weighting": 1.7289711455124732,
          "wallet_exposure_limit": 1},
 "short": {"auto_unstuck_delay_minutes": 921.8294579400211,
           "auto_unstuck_ema_dist": -0.007199867783161201,
           "auto_unstuck_qty_pct": 0.015369753457122695,
           "auto_unstuck_wallet_exposure_threshold": 0.7563957298779103,
           "backwards_tp": true,
           "ddown_factor": 0.1255862619282034,
           "ema_span_0": 458.7927981836347,
           "ema_span_1": 965.266668214364,
           "enabled": false,
           "initial_eprice_ema_dist": -0.07013088040484211,
           "initial_qty_pct": 0.029858089426311712,
           "markup_range": 0.034068879876935715,
           "min_markup": 0.0057531055588019575,
           "n_close_orders": 5,
           "rentry_pprice_dist": 0.024274473077255266,
           "rentry_pprice_dist_wallet_exposure_weighting": 18.503217301070393,
           "wallet_exposure_limit": 1.0}}