{"config_name": "recursive_grid_BTCUSDT_454days",
 "logging_level": 0,
 "long": {"auto_unstuck_delay_minutes": 985.482890108083,
          "auto_unstuck_ema_dist": -0.017476005348987435,
          "auto_unstuck_qty_pct": 0.01,
          "auto_unstuck_wallet_exposure_threshold": 0.05531000132359877,
          "backwards_tp": false,
          "ddown_factor": 1.9657762320875873,
          "ema_span_0": 495.0602809030137,
          "ema_span_1": 501.86324281325005,
          "enabled": true,
          "initial_eprice_ema_dist": 0.0066600431005679655,
          "initial_qty_pct": 0.05,
          "markup_range": 0.025506462590125352,
          "min_markup": 0.0033177777982425025,
          "n_close_orders": 3,
          "rentry_pprice_dist": 0.02,
          "rentry_pprice_dist_wallet_exposure_weighting": 1.0215714212362066,
          "wallet_exposure_limit": 1},
 "short": {"auto_unstuck_delay_minutes": 319.33867072052016,
           "auto_unstuck_ema_dist": 0.0012890373869774152,
           "auto_unstuck_qty_pct": 0.07018510218693062,
           "auto_unstuck_wallet_exposure_threshold": 0.4954055239429572,
           "backwards_tp": true,
           "ddown_factor": 1.0957305668090522,
           "ema_span_0": 223.1200410489301,
           "ema_span_1": 1317.9565488131593,
           "enabled": false,
           "initial_eprice_ema_dist": -0.048784928404398076,
           "initial_qty_pct": 0.034726421629784336,
           "markup_range": 0.008108691858897472,
           "min_markup": 0.0030564093959782905,
           "n_close_orders": 9,
           "rentry_pprice_dist": 0.02479447650283967,
           "rentry_pprice_dist_wallet_exposure_weighting": 19.83380810938379,
           "wallet_exposure_limit": 1.0}}