{"config_name": "recursive_grid_XLMUSDT_156days",
 "logging_level": 0,
 "long": {"auto_unstuck_delay_minutes": 1213.1907215659194,
          "auto_unstuck_ema_dist": -0.012471695684330177,
          "auto_unstuck_qty_pct": 0.01,
          "auto_unstuck_wallet_exposure_threshold": 0.07266862806992076,
          "backwards_tp": false,
          "ddown_factor": 0.31417897482178886,
          "ema_span_0": 1331.378228170834,
          "ema_span_1": 878.4411264022112,
          "enabled": true,
          "initial_eprice_ema_dist": 0.007373285534368286,
          "initial_qty_pct": 0.044999581084706454,
          "markup_range": 0.015161380768477385,
          "min_markup": 0.01165261727222983,
          "n_close_orders": 8,
          "rentry_pprice_dist": 0.007556414587294321,
          "rentry_pprice_dist_wallet_exposure_weighting": 10.3191462647971,
          "wallet_exposure_limit": 1.0},
 "short": {"auto_unstuck_delay_minutes": 713.4075274043024,
           "auto_unstuck_ema_dist": -0.06048685494104481,
           "auto_unstuck_qty_pct": 0.031496982820084965,
           "auto_unstuck_wallet_exposure_threshold": 0.15458677175864582,
           "backwards_tp": false,
           "ddown_factor": 2.042463526705535,
           "ema_span_0": 833.5860644484052,
           "ema_span_1": 793.7606061325047,
           "enabled": false,
           "initial_eprice_ema_dist": -0.021137272615435257,
           "initial_qty_pct": 0.0354318186144274,
           "markup_range": 0.0013653958375233089,
           "min_markup": 0.001340948970739077,
           "n_close_orders": 5,
           "rentry_pprice_dist": 0.03553504564269151,
           "rentry_pprice_dist_wallet_exposure_weighting": 16.886713428640114,
           "wallet_exposure_limit": 1.0}}