{"config_name": "recursive_grid_ARUSDT_952days",
 "logging_level": 0,
 "long": {"auto_unstuck_delay_minutes": 0,
          "auto_unstuck_ema_dist": 0,
          "auto_unstuck_qty_pct": 0,
          "auto_unstuck_wallet_exposure_threshold": 0.0,
          "backwards_tp": false,
          "ddown_factor": 0.49668460359255573,
          "ema_span_0": 1390.5307249563984,
          "ema_span_1": 795.4898897241692,
          "enabled": true,
          "initial_eprice_ema_dist": 0.050283715268593085,
          "initial_qty_pct": 0.04,
          "markup_range": 0.036762235225101976,
          "min_markup": 0.03,
          "n_close_orders": 3,
          "rentry_pprice_dist": 0.044283023881766595,
          "rentry_pprice_dist_wallet_exposure_weighting": 14.039871670789731,
          "wallet_exposure_limit": 1.0},
 "short": {"auto_unstuck_delay_minutes": 192.04389135401823,
           "auto_unstuck_ema_dist": -0.030690710683287922,
           "auto_unstuck_qty_pct": 0.0920941221303447,
           "auto_unstuck_wallet_exposure_threshold": 0.3677057767271342,
           "backwards_tp": false,
           "ddown_factor": 0.13956060457420766,
           "ema_span_0": 480.94000471537566,
           "ema_span_1": 487.23112315966824,
           "enabled": false,
           "initial_eprice_ema_dist": -0.014363002278794224,
           "initial_qty_pct": 0.025701528688712026,
           "markup_range": 0.04365589198189324,
           "min_markup": 0.004783701656459881,
           "n_close_orders": 10,
           "rentry_pprice_dist": 0.0216577163035979,
           "rentry_pprice_dist_wallet_exposure_weighting": 18.20611548318374,
           "wallet_exposure_limit": 1.0}}