{"config_name": "recursive_grid_BTCUSDT_142days",
 "logging_level": 0,
 "long": {"auto_unstuck_delay_minutes": 1315.6488948862952,
          "auto_unstuck_ema_dist": 0.006028675638509909,
          "auto_unstuck_qty_pct": 0.01,
          "auto_unstuck_wallet_exposure_threshold": 0.0739724548955798,
          "backwards_tp": false,
          "ddown_factor": 0.7665407813232883,
          "ema_span_0": 740.5645018077213,
          "ema_span_1": 634.1117582115484,
          "enabled": true,
          "initial_eprice_ema_dist": 0.002041586647890736,
          "initial_qty_pct": 0.041945953370796846,
          "markup_range": 0.037010565319936795,
          "min_markup": 0.013365004298382901,
          "n_close_orders": 5,
          "rentry_pprice_dist": 0.01361041318216692,
          "rentry_pprice_dist_wallet_exposure_weighting": 2.5454738387286917,
          "wallet_exposure_limit": 1},
 "short": {"auto_unstuck_delay_minutes": 1108.917654825997,
           "auto_unstuck_ema_dist": -0.07729001038301866,
           "auto_unstuck_qty_pct": 0.012853460551218138,
           "auto_unstuck_wallet_exposure_threshold": 0.8169536889267094,
           "backwards_tp": false,
           "ddown_factor": 2.5614790512881367,
           "ema_span_0": 206.25125498142577,
           "ema_span_1": 1117.9751382442414,
           "enabled": false,
           "initial_eprice_ema_dist": -0.07471476321677575,
           "initial_qty_pct": 0.036084023951138154,
           "markup_range": 0.00498273206338377,
           "min_markup": 0.007587916430420962,
           "n_close_orders": 6,
           "rentry_pprice_dist": 0.0396434917081155,
           "rentry_pprice_dist_wallet_exposure_weighting": 15.508219572721387,
           "wallet_exposure_limit": 1.0}}