{"config_name": "recursive_grid_AVAXUSDT_454days",
 "logging_level": 0,
 "long": {"auto_unstuck_delay_minutes": 1067.1429097840603,
          "auto_unstuck_ema_dist": -0.03711683026141681,
          "auto_unstuck_qty_pct": 0.01,
          "auto_unstuck_wallet_exposure_threshold": 0.05429435355771173,
          "backwards_tp": false,
          "ddown_factor": 1.374712685256755,
          "ema_span_0": 545.7213345645262,
          "ema_span_1": 541.6821515446096,
          "enabled": true,
          "initial_eprice_ema_dist": 0.004827690070259329,
          "initial_qty_pct": 0.05,
          "markup_range": 0.05399335631101585,
          "min_markup": 0.007581514256387586,
          "n_close_orders": 7,
          "rentry_pprice_dist": 0.03269942603975468,
          "rentry_pprice_dist_wallet_exposure_weighting": 1.8793066800070972,
          "wallet_exposure_limit": 1},
 "short": {"auto_unstuck_delay_minutes": 1095.9137841593108,
           "auto_unstuck_ema_dist": -0.09147513850627381,
           "auto_unstuck_qty_pct": 0.08633733240849473,
           "auto_unstuck_wallet_exposure_threshold": 0.24037700261328068,
           "backwards_tp": true,
           "ddown_factor": 0.813797130953361,
           "ema_span_0": 511.5289717426515,
           "ema_span_1": 74.22496468830629,
           "enabled": false,
           "initial_eprice_ema_dist": -0.05014368750005241,
           "initial_qty_pct": 0.021415076492660168,
           "markup_range": 0.05337806519071272,
           "min_markup": 0.003626097738596576,
           "n_close_orders": 3,
           "rentry_pprice_dist": 0.04640595429756743,
           "rentry_pprice_dist_wallet_exposure_weighting": 13.43140555853135,
           "wallet_exposure_limit": 1.0}}