{"config_name": "recursive_grid_1000BTTUSDT_839days",
 "logging_level": 0,
 "long": {"auto_unstuck_delay_minutes": 0.0,
          "auto_unstuck_ema_dist": 0.0,
          "auto_unstuck_qty_pct": 0.0,
          "auto_unstuck_wallet_exposure_threshold": 0.0,
          "backwards_tp": false,
          "ddown_factor": 0.4750728825344106,
          "ema_span_0": 244.06076397955906,
          "ema_span_1": 911.7123678730161,
          "enabled": true,
          "initial_eprice_ema_dist": 0.06782587800896087,
          "initial_qty_pct": 0.04,
          "markup_range": 0.015107063442279417,
          "min_markup": 0.020964540738073717,
          "n_close_orders": 4,
          "rentry_pprice_dist": 0.03530200771923434,
          "rentry_pprice_dist_wallet_exposure_weighting": 9.526255293613978,
          "wallet_exposure_limit": 1.0},
 "short": {"auto_unstuck_delay_minutes": 477.1261459408411,
           "auto_unstuck_ema_dist": -0.01939165867018075,
           "auto_unstuck_qty_pct": 0.09081507232676637,
           "auto_unstuck_wallet_exposure_threshold": 0.5117350493228351,
           "backwards_tp": false,
           "ddown_factor": 2.0136135041938816,
           "ema_span_0": 462.681036692303,
           "ema_span_1": 1395.1849533773789,
           "enabled": false,
           "initial_eprice_ema_dist": -0.05911130366953518,
           "initial_qty_pct": 0.034021883348385865,
           "markup_range": 0.023399003936162975,
           "min_markup": 0.009421847881005248,
           "n_close_orders": 11,
           "rentry_pprice_dist": 0.03262831172854326,
           "rentry_pprice_dist_wallet_exposure_weighting": 18.009257073670106,
           "wallet_exposure_limit": 1.0}}