{"config_name": "recursive_grid_BTCUSDT_366days",
 "logging_level": 0,
 "long": {"auto_unstuck_delay_minutes": 941.9241177147196,
          "auto_unstuck_ema_dist": -0.05745773258290414,
          "auto_unstuck_qty_pct": 0.09144766914383728,
          "auto_unstuck_wallet_exposure_threshold": 0.16134397166758133,
          "backwards_tp": true,
          "ddown_factor": 2.377688870782525,
          "ema_span_0": 2421.9915921208167,
          "ema_span_1": 246.37903095843376,
          "enabled": true,
          "initial_eprice_ema_dist": -0.006831592738497582,
          "initial_qty_pct": 0.030428193248378956,
          "markup_range": 0.04015573756217698,
          "min_markup": 0.01163334208795757,
          "n_close_orders": 6,
          "rentry_pprice_dist": 0.006246086620384774,
          "rentry_pprice_dist_wallet_exposure_weighting": 2.8581673797230356,
          "wallet_exposure_limit": 1},
 "short": {"auto_unstuck_delay_minutes": 0.0,
           "auto_unstuck_ema_dist": 0.0,
           "auto_unstuck_qty_pct": 0.0,
           "auto_unstuck_wallet_exposure_threshold": 0.0,
           "backwards_tp": true,
           "ddown_factor": 0.226484659770904,
           "ema_span_0": 1202.0224607608095,
           "ema_span_1": 614.2146827342901,
           "enabled": false,
           "initial_eprice_ema_dist": -0.0009725471034865638,
           "initial_qty_pct": 0.018272281523348487,
           "markup_range": 0.009965841935772277,
           "min_markup": 0.006996549341517601,
           "n_close_orders": 4,
           "rentry_pprice_dist": 0.029324540738723814,
           "rentry_pprice_dist_wallet_exposure_weighting": 0.6129311809897479,
           "wallet_exposure_limit": 1.0}}