{"config_name": "recursive_grid_TRXUSDT_365days",
 "logging_level": 0,
 "long": {"auto_unstuck_delay_minutes": 838.4791309237696,
          "auto_unstuck_ema_dist": 0.02072440163622566,
          "auto_unstuck_qty_pct": 0.01022425515010913,
          "auto_unstuck_wallet_exposure_threshold": 0.12767058166541465,
          "backwards_tp": true,
          "ddown_factor": 1.4854052493686936,
          "ema_span_0": 2120.7872757253685,
          "ema_span_1": 1321.1376439220726,
          "enabled": true,
          "initial_eprice_ema_dist": -0.008889584028645823,
          "initial_qty_pct": 0.08388814470298876,
          "markup_range": 0.032388531861324676,
          "min_markup": 0.014578895597061041,
          "n_close_orders": 6,
          "rentry_pprice_dist": 0.030348111853387694,
          "rentry_pprice_dist_wallet_exposure_weighting": 2.312112247351673,
          "wallet_exposure_limit": 1},
 "short": {"auto_unstuck_delay_minutes": 0.0,
           "auto_unstuck_ema_dist": 0.0,
           "auto_unstuck_qty_pct": 0.0,
           "auto_unstuck_wallet_exposure_threshold": 0.0,
           "backwards_tp": true,
           "ddown_factor": 1.413887351466984,
           "ema_span_0": 433.0743380738533,
           "ema_span_1": 691.0451746067787,
           "enabled": false,
           "initial_eprice_ema_dist": -0.0044142050008561615,
           "initial_qty_pct": 0.019217773838212222,
           "markup_range": 0.0008296123836580605,
           "min_markup": 0.005904530079372635,
           "n_close_orders": 9,
           "rentry_pprice_dist": 0.006273075976558335,
           "rentry_pprice_dist_wallet_exposure_weighting": 4.242302030029977,
           "wallet_exposure_limit": 1.0}}