{"config_name": "recursive_grid_PENDLEUSDT_269days",
 "logging_level": 0,
 "long": {"auto_unstuck_delay_minutes": 634.4668903409865,
          "auto_unstuck_ema_dist": -0.040440447312884965,
          "auto_unstuck_qty_pct": 0.01,
          "auto_unstuck_wallet_exposure_threshold": 0.07971444741539778,
          "backwards_tp": false,
          "ddown_factor": 1.5217152749407945,
          "ema_span_0": 1113.6412394733475,
          "ema_span_1": 828.9457451624828,
          "enabled": true,
          "initial_eprice_ema_dist": 0.006375891101812058,
          "initial_qty_pct": 0.05,
          "markup_range": 0.05478533572357342,
          "min_markup": 0.009306208199142282,
          "n_close_orders": 7,
          "rentry_pprice_dist": 0.02766372373023161,
          "rentry_pprice_dist_wallet_exposure_weighting": 0.9670044831575011,
          "wallet_exposure_limit": 1},
 "short": {"auto_unstuck_delay_minutes": 788.8574680768471,
           "auto_unstuck_ema_dist": -0.009607819164911269,
           "auto_unstuck_qty_pct": 0.026259024098852037,
           "auto_unstuck_wallet_exposure_threshold": 0.5320632278700537,
           "backwards_tp": true,
           "ddown_factor": 2.550908231909359,
           "ema_span_0": 1200.613952255076,
           "ema_span_1": 1060.249644233994,
           "enabled": false,
           "initial_eprice_ema_dist": -0.005612436487407488,
           "initial_qty_pct": 0.029945358812058814,
           "markup_range": 0.023741070950354107,
           "min_markup": 0.009426700235530067,
           "n_close_orders": 6,
           "rentry_pprice_dist": 0.026359095076212747,
           "rentry_pprice_dist_wallet_exposure_weighting": 4.3896477817516155,
           "wallet_exposure_limit": 1.0}}