{"config_name": "recursive_grid_SHIB1000USDT_967days",
 "logging_level": 0,
 "long": {"auto_unstuck_delay_minutes": 0.0,
          "auto_unstuck_ema_dist": 0.0,
          "auto_unstuck_qty_pct": 0.0,
          "auto_unstuck_wallet_exposure_threshold": 0.0,
          "backwards_tp": false,
          "ddown_factor": 0.40110275149573443,
          "ema_span_0": 919.9856121661646,
          "ema_span_1": 270.15756150091,
          "enabled": true,
          "initial_eprice_ema_dist": 0.08668477041350428,
          "initial_qty_pct": 0.04,
          "markup_range": 0.031018872761878293,
          "min_markup": 0.010917623633870405,
          "n_close_orders": 4,
          "rentry_pprice_dist": 0.01762179086497041,
          "rentry_pprice_dist_wallet_exposure_weighting": 11.940819264785565,
          "wallet_exposure_limit": 1.0},
 "short": {"auto_unstuck_delay_minutes": 1297.202024366122,
           "auto_unstuck_ema_dist": -0.09167047129887457,
           "auto_unstuck_qty_pct": 0.08064776881723999,
           "auto_unstuck_wallet_exposure_threshold": 0.7001090864406193,
           "backwards_tp": false,
           "ddown_factor": 1.0697546288244297,
           "ema_span_0": 275.2923264488799,
           "ema_span_1": 68.09954405499448,
           "enabled": false,
           "initial_eprice_ema_dist": -0.03401644637237752,
           "initial_qty_pct": 0.022464560666571445,
           "markup_range": 0.023285030745857884,
           "min_markup": 0.008291282074956875,
           "n_close_orders": 2,
           "rentry_pprice_dist": 0.031135953403250413,
           "rentry_pprice_dist_wallet_exposure_weighting": 13.249311904717372,
           "wallet_exposure_limit": 1.0}}