{"config_name": "recursive_grid_HBARUSDT_454days",
 "logging_level": 0,
 "long": {"auto_unstuck_delay_minutes": 592.2301371401836,
          "auto_unstuck_ema_dist": -0.014183351383806051,
          "auto_unstuck_qty_pct": 0.01,
          "auto_unstuck_wallet_exposure_threshold": 0.047611991998351415,
          "backwards_tp": false,
          "ddown_factor": 1.6978952828568623,
          "ema_span_0": 494.73135728828333,
          "ema_span_1": 429.29781913518275,
          "enabled": true,
          "initial_eprice_ema_dist": 0.008247670485897626,
          "initial_qty_pct": 0.05,
          "markup_range": 0.059065385742398495,
          "min_markup": 0.007140065956120739,
          "n_close_orders": 4,
          "rentry_pprice_dist": 0.0211619799165186,
          "rentry_pprice_dist_wallet_exposure_weighting": 0.5788618269700829,
          "wallet_exposure_limit": 1},
 "short": {"auto_unstuck_delay_minutes": 1274.6977670313192,
           "auto_unstuck_ema_dist": -0.07486367084318166,
           "auto_unstuck_qty_pct": 0.0764397840197303,
           "auto_unstuck_wallet_exposure_threshold": 0.8586295602977595,
           "backwards_tp": true,
           "ddown_factor": 0.4813663855593159,
           "ema_span_0": 910.6816878800657,
           "ema_span_1": 70.18333741407946,
           "enabled": false,
           "initial_eprice_ema_dist": -0.011796373380687411,
           "initial_qty_pct": 0.022495522677138634,
           "markup_range": 0.000961977724572931,
           "min_markup": 0.008185502708415646,
           "n_close_orders": 5,
           "rentry_pprice_dist": 0.04512697520589935,
           "rentry_pprice_dist_wallet_exposure_weighting": 4.013532002287872,
           "wallet_exposure_limit": 1.0}}