{"config_name": "recursive_grid_ONDOUSDT_120days",
 "logging_level": 0,
 "long": {"auto_unstuck_delay_minutes": 712.7256510910488,
          "auto_unstuck_ema_dist": -0.010074225683445591,
          "auto_unstuck_qty_pct": 0.01,
          "auto_unstuck_wallet_exposure_threshold": 0.04266244899526534,
          "backwards_tp": false,
          "ddown_factor": 0.47244539094276516,
          "ema_span_0": 769.5988125720373,
          "ema_span_1": 1252.8823718226793,
          "enabled": true,
          "initial_eprice_ema_dist": 0.017171581510852674,
          "initial_qty_pct": 0.03831134898205826,
          "markup_range": 0.027747881172883064,
          "min_markup": 0.0153219497103402,
          "n_close_orders": 4,
          "rentry_pprice_dist": 0.0108667912481543,
          "rentry_pprice_dist_wallet_exposure_weighting": 0.5638693486196646,
          "wallet_exposure_limit": 1},
 "short": {"auto_unstuck_delay_minutes": 278.2226600888321,
           "auto_unstuck_ema_dist": -0.04672357858397202,
           "auto_unstuck_qty_pct": 0.041149468242710596,
           "auto_unstuck_wallet_exposure_threshold": 0.8756436430597941,
           "backwards_tp": false,
           "ddown_factor": 2.4108040149776424,
           "ema_span_0": 67.57443837860126,
           "ema_span_1": 296.00673089552686,
           "enabled": false,
           "initial_eprice_ema_dist": -0.012204196533249584,
           "initial_qty_pct": 0.029273348023648865,
           "markup_range": 0.03567966501909114,
           "min_markup": 0.0021017639050746424,
           "n_close_orders": 14,
           "rentry_pprice_dist": 0.022266658778993264,
           "rentry_pprice_dist_wallet_exposure_weighting": 17.434451665573892,
           "wallet_exposure_limit": 1.0}}