{"config_name": "recursive_grid_ETHUSDT_454days",
 "logging_level": 0,
 "long": {"auto_unstuck_delay_minutes": 1362.9481858907077,
          "auto_unstuck_ema_dist": -0.009863927750261134,
          "auto_unstuck_qty_pct": 0.01,
          "auto_unstuck_wallet_exposure_threshold": 0.08255245323752883,
          "backwards_tp": false,
          "ddown_factor": 1.9836700616487923,
          "ema_span_0": 730.8663567856737,
          "ema_span_1": 632.6843694440697,
          "enabled": true,
          "initial_eprice_ema_dist": 0.007424395437957129,
          "initial_qty_pct": 0.05,
          "markup_range": 0.0546361718867895,
          "min_markup": 0.009927954671859123,
          "n_close_orders": 4,
          "rentry_pprice_dist": 0.02,
          "rentry_pprice_dist_wallet_exposure_weighting": 0.6544655806377445,
          "wallet_exposure_limit": 1},
 "short": {"auto_unstuck_delay_minutes": 1354.9576718582541,
           "auto_unstuck_ema_dist": -0.01610764390212016,
           "auto_unstuck_qty_pct": 0.09899132595653258,
           "auto_unstuck_wallet_exposure_threshold": 0.8147780475243169,
           "backwards_tp": true,
           "ddown_factor": 0.27349606514541674,
           "ema_span_0": 1213.1917116232842,
           "ema_span_1": 973.3779741982022,
           "enabled": false,
           "initial_eprice_ema_dist": -0.07590979806999076,
           "initial_qty_pct": 0.01305112521511787,
           "markup_range": 0.02938540427488919,
           "min_markup": 0.0021956452599378646,
           "n_close_orders": 14,
           "rentry_pprice_dist": 0.03373187496575496,
           "rentry_pprice_dist_wallet_exposure_weighting": 16.63934799203078,
           "wallet_exposure_limit": 1.0}}