{"config_name": "recursive_grid_ARUSDT_156days",
 "logging_level": 0,
 "long": {"auto_unstuck_delay_minutes": 613.1410654574057,
          "auto_unstuck_ema_dist": -0.020855344875300313,
          "auto_unstuck_qty_pct": 0.01,
          "auto_unstuck_wallet_exposure_threshold": 0.06737976985435828,
          "backwards_tp": false,
          "ddown_factor": 0.5858123252494128,
          "ema_span_0": 861.6052559696411,
          "ema_span_1": 920.6971078359393,
          "enabled": true,
          "initial_eprice_ema_dist": 0.005356522033275652,
          "initial_qty_pct": 0.03813508105442727,
          "markup_range": 0.010050363958111397,
          "min_markup": 0.010017403857850424,
          "n_close_orders": 8,
          "rentry_pprice_dist": 0.010694867708539798,
          "rentry_pprice_dist_wallet_exposure_weighting": 8.580752315809839,
          "wallet_exposure_limit": 1},
 "short": {"auto_unstuck_delay_minutes": 479.2628586173452,
           "auto_unstuck_ema_dist": 0.0016412195263645346,
           "auto_unstuck_qty_pct": 0.0398052757277265,
           "auto_unstuck_wallet_exposure_threshold": 0.6637435047711256,
           "backwards_tp": false,
           "ddown_factor": 0.7033218720774214,
           "ema_span_0": 1137.0230654800678,
           "ema_span_1": 1294.5322785772519,
           "enabled": false,
           "initial_eprice_ema_dist": -0.06685824504255958,
           "initial_qty_pct": 0.04332571274657843,
           "markup_range": 0.006421139346205613,
           "min_markup": 0.006919673192970777,
           "n_close_orders": 7,
           "rentry_pprice_dist": 0.028508607165665622,
           "rentry_pprice_dist_wallet_exposure_weighting": 14.504574827748835,
           "wallet_exposure_limit": 1.0}}