{"config_name": "recursive_grid_GRTUSDT_454days",
 "logging_level": 0,
 "long": {"auto_unstuck_delay_minutes": 1177.402698042909,
          "auto_unstuck_ema_dist": 0.045337072438543666,
          "auto_unstuck_qty_pct": 0.01,
          "auto_unstuck_wallet_exposure_threshold": 0.06104057064836402,
          "backwards_tp": false,
          "ddown_factor": 1.9483042040579504,
          "ema_span_0": 1403.6672193368322,
          "ema_span_1": 975.393523016106,
          "enabled": true,
          "initial_eprice_ema_dist": 0.003680757389140789,
          "initial_qty_pct": 0.05,
          "markup_range": 0.027467246155997126,
          "min_markup": 0.003962314286535455,
          "n_close_orders": 5,
          "rentry_pprice_dist": 0.0557058378183273,
          "rentry_pprice_dist_wallet_exposure_weighting": 4.144694181030593,
          "wallet_exposure_limit": 1.0},
 "short": {"auto_unstuck_delay_minutes": 80.06159840080774,
           "auto_unstuck_ema_dist": -0.01809291777213598,
           "auto_unstuck_qty_pct": 0.03298882369013578,
           "auto_unstuck_wallet_exposure_threshold": 0.32273782995201283,
           "backwards_tp": true,
           "ddown_factor": 1.688297329861462,
           "ema_span_0": 1386.0185366810672,
           "ema_span_1": 25.121100428749223,
           "enabled": false,
           "initial_eprice_ema_dist": -0.09631703768425992,
           "initial_qty_pct": 0.040150410457593516,
           "markup_range": 0.0480565153061222,
           "min_markup": 0.007151663779251811,
           "n_close_orders": 10,
           "rentry_pprice_dist": 0.04437917662283109,
           "rentry_pprice_dist_wallet_exposure_weighting": 8.61033069894888,
           "wallet_exposure_limit": 1.0}}