{"config_name": "recursive_grid_UNIUSDT_366days",
 "logging_level": 0,
 "long": {"auto_unstuck_delay_minutes": 127.42877685924853,
          "auto_unstuck_ema_dist": -0.07530289582547176,
          "auto_unstuck_qty_pct": 0.0867023638804766,
          "auto_unstuck_wallet_exposure_threshold": 0.16642587139382556,
          "backwards_tp": false,
          "ddown_factor": 0.1,
          "ema_span_0": 928.19078176198,
          "ema_span_1": 943.6270294914184,
          "enabled": true,
          "initial_eprice_ema_dist": -0.003591095984294914,
          "initial_qty_pct": 0.03518892442562121,
          "markup_range": 0.017740371752281183,
          "min_markup": 0.014398881006896557,
          "n_close_orders": 3,
          "rentry_pprice_dist": 0.04230152529401822,
          "rentry_pprice_dist_wallet_exposure_weighting": 0.5766204926367148,
          "wallet_exposure_limit": 1},
 "short": {"auto_unstuck_delay_minutes": 0.0,
           "auto_unstuck_ema_dist": 0.0,
           "auto_unstuck_qty_pct": 0.0,
           "auto_unstuck_wallet_exposure_threshold": 0.0,
           "backwards_tp": false,
           "ddown_factor": 1.9246251798642953,
           "ema_span_0": 947.2059735149347,
           "ema_span_1": 970.214444775277,
           "enabled": false,
           "initial_eprice_ema_dist": -0.004657911110290077,
           "initial_qty_pct": 0.01935043196507685,
           "markup_range": 0.0064884656915623245,
           "min_markup": 0.004216010249844819,
           "n_close_orders": 10,
           "rentry_pprice_dist": 0.048910998906914235,
           "rentry_pprice_dist_wallet_exposure_weighting": 1.6844263487978144,
           "wallet_exposure_limit": 1.0}}