{"config_name": "recursive_grid_SEIUSDT_302days",
 "logging_level": 0,
 "long": {"auto_unstuck_delay_minutes": 0.0,
          "auto_unstuck_ema_dist": 0.0,
          "auto_unstuck_qty_pct": 0.0,
          "auto_unstuck_wallet_exposure_threshold": 0.0,
          "backwards_tp": false,
          "ddown_factor": 0.4273760125448377,
          "ema_span_0": 1322.4270541674778,
          "ema_span_1": 1395.8725254287135,
          "enabled": true,
          "initial_eprice_ema_dist": 0.019181512459741354,
          "initial_qty_pct": 0.04,
          "markup_range": 0.03296978277793989,
          "min_markup": 0.012727466588444916,
          "n_close_orders": 3,
          "rentry_pprice_dist": 0.008864205591711413,
          "rentry_pprice_dist_wallet_exposure_weighting": 9.677943392704686,
          "wallet_exposure_limit": 1.0},
 "short": {"auto_unstuck_delay_minutes": 571.0860659398221,
           "auto_unstuck_ema_dist": -0.03788183809649249,
           "auto_unstuck_qty_pct": 0.01676056844367705,
           "auto_unstuck_wallet_exposure_threshold": 0.7435632607746444,
           "backwards_tp": false,
           "ddown_factor": 1.4303606248249605,
           "ema_span_0": 113.85364351210985,
           "ema_span_1": 1008.8659376418501,
           "enabled": false,
           "initial_eprice_ema_dist": -0.07061358318412114,
           "initial_qty_pct": 0.01349445850404975,
           "markup_range": 0.02422006097776686,
           "min_markup": 0.007586275771070259,
           "n_close_orders": 11,
           "rentry_pprice_dist": 0.04964246340116021,
           "rentry_pprice_dist_wallet_exposure_weighting": 7.678780787620154,
           "wallet_exposure_limit": 1.0}}