{"config_name": "recursive_grid_NEARUSDT_142days",
 "logging_level": 0,
 "long": {"auto_unstuck_delay_minutes": 1412.2559825151461,
          "auto_unstuck_ema_dist": 0.02879463518426516,
          "auto_unstuck_qty_pct": 0.01,
          "auto_unstuck_wallet_exposure_threshold": 0.08061766653612819,
          "backwards_tp": false,
          "ddown_factor": 0.44911939672588,
          "ema_span_0": 626.7220626684998,
          "ema_span_1": 709.8844656914565,
          "enabled": true,
          "initial_eprice_ema_dist": 0.004264339537415212,
          "initial_qty_pct": 0.046187060238504676,
          "markup_range": 0.02984603461762452,
          "min_markup": 0.036137109523978195,
          "n_close_orders": 5,
          "rentry_pprice_dist": 0.016020058365583352,
          "rentry_pprice_dist_wallet_exposure_weighting": 4.994665338133661,
          "wallet_exposure_limit": 1},
 "short": {"auto_unstuck_delay_minutes": 183.82560707552022,
           "auto_unstuck_ema_dist": -0.05815114784036044,
           "auto_unstuck_qty_pct": 0.06276756603910755,
           "auto_unstuck_wallet_exposure_threshold": 0.8587351980551273,
           "backwards_tp": false,
           "ddown_factor": 1.179946066323012,
           "ema_span_0": 721.0259076295265,
           "ema_span_1": 409.56822609451086,
           "enabled": false,
           "initial_eprice_ema_dist": -0.0853178292052395,
           "initial_qty_pct": 0.03481332373458266,
           "markup_range": 0.0426857941439657,
           "min_markup": 0.008084613492479104,
           "n_close_orders": 4,
           "rentry_pprice_dist": 0.030969289504298496,
           "rentry_pprice_dist_wallet_exposure_weighting": 7.270849928042473,
           "wallet_exposure_limit": 1.0}}