{"config_name": "recursive_grid_ONDOUSDT_120days",
 "logging_level": 0,
 "long": {"auto_unstuck_delay_minutes": 1094.0711947108907,
          "auto_unstuck_ema_dist": -0.011685767179894597,
          "auto_unstuck_qty_pct": 0.01,
          "auto_unstuck_wallet_exposure_threshold": 0.09712606772024415,
          "backwards_tp": false,
          "ddown_factor": 0.7001503161987399,
          "ema_span_0": 1430.2777874213416,
          "ema_span_1": 913.1726832472787,
          "enabled": true,
          "initial_eprice_ema_dist": 0.015886130457227702,
          "initial_qty_pct": 0.043415497726499816,
          "markup_range": 0.03928735928292049,
          "min_markup": 0.019711627840115913,
          "n_close_orders": 5,
          "rentry_pprice_dist": 0.01533360361269029,
          "rentry_pprice_dist_wallet_exposure_weighting": 0.7461340590089647,
          "wallet_exposure_limit": 1},
 "short": {"auto_unstuck_delay_minutes": 447.2281963068594,
           "auto_unstuck_ema_dist": -0.08037396869851707,
           "auto_unstuck_qty_pct": 0.01262643237563835,
           "auto_unstuck_wallet_exposure_threshold": 0.10123389052586217,
           "backwards_tp": false,
           "ddown_factor": 1.246138096025624,
           "ema_span_0": 316.06337117175923,
           "ema_span_1": 613.5070909330839,
           "enabled": false,
           "initial_eprice_ema_dist": -0.0700976412819573,
           "initial_qty_pct": 0.03301032974326064,
           "markup_range": 0.028011217246680303,
           "min_markup": 0.006424981102126681,
           "n_close_orders": 9,
           "rentry_pprice_dist": 0.049730974030017826,
           "rentry_pprice_dist_wallet_exposure_weighting": 15.034255352219873,
           "wallet_exposure_limit": 1.0}}