{"config_name": "recursive_grid_FILUSDT_366days",
 "logging_level": 0,
 "long": {"auto_unstuck_delay_minutes": 921.0741575545562,
          "auto_unstuck_ema_dist": -0.018597392591584664,
          "auto_unstuck_qty_pct": 0.1,
          "auto_unstuck_wallet_exposure_threshold": 0.06490755019349256,
          "backwards_tp": false,
          "ddown_factor": 0.35076117632948045,
          "ema_span_0": 1585.3268386615032,
          "ema_span_1": 2099.3327392013944,
          "enabled": true,
          "initial_eprice_ema_dist": 0.003,
          "initial_qty_pct": 0.03816674037718314,
          "markup_range": 0.019729751191696912,
          "min_markup": 0.00941219701947799,
          "n_close_orders": 9,
          "rentry_pprice_dist": 0.0364044154352828,
          "rentry_pprice_dist_wallet_exposure_weighting": 0.6095177300999017,
          "wallet_exposure_limit": 1},
 "short": {"auto_unstuck_delay_minutes": 0.0,
           "auto_unstuck_ema_dist": 0.0,
           "auto_unstuck_qty_pct": 0.0,
           "auto_unstuck_wallet_exposure_threshold": 0.0,
           "backwards_tp": false,
           "ddown_factor": 0.5905987389664153,
           "ema_span_0": 560.727230264795,
           "ema_span_1": 1004.6936681286147,
           "enabled": false,
           "initial_eprice_ema_dist": 0.001782649052862328,
           "initial_qty_pct": 0.016662510527672238,
           "markup_range": 0.006162926399710979,
           "min_markup": 0.0071454703777809,
           "n_close_orders": 14,
           "rentry_pprice_dist": 0.012088853996012124,
           "rentry_pprice_dist_wallet_exposure_weighting": 1.4486513569685244,
           "wallet_exposure_limit": 1.0}}