{"config_name": "recursive_grid_ORDIUSDT_143days",
 "logging_level": 0,
 "long": {"auto_unstuck_delay_minutes": 536.7774099871615,
          "auto_unstuck_ema_dist": -0.0483032249702037,
          "auto_unstuck_qty_pct": 0.01,
          "auto_unstuck_wallet_exposure_threshold": 0.04944213912458922,
          "backwards_tp": false,
          "ddown_factor": 0.49696144321757363,
          "ema_span_0": 607.765258963368,
          "ema_span_1": 522.0533815124527,
          "enabled": true,
          "initial_eprice_ema_dist": 0.01371342077858543,
          "initial_qty_pct": 0.048605578219603006,
          "markup_range": 0.039338983522876424,
          "min_markup": 0.012013067598453641,
          "n_close_orders": 4,
          "rentry_pprice_dist": 0.016535961486238916,
          "rentry_pprice_dist_wallet_exposure_weighting": 8.663254351750718,
          "wallet_exposure_limit": 1},
 "short": {"auto_unstuck_delay_minutes": 1338.472031110325,
           "auto_unstuck_ema_dist": -0.04723140408795682,
           "auto_unstuck_qty_pct": 0.03488674027090232,
           "auto_unstuck_wallet_exposure_threshold": 0.5739188898069237,
           "backwards_tp": false,
           "ddown_factor": 1.8952515924837325,
           "ema_span_0": 916.7918556397075,
           "ema_span_1": 1274.7854339751864,
           "enabled": false,
           "initial_eprice_ema_dist": -0.016230700006099497,
           "initial_qty_pct": 0.047654591554072666,
           "markup_range": 0.03760314792229457,
           "min_markup": 0.007131086132366476,
           "n_close_orders": 7,
           "rentry_pprice_dist": 0.026089804193817102,
           "rentry_pprice_dist_wallet_exposure_weighting": 11.863530830359954,
           "wallet_exposure_limit": 1.0}}