{"config_name": "recursive_grid_XRPUSDT_143days",
 "logging_level": 0,
 "long": {"auto_unstuck_delay_minutes": 578.3680474304825,
          "auto_unstuck_ema_dist": 0.012704498469834763,
          "auto_unstuck_qty_pct": 0.01,
          "auto_unstuck_wallet_exposure_threshold": 0.09828252763144887,
          "backwards_tp": false,
          "ddown_factor": 0.37349032325301557,
          "ema_span_0": 441.0355154440146,
          "ema_span_1": 387.45985113915987,
          "enabled": true,
          "initial_eprice_ema_dist": -0.01998460554133936,
          "initial_qty_pct": 0.034499770444108235,
          "markup_range": 0.017431525499141582,
          "min_markup": 0.021228462993315586,
          "n_close_orders": 7,
          "rentry_pprice_dist": 0.010147737697319144,
          "rentry_pprice_dist_wallet_exposure_weighting": 7.5661392298948575,
          "wallet_exposure_limit": 1},
 "short": {"auto_unstuck_delay_minutes": 988.6038080222497,
           "auto_unstuck_ema_dist": 0.002913386614055491,
           "auto_unstuck_qty_pct": 0.06582505329602467,
           "auto_unstuck_wallet_exposure_threshold": 0.6363697151525585,
           "backwards_tp": false,
           "ddown_factor": 2.075062430985303,
           "ema_span_0": 143.10673667111192,
           "ema_span_1": 1103.4447083739515,
           "enabled": false,
           "initial_eprice_ema_dist": -0.047586562088844264,
           "initial_qty_pct": 0.03671628668874698,
           "markup_range": 0.04553201548327172,
           "min_markup": 0.00892024825248025,
           "n_close_orders": 6,
           "rentry_pprice_dist": 0.04167485938183953,
           "rentry_pprice_dist_wallet_exposure_weighting": 4.924371077850644,
           "wallet_exposure_limit": 1.0}}