{"config_name": "recursive_grid_DOTUSDT_156days",
 "logging_level": 0,
 "long": {"auto_unstuck_delay_minutes": 1305.996246549058,
          "auto_unstuck_ema_dist": 0.011262271427541562,
          "auto_unstuck_qty_pct": 0.01,
          "auto_unstuck_wallet_exposure_threshold": 0.08600267630057828,
          "backwards_tp": false,
          "ddown_factor": 0.5227333212238231,
          "ema_span_0": 792.149853021959,
          "ema_span_1": 789.1297992019096,
          "enabled": true,
          "initial_eprice_ema_dist": 0.009357675164558339,
          "initial_qty_pct": 0.041907641677084946,
          "markup_range": 0.04094536656907267,
          "min_markup": 0.01354386342781815,
          "n_close_orders": 8,
          "rentry_pprice_dist": 0.00846759818509688,
          "rentry_pprice_dist_wallet_exposure_weighting": 9.292057286209243,
          "wallet_exposure_limit": 1},
 "short": {"auto_unstuck_delay_minutes": 743.3237850865569,
           "auto_unstuck_ema_dist": -0.08299906198301202,
           "auto_unstuck_qty_pct": 0.02661137485463104,
           "auto_unstuck_wallet_exposure_threshold": 0.7582413096760546,
           "backwards_tp": false,
           "ddown_factor": 1.1030289010226626,
           "ema_span_0": 1389.0211280371493,
           "ema_span_1": 175.8605345095848,
           "enabled": false,
           "initial_eprice_ema_dist": -0.04634693445488498,
           "initial_qty_pct": 0.01643869270216229,
           "markup_range": 0.05881193429945724,
           "min_markup": 0.00927707259856492,
           "n_close_orders": 10,
           "rentry_pprice_dist": 0.0340121224227368,
           "rentry_pprice_dist_wallet_exposure_weighting": 6.455659519243464,
           "wallet_exposure_limit": 1.0}}