{"config_name": "recursive_grid_1000RATSUSDT_143days",
 "logging_level": 0,
 "long": {"auto_unstuck_delay_minutes": 1297.0781152409063,
          "auto_unstuck_ema_dist": -0.02658592820753379,
          "auto_unstuck_qty_pct": 0.01,
          "auto_unstuck_wallet_exposure_threshold": 0.047761362968171496,
          "backwards_tp": false,
          "ddown_factor": 0.493463479317586,
          "ema_span_0": 189.81131655012473,
          "ema_span_1": 1254.9448663456872,
          "enabled": true,
          "initial_eprice_ema_dist": 0.02467450703701127,
          "initial_qty_pct": 0.030190174994947184,
          "markup_range": 0.016532083023155654,
          "min_markup": 0.012419299797602552,
          "n_close_orders": 5,
          "rentry_pprice_dist": 0.03323213368215647,
          "rentry_pprice_dist_wallet_exposure_weighting": 10.824682778738266,
          "wallet_exposure_limit": 1},
 "short": {"auto_unstuck_delay_minutes": 224.23211403945155,
           "auto_unstuck_ema_dist": -0.04321573347661645,
           "auto_unstuck_qty_pct": 0.02697668011711387,
           "auto_unstuck_wallet_exposure_threshold": 0.8256680478614743,
           "backwards_tp": false,
           "ddown_factor": 0.7270592872314839,
           "ema_span_0": 887.7627511278237,
           "ema_span_1": 1060.915765047605,
           "enabled": false,
           "initial_eprice_ema_dist": -0.07504309640231287,
           "initial_qty_pct": 0.011924606281859762,
           "markup_range": 0.045360958388268806,
           "min_markup": 0.0027660878729887373,
           "n_close_orders": 7,
           "rentry_pprice_dist": 0.00953392911867199,
           "rentry_pprice_dist_wallet_exposure_weighting": 10.85595534763462,
           "wallet_exposure_limit": 1.0}}