{"config_name": "recursive_grid_BEAMUSDT_212days",
 "logging_level": 0,
 "long": {"auto_unstuck_delay_minutes": 0,
          "auto_unstuck_ema_dist": 0,
          "auto_unstuck_qty_pct": 0,
          "auto_unstuck_wallet_exposure_threshold": 0.0,
          "backwards_tp": false,
          "ddown_factor": 0.6,
          "ema_span_0": 80.13435223715916,
          "ema_span_1": 120.69928624267115,
          "enabled": true,
          "initial_eprice_ema_dist": 0.011621563939996447,
          "initial_qty_pct": 0.04,
          "markup_range": 0.032763737683883805,
          "min_markup": 0.012874186845851066,
          "n_close_orders": 2,
          "rentry_pprice_dist": 0.011208627207790763,
          "rentry_pprice_dist_wallet_exposure_weighting": 9.147261505307645,
          "wallet_exposure_limit": 1},
 "short": {"auto_unstuck_delay_minutes": 121.10716576302855,
           "auto_unstuck_ema_dist": -0.03464737279032762,
           "auto_unstuck_qty_pct": 0.0971358619453129,
           "auto_unstuck_wallet_exposure_threshold": 0.6303209551938848,
           "backwards_tp": false,
           "ddown_factor": 1.8032532391372347,
           "ema_span_0": 246.49597420677784,
           "ema_span_1": 334.2696183711792,
           "enabled": false,
           "initial_eprice_ema_dist": -0.04563339440034505,
           "initial_qty_pct": 0.021865273758318107,
           "markup_range": 0.043494680274642095,
           "min_markup": 0.002231999969085,
           "n_close_orders": 16,
           "rentry_pprice_dist": 0.032063164305810285,
           "rentry_pprice_dist_wallet_exposure_weighting": 15.514123835354987,
           "wallet_exposure_limit": 1.0}}