{"config_name": "recursive_grid_GRTUSDT_143days",
 "logging_level": 0,
 "long": {"auto_unstuck_delay_minutes": 510.4600036364678,
          "auto_unstuck_ema_dist": 0.02137226599477339,
          "auto_unstuck_qty_pct": 0.01,
          "auto_unstuck_wallet_exposure_threshold": 0.07490139369449418,
          "backwards_tp": false,
          "ddown_factor": 0.5522741932440388,
          "ema_span_0": 1275.0256091948727,
          "ema_span_1": 1192.5115434630504,
          "enabled": true,
          "initial_eprice_ema_dist": 0.026251993499217724,
          "initial_qty_pct": 0.039580939392805686,
          "markup_range": 0.03594392244545147,
          "min_markup": 0.009035818658610502,
          "n_close_orders": 6,
          "rentry_pprice_dist": 0.03741460817357185,
          "rentry_pprice_dist_wallet_exposure_weighting": 11.784348532001035,
          "wallet_exposure_limit": 1},
 "short": {"auto_unstuck_delay_minutes": 297.283192648386,
           "auto_unstuck_ema_dist": -0.06101818847960628,
           "auto_unstuck_qty_pct": 0.050982867691238686,
           "auto_unstuck_wallet_exposure_threshold": 0.25076705219088213,
           "backwards_tp": false,
           "ddown_factor": 1.332728875929663,
           "ema_span_0": 297.80784101430015,
           "ema_span_1": 1365.6454590198457,
           "enabled": false,
           "initial_eprice_ema_dist": -0.09677273655710684,
           "initial_qty_pct": 0.01895578972603753,
           "markup_range": 0.05970932227190905,
           "min_markup": 0.0036025931007238328,
           "n_close_orders": 10,
           "rentry_pprice_dist": 0.00661614259992329,
           "rentry_pprice_dist_wallet_exposure_weighting": 16.083718896503644,
           "wallet_exposure_limit": 1.0}}