{"config_name": "recursive_grid_DOTUSDT_1229days",
 "logging_level": 0,
 "long": {"auto_unstuck_delay_minutes": 0,
          "auto_unstuck_ema_dist": 0,
          "auto_unstuck_qty_pct": 0,
          "auto_unstuck_wallet_exposure_threshold": 0.0,
          "backwards_tp": false,
          "ddown_factor": 0.4611410746592271,
          "ema_span_0": 806.7381930605977,
          "ema_span_1": 785.2020367683872,
          "enabled": true,
          "initial_eprice_ema_dist": 0.0417315989813658,
          "initial_qty_pct": 0.04,
          "markup_range": 0.039841904729593494,
          "min_markup": 0.03,
          "n_close_orders": 3,
          "rentry_pprice_dist": 0.02497454729265898,
          "rentry_pprice_dist_wallet_exposure_weighting": 13.811771762967155,
          "wallet_exposure_limit": 1.0},
 "short": {"auto_unstuck_delay_minutes": 682.0933553991275,
           "auto_unstuck_ema_dist": -0.00957474686915985,
           "auto_unstuck_qty_pct": 0.026586728181787395,
           "auto_unstuck_wallet_exposure_threshold": 0.7741455685369768,
           "backwards_tp": false,
           "ddown_factor": 1.8339925723257435,
           "ema_span_0": 921.675447836701,
           "ema_span_1": 176.9022075542173,
           "enabled": false,
           "initial_eprice_ema_dist": -0.09621916484830598,
           "initial_qty_pct": 0.030748260939778886,
           "markup_range": 0.002081209527983414,
           "min_markup": 0.005558416859349005,
           "n_close_orders": 9,
           "rentry_pprice_dist": 0.031403705180332434,
           "rentry_pprice_dist_wallet_exposure_weighting": 16.265046588940315,
           "wallet_exposure_limit": 1.0}}