{"config_name": "recursive_grid_XMRUSDT_454days",
 "logging_level": 0,
 "long": {"auto_unstuck_delay_minutes": 936.5628356072218,
          "auto_unstuck_ema_dist": 0.04744853910798545,
          "auto_unstuck_qty_pct": 0.01,
          "auto_unstuck_wallet_exposure_threshold": 0.03424824889162129,
          "backwards_tp": false,
          "ddown_factor": 0.44200134474975866,
          "ema_span_0": 1309.284738485006,
          "ema_span_1": 1392.944969779286,
          "enabled": true,
          "initial_eprice_ema_dist": 0.006414016569244348,
          "initial_qty_pct": 0.05,
          "markup_range": 0.04001840817418607,
          "min_markup": 0.0031889554410463347,
          "n_close_orders": 5,
          "rentry_pprice_dist": 0.06266360275201892,
          "rentry_pprice_dist_wallet_exposure_weighting": 1.2674149194169821,
          "wallet_exposure_limit": 1.0},
 "short": {"auto_unstuck_delay_minutes": 812.0008303025804,
           "auto_unstuck_ema_dist": -0.01840869144581697,
           "auto_unstuck_qty_pct": 0.07555329619980773,
           "auto_unstuck_wallet_exposure_threshold": 0.7546055041245835,
           "backwards_tp": true,
           "ddown_factor": 0.814650899815859,
           "ema_span_0": 1282.639601934942,
           "ema_span_1": 1429.5830943496762,
           "enabled": false,
           "initial_eprice_ema_dist": -0.045732400455362615,
           "initial_qty_pct": 0.020337427313116368,
           "markup_range": 0.00323307936025212,
           "min_markup": 0.0015676925866839702,
           "n_close_orders": 7,
           "rentry_pprice_dist": 0.0067894729867416775,
           "rentry_pprice_dist_wallet_exposure_weighting": 19.08683530763454,
           "wallet_exposure_limit": 1.0}}