{"config_name": "recursive_grid_1000RATSUSDT_143days",
 "logging_level": 0,
 "long": {"auto_unstuck_delay_minutes": 1189.9790712498402,
          "auto_unstuck_ema_dist": -0.03392558447717305,
          "auto_unstuck_qty_pct": 0.01,
          "auto_unstuck_wallet_exposure_threshold": 0.09062061400412148,
          "backwards_tp": false,
          "ddown_factor": 0.5834815679898899,
          "ema_span_0": 172.12323402072664,
          "ema_span_1": 154.02632106333826,
          "enabled": true,
          "initial_eprice_ema_dist": 0.027656327563598627,
          "initial_qty_pct": 0.04764180574164007,
          "markup_range": 0.03205642795649111,
          "min_markup": 0.012015311493649743,
          "n_close_orders": 7,
          "rentry_pprice_dist": 0.019864933106667308,
          "rentry_pprice_dist_wallet_exposure_weighting": 7.589819119924375,
          "wallet_exposure_limit": 1},
 "short": {"auto_unstuck_delay_minutes": 809.8759915977076,
           "auto_unstuck_ema_dist": -0.07917018174831589,
           "auto_unstuck_qty_pct": 0.04166367011293895,
           "auto_unstuck_wallet_exposure_threshold": 0.5091774294159291,
           "backwards_tp": false,
           "ddown_factor": 1.2978839644354283,
           "ema_span_0": 1241.39781540244,
           "ema_span_1": 129.74696709521842,
           "enabled": false,
           "initial_eprice_ema_dist": -0.03459433352997815,
           "initial_qty_pct": 0.04889064266707738,
           "markup_range": 0.010889977218756761,
           "min_markup": 0.0015704831716647253,
           "n_close_orders": 14,
           "rentry_pprice_dist": 0.011083455336321687,
           "rentry_pprice_dist_wallet_exposure_weighting": 0.33256484418993315,
           "wallet_exposure_limit": 1.0}}