{"config_name": "recursive_grid_CROUSDT_454days",
 "logging_level": 0,
 "long": {"auto_unstuck_delay_minutes": 1056.689425718208,
          "auto_unstuck_ema_dist": -0.046089322970483924,
          "auto_unstuck_qty_pct": 0.01,
          "auto_unstuck_wallet_exposure_threshold": 0.03976981008299549,
          "backwards_tp": false,
          "ddown_factor": 0.5657866034038659,
          "ema_span_0": 633.1759365189155,
          "ema_span_1": 612.8305902847446,
          "enabled": true,
          "initial_eprice_ema_dist": 0.0011249035599510337,
          "initial_qty_pct": 0.05,
          "markup_range": 0.05869597967903183,
          "min_markup": 0.0052925846630395255,
          "n_close_orders": 7,
          "rentry_pprice_dist": 0.020828257749545248,
          "rentry_pprice_dist_wallet_exposure_weighting": 0.7977091914825919,
          "wallet_exposure_limit": 1},
 "short": {"auto_unstuck_delay_minutes": 187.2643710781002,
           "auto_unstuck_ema_dist": -0.053384278362418304,
           "auto_unstuck_qty_pct": 0.052324771008522265,
           "auto_unstuck_wallet_exposure_threshold": 0.15345965789923569,
           "backwards_tp": true,
           "ddown_factor": 1.5172122874657603,
           "ema_span_0": 472.66592511717266,
           "ema_span_1": 623.4605372982342,
           "enabled": false,
           "initial_eprice_ema_dist": -0.016978430033386963,
           "initial_qty_pct": 0.034229570569019215,
           "markup_range": 0.02407530987123114,
           "min_markup": 0.007144812810653528,
           "n_close_orders": 13,
           "rentry_pprice_dist": 0.01752646731111021,
           "rentry_pprice_dist_wallet_exposure_weighting": 11.218842417051162,
           "wallet_exposure_limit": 1.0}}