{"config_name": "recursive_grid_ICPUSDT_156days",
 "logging_level": 0,
 "long": {"auto_unstuck_delay_minutes": 1312.0116144997967,
          "auto_unstuck_ema_dist": 0.04513401338271747,
          "auto_unstuck_qty_pct": 0.01,
          "auto_unstuck_wallet_exposure_threshold": 0.07833388767275686,
          "backwards_tp": false,
          "ddown_factor": 0.5199607810948756,
          "ema_span_0": 722.1459128785388,
          "ema_span_1": 1298.3826220872095,
          "enabled": true,
          "initial_eprice_ema_dist": 0.004311377814030326,
          "initial_qty_pct": 0.04990702609276633,
          "markup_range": 0.010870773927637578,
          "min_markup": 0.01191288737549935,
          "n_close_orders": 5,
          "rentry_pprice_dist": 0.008480626979610993,
          "rentry_pprice_dist_wallet_exposure_weighting": 9.009610954431334,
          "wallet_exposure_limit": 1},
 "short": {"auto_unstuck_delay_minutes": 736.629687538182,
           "auto_unstuck_ema_dist": -0.08838436066945778,
           "auto_unstuck_qty_pct": 0.055108163817794494,
           "auto_unstuck_wallet_exposure_threshold": 0.4721571052729424,
           "backwards_tp": false,
           "ddown_factor": 2.931396096365613,
           "ema_span_0": 1435.3355969626978,
           "ema_span_1": 1063.5948323555021,
           "enabled": false,
           "initial_eprice_ema_dist": -0.05584934381440079,
           "initial_qty_pct": 0.04118623982045329,
           "markup_range": 0.056613601739905664,
           "min_markup": 0.0018975032413508022,
           "n_close_orders": 9,
           "rentry_pprice_dist": 0.0433379748161782,
           "rentry_pprice_dist_wallet_exposure_weighting": 0.9044795286004992,
           "wallet_exposure_limit": 1.0}}