{"config_name": "recursive_grid_AGIXUSDT_325days",
 "logging_level": 0,
 "long": {"auto_unstuck_delay_minutes": 1278.5056838529867,
          "auto_unstuck_ema_dist": -0.0016731680619950506,
          "auto_unstuck_qty_pct": 0.0260426785485283,
          "auto_unstuck_wallet_exposure_threshold": 0.08101014770446788,
          "backwards_tp": false,
          "ddown_factor": 0.3587733947051851,
          "ema_span_0": 1329.8430984497604,
          "ema_span_1": 793.7248175346783,
          "enabled": true,
          "initial_eprice_ema_dist": 0.024228198558554334,
          "initial_qty_pct": 0.03775731814492155,
          "markup_range": 0.009886216602553496,
          "min_markup": 0.011111519688022969,
          "n_close_orders": 9,
          "rentry_pprice_dist": 0.05210486920536021,
          "rentry_pprice_dist_wallet_exposure_weighting": 2.7536105215421616,
          "wallet_exposure_limit": 1.0},
 "short": {"auto_unstuck_delay_minutes": 852.7647615082817,
           "auto_unstuck_ema_dist": -0.08698356173313951,
           "auto_unstuck_qty_pct": 0.09817078432224206,
           "auto_unstuck_wallet_exposure_threshold": 0.019989531563288022,
           "backwards_tp": false,
           "ddown_factor": 2.114940377384465,
           "ema_span_0": 1325.0622408708243,
           "ema_span_1": 1031.5753630668191,
           "enabled": false,
           "initial_eprice_ema_dist": -0.007887429884801412,
           "initial_qty_pct": 0.014651898360709906,
           "markup_range": 0.00982825960260299,
           "min_markup": 0.019546768489389497,
           "n_close_orders": 5,
           "rentry_pprice_dist": 0.053466204133378346,
           "rentry_pprice_dist_wallet_exposure_weighting": 2.7382497535355483,
           "wallet_exposure_limit": 1.0}}