{"config_name": "recursive_grid_NEOUSDT_150days",
 "logging_level": 0,
 "long": {"auto_unstuck_delay_minutes": 1348.9677884312307,
          "auto_unstuck_ema_dist": -0.025542645880568027,
          "auto_unstuck_qty_pct": 0.01,
          "auto_unstuck_wallet_exposure_threshold": 0.046330135093497045,
          "backwards_tp": false,
          "ddown_factor": 0.4540425677935762,
          "ema_span_0": 1006.0613905459144,
          "ema_span_1": 627.1888222377579,
          "enabled": true,
          "initial_eprice_ema_dist": 0.00168028625713483,
          "initial_qty_pct": 0.03174968308568929,
          "markup_range": 0.030718310459998975,
          "min_markup": 0.022669888108451334,
          "n_close_orders": 7,
          "rentry_pprice_dist": 0.009449266841580383,
          "rentry_pprice_dist_wallet_exposure_weighting": 7.5,
          "wallet_exposure_limit": 1.0},
 "short": {"auto_unstuck_delay_minutes": 1302.9988083722917,
           "auto_unstuck_ema_dist": -0.0683827959799268,
           "auto_unstuck_qty_pct": 0.053457589592334535,
           "auto_unstuck_wallet_exposure_threshold": 0.8072872851554406,
           "backwards_tp": false,
           "ddown_factor": 1.4186406340190616,
           "ema_span_0": 615.4695333489693,
           "ema_span_1": 769.4861368158417,
           "enabled": false,
           "initial_eprice_ema_dist": -0.0011176036799294825,
           "initial_qty_pct": 0.02880253573747267,
           "markup_range": 0.036374192114913294,
           "min_markup": 0.0022939881183866593,
           "n_close_orders": 4,
           "rentry_pprice_dist": 0.030901757485101655,
           "rentry_pprice_dist_wallet_exposure_weighting": 7.720884981323755,
           "wallet_exposure_limit": 1.0}}