{"config_name": "recursive_grid_ONDOUSDT_121days",
 "logging_level": 0,
 "long": {"auto_unstuck_delay_minutes": 617.3004932918254,
          "auto_unstuck_ema_dist": -0.0349776010697654,
          "auto_unstuck_qty_pct": 0.01,
          "auto_unstuck_wallet_exposure_threshold": 0.06344880156693704,
          "backwards_tp": false,
          "ddown_factor": 0.5592490133090529,
          "ema_span_0": 1246.1371439315008,
          "ema_span_1": 932.1117925087633,
          "enabled": true,
          "initial_eprice_ema_dist": -0.010392019077745611,
          "initial_qty_pct": 0.04286125770263338,
          "markup_range": 0.010148637053869366,
          "min_markup": 0.024739210512505737,
          "n_close_orders": 7,
          "rentry_pprice_dist": 0.0071929152271203375,
          "rentry_pprice_dist_wallet_exposure_weighting": 14.401748862549594,
          "wallet_exposure_limit": 1.0},
 "short": {"auto_unstuck_delay_minutes": 1422.5656877627214,
           "auto_unstuck_ema_dist": -0.06967163639977705,
           "auto_unstuck_qty_pct": 0.056303791082768666,
           "auto_unstuck_wallet_exposure_threshold": 0.6956570295706064,
           "backwards_tp": false,
           "ddown_factor": 1.2801294314343867,
           "ema_span_0": 245.57766275173415,
           "ema_span_1": 764.9365741384028,
           "enabled": false,
           "initial_eprice_ema_dist": -0.03742598147066907,
           "initial_qty_pct": 0.03428251054406716,
           "markup_range": 0.03819382945335391,
           "min_markup": 0.0017202816373035853,
           "n_close_orders": 3,
           "rentry_pprice_dist": 0.010000670477347215,
           "rentry_pprice_dist_wallet_exposure_weighting": 17.584902666762442,
           "wallet_exposure_limit": 1.0}}