{"config_name": "recursive_grid_TRXUSDT_366days",
 "logging_level": 0,
 "long": {"auto_unstuck_delay_minutes": 1404.3031970745462,
          "auto_unstuck_ema_dist": -0.03872468120472401,
          "auto_unstuck_qty_pct": 0.020429596254419508,
          "auto_unstuck_wallet_exposure_threshold": 0.1017397124062348,
          "backwards_tp": false,
          "ddown_factor": 1.1074964702883938,
          "ema_span_0": 2176.6019110242737,
          "ema_span_1": 889.4835698097392,
          "enabled": true,
          "initial_eprice_ema_dist": -0.002168803009887999,
          "initial_qty_pct": 0.03747295934340603,
          "markup_range": 0.004357783928805175,
          "min_markup": 0.016184570486553345,
          "n_close_orders": 5,
          "rentry_pprice_dist": 0.04093749454854965,
          "rentry_pprice_dist_wallet_exposure_weighting": 1.3969531927991126,
          "wallet_exposure_limit": 1.0},
 "short": {"auto_unstuck_delay_minutes": 0.0,
           "auto_unstuck_ema_dist": 0.0,
           "auto_unstuck_qty_pct": 0.0,
           "auto_unstuck_wallet_exposure_threshold": 0.0,
           "backwards_tp": false,
           "ddown_factor": 1.079587395714913,
           "ema_span_0": 558.9250012714949,
           "ema_span_1": 1147.6896911465792,
           "enabled": false,
           "initial_eprice_ema_dist": -0.00859771567717981,
           "initial_qty_pct": 0.017219201353819425,
           "markup_range": 0.0077041847807395305,
           "min_markup": 0.005830117773195073,
           "n_close_orders": 5,
           "rentry_pprice_dist": 0.03397285133660175,
           "rentry_pprice_dist_wallet_exposure_weighting": 2.6082973382556522,
           "wallet_exposure_limit": 1.0}}