{"config_name": "recursive_grid_MANTAUSDT_71days",
 "logging_level": 0,
 "long": {"auto_unstuck_delay_minutes": 771.4131479441155,
          "auto_unstuck_ema_dist": -0.006537096535334964,
          "auto_unstuck_qty_pct": 0.01,
          "auto_unstuck_wallet_exposure_threshold": 0.05495265124901185,
          "backwards_tp": false,
          "ddown_factor": 1.5830505526723737,
          "ema_span_0": 428.7040789463976,
          "ema_span_1": 498.293946444104,
          "enabled": true,
          "initial_eprice_ema_dist": 0.0010124539065958316,
          "initial_qty_pct": 0.05,
          "markup_range": 0.04302221384398025,
          "min_markup": 0.005514800145832747,
          "n_close_orders": 5,
          "rentry_pprice_dist": 0.023637160915101586,
          "rentry_pprice_dist_wallet_exposure_weighting": 0.948003387149075,
          "wallet_exposure_limit": 1},
 "short": {"auto_unstuck_delay_minutes": 784.3789751610747,
           "auto_unstuck_ema_dist": -0.06918279491255228,
           "auto_unstuck_qty_pct": 0.029345034743622503,
           "auto_unstuck_wallet_exposure_threshold": 0.17197364332191045,
           "backwards_tp": true,
           "ddown_factor": 2.371454678414642,
           "ema_span_0": 160.35460926676157,
           "ema_span_1": 1153.2644676758152,
           "enabled": false,
           "initial_eprice_ema_dist": -0.04258901907406624,
           "initial_qty_pct": 0.01592783025025225,
           "markup_range": 0.014811284126538284,
           "min_markup": 0.007616763212828561,
           "n_close_orders": 8,
           "rentry_pprice_dist": 0.04895951954956219,
           "rentry_pprice_dist_wallet_exposure_weighting": 0.8782247519179509,
           "wallet_exposure_limit": 1.0}}