{"config_name": "recursive_grid_KASUSDT_238days",
 "logging_level": 0,
 "long": {"auto_unstuck_delay_minutes": 553.3446024333015,
          "auto_unstuck_ema_dist": -0.011622992670076498,
          "auto_unstuck_qty_pct": 0.01,
          "auto_unstuck_wallet_exposure_threshold": 0.06227373579636678,
          "backwards_tp": false,
          "ddown_factor": 1.9403272686037165,
          "ema_span_0": 703.6678635003734,
          "ema_span_1": 1373.1401135917392,
          "enabled": true,
          "initial_eprice_ema_dist": 0.007226187021720983,
          "initial_qty_pct": 0.05,
          "markup_range": 0.029313069306729174,
          "min_markup": 0.01,
          "n_close_orders": 6,
          "rentry_pprice_dist": 0.02,
          "rentry_pprice_dist_wallet_exposure_weighting": 0.6134840462229422,
          "wallet_exposure_limit": 1},
 "short": {"auto_unstuck_delay_minutes": 905.7575609972698,
           "auto_unstuck_ema_dist": -0.000408423707278352,
           "auto_unstuck_qty_pct": 0.09142389373910427,
           "auto_unstuck_wallet_exposure_threshold": 0.22221132353855788,
           "backwards_tp": true,
           "ddown_factor": 1.5199419119383477,
           "ema_span_0": 281.3118787047953,
           "ema_span_1": 484.5096901686251,
           "enabled": false,
           "initial_eprice_ema_dist": -0.041778966121250205,
           "initial_qty_pct": 0.028672084057412214,
           "markup_range": 0.04600467680297812,
           "min_markup": 0.00556976130746648,
           "n_close_orders": 5,
           "rentry_pprice_dist": 0.04262448251470928,
           "rentry_pprice_dist_wallet_exposure_weighting": 1.8426217840193648,
           "wallet_exposure_limit": 1.0}}