{"config_name": "recursive_grid_DOGEUSDT_454days",
 "logging_level": 0,
 "long": {"auto_unstuck_delay_minutes": 634.1755252393106,
          "auto_unstuck_ema_dist": 0.015267599128842527,
          "auto_unstuck_qty_pct": 0.01,
          "auto_unstuck_wallet_exposure_threshold": 0.0364315870644078,
          "backwards_tp": false,
          "ddown_factor": 1.113410411619356,
          "ema_span_0": 749.4002283464681,
          "ema_span_1": 608.4884732857596,
          "enabled": true,
          "initial_eprice_ema_dist": 0.009560045281272921,
          "initial_qty_pct": 0.05,
          "markup_range": 0.020586290870881745,
          "min_markup": 0.006682935478059014,
          "n_close_orders": 4,
          "rentry_pprice_dist": 0.02950964946761943,
          "rentry_pprice_dist_wallet_exposure_weighting": 1.9130161782220707,
          "wallet_exposure_limit": 1.0},
 "short": {"auto_unstuck_delay_minutes": 1374.4032034217569,
           "auto_unstuck_ema_dist": -0.09506502091196466,
           "auto_unstuck_qty_pct": 0.08970930083353158,
           "auto_unstuck_wallet_exposure_threshold": 0.4229060595732178,
           "backwards_tp": true,
           "ddown_factor": 0.20685723951976226,
           "ema_span_0": 612.1284296234172,
           "ema_span_1": 978.7144736596832,
           "enabled": false,
           "initial_eprice_ema_dist": -0.06635758288489939,
           "initial_qty_pct": 0.014750720034240331,
           "markup_range": 0.023988864156156746,
           "min_markup": 0.0083444849242937,
           "n_close_orders": 6,
           "rentry_pprice_dist": 0.01369741715837541,
           "rentry_pprice_dist_wallet_exposure_weighting": 4.380830479871049,
           "wallet_exposure_limit": 1.0}}