{"config_name": "recursive_grid_STXUSDT_365days",
 "logging_level": 0,
 "long": {"auto_unstuck_delay_minutes": 661.1395962472999,
          "auto_unstuck_ema_dist": -0.05213081209073065,
          "auto_unstuck_qty_pct": 0.08850629551566241,
          "auto_unstuck_wallet_exposure_threshold": 0.05389387118974576,
          "backwards_tp": true,
          "ddown_factor": 0.1,
          "ema_span_0": 457.15958594073595,
          "ema_span_1": 494.3418673715089,
          "enabled": true,
          "initial_eprice_ema_dist": 3.355461603017813e-05,
          "initial_qty_pct": 0.046682223121267706,
          "markup_range": 0.015298740645097253,
          "min_markup": 0.007549425807678317,
          "n_close_orders": 2,
          "rentry_pprice_dist": 0.02472940397961181,
          "rentry_pprice_dist_wallet_exposure_weighting": 2.330999532238879,
          "wallet_exposure_limit": 1},
 "short": {"auto_unstuck_delay_minutes": 0.0,
           "auto_unstuck_ema_dist": 0.0,
           "auto_unstuck_qty_pct": 0.0,
           "auto_unstuck_wallet_exposure_threshold": 0.0,
           "backwards_tp": true,
           "ddown_factor": 2.4032230620013384,
           "ema_span_0": 973.256510285513,
           "ema_span_1": 1280.8660458412724,
           "enabled": false,
           "initial_eprice_ema_dist": -0.00023484711833117976,
           "initial_qty_pct": 0.009289527438232779,
           "markup_range": 0.00015746861856138494,
           "min_markup": 0.007440128664534605,
           "n_close_orders": 6,
           "rentry_pprice_dist": 0.04026327319132493,
           "rentry_pprice_dist_wallet_exposure_weighting": 3.0546524148840652,
           "wallet_exposure_limit": 1.0}}