{"config_name": "recursive_grid_CROUSDT_365days",
 "logging_level": 0,
 "long": {"auto_unstuck_delay_minutes": 965.5612645685479,
          "auto_unstuck_ema_dist": -0.01233478736055932,
          "auto_unstuck_qty_pct": 0.01574129850207528,
          "auto_unstuck_wallet_exposure_threshold": 0.12684383236118116,
          "backwards_tp": true,
          "ddown_factor": 0.2572651809949766,
          "ema_span_0": 478.78892729712834,
          "ema_span_1": 465.8685451826228,
          "enabled": true,
          "initial_eprice_ema_dist": 0.0013266911685839184,
          "initial_qty_pct": 0.05442083426351175,
          "markup_range": 0.01,
          "min_markup": 0.006499668373069393,
          "n_close_orders": 7,
          "rentry_pprice_dist": 0.01130066490072339,
          "rentry_pprice_dist_wallet_exposure_weighting": 3.4197576832051575,
          "wallet_exposure_limit": 1},
 "short": {"auto_unstuck_delay_minutes": 0.0,
           "auto_unstuck_ema_dist": 0.0,
           "auto_unstuck_qty_pct": 0.0,
           "auto_unstuck_wallet_exposure_threshold": 0.0,
           "backwards_tp": true,
           "ddown_factor": 0.9555394833566191,
           "ema_span_0": 433.4129229516884,
           "ema_span_1": 929.0716640700671,
           "enabled": false,
           "initial_eprice_ema_dist": -0.008056168813477519,
           "initial_qty_pct": 0.01377805711957773,
           "markup_range": 0.0013010662533158412,
           "min_markup": 0.009996088787068147,
           "n_close_orders": 7,
           "rentry_pprice_dist": 0.014117696933059264,
           "rentry_pprice_dist_wallet_exposure_weighting": 8.268537457913673,
           "wallet_exposure_limit": 1.0}}