{"config_name": "recursive_grid_NEARUSDT_142days",
 "logging_level": 0,
 "long": {"auto_unstuck_delay_minutes": 1230.4528428463705,
          "auto_unstuck_ema_dist": -0.00227535368137409,
          "auto_unstuck_qty_pct": 0.01,
          "auto_unstuck_wallet_exposure_threshold": 0.0983903409593492,
          "backwards_tp": false,
          "ddown_factor": 1.461612128136466,
          "ema_span_0": 931.8810239772199,
          "ema_span_1": 542.2677980011812,
          "enabled": true,
          "initial_eprice_ema_dist": 0.0063963365940846026,
          "initial_qty_pct": 0.03633721548564508,
          "markup_range": 0.023274330035600792,
          "min_markup": 0.017207024798817912,
          "n_close_orders": 6,
          "rentry_pprice_dist": 0.013811625375991381,
          "rentry_pprice_dist_wallet_exposure_weighting": 14.808133730086759,
          "wallet_exposure_limit": 1.0},
 "short": {"auto_unstuck_delay_minutes": 518.2813638267983,
           "auto_unstuck_ema_dist": -0.06975701337028481,
           "auto_unstuck_qty_pct": 0.08094647406957091,
           "auto_unstuck_wallet_exposure_threshold": 0.5855624131897378,
           "backwards_tp": false,
           "ddown_factor": 2.1123322790755905,
           "ema_span_0": 384.4175139277888,
           "ema_span_1": 745.2945985635421,
           "enabled": false,
           "initial_eprice_ema_dist": -0.07278760852470711,
           "initial_qty_pct": 0.023369109715730314,
           "markup_range": 0.009677694413572677,
           "min_markup": 0.005396788726692177,
           "n_close_orders": 10,
           "rentry_pprice_dist": 0.01607874581443696,
           "rentry_pprice_dist_wallet_exposure_weighting": 9.980671581238585,
           "wallet_exposure_limit": 1.0}}