{"config_name": "recursive_grid_CROUSDT_156days",
 "logging_level": 0,
 "long": {"auto_unstuck_delay_minutes": 780.2654784036819,
          "auto_unstuck_ema_dist": 0.027418342791665253,
          "auto_unstuck_qty_pct": 0.01,
          "auto_unstuck_wallet_exposure_threshold": 0.058458720152974,
          "backwards_tp": false,
          "ddown_factor": 0.5241959329742009,
          "ema_span_0": 1440,
          "ema_span_1": 1382.0611766964507,
          "enabled": true,
          "initial_eprice_ema_dist": 0.00698885926229394,
          "initial_qty_pct": 0.049204968387241366,
          "markup_range": 0.010475522512073962,
          "min_markup": 0.011820659821592448,
          "n_close_orders": 6,
          "rentry_pprice_dist": 0.009925820045347679,
          "rentry_pprice_dist_wallet_exposure_weighting": 7.5,
          "wallet_exposure_limit": 1},
 "short": {"auto_unstuck_delay_minutes": 1436.4773818799235,
           "auto_unstuck_ema_dist": -0.05782987733767757,
           "auto_unstuck_qty_pct": 0.04705280095344105,
           "auto_unstuck_wallet_exposure_threshold": 0.7360978508222792,
           "backwards_tp": false,
           "ddown_factor": 2.5559993388453086,
           "ema_span_0": 1097.6013960368132,
           "ema_span_1": 1266.7145296531537,
           "enabled": false,
           "initial_eprice_ema_dist": -0.07000588103359062,
           "initial_qty_pct": 0.03244681741868271,
           "markup_range": 0.018275280870777882,
           "min_markup": 0.0016620923185659445,
           "n_close_orders": 9,
           "rentry_pprice_dist": 0.03489062090321704,
           "rentry_pprice_dist_wallet_exposure_weighting": 4.441692584419565,
           "wallet_exposure_limit": 1.0}}