{"config_name": "recursive_grid_TAOUSDT_51days",
 "logging_level": 0,
 "long": {"auto_unstuck_delay_minutes": 604.9132962034736,
          "auto_unstuck_ema_dist": -0.03341909333836386,
          "auto_unstuck_qty_pct": 0.09212889388736029,
          "auto_unstuck_wallet_exposure_threshold": 0.10423170706076414,
          "backwards_tp": true,
          "ddown_factor": 2.024725823989529,
          "ema_span_0": 1228.1224086119116,
          "ema_span_1": 1228.8740598575187,
          "enabled": true,
          "initial_eprice_ema_dist": -0.0067596517000786316,
          "initial_qty_pct": 0.039487516805031715,
          "markup_range": 0.04855362268033201,
          "min_markup": 0.027167394147818574,
          "n_close_orders": 6,
          "rentry_pprice_dist": 0.047348770255959356,
          "rentry_pprice_dist_wallet_exposure_weighting": 8.276033445625037,
          "wallet_exposure_limit": 1.0},
 "short": {"auto_unstuck_delay_minutes": 0.0,
           "auto_unstuck_ema_dist": 0.0,
           "auto_unstuck_qty_pct": 0.0,
           "auto_unstuck_wallet_exposure_threshold": 0.0,
           "backwards_tp": true,
           "ddown_factor": 0.5074079925913878,
           "ema_span_0": 1308.805667392613,
           "ema_span_1": 873.8236701885439,
           "enabled": false,
           "initial_eprice_ema_dist": 0.0028938701685295685,
           "initial_qty_pct": 0.01310480033137642,
           "markup_range": 0.00141439926205564,
           "min_markup": 0.008262585859295651,
           "n_close_orders": 2,
           "rentry_pprice_dist": 0.005406369363614899,
           "rentry_pprice_dist_wallet_exposure_weighting": 3.6994207336743417,
           "wallet_exposure_limit": 1.0}}