{"config_name": "recursive_grid_BCHUSDT_454days",
 "logging_level": 0,
 "long": {"auto_unstuck_delay_minutes": 886.8113469192741,
          "auto_unstuck_ema_dist": 0.0061374824314778115,
          "auto_unstuck_qty_pct": 0.01,
          "auto_unstuck_wallet_exposure_threshold": 0.06575621220839345,
          "backwards_tp": false,
          "ddown_factor": 1.7863797327083277,
          "ema_span_0": 1308.949751554322,
          "ema_span_1": 1235.6751280612364,
          "enabled": true,
          "initial_eprice_ema_dist": 0.0039758165747976444,
          "initial_qty_pct": 0.05,
          "markup_range": 0.052564593983410936,
          "min_markup": 0.009089440518999731,
          "n_close_orders": 5,
          "rentry_pprice_dist": 0.02223930440260141,
          "rentry_pprice_dist_wallet_exposure_weighting": 1.1870828647474927,
          "wallet_exposure_limit": 1},
 "short": {"auto_unstuck_delay_minutes": 562.3559915437916,
           "auto_unstuck_ema_dist": -0.03686850487694433,
           "auto_unstuck_qty_pct": 0.05577470307819014,
           "auto_unstuck_wallet_exposure_threshold": 0.7848283149524893,
           "backwards_tp": true,
           "ddown_factor": 1.0523557494850377,
           "ema_span_0": 452.9208954612041,
           "ema_span_1": 694.6405324771066,
           "enabled": false,
           "initial_eprice_ema_dist": -0.017618442813904553,
           "initial_qty_pct": 0.03640129898110319,
           "markup_range": 0.039224071803801504,
           "min_markup": 0.00965230193429922,
           "n_close_orders": 9,
           "rentry_pprice_dist": 0.028024255819352764,
           "rentry_pprice_dist_wallet_exposure_weighting": 7.418544261252398,
           "wallet_exposure_limit": 1.0}}