{"config_name": "recursive_grid_1000PEPEUSDT_143days",
 "logging_level": 0,
 "long": {"auto_unstuck_delay_minutes": 981.513585096708,
          "auto_unstuck_ema_dist": -0.028156817685411263,
          "auto_unstuck_qty_pct": 0.01,
          "auto_unstuck_wallet_exposure_threshold": 0.05367290966836801,
          "backwards_tp": false,
          "ddown_factor": 0.48320173646312026,
          "ema_span_0": 525.5854353778341,
          "ema_span_1": 757.2420173446218,
          "enabled": true,
          "initial_eprice_ema_dist": 0.009278280321004063,
          "initial_qty_pct": 0.043903025067571086,
          "markup_range": 0.02783628741761055,
          "min_markup": 0.008231328205159368,
          "n_close_orders": 5,
          "rentry_pprice_dist": 0.03633704378670757,
          "rentry_pprice_dist_wallet_exposure_weighting": 8.367491960365388,
          "wallet_exposure_limit": 1.0},
 "short": {"auto_unstuck_delay_minutes": 778.9619430000263,
           "auto_unstuck_ema_dist": -0.02849748374265587,
           "auto_unstuck_qty_pct": 0.027164052730761695,
           "auto_unstuck_wallet_exposure_threshold": 0.7838411142341011,
           "backwards_tp": false,
           "ddown_factor": 0.5680218859167021,
           "ema_span_0": 853.5238748377438,
           "ema_span_1": 784.829112901141,
           "enabled": false,
           "initial_eprice_ema_dist": -0.0477214982163947,
           "initial_qty_pct": 0.02649499133169124,
           "markup_range": 0.05463405574941901,
           "min_markup": 0.007945284320490582,
           "n_close_orders": 13,
           "rentry_pprice_dist": 0.01627454907519812,
           "rentry_pprice_dist_wallet_exposure_weighting": 6.183772860811079,
           "wallet_exposure_limit": 1.0}}