{"config_name": "recursive_grid_SHIB1000USDT_156days",
 "logging_level": 0,
 "long": {"auto_unstuck_delay_minutes": 1012.346484015361,
          "auto_unstuck_ema_dist": 0.010887181503247885,
          "auto_unstuck_qty_pct": 0.01,
          "auto_unstuck_wallet_exposure_threshold": 0.0691066983788533,
          "backwards_tp": false,
          "ddown_factor": 0.5907916600648544,
          "ema_span_0": 435.38746810354814,
          "ema_span_1": 360.16893515341366,
          "enabled": true,
          "initial_eprice_ema_dist": 0.0012818841826708635,
          "initial_qty_pct": 0.045764117664254075,
          "markup_range": 0.014518811363791614,
          "min_markup": 0.01046989515937411,
          "n_close_orders": 4,
          "rentry_pprice_dist": 0.007584238944788513,
          "rentry_pprice_dist_wallet_exposure_weighting": 7.5,
          "wallet_exposure_limit": 1},
 "short": {"auto_unstuck_delay_minutes": 1279.2109740532803,
           "auto_unstuck_ema_dist": -0.028166670369240726,
           "auto_unstuck_qty_pct": 0.04442909426505651,
           "auto_unstuck_wallet_exposure_threshold": 0.2956234982418245,
           "backwards_tp": false,
           "ddown_factor": 1.3290101751833858,
           "ema_span_0": 527.3178269482388,
           "ema_span_1": 599.5502025653741,
           "enabled": false,
           "initial_eprice_ema_dist": -0.03751676242551859,
           "initial_qty_pct": 0.020660074484436897,
           "markup_range": 0.027949584600274534,
           "min_markup": 0.009429428687790037,
           "n_close_orders": 5,
           "rentry_pprice_dist": 0.013225920216387299,
           "rentry_pprice_dist_wallet_exposure_weighting": 14.836100501327232,
           "wallet_exposure_limit": 1.0}}