{"config_name": "recursive_grid_FTMUSDT_143days",
 "logging_level": 0,
 "long": {"auto_unstuck_delay_minutes": 749.8317922592814,
          "auto_unstuck_ema_dist": -0.034084610791067865,
          "auto_unstuck_qty_pct": 0.01,
          "auto_unstuck_wallet_exposure_threshold": 0.05505020826490048,
          "backwards_tp": false,
          "ddown_factor": 0.45043575580248296,
          "ema_span_0": 270.06893143130173,
          "ema_span_1": 375.7145088953793,
          "enabled": true,
          "initial_eprice_ema_dist": 0.005651459405599579,
          "initial_qty_pct": 0.045520354372191846,
          "markup_range": 0.024243437908170205,
          "min_markup": 0.011124176660928629,
          "n_close_orders": 6,
          "rentry_pprice_dist": 0.023124139122936035,
          "rentry_pprice_dist_wallet_exposure_weighting": 12.070402274717576,
          "wallet_exposure_limit": 1.0},
 "short": {"auto_unstuck_delay_minutes": 892.9527604015018,
           "auto_unstuck_ema_dist": -0.025734974171869027,
           "auto_unstuck_qty_pct": 0.051530963463690876,
           "auto_unstuck_wallet_exposure_threshold": 0.8298122512713789,
           "backwards_tp": false,
           "ddown_factor": 1.215041457166615,
           "ema_span_0": 476.9203893813896,
           "ema_span_1": 52.223408901431505,
           "enabled": false,
           "initial_eprice_ema_dist": -0.011939763459281313,
           "initial_qty_pct": 0.04823971507030267,
           "markup_range": 0.021074070322675758,
           "min_markup": 0.007119708457599198,
           "n_close_orders": 13,
           "rentry_pprice_dist": 0.030720440597111386,
           "rentry_pprice_dist_wallet_exposure_weighting": 4.688928262679326,
           "wallet_exposure_limit": 1.0}}