{"config_name": "recursive_grid_ICPUSDT_1002days",
 "logging_level": 0,
 "long": {"auto_unstuck_delay_minutes": 0.0,
          "auto_unstuck_ema_dist": 0.0,
          "auto_unstuck_qty_pct": 0.0,
          "auto_unstuck_wallet_exposure_threshold": 0.0,
          "backwards_tp": false,
          "ddown_factor": 0.5527279255449158,
          "ema_span_0": 718.4912777312426,
          "ema_span_1": 327.7723538550891,
          "enabled": true,
          "initial_eprice_ema_dist": 0.06779272517563198,
          "initial_qty_pct": 0.04,
          "markup_range": 0.0345121341826403,
          "min_markup": 0.0168198131188632,
          "n_close_orders": 3,
          "rentry_pprice_dist": 0.03808468587347785,
          "rentry_pprice_dist_wallet_exposure_weighting": 9.992516806728657,
          "wallet_exposure_limit": 1.0},
 "short": {"auto_unstuck_delay_minutes": 403.49918627435846,
           "auto_unstuck_ema_dist": -0.0887025298473156,
           "auto_unstuck_qty_pct": 0.06818544048411661,
           "auto_unstuck_wallet_exposure_threshold": 0.20275408510464787,
           "backwards_tp": false,
           "ddown_factor": 0.5771604952021836,
           "ema_span_0": 1304.098872813201,
           "ema_span_1": 1350.3918181123277,
           "enabled": false,
           "initial_eprice_ema_dist": -0.09769047225277983,
           "initial_qty_pct": 0.04079889574002497,
           "markup_range": 0.055143911992972305,
           "min_markup": 0.005378190428917753,
           "n_close_orders": 15,
           "rentry_pprice_dist": 0.019376299825570674,
           "rentry_pprice_dist_wallet_exposure_weighting": 9.411093318271915,
           "wallet_exposure_limit": 1.0}}