{"config_name": "recursive_grid_BNBUSDT_156days",
 "logging_level": 0,
 "long": {"auto_unstuck_delay_minutes": 698.4215372472843,
          "auto_unstuck_ema_dist": -0.049215832535587783,
          "auto_unstuck_qty_pct": 0.01,
          "auto_unstuck_wallet_exposure_threshold": 0.09708172558350997,
          "backwards_tp": false,
          "ddown_factor": 0.3987247158162657,
          "ema_span_0": 1099.1594586061858,
          "ema_span_1": 1319.862687267122,
          "enabled": true,
          "initial_eprice_ema_dist": 0.006016105179801355,
          "initial_qty_pct": 0.04904366976863353,
          "markup_range": 0.039407409778519524,
          "min_markup": 0.010191508584883937,
          "n_close_orders": 5,
          "rentry_pprice_dist": 0.012663509607472567,
          "rentry_pprice_dist_wallet_exposure_weighting": 11.357935488857343,
          "wallet_exposure_limit": 1},
 "short": {"auto_unstuck_delay_minutes": 295.1968005537932,
           "auto_unstuck_ema_dist": -0.05023577018925732,
           "auto_unstuck_qty_pct": 0.014330791310847978,
           "auto_unstuck_wallet_exposure_threshold": 0.42419811880523406,
           "backwards_tp": false,
           "ddown_factor": 0.9772859111341357,
           "ema_span_0": 171.12221382425489,
           "ema_span_1": 223.99146289474322,
           "enabled": false,
           "initial_eprice_ema_dist": -0.06176433760049295,
           "initial_qty_pct": 0.029992288766913955,
           "markup_range": 0.043372589116570805,
           "min_markup": 0.0016426257751055023,
           "n_close_orders": 10,
           "rentry_pprice_dist": 0.014393028045995605,
           "rentry_pprice_dist_wallet_exposure_weighting": 19.550725839893165,
           "wallet_exposure_limit": 1.0}}