{"config_name": "recursive_grid_RNDRUSDT_454days",
 "logging_level": 0,
 "long": {"auto_unstuck_delay_minutes": 840.0870633646566,
          "auto_unstuck_ema_dist": -0.011650137130191841,
          "auto_unstuck_qty_pct": 0.01,
          "auto_unstuck_wallet_exposure_threshold": 0.04793753217853888,
          "backwards_tp": false,
          "ddown_factor": 1.353402991057742,
          "ema_span_0": 1324.9277230023608,
          "ema_span_1": 1136.3315037371558,
          "enabled": true,
          "initial_eprice_ema_dist": 0.008617561577563118,
          "initial_qty_pct": 0.05,
          "markup_range": 0.051540703871810756,
          "min_markup": 0.0037403231100440904,
          "n_close_orders": 3,
          "rentry_pprice_dist": 0.020216242935699524,
          "rentry_pprice_dist_wallet_exposure_weighting": 2.261861833415712,
          "wallet_exposure_limit": 1.0},
 "short": {"auto_unstuck_delay_minutes": 167.83212333915563,
           "auto_unstuck_ema_dist": 0.000494904591179568,
           "auto_unstuck_qty_pct": 0.06144723141720379,
           "auto_unstuck_wallet_exposure_threshold": 0.7478779385937806,
           "backwards_tp": true,
           "ddown_factor": 2.8041758713870433,
           "ema_span_0": 573.5281394402563,
           "ema_span_1": 1342.1376611198227,
           "enabled": false,
           "initial_eprice_ema_dist": -0.04500977400346138,
           "initial_qty_pct": 0.04200581875983147,
           "markup_range": 0.04195697192806142,
           "min_markup": 0.008861526845093028,
           "n_close_orders": 6,
           "rentry_pprice_dist": 0.04200797860681352,
           "rentry_pprice_dist_wallet_exposure_weighting": 9.939451363954152,
           "wallet_exposure_limit": 1.0}}