{"config_name": "recursive_grid_STXUSDT_454days",
 "logging_level": 0,
 "long": {"auto_unstuck_delay_minutes": 738.9943375274445,
          "auto_unstuck_ema_dist": -0.00512630939774036,
          "auto_unstuck_qty_pct": 0.01,
          "auto_unstuck_wallet_exposure_threshold": 0.09502242121756505,
          "backwards_tp": false,
          "ddown_factor": 1.1609132302587994,
          "ema_span_0": 600.5545085430897,
          "ema_span_1": 965.3656236297239,
          "enabled": true,
          "initial_eprice_ema_dist": 0.005074051071690067,
          "initial_qty_pct": 0.05,
          "markup_range": 0.05459566675607322,
          "min_markup": 0.006508425950318376,
          "n_close_orders": 4,
          "rentry_pprice_dist": 0.02701836597333411,
          "rentry_pprice_dist_wallet_exposure_weighting": 4.262094771875231,
          "wallet_exposure_limit": 1},
 "short": {"auto_unstuck_delay_minutes": 62.186622641834326,
           "auto_unstuck_ema_dist": -0.0016019429484245562,
           "auto_unstuck_qty_pct": 0.06286891355324972,
           "auto_unstuck_wallet_exposure_threshold": 0.26028841095551886,
           "backwards_tp": true,
           "ddown_factor": 2.343177599446111,
           "ema_span_0": 278.0452523897676,
           "ema_span_1": 192.13024473152987,
           "enabled": false,
           "initial_eprice_ema_dist": -0.06976476249264225,
           "initial_qty_pct": 0.04550888331798792,
           "markup_range": 0.0371948632378425,
           "min_markup": 0.009466746392964024,
           "n_close_orders": 11,
           "rentry_pprice_dist": 0.047807498693865746,
           "rentry_pprice_dist_wallet_exposure_weighting": 13.915990811328076,
           "wallet_exposure_limit": 1.0}}