{"config_name": "recursive_grid_FILUSDT_454days",
 "logging_level": 0,
 "long": {"auto_unstuck_delay_minutes": 652.1564500753242,
          "auto_unstuck_ema_dist": -0.04395098818534612,
          "auto_unstuck_qty_pct": 0.01,
          "auto_unstuck_wallet_exposure_threshold": 0.09998957553921069,
          "backwards_tp": false,
          "ddown_factor": 0.6750175459168702,
          "ema_span_0": 422.60201816354225,
          "ema_span_1": 401.80822370016233,
          "enabled": true,
          "initial_eprice_ema_dist": 7.723418873075306e-05,
          "initial_qty_pct": 0.05,
          "markup_range": 0.05856827268833919,
          "min_markup": 0.009848487924422222,
          "n_close_orders": 7,
          "rentry_pprice_dist": 0.027983343984983238,
          "rentry_pprice_dist_wallet_exposure_weighting": 2.0010979798041806,
          "wallet_exposure_limit": 1},
 "short": {"auto_unstuck_delay_minutes": 1049.58284387128,
           "auto_unstuck_ema_dist": -0.03362088812998505,
           "auto_unstuck_qty_pct": 0.09451007994601433,
           "auto_unstuck_wallet_exposure_threshold": 0.16586970918602456,
           "backwards_tp": true,
           "ddown_factor": 2.615002808789654,
           "ema_span_0": 284.38354242603504,
           "ema_span_1": 256.28994799895105,
           "enabled": false,
           "initial_eprice_ema_dist": -0.05543961011779737,
           "initial_qty_pct": 0.012825904852858764,
           "markup_range": 0.022512480842667788,
           "min_markup": 0.0019176981268691127,
           "n_close_orders": 8,
           "rentry_pprice_dist": 0.034663239199862715,
           "rentry_pprice_dist_wallet_exposure_weighting": 13.716823469231352,
           "wallet_exposure_limit": 1.0}}