{"config_name": "recursive_grid_TIAUSDT_121days",
 "logging_level": 0,
 "long": {"auto_unstuck_delay_minutes": 1400.9712166359495,
          "auto_unstuck_ema_dist": -0.0627183828418892,
          "auto_unstuck_qty_pct": 0.06219243119635769,
          "auto_unstuck_wallet_exposure_threshold": 0.18483725690048694,
          "backwards_tp": false,
          "ddown_factor": 2.620532562155604,
          "ema_span_0": 787.5717522300289,
          "ema_span_1": 641.4080760919652,
          "enabled": true,
          "initial_eprice_ema_dist": 0.0024163678667061686,
          "initial_qty_pct": 0.09806565035682023,
          "markup_range": 0.015897844149234886,
          "min_markup": 0.03,
          "n_close_orders": 8,
          "rentry_pprice_dist": 0.03501735466971346,
          "rentry_pprice_dist_wallet_exposure_weighting": 3.8708689686690687,
          "wallet_exposure_limit": 1.0},
 "short": {"auto_unstuck_delay_minutes": 0.0,
           "auto_unstuck_ema_dist": 0.0,
           "auto_unstuck_qty_pct": 0.0,
           "auto_unstuck_wallet_exposure_threshold": 0.0,
           "backwards_tp": false,
           "ddown_factor": 0.5889026885024705,
           "ema_span_0": 1004.0501176504808,
           "ema_span_1": 1124.7608967910337,
           "enabled": false,
           "initial_eprice_ema_dist": 0.0020702909505761168,
           "initial_qty_pct": 0.0068512775668626204,
           "markup_range": 0.007485997850086541,
           "min_markup": 0.005884410254510583,
           "n_close_orders": 10,
           "rentry_pprice_dist": 0.03828622850781442,
           "rentry_pprice_dist_wallet_exposure_weighting": 5.328066182126922,
           "wallet_exposure_limit": 1.0}}