{"config_name": "recursive_grid_WIFUSDT_199days",
 "logging_level": 0,
 "long": {"auto_unstuck_delay_minutes": 0,
          "auto_unstuck_ema_dist": 0,
          "auto_unstuck_qty_pct": 0,
          "auto_unstuck_wallet_exposure_threshold": 0.0,
          "backwards_tp": false,
          "ddown_factor": 0.5528590878522772,
          "ema_span_0": 568.3087038121538,
          "ema_span_1": 759.3454060245153,
          "enabled": true,
          "initial_eprice_ema_dist": 0.021102126132258807,
          "initial_qty_pct": 0.04,
          "markup_range": 0.03978392994998944,
          "min_markup": 0.03,
          "n_close_orders": 3,
          "rentry_pprice_dist": 0.02145469488318091,
          "rentry_pprice_dist_wallet_exposure_weighting": 8.820768911594795,
          "wallet_exposure_limit": 1},
 "short": {"auto_unstuck_delay_minutes": 1435.3214946791288,
           "auto_unstuck_ema_dist": -0.05545319822015612,
           "auto_unstuck_qty_pct": 0.06178771039134974,
           "auto_unstuck_wallet_exposure_threshold": 0.5937614321975037,
           "backwards_tp": false,
           "ddown_factor": 0.30228637935193403,
           "ema_span_0": 157.1613651042152,
           "ema_span_1": 1182.5356576609258,
           "enabled": false,
           "initial_eprice_ema_dist": -0.051634952165701166,
           "initial_qty_pct": 0.03749510226886748,
           "markup_range": 0.01435371615846989,
           "min_markup": 0.005317898954817594,
           "n_close_orders": 5,
           "rentry_pprice_dist": 0.02864646414468137,
           "rentry_pprice_dist_wallet_exposure_weighting": 17.407382168025485,
           "wallet_exposure_limit": 1.0}}