{"config_name": "recursive_grid_1000RATSUSDT_150days",
 "logging_level": 0,
 "long": {"auto_unstuck_delay_minutes": 1369.5330889541458,
          "auto_unstuck_ema_dist": 0.029138829210431528,
          "auto_unstuck_qty_pct": 0.01,
          "auto_unstuck_wallet_exposure_threshold": 0.04150311884589991,
          "backwards_tp": false,
          "ddown_factor": 0.46750386604248767,
          "ema_span_0": 463.72923761574657,
          "ema_span_1": 708.506675414696,
          "enabled": true,
          "initial_eprice_ema_dist": 0.030239664138942832,
          "initial_qty_pct": 0.041876638194217754,
          "markup_range": 0.01690714810097832,
          "min_markup": 0.010964981611941076,
          "n_close_orders": 4,
          "rentry_pprice_dist": 0.018572658289531897,
          "rentry_pprice_dist_wallet_exposure_weighting": 7.5,
          "wallet_exposure_limit": 1},
 "short": {"auto_unstuck_delay_minutes": 133.7899317825316,
           "auto_unstuck_ema_dist": -0.03649046845211022,
           "auto_unstuck_qty_pct": 0.01810709777881504,
           "auto_unstuck_wallet_exposure_threshold": 0.6843134223479138,
           "backwards_tp": false,
           "ddown_factor": 2.32313361686541,
           "ema_span_0": 759.7327067437105,
           "ema_span_1": 811.8182102831969,
           "enabled": false,
           "initial_eprice_ema_dist": -0.038793266320614944,
           "initial_qty_pct": 0.02086598089491034,
           "markup_range": 0.0321386642687973,
           "min_markup": 0.005940460770278638,
           "n_close_orders": 6,
           "rentry_pprice_dist": 0.008655163473573518,
           "rentry_pprice_dist_wallet_exposure_weighting": 6.3053206765073995,
           "wallet_exposure_limit": 1.0}}