{"config_name": "recursive_grid_KASUSDT_156days",
 "logging_level": 0,
 "long": {"auto_unstuck_delay_minutes": 1231.5964321597612,
          "auto_unstuck_ema_dist": -0.0104208814214072,
          "auto_unstuck_qty_pct": 0.01,
          "auto_unstuck_wallet_exposure_threshold": 0.08770247303898605,
          "backwards_tp": false,
          "ddown_factor": 0.5396101838317735,
          "ema_span_0": 905.6913721431018,
          "ema_span_1": 454.88504672278407,
          "enabled": true,
          "initial_eprice_ema_dist": 0.007604031513851729,
          "initial_qty_pct": 0.035357439113499964,
          "markup_range": 0.027982911561853334,
          "min_markup": 0.012946371476060599,
          "n_close_orders": 8,
          "rentry_pprice_dist": 0.00903985169789737,
          "rentry_pprice_dist_wallet_exposure_weighting": 13.699235130097723,
          "wallet_exposure_limit": 1.0},
 "short": {"auto_unstuck_delay_minutes": 799.4703991783568,
           "auto_unstuck_ema_dist": -0.014591623239305199,
           "auto_unstuck_qty_pct": 0.017005494219057296,
           "auto_unstuck_wallet_exposure_threshold": 0.2697032645498938,
           "backwards_tp": false,
           "ddown_factor": 0.2715313476452599,
           "ema_span_0": 1417.3554887993398,
           "ema_span_1": 316.8572497253985,
           "enabled": false,
           "initial_eprice_ema_dist": -0.014113356322725049,
           "initial_qty_pct": 0.01633653341955656,
           "markup_range": 0.05565537754792599,
           "min_markup": 0.003845284721679475,
           "n_close_orders": 3,
           "rentry_pprice_dist": 0.03362453522863268,
           "rentry_pprice_dist_wallet_exposure_weighting": 16.818226101476387,
           "wallet_exposure_limit": 1.0}}