{"config_name": "recursive_grid_UNIUSDT_365days",
 "logging_level": 0,
 "long": {"auto_unstuck_delay_minutes": 1209.3466120713806,
          "auto_unstuck_ema_dist": -0.04816468937174041,
          "auto_unstuck_qty_pct": 0.09605404381374448,
          "auto_unstuck_wallet_exposure_threshold": 0.1434165162231413,
          "backwards_tp": true,
          "ddown_factor": 0.4471258663614779,
          "ema_span_0": 1386.3924221825355,
          "ema_span_1": 411.8267385252612,
          "enabled": true,
          "initial_eprice_ema_dist": 0.0001222098461042525,
          "initial_qty_pct": 0.08285223900019732,
          "markup_range": 0.04659986760690168,
          "min_markup": 0.032510738038399455,
          "n_close_orders": 4,
          "rentry_pprice_dist": 0.059152087166363436,
          "rentry_pprice_dist_wallet_exposure_weighting": 4.04752203750959,
          "wallet_exposure_limit": 1.0},
 "short": {"auto_unstuck_delay_minutes": 0.0,
           "auto_unstuck_ema_dist": 0.0,
           "auto_unstuck_qty_pct": 0.0,
           "auto_unstuck_wallet_exposure_threshold": 0.0,
           "backwards_tp": true,
           "ddown_factor": 2.7865764689958366,
           "ema_span_0": 1346.102244054011,
           "ema_span_1": 707.400367217123,
           "enabled": false,
           "initial_eprice_ema_dist": -0.00891416230375499,
           "initial_qty_pct": 0.01233680556837291,
           "markup_range": 0.003753052458604539,
           "min_markup": 0.0046164387554262715,
           "n_close_orders": 6,
           "rentry_pprice_dist": 0.058138798568117975,
           "rentry_pprice_dist_wallet_exposure_weighting": 8.76684353038227,
           "wallet_exposure_limit": 1.0}}