{"config_name": "recursive_grid_ARBUSDT_156days",
 "logging_level": 0,
 "long": {"auto_unstuck_delay_minutes": 732.4755919810608,
          "auto_unstuck_ema_dist": 0.02169696764507142,
          "auto_unstuck_qty_pct": 0.01,
          "auto_unstuck_wallet_exposure_threshold": 0.08880551119094586,
          "backwards_tp": false,
          "ddown_factor": 0.3345277542457846,
          "ema_span_0": 656.1838263769681,
          "ema_span_1": 1312.895583506554,
          "enabled": true,
          "initial_eprice_ema_dist": 0.011059472106429859,
          "initial_qty_pct": 0.04619601013928998,
          "markup_range": 0.010455519323987146,
          "min_markup": 0.009243194972302748,
          "n_close_orders": 6,
          "rentry_pprice_dist": 0.015714493765526822,
          "rentry_pprice_dist_wallet_exposure_weighting": 10.199853393471345,
          "wallet_exposure_limit": 1},
 "short": {"auto_unstuck_delay_minutes": 659.0979746842758,
           "auto_unstuck_ema_dist": -0.08335191091865915,
           "auto_unstuck_qty_pct": 0.0986537215843573,
           "auto_unstuck_wallet_exposure_threshold": 0.17078770625600476,
           "backwards_tp": false,
           "ddown_factor": 1.6458693264543265,
           "ema_span_0": 456.47541311226064,
           "ema_span_1": 1326.6272747224643,
           "enabled": false,
           "initial_eprice_ema_dist": -0.010397872584382614,
           "initial_qty_pct": 0.039068660360708544,
           "markup_range": 0.0459951361890847,
           "min_markup": 0.008687507395862371,
           "n_close_orders": 2,
           "rentry_pprice_dist": 0.045798195736882784,
           "rentry_pprice_dist_wallet_exposure_weighting": 8.715822170695674,
           "wallet_exposure_limit": 1.0}}