{"config_name": "recursive_grid_ETHUSDT_143days",
 "logging_level": 0,
 "long": {"auto_unstuck_delay_minutes": 1403.389631885978,
          "auto_unstuck_ema_dist": 0.026717465566788043,
          "auto_unstuck_qty_pct": 0.01,
          "auto_unstuck_wallet_exposure_threshold": 0.030402313639619517,
          "backwards_tp": false,
          "ddown_factor": 0.4149728167128459,
          "ema_span_0": 223.69036346325396,
          "ema_span_1": 459.0820853004384,
          "enabled": true,
          "initial_eprice_ema_dist": 0.011753034317015063,
          "initial_qty_pct": 0.04975564187554474,
          "markup_range": 0.03177449695966238,
          "min_markup": 0.013982024479092796,
          "n_close_orders": 5,
          "rentry_pprice_dist": 0.033290607928495454,
          "rentry_pprice_dist_wallet_exposure_weighting": 14.742655988070245,
          "wallet_exposure_limit": 1.0},
 "short": {"auto_unstuck_delay_minutes": 966.6912281311598,
           "auto_unstuck_ema_dist": -0.0498181002448265,
           "auto_unstuck_qty_pct": 0.06422076318809881,
           "auto_unstuck_wallet_exposure_threshold": 0.8285094523095139,
           "backwards_tp": false,
           "ddown_factor": 0.4744800889017061,
           "ema_span_0": 457.851567825241,
           "ema_span_1": 636.5295817479833,
           "enabled": false,
           "initial_eprice_ema_dist": -0.03314490951850918,
           "initial_qty_pct": 0.021406911600190218,
           "markup_range": 0.036655172402526894,
           "min_markup": 0.008070059622191782,
           "n_close_orders": 9,
           "rentry_pprice_dist": 0.04175271779579023,
           "rentry_pprice_dist_wallet_exposure_weighting": 4.344785152593198,
           "wallet_exposure_limit": 1.0}}