{"config_name": "recursive_grid_UNIUSDT_454days",
 "logging_level": 0,
 "long": {"auto_unstuck_delay_minutes": 694.2051121289369,
          "auto_unstuck_ema_dist": 0.043909307749952664,
          "auto_unstuck_qty_pct": 0.01,
          "auto_unstuck_wallet_exposure_threshold": 0.04219174137974151,
          "backwards_tp": false,
          "ddown_factor": 0.9648151618909957,
          "ema_span_0": 510.3084202655426,
          "ema_span_1": 1335.4741670781962,
          "enabled": true,
          "initial_eprice_ema_dist": 0.00974661272088828,
          "initial_qty_pct": 0.05,
          "markup_range": 0.059541929223853984,
          "min_markup": 0.004929550093283034,
          "n_close_orders": 4,
          "rentry_pprice_dist": 0.03926684183766014,
          "rentry_pprice_dist_wallet_exposure_weighting": 2.5041164076804954,
          "wallet_exposure_limit": 1},
 "short": {"auto_unstuck_delay_minutes": 893.550989741177,
           "auto_unstuck_ema_dist": -0.08037156227529546,
           "auto_unstuck_qty_pct": 0.03051435625811278,
           "auto_unstuck_wallet_exposure_threshold": 0.3666803423604227,
           "backwards_tp": true,
           "ddown_factor": 1.6198466551243849,
           "ema_span_0": 889.7028964402737,
           "ema_span_1": 1253.6675775129006,
           "enabled": false,
           "initial_eprice_ema_dist": -0.02532237696166728,
           "initial_qty_pct": 0.01342247455277982,
           "markup_range": 0.03282589831986295,
           "min_markup": 0.003520403542569383,
           "n_close_orders": 15,
           "rentry_pprice_dist": 0.04129956022494988,
           "rentry_pprice_dist_wallet_exposure_weighting": 9.091078552161566,
           "wallet_exposure_limit": 1.0}}