{"config_name": "recursive_grid_ORDIUSDT_143days",
 "logging_level": 0,
 "long": {"auto_unstuck_delay_minutes": 737.2891498462021,
          "auto_unstuck_ema_dist": -0.010048931925617116,
          "auto_unstuck_qty_pct": 0.01,
          "auto_unstuck_wallet_exposure_threshold": 0.08782681603313262,
          "backwards_tp": false,
          "ddown_factor": 0.5350417298797076,
          "ema_span_0": 682.761925383787,
          "ema_span_1": 348.176038693446,
          "enabled": true,
          "initial_eprice_ema_dist": 0.011716340665079877,
          "initial_qty_pct": 0.047087996144123734,
          "markup_range": 0.04410008221652691,
          "min_markup": 0.011334301784452057,
          "n_close_orders": 7,
          "rentry_pprice_dist": 0.017569101848867417,
          "rentry_pprice_dist_wallet_exposure_weighting": 7.949899829737939,
          "wallet_exposure_limit": 1},
 "short": {"auto_unstuck_delay_minutes": 527.9383060675073,
           "auto_unstuck_ema_dist": 0.0016240631260036886,
           "auto_unstuck_qty_pct": 0.0193962942825061,
           "auto_unstuck_wallet_exposure_threshold": 0.2970301544533241,
           "backwards_tp": false,
           "ddown_factor": 1.6427667567432462,
           "ema_span_0": 978.0811818784082,
           "ema_span_1": 693.0370226919896,
           "enabled": false,
           "initial_eprice_ema_dist": -0.043548464376286726,
           "initial_qty_pct": 0.014551023703396209,
           "markup_range": 0.012714143501165101,
           "min_markup": 0.009378984246887958,
           "n_close_orders": 5,
           "rentry_pprice_dist": 0.027866987863620598,
           "rentry_pprice_dist_wallet_exposure_weighting": 2.0037989624887254,
           "wallet_exposure_limit": 1.0}}