{"config_name": "recursive_grid_LRCUSDT_454days",
 "logging_level": 0,
 "long": {"auto_unstuck_delay_minutes": 1238.6872919756922,
          "auto_unstuck_ema_dist": -0.029824857400180267,
          "auto_unstuck_qty_pct": 0.01,
          "auto_unstuck_wallet_exposure_threshold": 0.07555587419344423,
          "backwards_tp": false,
          "ddown_factor": 1.2241631403107989,
          "ema_span_0": 525.0241648429633,
          "ema_span_1": 540.8765349906539,
          "enabled": true,
          "initial_eprice_ema_dist": 0.002773501026759673,
          "initial_qty_pct": 0.05,
          "markup_range": 0.05632337554048415,
          "min_markup": 0.008924950764529087,
          "n_close_orders": 6,
          "rentry_pprice_dist": 0.028024533305980807,
          "rentry_pprice_dist_wallet_exposure_weighting": 0.6618060177766649,
          "wallet_exposure_limit": 1},
 "short": {"auto_unstuck_delay_minutes": 898.2868971935536,
           "auto_unstuck_ema_dist": -0.04155204715145487,
           "auto_unstuck_qty_pct": 0.02047916872732169,
           "auto_unstuck_wallet_exposure_threshold": 0.8207077533116162,
           "backwards_tp": true,
           "ddown_factor": 1.513765537970445,
           "ema_span_0": 629.1891345921774,
           "ema_span_1": 326.2038099472099,
           "enabled": false,
           "initial_eprice_ema_dist": -0.0200451952950777,
           "initial_qty_pct": 0.020798306360763956,
           "markup_range": 0.01303113161864993,
           "min_markup": 0.0012147756772946296,
           "n_close_orders": 5,
           "rentry_pprice_dist": 0.034448353052433156,
           "rentry_pprice_dist_wallet_exposure_weighting": 9.57876662172098,
           "wallet_exposure_limit": 1.0}}