{"config_name": "recursive_grid_1000RATSUSDT_143days",
 "logging_level": 0,
 "long": {"auto_unstuck_delay_minutes": 1078.0804368943614,
          "auto_unstuck_ema_dist": -0.0314304265657597,
          "auto_unstuck_qty_pct": 0.01,
          "auto_unstuck_wallet_exposure_threshold": 0.08712753156426657,
          "backwards_tp": false,
          "ddown_factor": 0.5023533624842556,
          "ema_span_0": 100,
          "ema_span_1": 119.98029568554675,
          "enabled": true,
          "initial_eprice_ema_dist": 0.01933836772244544,
          "initial_qty_pct": 0.04091720092343265,
          "markup_range": 0.045453378697267094,
          "min_markup": 0.012346032588637711,
          "n_close_orders": 4,
          "rentry_pprice_dist": 0.013903002982853175,
          "rentry_pprice_dist_wallet_exposure_weighting": 11.447732496595442,
          "wallet_exposure_limit": 1},
 "short": {"auto_unstuck_delay_minutes": 445.2203295842346,
           "auto_unstuck_ema_dist": -0.04218114817778314,
           "auto_unstuck_qty_pct": 0.08178463085296452,
           "auto_unstuck_wallet_exposure_threshold": 0.8791945205807207,
           "backwards_tp": false,
           "ddown_factor": 2.6958714806785333,
           "ema_span_0": 15.089504053173306,
           "ema_span_1": 52.90126690863757,
           "enabled": false,
           "initial_eprice_ema_dist": -0.07507872676154645,
           "initial_qty_pct": 0.02846412203552797,
           "markup_range": 0.02644290803033021,
           "min_markup": 0.009734349874189613,
           "n_close_orders": 10,
           "rentry_pprice_dist": 0.026622029670764557,
           "rentry_pprice_dist_wallet_exposure_weighting": 16.195294461316895,
           "wallet_exposure_limit": 1.0}}