{"config_name": "recursive_grid_ETHUSDT_143days",
 "logging_level": 0,
 "long": {"auto_unstuck_delay_minutes": 997.6820594045257,
          "auto_unstuck_ema_dist": -0.04252716362310727,
          "auto_unstuck_qty_pct": 0.01,
          "auto_unstuck_wallet_exposure_threshold": 0.07637374341584202,
          "backwards_tp": false,
          "ddown_factor": 0.524106590103864,
          "ema_span_0": 808.6020157249267,
          "ema_span_1": 1108.7818310413786,
          "enabled": true,
          "initial_eprice_ema_dist": -0.016537232901959468,
          "initial_qty_pct": 0.03838293539427759,
          "markup_range": 0.022237526278452133,
          "min_markup": 0.02060359701267974,
          "n_close_orders": 7,
          "rentry_pprice_dist": 0.03620539454335563,
          "rentry_pprice_dist_wallet_exposure_weighting": 7.635883645427388,
          "wallet_exposure_limit": 1.0},
 "short": {"auto_unstuck_delay_minutes": 397.2775169984769,
           "auto_unstuck_ema_dist": -0.07721684934168016,
           "auto_unstuck_qty_pct": 0.08450534561733969,
           "auto_unstuck_wallet_exposure_threshold": 0.6035550443807842,
           "backwards_tp": false,
           "ddown_factor": 2.4167935204968556,
           "ema_span_0": 1114.094073524651,
           "ema_span_1": 42.19562887732175,
           "enabled": false,
           "initial_eprice_ema_dist": -0.003223123206861689,
           "initial_qty_pct": 0.018670175964013908,
           "markup_range": 0.02112087111910578,
           "min_markup": 0.008746729136021222,
           "n_close_orders": 11,
           "rentry_pprice_dist": 0.019053102562106083,
           "rentry_pprice_dist_wallet_exposure_weighting": 12.465110034759277,
           "wallet_exposure_limit": 1.0}}