{"config_name": "recursive_grid_ATOMUSDT_976days",
 "logging_level": 0,
 "long": {"auto_unstuck_delay_minutes": 0.0,
          "auto_unstuck_ema_dist": 0.0,
          "auto_unstuck_qty_pct": 0.0,
          "auto_unstuck_wallet_exposure_threshold": 0.0,
          "backwards_tp": false,
          "ddown_factor": 0.4316411557171248,
          "ema_span_0": 1156.676196071166,
          "ema_span_1": 686.6416700500755,
          "enabled": true,
          "initial_eprice_ema_dist": 0.06753682310867837,
          "initial_qty_pct": 0.04,
          "markup_range": 0.013856550912673545,
          "min_markup": 0.01656804389962132,
          "n_close_orders": 4,
          "rentry_pprice_dist": 0.034717191328080634,
          "rentry_pprice_dist_wallet_exposure_weighting": 10.117423733788105,
          "wallet_exposure_limit": 1.0},
 "short": {"auto_unstuck_delay_minutes": 1275.1598518211058,
           "auto_unstuck_ema_dist": -0.08453840819096405,
           "auto_unstuck_qty_pct": 0.09315294944660742,
           "auto_unstuck_wallet_exposure_threshold": 0.5667035510154506,
           "backwards_tp": false,
           "ddown_factor": 1.270638551986652,
           "ema_span_0": 833.2076243710966,
           "ema_span_1": 772.8977034481326,
           "enabled": false,
           "initial_eprice_ema_dist": -0.09294253927230842,
           "initial_qty_pct": 0.026088667870632326,
           "markup_range": 0.02463399234677437,
           "min_markup": 0.005129922295170563,
           "n_close_orders": 7,
           "rentry_pprice_dist": 0.030622193325513396,
           "rentry_pprice_dist_wallet_exposure_weighting": 10.111356956891084,
           "wallet_exposure_limit": 1.0}}