{"config_name": "recursive_grid_ARBUSDT_156days",
 "logging_level": 0,
 "long": {"auto_unstuck_delay_minutes": 763.4689144337063,
          "auto_unstuck_ema_dist": 0.02216529507157721,
          "auto_unstuck_qty_pct": 0.01,
          "auto_unstuck_wallet_exposure_threshold": 0.08084939875906157,
          "backwards_tp": false,
          "ddown_factor": 0.4485360737180982,
          "ema_span_0": 704.4588649968854,
          "ema_span_1": 727.438057794623,
          "enabled": true,
          "initial_eprice_ema_dist": 0.013554997644864869,
          "initial_qty_pct": 0.047396840193625056,
          "markup_range": 0.020046076707006318,
          "min_markup": 0.012130722730173894,
          "n_close_orders": 6,
          "rentry_pprice_dist": 0.016061471275163657,
          "rentry_pprice_dist_wallet_exposure_weighting": 8.170758627780817,
          "wallet_exposure_limit": 1},
 "short": {"auto_unstuck_delay_minutes": 659.0979746842758,
           "auto_unstuck_ema_dist": -0.08335191091865915,
           "auto_unstuck_qty_pct": 0.0986537215843573,
           "auto_unstuck_wallet_exposure_threshold": 0.17078770625600476,
           "backwards_tp": false,
           "ddown_factor": 1.6458693264543265,
           "ema_span_0": 456.47541311226064,
           "ema_span_1": 1326.6272747224643,
           "enabled": false,
           "initial_eprice_ema_dist": -0.010397872584382614,
           "initial_qty_pct": 0.039068660360708544,
           "markup_range": 0.0459951361890847,
           "min_markup": 0.008687507395862371,
           "n_close_orders": 2,
           "rentry_pprice_dist": 0.045798195736882784,
           "rentry_pprice_dist_wallet_exposure_weighting": 8.715822170695674,
           "wallet_exposure_limit": 1.0}}