{"config_name": "recursive_grid_FILUSDT_156days",
 "logging_level": 0,
 "long": {"auto_unstuck_delay_minutes": 1241.8788645580942,
          "auto_unstuck_ema_dist": -0.008200337602736973,
          "auto_unstuck_qty_pct": 0.01,
          "auto_unstuck_wallet_exposure_threshold": 0.09541532292437371,
          "backwards_tp": false,
          "ddown_factor": 0.5710248003741745,
          "ema_span_0": 1137.59546587925,
          "ema_span_1": 525.8746419227298,
          "enabled": true,
          "initial_eprice_ema_dist": 0.015042232710079609,
          "initial_qty_pct": 0.0498812351917606,
          "markup_range": 0.01,
          "min_markup": 0.019988606199483647,
          "n_close_orders": 7,
          "rentry_pprice_dist": 0.03386034085130332,
          "rentry_pprice_dist_wallet_exposure_weighting": 8.552269132280683,
          "wallet_exposure_limit": 1},
 "short": {"auto_unstuck_delay_minutes": 1088.607613496198,
           "auto_unstuck_ema_dist": -0.03319282815586186,
           "auto_unstuck_qty_pct": 0.02115490110502394,
           "auto_unstuck_wallet_exposure_threshold": 0.5385678537587982,
           "backwards_tp": false,
           "ddown_factor": 1.218874842869608,
           "ema_span_0": 559.2252981616966,
           "ema_span_1": 326.45625731355324,
           "enabled": false,
           "initial_eprice_ema_dist": -0.08732762500493349,
           "initial_qty_pct": 0.043484440990784475,
           "markup_range": 0.008203424689776542,
           "min_markup": 0.009673013337407124,
           "n_close_orders": 14,
           "rentry_pprice_dist": 0.02384323448538743,
           "rentry_pprice_dist_wallet_exposure_weighting": 19.043809319827393,
           "wallet_exposure_limit": 1.0}}