{"config_name": "recursive_grid_IMXUSDT_932days",
 "logging_level": 0,
 "long": {"auto_unstuck_delay_minutes": 0,
          "auto_unstuck_ema_dist": 0,
          "auto_unstuck_qty_pct": 0,
          "auto_unstuck_wallet_exposure_threshold": 0.0,
          "backwards_tp": false,
          "ddown_factor": 0.4286781902727341,
          "ema_span_0": 1281.6876342633857,
          "ema_span_1": 1126.500655725376,
          "enabled": true,
          "initial_eprice_ema_dist": 0.062452545520997216,
          "initial_qty_pct": 0.04,
          "markup_range": 0.0394495501113947,
          "min_markup": 0.008551966476880642,
          "n_close_orders": 3,
          "rentry_pprice_dist": 0.03916367398856182,
          "rentry_pprice_dist_wallet_exposure_weighting": 10.626418527809506,
          "wallet_exposure_limit": 1},
 "short": {"auto_unstuck_delay_minutes": 1002.4305708049563,
           "auto_unstuck_ema_dist": -0.06620770373917685,
           "auto_unstuck_qty_pct": 0.035452569339522795,
           "auto_unstuck_wallet_exposure_threshold": 0.8901737631842828,
           "backwards_tp": false,
           "ddown_factor": 1.6438732180126492,
           "ema_span_0": 1390.433729910831,
           "ema_span_1": 534.0866708426374,
           "enabled": false,
           "initial_eprice_ema_dist": -0.0652754688135555,
           "initial_qty_pct": 0.016895233760024043,
           "markup_range": 0.04165477207677192,
           "min_markup": 0.009503998993318667,
           "n_close_orders": 9,
           "rentry_pprice_dist": 0.036342889222743764,
           "rentry_pprice_dist_wallet_exposure_weighting": 3.0937080743703826,
           "wallet_exposure_limit": 1.0}}