{"config_name": "recursive_grid_ETHUSDT_454days",
 "logging_level": 0,
 "long": {"auto_unstuck_delay_minutes": 647.8383904316083,
          "auto_unstuck_ema_dist": -0.02442780957397278,
          "auto_unstuck_qty_pct": 0.01,
          "auto_unstuck_wallet_exposure_threshold": 0.09659770749257203,
          "backwards_tp": false,
          "ddown_factor": 1.2161070203135393,
          "ema_span_0": 655.8283125957338,
          "ema_span_1": 842.7882700503725,
          "enabled": true,
          "initial_eprice_ema_dist": 0.003860529488328969,
          "initial_qty_pct": 0.05,
          "markup_range": 0.01907654664132731,
          "min_markup": 0.004503986981302522,
          "n_close_orders": 7,
          "rentry_pprice_dist": 0.028978384340211695,
          "rentry_pprice_dist_wallet_exposure_weighting": 1.8554788374442355,
          "wallet_exposure_limit": 1},
 "short": {"auto_unstuck_delay_minutes": 959.9315371069652,
           "auto_unstuck_ema_dist": -0.046241642111833445,
           "auto_unstuck_qty_pct": 0.0953443426975472,
           "auto_unstuck_wallet_exposure_threshold": 0.2872382000571685,
           "backwards_tp": true,
           "ddown_factor": 2.474936470528182,
           "ema_span_0": 306.1220036859589,
           "ema_span_1": 472.18154135079754,
           "enabled": false,
           "initial_eprice_ema_dist": -0.013256196291965242,
           "initial_qty_pct": 0.04940404820395994,
           "markup_range": 0.0031914475016279484,
           "min_markup": 0.0045779052005844815,
           "n_close_orders": 11,
           "rentry_pprice_dist": 0.04546317892130085,
           "rentry_pprice_dist_wallet_exposure_weighting": 19.182378020881355,
           "wallet_exposure_limit": 1.0}}