{"config_name": "recursive_grid_LTCUSDT_453days",
 "logging_level": 0,
 "long": {"auto_unstuck_delay_minutes": 691.7763431849883,
          "auto_unstuck_ema_dist": -0.04406812699267017,
          "auto_unstuck_qty_pct": 0.01,
          "auto_unstuck_wallet_exposure_threshold": 0.09924440449342296,
          "backwards_tp": false,
          "ddown_factor": 1.8995358473146373,
          "ema_span_0": 704.1956916410521,
          "ema_span_1": 679.4734938131185,
          "enabled": true,
          "initial_eprice_ema_dist": 0.006845149304240369,
          "initial_qty_pct": 0.05,
          "markup_range": 0.05902708076775294,
          "min_markup": 0.009232087163189871,
          "n_close_orders": 3,
          "rentry_pprice_dist": 0.02483356178149827,
          "rentry_pprice_dist_wallet_exposure_weighting": 0.8101207030239054,
          "wallet_exposure_limit": 1},
 "short": {"auto_unstuck_delay_minutes": 1332.6110287375418,
           "auto_unstuck_ema_dist": -0.06479148299008153,
           "auto_unstuck_qty_pct": 0.07060873295336485,
           "auto_unstuck_wallet_exposure_threshold": 0.7988484260582162,
           "backwards_tp": true,
           "ddown_factor": 0.41108176242638206,
           "ema_span_0": 1341.349799221492,
           "ema_span_1": 1327.7111322771752,
           "enabled": false,
           "initial_eprice_ema_dist": -0.06111434722369302,
           "initial_qty_pct": 0.03613529337366858,
           "markup_range": 0.012191747243281608,
           "min_markup": 0.0013663727654880658,
           "n_close_orders": 9,
           "rentry_pprice_dist": 0.04886600538964339,
           "rentry_pprice_dist_wallet_exposure_weighting": 11.41033471420863,
           "wallet_exposure_limit": 1.0}}