{"config_name": "recursive_grid_ETHUSDT_454days",
 "logging_level": 0,
 "long": {"auto_unstuck_delay_minutes": 1220.6462161379707,
          "auto_unstuck_ema_dist": -0.0017758643457198228,
          "auto_unstuck_qty_pct": 0.01,
          "auto_unstuck_wallet_exposure_threshold": 0.04890566573217969,
          "backwards_tp": false,
          "ddown_factor": 0.5086876804862996,
          "ema_span_0": 1183.0523415374262,
          "ema_span_1": 1324.4132386387864,
          "enabled": true,
          "initial_eprice_ema_dist": 0.0009713118742402904,
          "initial_qty_pct": 0.05,
          "markup_range": 0.019846729728746987,
          "min_markup": 0.003004510201025232,
          "n_close_orders": 7,
          "rentry_pprice_dist": 0.04766852403375001,
          "rentry_pprice_dist_wallet_exposure_weighting": 2.0386478018931986,
          "wallet_exposure_limit": 1.0},
 "short": {"auto_unstuck_delay_minutes": 267.911050051277,
           "auto_unstuck_ema_dist": -0.06604133306383084,
           "auto_unstuck_qty_pct": 0.03716498442608913,
           "auto_unstuck_wallet_exposure_threshold": 0.6472844138278218,
           "backwards_tp": true,
           "ddown_factor": 0.6930314239448223,
           "ema_span_0": 1146.4606907761574,
           "ema_span_1": 814.4688092469906,
           "enabled": false,
           "initial_eprice_ema_dist": 0.0005145870235969824,
           "initial_qty_pct": 0.04214376377270117,
           "markup_range": 0.0010006826318606943,
           "min_markup": 0.006721054300504813,
           "n_close_orders": 14,
           "rentry_pprice_dist": 0.04225087085881882,
           "rentry_pprice_dist_wallet_exposure_weighting": 6.372628439241024,
           "wallet_exposure_limit": 1.0}}