{"config_name": "recursive_grid_RLCUSDT_374days",
 "logging_level": 0,
 "long": {"auto_unstuck_delay_minutes": 599.3562800606601,
          "auto_unstuck_ema_dist": -0.007941816951162958,
          "auto_unstuck_qty_pct": 0.01,
          "auto_unstuck_wallet_exposure_threshold": 0.08326702177035897,
          "backwards_tp": false,
          "ddown_factor": 1.8108377029521288,
          "ema_span_0": 1181.3792715208137,
          "ema_span_1": 824.8628850471077,
          "enabled": true,
          "initial_eprice_ema_dist": 0.00560334186945084,
          "initial_qty_pct": 0.05,
          "markup_range": 0.04072313508955251,
          "min_markup": 0.007540067147222382,
          "n_close_orders": 7,
          "rentry_pprice_dist": 0.025554263548354394,
          "rentry_pprice_dist_wallet_exposure_weighting": 2.016738464165986,
          "wallet_exposure_limit": 1},
 "short": {"auto_unstuck_delay_minutes": 62.83670887916244,
           "auto_unstuck_ema_dist": -0.037189592719096595,
           "auto_unstuck_qty_pct": 0.07938235728978688,
           "auto_unstuck_wallet_exposure_threshold": 0.2543072618828256,
           "backwards_tp": true,
           "ddown_factor": 2.9391839696517077,
           "ema_span_0": 281.26526579238833,
           "ema_span_1": 901.4903489935162,
           "enabled": false,
           "initial_eprice_ema_dist": -0.04202218578479374,
           "initial_qty_pct": 0.0464914783290705,
           "markup_range": 0.01975384716759841,
           "min_markup": 0.00689657221655932,
           "n_close_orders": 8,
           "rentry_pprice_dist": 0.04916281070263467,
           "rentry_pprice_dist_wallet_exposure_weighting": 0.27576619392706947,
           "wallet_exposure_limit": 1.0}}