{"config_name": "recursive_grid_SHIB1000USDT_144days",
 "logging_level": 0,
 "long": {"auto_unstuck_delay_minutes": 925.6502251259387,
          "auto_unstuck_ema_dist": 0.029268397481930525,
          "auto_unstuck_qty_pct": 0.01,
          "auto_unstuck_wallet_exposure_threshold": 0.06853469509034575,
          "backwards_tp": false,
          "ddown_factor": 0.3233560305940306,
          "ema_span_0": 1181.7661860848752,
          "ema_span_1": 689.2654885362789,
          "enabled": true,
          "initial_eprice_ema_dist": 0.013257023433681243,
          "initial_qty_pct": 0.04699954527990177,
          "markup_range": 0.027729041567913185,
          "min_markup": 0.03799725201817476,
          "n_close_orders": 6,
          "rentry_pprice_dist": 0.02987010641121082,
          "rentry_pprice_dist_wallet_exposure_weighting": 11.109215553948243,
          "wallet_exposure_limit": 1.0},
 "short": {"auto_unstuck_delay_minutes": 237.33259883813784,
           "auto_unstuck_ema_dist": -0.013316443098015343,
           "auto_unstuck_qty_pct": 0.07450720069210366,
           "auto_unstuck_wallet_exposure_threshold": 0.7001985155375883,
           "backwards_tp": false,
           "ddown_factor": 1.6754221524247779,
           "ema_span_0": 1422.099456633046,
           "ema_span_1": 1319.5254204027394,
           "enabled": false,
           "initial_eprice_ema_dist": -0.010388117972655889,
           "initial_qty_pct": 0.032633710227109446,
           "markup_range": 0.0012218509753981733,
           "min_markup": 0.007584659156389723,
           "n_close_orders": 9,
           "rentry_pprice_dist": 0.04876656476837939,
           "rentry_pprice_dist_wallet_exposure_weighting": 16.81674649772589,
           "wallet_exposure_limit": 1.0}}