{"config_name": "recursive_grid_1000FLOKIUSDT_400days",
 "logging_level": 0,
 "long": {"auto_unstuck_delay_minutes": 1267.8070837541004,
          "auto_unstuck_ema_dist": -0.012387323013449955,
          "auto_unstuck_qty_pct": 0.01,
          "auto_unstuck_wallet_exposure_threshold": 0.08024918518285087,
          "backwards_tp": false,
          "ddown_factor": 1.9063135407820897,
          "ema_span_0": 625.4757574541056,
          "ema_span_1": 775.3642457922346,
          "enabled": true,
          "initial_eprice_ema_dist": 0.0018926107327823694,
          "initial_qty_pct": 0.05,
          "markup_range": 0.04850565371741884,
          "min_markup": 0.006369064576615944,
          "n_close_orders": 5,
          "rentry_pprice_dist": 0.036967193856219,
          "rentry_pprice_dist_wallet_exposure_weighting": 2.11998846312731,
          "wallet_exposure_limit": 1.0},
 "short": {"auto_unstuck_delay_minutes": 764.7487355223014,
           "auto_unstuck_ema_dist": -0.06120169316661952,
           "auto_unstuck_qty_pct": 0.09482059181263748,
           "auto_unstuck_wallet_exposure_threshold": 0.7610132175897001,
           "backwards_tp": true,
           "ddown_factor": 1.1581372410673485,
           "ema_span_0": 1426.6419225571142,
           "ema_span_1": 632.1557221182962,
           "enabled": false,
           "initial_eprice_ema_dist": -0.06666795128522461,
           "initial_qty_pct": 0.0335429994556422,
           "markup_range": 0.032488381185516814,
           "min_markup": 0.003918433768975451,
           "n_close_orders": 12,
           "rentry_pprice_dist": 0.03384207836080664,
           "rentry_pprice_dist_wallet_exposure_weighting": 6.685879847432778,
           "wallet_exposure_limit": 1.0}}