{"config_name": "recursive_grid_MKRUSDT_454days",
 "logging_level": 0,
 "long": {"auto_unstuck_delay_minutes": 621.2507140014923,
          "auto_unstuck_ema_dist": 0.049958986852919926,
          "auto_unstuck_qty_pct": 0.01,
          "auto_unstuck_wallet_exposure_threshold": 0.08100544140922622,
          "backwards_tp": false,
          "ddown_factor": 1.2633984503271498,
          "ema_span_0": 1141.8276499844605,
          "ema_span_1": 1165.1859064471414,
          "enabled": true,
          "initial_eprice_ema_dist": 0.0025655130200138176,
          "initial_qty_pct": 0.05,
          "markup_range": 0.054271900267125486,
          "min_markup": 0.00581277541144628,
          "n_close_orders": 7,
          "rentry_pprice_dist": 0.033738359655462555,
          "rentry_pprice_dist_wallet_exposure_weighting": 2.8619071001605163,
          "wallet_exposure_limit": 1.0},
 "short": {"auto_unstuck_delay_minutes": 1172.529925539047,
           "auto_unstuck_ema_dist": -0.07799963272730785,
           "auto_unstuck_qty_pct": 0.04995826655016401,
           "auto_unstuck_wallet_exposure_threshold": 0.4740176169696285,
           "backwards_tp": true,
           "ddown_factor": 0.6932539010006042,
           "ema_span_0": 389.30255092975773,
           "ema_span_1": 1060.1910397563388,
           "enabled": false,
           "initial_eprice_ema_dist": -0.09377573445202088,
           "initial_qty_pct": 0.01492587415220768,
           "markup_range": 0.002884660702853923,
           "min_markup": 0.00614808741343291,
           "n_close_orders": 4,
           "rentry_pprice_dist": 0.02872341306181435,
           "rentry_pprice_dist_wallet_exposure_weighting": 18.23837631931662,
           "wallet_exposure_limit": 1.0}}