{"config_name": "recursive_grid_FILUSDT_156days",
 "logging_level": 0,
 "long": {"auto_unstuck_delay_minutes": 632.5042585630272,
          "auto_unstuck_ema_dist": 0.023615137136179548,
          "auto_unstuck_qty_pct": 0.01,
          "auto_unstuck_wallet_exposure_threshold": 0.08390511521219372,
          "backwards_tp": false,
          "ddown_factor": 0.4471239278612973,
          "ema_span_0": 772.9322234553305,
          "ema_span_1": 792.5567770268626,
          "enabled": true,
          "initial_eprice_ema_dist": 0.01708571292608496,
          "initial_qty_pct": 0.03740983964376648,
          "markup_range": 0.02628429344976734,
          "min_markup": 0.016884128011370694,
          "n_close_orders": 7,
          "rentry_pprice_dist": 0.03607491143503907,
          "rentry_pprice_dist_wallet_exposure_weighting": 14.552668154490064,
          "wallet_exposure_limit": 1.0},
 "short": {"auto_unstuck_delay_minutes": 608.8817938627083,
           "auto_unstuck_ema_dist": -0.07051718768971142,
           "auto_unstuck_qty_pct": 0.09116015029724435,
           "auto_unstuck_wallet_exposure_threshold": 0.2141445380121356,
           "backwards_tp": false,
           "ddown_factor": 1.1104525726022616,
           "ema_span_0": 1243.055363873719,
           "ema_span_1": 519.2665835981867,
           "enabled": false,
           "initial_eprice_ema_dist": -0.00843382060911882,
           "initial_qty_pct": 0.04543191783408402,
           "markup_range": 0.04280861824857061,
           "min_markup": 0.009692223375406369,
           "n_close_orders": 14,
           "rentry_pprice_dist": 0.015307873036807244,
           "rentry_pprice_dist_wallet_exposure_weighting": 1.7787413283319875,
           "wallet_exposure_limit": 1.0}}