{"config_name": "recursive_grid_GTCUSDT_926days",
 "logging_level": 0,
 "long": {"auto_unstuck_delay_minutes": 0.0,
          "auto_unstuck_ema_dist": 0.0,
          "auto_unstuck_qty_pct": 0.0,
          "auto_unstuck_wallet_exposure_threshold": 0.0,
          "backwards_tp": false,
          "ddown_factor": 0.40781748241211846,
          "ema_span_0": 819.7990233112987,
          "ema_span_1": 719.9031140233883,
          "enabled": true,
          "initial_eprice_ema_dist": 0.050121902304068294,
          "initial_qty_pct": 0.04,
          "markup_range": 0.010820271901979659,
          "min_markup": 0.019934139443521022,
          "n_close_orders": 2,
          "rentry_pprice_dist": 0.01564884193612651,
          "rentry_pprice_dist_wallet_exposure_weighting": 11.372792078751315,
          "wallet_exposure_limit": 1.0},
 "short": {"auto_unstuck_delay_minutes": 323.69169806026656,
           "auto_unstuck_ema_dist": -0.06971923830767335,
           "auto_unstuck_qty_pct": 0.05275500423676995,
           "auto_unstuck_wallet_exposure_threshold": 0.19235568052841698,
           "backwards_tp": false,
           "ddown_factor": 2.521845058208028,
           "ema_span_0": 238.6039854557415,
           "ema_span_1": 674.5498209212019,
           "enabled": false,
           "initial_eprice_ema_dist": -0.01597159127623085,
           "initial_qty_pct": 0.0426027611385766,
           "markup_range": 0.05153421560625141,
           "min_markup": 0.007675373129619943,
           "n_close_orders": 7,
           "rentry_pprice_dist": 0.0311789209470827,
           "rentry_pprice_dist_wallet_exposure_weighting": 13.258947331252218,
           "wallet_exposure_limit": 1.0}}