{"config_name": "recursive_grid_MKRUSDT_454days",
 "logging_level": 0,
 "long": {"auto_unstuck_delay_minutes": 736.9124080342165,
          "auto_unstuck_ema_dist": -0.03144847837439497,
          "auto_unstuck_qty_pct": 0.01,
          "auto_unstuck_wallet_exposure_threshold": 0.08079978034410859,
          "backwards_tp": false,
          "ddown_factor": 1.7572220677386379,
          "ema_span_0": 583.1707907113521,
          "ema_span_1": 826.6354325891124,
          "enabled": true,
          "initial_eprice_ema_dist": 0.004812038502520906,
          "initial_qty_pct": 0.05,
          "markup_range": 0.05846512164691609,
          "min_markup": 0.00898272341820896,
          "n_close_orders": 7,
          "rentry_pprice_dist": 0.02096715161208167,
          "rentry_pprice_dist_wallet_exposure_weighting": 0.6221339383894728,
          "wallet_exposure_limit": 1},
 "short": {"auto_unstuck_delay_minutes": 685.0708745610941,
           "auto_unstuck_ema_dist": -0.0626592945201882,
           "auto_unstuck_qty_pct": 0.09105867175316783,
           "auto_unstuck_wallet_exposure_threshold": 0.21382125908274263,
           "backwards_tp": true,
           "ddown_factor": 0.6845393368104677,
           "ema_span_0": 1111.061199945089,
           "ema_span_1": 832.3886979713525,
           "enabled": false,
           "initial_eprice_ema_dist": -0.09422256241968915,
           "initial_qty_pct": 0.015429507122543665,
           "markup_range": 0.01887057626702959,
           "min_markup": 0.006395795167059546,
           "n_close_orders": 10,
           "rentry_pprice_dist": 0.02024186360055292,
           "rentry_pprice_dist_wallet_exposure_weighting": 1.0172594765896625,
           "wallet_exposure_limit": 1.0}}