{"config_name": "recursive_grid_BTCUSDT_366days",
 "logging_level": 0,
 "long": {"auto_unstuck_delay_minutes": 1022.1716257350774,
          "auto_unstuck_ema_dist": -0.00034294385033846464,
          "auto_unstuck_qty_pct": 0.07577960104842361,
          "auto_unstuck_wallet_exposure_threshold": 0.19484620939504715,
          "backwards_tp": false,
          "ddown_factor": 0.27632876394197897,
          "ema_span_0": 985.843694828427,
          "ema_span_1": 1135.376208953668,
          "enabled": true,
          "initial_eprice_ema_dist": 0.0014840952714845514,
          "initial_qty_pct": 0.030594521176030717,
          "markup_range": 0.013199472257160613,
          "min_markup": 0.00542391698534603,
          "n_close_orders": 8,
          "rentry_pprice_dist": 0.015064787957618526,
          "rentry_pprice_dist_wallet_exposure_weighting": 2.3121451573105376,
          "wallet_exposure_limit": 1.0},
 "short": {"auto_unstuck_delay_minutes": 0.0,
           "auto_unstuck_ema_dist": 0.0,
           "auto_unstuck_qty_pct": 0.0,
           "auto_unstuck_wallet_exposure_threshold": 0.0,
           "backwards_tp": false,
           "ddown_factor": 2.2656563442009583,
           "ema_span_0": 406.3631060196427,
           "ema_span_1": 866.3664309555702,
           "enabled": false,
           "initial_eprice_ema_dist": -0.004891858787944569,
           "initial_qty_pct": 0.015560781463691473,
           "markup_range": 0.004173076433949002,
           "min_markup": 0.003194032583111366,
           "n_close_orders": 10,
           "rentry_pprice_dist": 0.027427639861096108,
           "rentry_pprice_dist_wallet_exposure_weighting": 2.3324515786181648,
           "wallet_exposure_limit": 1.0}}