{"config_name": "recursive_grid_BCHUSDT_156days",
 "logging_level": 0,
 "long": {"auto_unstuck_delay_minutes": 534.9783372151122,
          "auto_unstuck_ema_dist": -0.03340542645407424,
          "auto_unstuck_qty_pct": 0.01,
          "auto_unstuck_wallet_exposure_threshold": 0.05872395203037502,
          "backwards_tp": false,
          "ddown_factor": 0.5895218680441873,
          "ema_span_0": 1121.9324663804302,
          "ema_span_1": 831.3463474735952,
          "enabled": true,
          "initial_eprice_ema_dist": 0.016289457350154767,
          "initial_qty_pct": 0.03313568638014765,
          "markup_range": 0.03705089297750615,
          "min_markup": 0.01176064117695158,
          "n_close_orders": 5,
          "rentry_pprice_dist": 0.025973144362186246,
          "rentry_pprice_dist_wallet_exposure_weighting": 7.531713234514545,
          "wallet_exposure_limit": 1},
 "short": {"auto_unstuck_delay_minutes": 137.9668889466336,
           "auto_unstuck_ema_dist": -0.00661073996959137,
           "auto_unstuck_qty_pct": 0.04291040303047651,
           "auto_unstuck_wallet_exposure_threshold": 0.30741455787969596,
           "backwards_tp": false,
           "ddown_factor": 1.8088229423552553,
           "ema_span_0": 934.875461264404,
           "ema_span_1": 71.38404603654666,
           "enabled": false,
           "initial_eprice_ema_dist": -0.01970911920858362,
           "initial_qty_pct": 0.039150575729242826,
           "markup_range": 0.005980411249473976,
           "min_markup": 0.008327458758202611,
           "n_close_orders": 14,
           "rentry_pprice_dist": 0.015039961007412388,
           "rentry_pprice_dist_wallet_exposure_weighting": 13.560413585836322,
           "wallet_exposure_limit": 1.0}}