{"config_name": "recursive_grid_NEARUSDT_142days",
 "logging_level": 0,
 "long": {"auto_unstuck_delay_minutes": 1437.6999961906351,
          "auto_unstuck_ema_dist": 0.008230598643258237,
          "auto_unstuck_qty_pct": 0.01,
          "auto_unstuck_wallet_exposure_threshold": 0.09228173583192661,
          "backwards_tp": false,
          "ddown_factor": 0.5487469260082088,
          "ema_span_0": 1014.8452965933161,
          "ema_span_1": 608.0887420433864,
          "enabled": true,
          "initial_eprice_ema_dist": 0.0021133090818692816,
          "initial_qty_pct": 0.0475025861595457,
          "markup_range": 0.03845508141957083,
          "min_markup": 0.03850690069980739,
          "n_close_orders": 5,
          "rentry_pprice_dist": 0.02216043167938392,
          "rentry_pprice_dist_wallet_exposure_weighting": 3.0745673495475536,
          "wallet_exposure_limit": 1.0},
 "short": {"auto_unstuck_delay_minutes": 162.79392825614127,
           "auto_unstuck_ema_dist": -0.022613948933979014,
           "auto_unstuck_qty_pct": 0.03228956091261238,
           "auto_unstuck_wallet_exposure_threshold": 0.18810218468266432,
           "backwards_tp": false,
           "ddown_factor": 0.5300004574258521,
           "ema_span_0": 1124.8328165704427,
           "ema_span_1": 1228.176829262426,
           "enabled": false,
           "initial_eprice_ema_dist": -0.07981588082574083,
           "initial_qty_pct": 0.02285052713782381,
           "markup_range": 0.03776591556076568,
           "min_markup": 0.004905343204136887,
           "n_close_orders": 8,
           "rentry_pprice_dist": 0.007487344817397087,
           "rentry_pprice_dist_wallet_exposure_weighting": 18.26589388524711,
           "wallet_exposure_limit": 1.0}}