{"config_name": "recursive_grid_PYTHUSDT_205days",
 "logging_level": 0,
 "long": {"auto_unstuck_delay_minutes": 0,
          "auto_unstuck_ema_dist": 0,
          "auto_unstuck_qty_pct": 0,
          "auto_unstuck_wallet_exposure_threshold": 0.0,
          "backwards_tp": false,
          "ddown_factor": 0.4240891187076895,
          "ema_span_0": 646.0642653693185,
          "ema_span_1": 1107.2215284052259,
          "enabled": true,
          "initial_eprice_ema_dist": 0.020781299019705816,
          "initial_qty_pct": 0.04,
          "markup_range": 0.03462762793552809,
          "min_markup": 0.011538706347616216,
          "n_close_orders": 3,
          "rentry_pprice_dist": 0.025474090156207812,
          "rentry_pprice_dist_wallet_exposure_weighting": 10.408048682891527,
          "wallet_exposure_limit": 1},
 "short": {"auto_unstuck_delay_minutes": 758.0930078213233,
           "auto_unstuck_ema_dist": -0.03054983556607635,
           "auto_unstuck_qty_pct": 0.09736177933109907,
           "auto_unstuck_wallet_exposure_threshold": 0.7210696445963232,
           "backwards_tp": false,
           "ddown_factor": 1.5517533107410306,
           "ema_span_0": 1085.5781965316287,
           "ema_span_1": 1107.583888276073,
           "enabled": false,
           "initial_eprice_ema_dist": 0.0007027452043108645,
           "initial_qty_pct": 0.028893537481607327,
           "markup_range": 0.002820771712588601,
           "min_markup": 0.006262531011557526,
           "n_close_orders": 11,
           "rentry_pprice_dist": 0.012681816661824215,
           "rentry_pprice_dist_wallet_exposure_weighting": 2.636405905662713,
           "wallet_exposure_limit": 1.0}}