{"config_name": "recursive_grid_1000RATSUSDT_129days",
 "logging_level": 0,
 "long": {"auto_unstuck_delay_minutes": 1157.3214046348419,
          "auto_unstuck_ema_dist": -0.03167416266945403,
          "auto_unstuck_qty_pct": 0.01,
          "auto_unstuck_wallet_exposure_threshold": 0.04559967032715436,
          "backwards_tp": false,
          "ddown_factor": 0.8778815988998899,
          "ema_span_0": 778.9214183878619,
          "ema_span_1": 801.2331913934713,
          "enabled": true,
          "initial_eprice_ema_dist": 0.0063672342004805595,
          "initial_qty_pct": 0.05,
          "markup_range": 0.05879847385373502,
          "min_markup": 0.009515428828437499,
          "n_close_orders": 7,
          "rentry_pprice_dist": 0.04306115380195786,
          "rentry_pprice_dist_wallet_exposure_weighting": 3.074350154983599,
          "wallet_exposure_limit": 1},
 "short": {"auto_unstuck_delay_minutes": 20.46779700453784,
           "auto_unstuck_ema_dist": -0.07118088172967553,
           "auto_unstuck_qty_pct": 0.016117009624226162,
           "auto_unstuck_wallet_exposure_threshold": 0.2565643054013414,
           "backwards_tp": true,
           "ddown_factor": 2.4919635252251733,
           "ema_span_0": 1435.6975910951141,
           "ema_span_1": 181.02545559281754,
           "enabled": false,
           "initial_eprice_ema_dist": -0.07342138897297966,
           "initial_qty_pct": 0.023692941516877862,
           "markup_range": 0.029603726532109523,
           "min_markup": 0.002391423989070275,
           "n_close_orders": 10,
           "rentry_pprice_dist": 0.020121560939199336,
           "rentry_pprice_dist_wallet_exposure_weighting": 12.187593273974446,
           "wallet_exposure_limit": 1.0}}