{"config_name": "recursive_grid_KASUSDT_314days",
 "logging_level": 0,
 "long": {"auto_unstuck_delay_minutes": 0,
          "auto_unstuck_ema_dist": 0,
          "auto_unstuck_qty_pct": 0,
          "auto_unstuck_wallet_exposure_threshold": 0.0,
          "backwards_tp": false,
          "ddown_factor": 0.5197127150069436,
          "ema_span_0": 982.592764851469,
          "ema_span_1": 1138.2225046698636,
          "enabled": true,
          "initial_eprice_ema_dist": -0.007769753745000869,
          "initial_qty_pct": 0.04,
          "markup_range": 0.032949176737528,
          "min_markup": 0.00967445443100435,
          "n_close_orders": 3,
          "rentry_pprice_dist": 0.010936834962611927,
          "rentry_pprice_dist_wallet_exposure_weighting": 9.868109982019028,
          "wallet_exposure_limit": 1},
 "short": {"auto_unstuck_delay_minutes": 1240.2850433486522,
           "auto_unstuck_ema_dist": -0.05112111534513237,
           "auto_unstuck_qty_pct": 0.03884183237640518,
           "auto_unstuck_wallet_exposure_threshold": 0.7509722158204968,
           "backwards_tp": false,
           "ddown_factor": 0.6830307407453307,
           "ema_span_0": 335.60579350118616,
           "ema_span_1": 601.2265178742118,
           "enabled": false,
           "initial_eprice_ema_dist": -0.04399165518257303,
           "initial_qty_pct": 0.041368006514982715,
           "markup_range": 0.015767334187108906,
           "min_markup": 0.006556278878294929,
           "n_close_orders": 13,
           "rentry_pprice_dist": 0.04986842351630261,
           "rentry_pprice_dist_wallet_exposure_weighting": 14.054183915466794,
           "wallet_exposure_limit": 1.0}}