{"config_name": "recursive_grid_BTCUSDT_366days",
 "logging_level": 0,
 "long": {"auto_unstuck_delay_minutes": 1275.1995986090633,
          "auto_unstuck_ema_dist": 0.00545518618828195,
          "auto_unstuck_qty_pct": 0.01464429424170881,
          "auto_unstuck_wallet_exposure_threshold": 0.05447762886559589,
          "backwards_tp": false,
          "ddown_factor": 0.6354014561235443,
          "ema_span_0": 1701.3603936159416,
          "ema_span_1": 616.9624683956004,
          "enabled": true,
          "initial_eprice_ema_dist": -0.003544297739427066,
          "initial_qty_pct": 0.030178041614602264,
          "markup_range": 0.015589539732459677,
          "min_markup": 0.006209670889907567,
          "n_close_orders": 5,
          "rentry_pprice_dist": 0.009791108408323762,
          "rentry_pprice_dist_wallet_exposure_weighting": 3.9821853905266713,
          "wallet_exposure_limit": 1},
 "short": {"auto_unstuck_delay_minutes": 0.0,
           "auto_unstuck_ema_dist": 0.0,
           "auto_unstuck_qty_pct": 0.0,
           "auto_unstuck_wallet_exposure_threshold": 0.0,
           "backwards_tp": false,
           "ddown_factor": 2.615323865425627,
           "ema_span_0": 1322.5479071757052,
           "ema_span_1": 718.6970324021986,
           "enabled": false,
           "initial_eprice_ema_dist": -0.005965246624120845,
           "initial_qty_pct": 0.019519026394102006,
           "markup_range": 0.009478687312203487,
           "min_markup": 0.0029190383675583094,
           "n_close_orders": 9,
           "rentry_pprice_dist": 0.05944445246481923,
           "rentry_pprice_dist_wallet_exposure_weighting": 5.247306638709299,
           "wallet_exposure_limit": 1.0}}