{"config_name": "recursive_grid_APTUSDT_649days",
 "logging_level": 0,
 "long": {"auto_unstuck_delay_minutes": 0,
          "auto_unstuck_ema_dist": 0,
          "auto_unstuck_qty_pct": 0,
          "auto_unstuck_wallet_exposure_threshold": 0.0,
          "backwards_tp": false,
          "ddown_factor": 0.5296255384747875,
          "ema_span_0": 671.1878914754387,
          "ema_span_1": 668.2057682355445,
          "enabled": true,
          "initial_eprice_ema_dist": 0.04511116604333059,
          "initial_qty_pct": 0.04,
          "markup_range": 0.04461888978521916,
          "min_markup": 0.03,
          "n_close_orders": 3,
          "rentry_pprice_dist": 0.047799772525078034,
          "rentry_pprice_dist_wallet_exposure_weighting": 8.839594629678945,
          "wallet_exposure_limit": 1},
 "short": {"auto_unstuck_delay_minutes": 483.1876063034465,
           "auto_unstuck_ema_dist": -0.006783056109566879,
           "auto_unstuck_qty_pct": 0.08524138616086252,
           "auto_unstuck_wallet_exposure_threshold": 0.4852254145759115,
           "backwards_tp": false,
           "ddown_factor": 2.0950006271428823,
           "ema_span_0": 140.9306377972835,
           "ema_span_1": 621.4526180518462,
           "enabled": false,
           "initial_eprice_ema_dist": -0.02606419376764163,
           "initial_qty_pct": 0.016491114815429683,
           "markup_range": 0.04160537368126264,
           "min_markup": 0.0012604382699564402,
           "n_close_orders": 12,
           "rentry_pprice_dist": 0.04527850057827315,
           "rentry_pprice_dist_wallet_exposure_weighting": 19.286219015765543,
           "wallet_exposure_limit": 1.0}}