{"config_name": "recursive_grid_DOGEUSDT_365days",
 "logging_level": 0,
 "long": {"auto_unstuck_delay_minutes": 1024.9096444758823,
          "auto_unstuck_ema_dist": 0.007583504919355637,
          "auto_unstuck_qty_pct": 0.06688108139388017,
          "auto_unstuck_wallet_exposure_threshold": 0.30542161992829187,
          "backwards_tp": false,
          "ddown_factor": 0.5323596763197784,
          "ema_span_0": 770.4680086991452,
          "ema_span_1": 568.1098447211481,
          "enabled": true,
          "initial_eprice_ema_dist": -0.0916756450460404,
          "initial_qty_pct": 0.05,
          "markup_range": 0.0267813911541367,
          "min_markup": 0.009778484258283779,
          "n_close_orders": 9,
          "rentry_pprice_dist": 0.023157268359564505,
          "rentry_pprice_dist_wallet_exposure_weighting": 0.7733966138221179,
          "wallet_exposure_limit": 1},
 "short": {"auto_unstuck_delay_minutes": 586.804876400507,
           "auto_unstuck_ema_dist": -0.09370132739124888,
           "auto_unstuck_qty_pct": 0.06494701816991696,
           "auto_unstuck_wallet_exposure_threshold": 0.15064037576679778,
           "backwards_tp": false,
           "ddown_factor": 2.2582918685927407,
           "ema_span_0": 799.1164417751096,
           "ema_span_1": 657.3688340085915,
           "enabled": false,
           "initial_eprice_ema_dist": 0.0009261582738505168,
           "initial_qty_pct": 0.005906356918227227,
           "markup_range": 0.0021017372998814966,
           "min_markup": 0.029201220239760194,
           "n_close_orders": 12,
           "rentry_pprice_dist": 0.029574341465433526,
           "rentry_pprice_dist_wallet_exposure_weighting": 2.8118749742374436,
           "wallet_exposure_limit": 1.0}}