{"config_name": "recursive_grid_1000RATSUSDT_143days",
 "logging_level": 0,
 "long": {"auto_unstuck_delay_minutes": 1440,
          "auto_unstuck_ema_dist": -0.026434877151723792,
          "auto_unstuck_qty_pct": 0.01,
          "auto_unstuck_wallet_exposure_threshold": 0.07531873372682438,
          "backwards_tp": false,
          "ddown_factor": 0.5913064469099902,
          "ema_span_0": 122.80891514731735,
          "ema_span_1": 119.37949180991298,
          "enabled": true,
          "initial_eprice_ema_dist": 0.02627867667566653,
          "initial_qty_pct": 0.048265816890328175,
          "markup_range": 0.049551421459955974,
          "min_markup": 0.012804829406804998,
          "n_close_orders": 6,
          "rentry_pprice_dist": 0.01926918847306692,
          "rentry_pprice_dist_wallet_exposure_weighting": 7.5,
          "wallet_exposure_limit": 1},
 "short": {"auto_unstuck_delay_minutes": 809.8759915977076,
           "auto_unstuck_ema_dist": -0.07917018174831589,
           "auto_unstuck_qty_pct": 0.04166367011293895,
           "auto_unstuck_wallet_exposure_threshold": 0.5091774294159291,
           "backwards_tp": false,
           "ddown_factor": 1.2978839644354283,
           "ema_span_0": 1241.39781540244,
           "ema_span_1": 129.74696709521842,
           "enabled": false,
           "initial_eprice_ema_dist": -0.03459433352997815,
           "initial_qty_pct": 0.04889064266707738,
           "markup_range": 0.010889977218756761,
           "min_markup": 0.0015704831716647253,
           "n_close_orders": 14,
           "rentry_pprice_dist": 0.011083455336321687,
           "rentry_pprice_dist_wallet_exposure_weighting": 0.33256484418993315,
           "wallet_exposure_limit": 1.0}}