{"config_name": "recursive_grid_LTCUSDT_1331days",
 "logging_level": 0,
 "long": {"auto_unstuck_delay_minutes": 0,
          "auto_unstuck_ema_dist": 0,
          "auto_unstuck_qty_pct": 0,
          "auto_unstuck_wallet_exposure_threshold": 0.0,
          "backwards_tp": false,
          "ddown_factor": 0.4,
          "ema_span_0": 1075.0916229092522,
          "ema_span_1": 822.7425017745154,
          "enabled": true,
          "initial_eprice_ema_dist": 0.021251704523507907,
          "initial_qty_pct": 0.04,
          "markup_range": 0.03289740026424372,
          "min_markup": 0.00973430031464961,
          "n_close_orders": 2,
          "rentry_pprice_dist": 0.030847345085856653,
          "rentry_pprice_dist_wallet_exposure_weighting": 10.271634862667515,
          "wallet_exposure_limit": 1},
 "short": {"auto_unstuck_delay_minutes": 438.77238375076354,
           "auto_unstuck_ema_dist": -0.06846141686656378,
           "auto_unstuck_qty_pct": 0.03030255903604335,
           "auto_unstuck_wallet_exposure_threshold": 0.6941668235474547,
           "backwards_tp": false,
           "ddown_factor": 2.187014172854084,
           "ema_span_0": 1168.8686003079354,
           "ema_span_1": 1140.2439391842381,
           "enabled": false,
           "initial_eprice_ema_dist": -0.03431108506719763,
           "initial_qty_pct": 0.042872524972117326,
           "markup_range": 0.030273859984400995,
           "min_markup": 0.005671760623517334,
           "n_close_orders": 9,
           "rentry_pprice_dist": 0.03340510389216497,
           "rentry_pprice_dist_wallet_exposure_weighting": 9.600557874252537,
           "wallet_exposure_limit": 1.0}}