{"config_name": "recursive_grid_ENAUSDT_50days",
 "logging_level": 0,
 "long": {"auto_unstuck_delay_minutes": 869.6997483110514,
          "auto_unstuck_ema_dist": -0.014487599763106422,
          "auto_unstuck_qty_pct": 0.01,
          "auto_unstuck_wallet_exposure_threshold": 0.09046180638676213,
          "backwards_tp": false,
          "ddown_factor": 1.2113825706731485,
          "ema_span_0": 571.2658883838766,
          "ema_span_1": 1140.9680638505647,
          "enabled": true,
          "initial_eprice_ema_dist": 0.006628021457571929,
          "initial_qty_pct": 0.03484112300418567,
          "markup_range": 0.034982312665084205,
          "min_markup": 0.0371229194704224,
          "n_close_orders": 6,
          "rentry_pprice_dist": 0.025359183678808784,
          "rentry_pprice_dist_wallet_exposure_weighting": 14.949801620298208,
          "wallet_exposure_limit": 1.0},
 "short": {"auto_unstuck_delay_minutes": 87.4125699010502,
           "auto_unstuck_ema_dist": -0.07819092230030911,
           "auto_unstuck_qty_pct": 0.09494496487673212,
           "auto_unstuck_wallet_exposure_threshold": 0.5952777901710576,
           "backwards_tp": false,
           "ddown_factor": 1.2002018983962368,
           "ema_span_0": 948.588276375819,
           "ema_span_1": 253.4338244358518,
           "enabled": false,
           "initial_eprice_ema_dist": -0.0173572532367655,
           "initial_qty_pct": 0.010378816217451955,
           "markup_range": 0.055583739245583276,
           "min_markup": 0.004315920085843559,
           "n_close_orders": 11,
           "rentry_pprice_dist": 0.040353242358952456,
           "rentry_pprice_dist_wallet_exposure_weighting": 8.986071854980384,
           "wallet_exposure_limit": 1.0}}