{"config_name": "recursive_grid_LINKUSDT_366days",
 "logging_level": 0,
 "long": {"auto_unstuck_delay_minutes": 1421.0307556852115,
          "auto_unstuck_ema_dist": 0.006701257122222532,
          "auto_unstuck_qty_pct": 0.014821585172180528,
          "auto_unstuck_wallet_exposure_threshold": 0.10305514924062642,
          "backwards_tp": false,
          "ddown_factor": 0.6234316168069826,
          "ema_span_0": 958.9092809371069,
          "ema_span_1": 1395.7602555682304,
          "enabled": true,
          "initial_eprice_ema_dist": 0.0027207975636053478,
          "initial_qty_pct": 0.05637153115128648,
          "markup_range": 0.019117445891431006,
          "min_markup": 0.012097629032395505,
          "n_close_orders": 2,
          "rentry_pprice_dist": 0.022884708045632866,
          "rentry_pprice_dist_wallet_exposure_weighting": 1.0104329587406402,
          "wallet_exposure_limit": 1},
 "short": {"auto_unstuck_delay_minutes": 0.0,
           "auto_unstuck_ema_dist": 0.0,
           "auto_unstuck_qty_pct": 0.0,
           "auto_unstuck_wallet_exposure_threshold": 0.0,
           "backwards_tp": false,
           "ddown_factor": 2.630350587202918,
           "ema_span_0": 729.8059576223023,
           "ema_span_1": 644.6292111233718,
           "enabled": false,
           "initial_eprice_ema_dist": -0.0016095371274251358,
           "initial_qty_pct": 0.014592098608740646,
           "markup_range": 0.0033231813612561523,
           "min_markup": 0.003023276023421877,
           "n_close_orders": 12,
           "rentry_pprice_dist": 0.04453158882212612,
           "rentry_pprice_dist_wallet_exposure_weighting": 3.0825454103766097,
           "wallet_exposure_limit": 1.0}}