{"config_name": "recursive_grid_1000RATSUSDT_150days",
 "logging_level": 0,
 "long": {"auto_unstuck_delay_minutes": 1369.9749349675017,
          "auto_unstuck_ema_dist": 0.022776317643272898,
          "auto_unstuck_qty_pct": 0.01,
          "auto_unstuck_wallet_exposure_threshold": 0.04504376514268901,
          "backwards_tp": false,
          "ddown_factor": 0.5019843289519664,
          "ema_span_0": 386.448948896224,
          "ema_span_1": 314.54004841185923,
          "enabled": true,
          "initial_eprice_ema_dist": 0.02651800115619349,
          "initial_qty_pct": 0.0443670347749856,
          "markup_range": 0.04480271604841955,
          "min_markup": 0.011420581848669434,
          "n_close_orders": 6,
          "rentry_pprice_dist": 0.017882070624866474,
          "rentry_pprice_dist_wallet_exposure_weighting": 7.518973825820617,
          "wallet_exposure_limit": 1.0},
 "short": {"auto_unstuck_delay_minutes": 133.7899317825316,
           "auto_unstuck_ema_dist": -0.03649046845211022,
           "auto_unstuck_qty_pct": 0.01810709777881504,
           "auto_unstuck_wallet_exposure_threshold": 0.6843134223479138,
           "backwards_tp": false,
           "ddown_factor": 2.32313361686541,
           "ema_span_0": 759.7327067437105,
           "ema_span_1": 811.8182102831969,
           "enabled": false,
           "initial_eprice_ema_dist": -0.038793266320614944,
           "initial_qty_pct": 0.02086598089491034,
           "markup_range": 0.0321386642687973,
           "min_markup": 0.005940460770278638,
           "n_close_orders": 6,
           "rentry_pprice_dist": 0.008655163473573518,
           "rentry_pprice_dist_wallet_exposure_weighting": 6.3053206765073995,
           "wallet_exposure_limit": 1.0}}