{"config_name": "recursive_grid_KASUSDT_156days",
 "logging_level": 0,
 "long": {"auto_unstuck_delay_minutes": 855.2993494367506,
          "auto_unstuck_ema_dist": -0.022482207678442428,
          "auto_unstuck_qty_pct": 0.01,
          "auto_unstuck_wallet_exposure_threshold": 0.09720401205931645,
          "backwards_tp": false,
          "ddown_factor": 0.500346600169983,
          "ema_span_0": 435.75018321718176,
          "ema_span_1": 115.07211997563769,
          "enabled": true,
          "initial_eprice_ema_dist": -0.04900938652103744,
          "initial_qty_pct": 0.04517076370285847,
          "markup_range": 0.043924268237660234,
          "min_markup": 0.009866851470753562,
          "n_close_orders": 7,
          "rentry_pprice_dist": 0.008196279316364134,
          "rentry_pprice_dist_wallet_exposure_weighting": 7.978598958312465,
          "wallet_exposure_limit": 1.0},
 "short": {"auto_unstuck_delay_minutes": 802.3617411533812,
           "auto_unstuck_ema_dist": -0.05663028344100397,
           "auto_unstuck_qty_pct": 0.03566567410433491,
           "auto_unstuck_wallet_exposure_threshold": 0.8631980774683091,
           "backwards_tp": false,
           "ddown_factor": 2.9942493686569347,
           "ema_span_0": 1218.3113248731397,
           "ema_span_1": 566.413272008945,
           "enabled": false,
           "initial_eprice_ema_dist": -0.05231201996325379,
           "initial_qty_pct": 0.03759626525464691,
           "markup_range": 0.050878042781321645,
           "min_markup": 0.009618973421671655,
           "n_close_orders": 10,
           "rentry_pprice_dist": 0.014643903085022038,
           "rentry_pprice_dist_wallet_exposure_weighting": 3.5467332998747003,
           "wallet_exposure_limit": 1.0}}