{"config_name": "recursive_grid_FILUSDT_156days",
 "logging_level": 0,
 "long": {"auto_unstuck_delay_minutes": 998.3612728207933,
          "auto_unstuck_ema_dist": 0.015074681544684679,
          "auto_unstuck_qty_pct": 0.01,
          "auto_unstuck_wallet_exposure_threshold": 0.04203331907088166,
          "backwards_tp": false,
          "ddown_factor": 0.546402755309978,
          "ema_span_0": 513.58158282148,
          "ema_span_1": 817.5214001319638,
          "enabled": true,
          "initial_eprice_ema_dist": 0.014130104396770274,
          "initial_qty_pct": 0.04601941235108625,
          "markup_range": 0.030417015849247858,
          "min_markup": 0.012680737685600053,
          "n_close_orders": 5,
          "rentry_pprice_dist": 0.033127244455652766,
          "rentry_pprice_dist_wallet_exposure_weighting": 9.822191849873763,
          "wallet_exposure_limit": 1.0},
 "short": {"auto_unstuck_delay_minutes": 1346.2136127930933,
           "auto_unstuck_ema_dist": -0.023337679918030138,
           "auto_unstuck_qty_pct": 0.04913932541325878,
           "auto_unstuck_wallet_exposure_threshold": 0.19844719806951786,
           "backwards_tp": false,
           "ddown_factor": 1.95799008916461,
           "ema_span_0": 959.3510717345043,
           "ema_span_1": 114.53113370490227,
           "enabled": false,
           "initial_eprice_ema_dist": -0.035810977842036545,
           "initial_qty_pct": 0.02560641471411018,
           "markup_range": 0.013681514724197144,
           "min_markup": 0.0071981766806146095,
           "n_close_orders": 16,
           "rentry_pprice_dist": 0.010374429502111182,
           "rentry_pprice_dist_wallet_exposure_weighting": 10.623459557265951,
           "wallet_exposure_limit": 1.0}}