{"config_name": "recursive_grid_BNBUSDT_156days",
 "logging_level": 0,
 "long": {"auto_unstuck_delay_minutes": 874.5249512576195,
          "auto_unstuck_ema_dist": 0.03239854493751672,
          "auto_unstuck_qty_pct": 0.01,
          "auto_unstuck_wallet_exposure_threshold": 0.03151910950049501,
          "backwards_tp": false,
          "ddown_factor": 0.4439583431871863,
          "ema_span_0": 1296.124856441119,
          "ema_span_1": 1022.2067413866937,
          "enabled": true,
          "initial_eprice_ema_dist": 0.012081751803279694,
          "initial_qty_pct": 0.03633445505250459,
          "markup_range": 0.045309702328506035,
          "min_markup": 0.013473260482419439,
          "n_close_orders": 7,
          "rentry_pprice_dist": 0.02378274126221458,
          "rentry_pprice_dist_wallet_exposure_weighting": 7.657204559073033,
          "wallet_exposure_limit": 1},
 "short": {"auto_unstuck_delay_minutes": 1233.2301964900491,
           "auto_unstuck_ema_dist": 0.0024387910829300197,
           "auto_unstuck_qty_pct": 0.0501778409556248,
           "auto_unstuck_wallet_exposure_threshold": 0.49298920245266253,
           "backwards_tp": false,
           "ddown_factor": 1.8379972831427391,
           "ema_span_0": 600.3504405035912,
           "ema_span_1": 675.4974983557288,
           "enabled": false,
           "initial_eprice_ema_dist": -0.07687376306191586,
           "initial_qty_pct": 0.03526296044182272,
           "markup_range": 0.04162909852613567,
           "min_markup": 0.008959762452679248,
           "n_close_orders": 12,
           "rentry_pprice_dist": 0.04386299531046404,
           "rentry_pprice_dist_wallet_exposure_weighting": 14.374447996182631,
           "wallet_exposure_limit": 1.0}}