{"config_name": "recursive_grid_MATICUSDT_156days",
 "logging_level": 0,
 "long": {"auto_unstuck_delay_minutes": 1202.4724030440539,
          "auto_unstuck_ema_dist": -0.018930128795596034,
          "auto_unstuck_qty_pct": 0.01,
          "auto_unstuck_wallet_exposure_threshold": 0.08692590861233185,
          "backwards_tp": false,
          "ddown_factor": 0.5193662261276241,
          "ema_span_0": 435.92383943334954,
          "ema_span_1": 1156.0442142751128,
          "enabled": true,
          "initial_eprice_ema_dist": 0.005947385361412867,
          "initial_qty_pct": 0.03266601378694559,
          "markup_range": 0.012293652097582514,
          "min_markup": 0.012554586766080077,
          "n_close_orders": 6,
          "rentry_pprice_dist": 0.028928655012910278,
          "rentry_pprice_dist_wallet_exposure_weighting": 10.189874141833245,
          "wallet_exposure_limit": 1},
 "short": {"auto_unstuck_delay_minutes": 92.8662331102314,
           "auto_unstuck_ema_dist": -0.06712686881729164,
           "auto_unstuck_qty_pct": 0.07652077552683048,
           "auto_unstuck_wallet_exposure_threshold": 0.5881534586502338,
           "backwards_tp": false,
           "ddown_factor": 1.6426736443042471,
           "ema_span_0": 143.70765993080073,
           "ema_span_1": 59.56231258028812,
           "enabled": false,
           "initial_eprice_ema_dist": -0.006811818522963142,
           "initial_qty_pct": 0.04613391321036764,
           "markup_range": 0.05936152942623254,
           "min_markup": 0.002284507293927171,
           "n_close_orders": 14,
           "rentry_pprice_dist": 0.03991803097025852,
           "rentry_pprice_dist_wallet_exposure_weighting": 1.2031645292819615,
           "wallet_exposure_limit": 1.0}}