{"config_name": "recursive_grid_FTMUSDT_994days",
 "logging_level": 0,
 "long": {"auto_unstuck_delay_minutes": 0,
          "auto_unstuck_ema_dist": 0,
          "auto_unstuck_qty_pct": 0,
          "auto_unstuck_wallet_exposure_threshold": 0.0,
          "backwards_tp": false,
          "ddown_factor": 0.5555645506020764,
          "ema_span_0": 955.4687980678978,
          "ema_span_1": 63.16605366275475,
          "enabled": true,
          "initial_eprice_ema_dist": 0.027952860142036462,
          "initial_qty_pct": 0.04,
          "markup_range": 0.039970330976768914,
          "min_markup": 0.008821327552484208,
          "n_close_orders": 2,
          "rentry_pprice_dist": 0.020572525320882093,
          "rentry_pprice_dist_wallet_exposure_weighting": 9.913905716212222,
          "wallet_exposure_limit": 1},
 "short": {"auto_unstuck_delay_minutes": 1043.191160642889,
           "auto_unstuck_ema_dist": 0.00022836832814111807,
           "auto_unstuck_qty_pct": 0.07433317752721086,
           "auto_unstuck_wallet_exposure_threshold": 0.7083153619988238,
           "backwards_tp": false,
           "ddown_factor": 2.9382094041008626,
           "ema_span_0": 1405.56015025973,
           "ema_span_1": 810.1695095683925,
           "enabled": false,
           "initial_eprice_ema_dist": -0.055270150666534554,
           "initial_qty_pct": 0.030908449111970493,
           "markup_range": 0.024265559798234963,
           "min_markup": 0.009738593042197236,
           "n_close_orders": 2,
           "rentry_pprice_dist": 0.033802502649001594,
           "rentry_pprice_dist_wallet_exposure_weighting": 4.53104195497999,
           "wallet_exposure_limit": 1.0}}