{"config_name": "recursive_grid_ETHUSDT_1331days",
 "logging_level": 0,
 "long": {"auto_unstuck_delay_minutes": 0,
          "auto_unstuck_ema_dist": 0,
          "auto_unstuck_qty_pct": 0,
          "auto_unstuck_wallet_exposure_threshold": 0.0,
          "backwards_tp": false,
          "ddown_factor": 0.5151002101805646,
          "ema_span_0": 902.2161196040124,
          "ema_span_1": 786.4926731619806,
          "enabled": true,
          "initial_eprice_ema_dist": 0.03964742940735361,
          "initial_qty_pct": 0.04,
          "markup_range": 0.015360120232319342,
          "min_markup": 0.00810750156319512,
          "n_close_orders": 3,
          "rentry_pprice_dist": 0.031939487501141825,
          "rentry_pprice_dist_wallet_exposure_weighting": 9.776761169835249,
          "wallet_exposure_limit": 1.0},
 "short": {"auto_unstuck_delay_minutes": 895.2945875479254,
           "auto_unstuck_ema_dist": -0.016963595596044517,
           "auto_unstuck_qty_pct": 0.03611104350879645,
           "auto_unstuck_wallet_exposure_threshold": 0.5310724786574818,
           "backwards_tp": false,
           "ddown_factor": 1.8388232150091919,
           "ema_span_0": 1161.0006503027896,
           "ema_span_1": 819.2774247432353,
           "enabled": false,
           "initial_eprice_ema_dist": -0.08115501165845193,
           "initial_qty_pct": 0.020949636032083066,
           "markup_range": 0.03936570836897923,
           "min_markup": 0.006607809059770066,
           "n_close_orders": 6,
           "rentry_pprice_dist": 0.024866740343930396,
           "rentry_pprice_dist_wallet_exposure_weighting": 2.8851599118054594,
           "wallet_exposure_limit": 1.0}}