{"config_name": "recursive_grid_HBARUSDT_962days",
 "logging_level": 0,
 "long": {"auto_unstuck_delay_minutes": 0,
          "auto_unstuck_ema_dist": 0,
          "auto_unstuck_qty_pct": 0,
          "auto_unstuck_wallet_exposure_threshold": 0.0,
          "backwards_tp": false,
          "ddown_factor": 0.5259368309685449,
          "ema_span_0": 1193.8051226765965,
          "ema_span_1": 1273.9603792371804,
          "enabled": true,
          "initial_eprice_ema_dist": 0.02592427114398298,
          "initial_qty_pct": 0.04,
          "markup_range": 0.04,
          "min_markup": 0.008616161468233114,
          "n_close_orders": 2,
          "rentry_pprice_dist": 0.015967565076539583,
          "rentry_pprice_dist_wallet_exposure_weighting": 9.43365305376366,
          "wallet_exposure_limit": 1},
 "short": {"auto_unstuck_delay_minutes": 616.8995141325221,
           "auto_unstuck_ema_dist": -0.036574775538050164,
           "auto_unstuck_qty_pct": 0.06776814808598612,
           "auto_unstuck_wallet_exposure_threshold": 0.8514079773485409,
           "backwards_tp": false,
           "ddown_factor": 1.5641880023720813,
           "ema_span_0": 1163.4704193209052,
           "ema_span_1": 1201.7943139686588,
           "enabled": false,
           "initial_eprice_ema_dist": -0.01706740829889171,
           "initial_qty_pct": 0.015181573956174753,
           "markup_range": 0.031408807316784686,
           "min_markup": 0.00980791646803647,
           "n_close_orders": 5,
           "rentry_pprice_dist": 0.008449642304401605,
           "rentry_pprice_dist_wallet_exposure_weighting": 10.345869434254285,
           "wallet_exposure_limit": 1.0}}