{"config_name": "recursive_grid_OCEANUSDT_454days",
 "logging_level": 0,
 "long": {"auto_unstuck_delay_minutes": 516.9513634569058,
          "auto_unstuck_ema_dist": 0.01872083811668196,
          "auto_unstuck_qty_pct": 0.01,
          "auto_unstuck_wallet_exposure_threshold": 0.04973475725238264,
          "backwards_tp": false,
          "ddown_factor": 1.5377560115225095,
          "ema_span_0": 775.0418149652395,
          "ema_span_1": 783.0191775981605,
          "enabled": true,
          "initial_eprice_ema_dist": 0.004364591556164485,
          "initial_qty_pct": 0.05,
          "markup_range": 0.06,
          "min_markup": 0.006131178057238871,
          "n_close_orders": 4,
          "rentry_pprice_dist": 0.026576243587214974,
          "rentry_pprice_dist_wallet_exposure_weighting": 1.2240171461415394,
          "wallet_exposure_limit": 1},
 "short": {"auto_unstuck_delay_minutes": 500.5712342569593,
           "auto_unstuck_ema_dist": -0.04093740167784154,
           "auto_unstuck_qty_pct": 0.022681213442373102,
           "auto_unstuck_wallet_exposure_threshold": 0.7353836875252073,
           "backwards_tp": true,
           "ddown_factor": 2.373730481276428,
           "ema_span_0": 1401.3885574642939,
           "ema_span_1": 526.2034837928253,
           "enabled": false,
           "initial_eprice_ema_dist": -0.08713774661421471,
           "initial_qty_pct": 0.023231294173998003,
           "markup_range": 0.0012242593601737761,
           "min_markup": 0.004412123291455461,
           "n_close_orders": 12,
           "rentry_pprice_dist": 0.04640516539380887,
           "rentry_pprice_dist_wallet_exposure_weighting": 19.398206482264623,
           "wallet_exposure_limit": 1.0}}