{"config_name": "recursive_grid_ENAUSDT_50days",
 "logging_level": 0,
 "long": {"auto_unstuck_delay_minutes": 1172.5433456829335,
          "auto_unstuck_ema_dist": 0.045883491325735576,
          "auto_unstuck_qty_pct": 0.01,
          "auto_unstuck_wallet_exposure_threshold": 0.1,
          "backwards_tp": false,
          "ddown_factor": 1.248864368009525,
          "ema_span_0": 540.625102645194,
          "ema_span_1": 616.5789387768571,
          "enabled": true,
          "initial_eprice_ema_dist": 0.008273745956791718,
          "initial_qty_pct": 0.049470993446231924,
          "markup_range": 0.03566490124595709,
          "min_markup": 0.039065661084849414,
          "n_close_orders": 6,
          "rentry_pprice_dist": 0.024256802884960512,
          "rentry_pprice_dist_wallet_exposure_weighting": 11.362004104859924,
          "wallet_exposure_limit": 1},
 "short": {"auto_unstuck_delay_minutes": 278.6023547865818,
           "auto_unstuck_ema_dist": -0.007576761019771935,
           "auto_unstuck_qty_pct": 0.07809774409014376,
           "auto_unstuck_wallet_exposure_threshold": 0.305546958626871,
           "backwards_tp": false,
           "ddown_factor": 0.3357865721097921,
           "ema_span_0": 266.6443498448745,
           "ema_span_1": 161.78231441946699,
           "enabled": false,
           "initial_eprice_ema_dist": -0.048541372208404356,
           "initial_qty_pct": 0.01163618388936818,
           "markup_range": 0.05423375046755097,
           "min_markup": 0.006751158430525818,
           "n_close_orders": 10,
           "rentry_pprice_dist": 0.037191218229696434,
           "rentry_pprice_dist_wallet_exposure_weighting": 6.536460247895715,
           "wallet_exposure_limit": 1.0}}