{"config_name": "recursive_grid_UNIUSDT_156days",
 "logging_level": 0,
 "long": {"auto_unstuck_delay_minutes": 1381.442737221941,
          "auto_unstuck_ema_dist": 0.04044179952730325,
          "auto_unstuck_qty_pct": 0.01,
          "auto_unstuck_wallet_exposure_threshold": 0.06875136248896707,
          "backwards_tp": false,
          "ddown_factor": 0.3,
          "ema_span_0": 286.6073111507322,
          "ema_span_1": 278.7879873132541,
          "enabled": true,
          "initial_eprice_ema_dist": 0.010375354927670938,
          "initial_qty_pct": 0.04869318255894248,
          "markup_range": 0.03546868656545321,
          "min_markup": 0.014350157147568649,
          "n_close_orders": 7,
          "rentry_pprice_dist": 0.028937312483123576,
          "rentry_pprice_dist_wallet_exposure_weighting": 8.928295257733803,
          "wallet_exposure_limit": 1.0},
 "short": {"auto_unstuck_delay_minutes": 1070.7630725443976,
           "auto_unstuck_ema_dist": -0.08090572752614623,
           "auto_unstuck_qty_pct": 0.07796421822594728,
           "auto_unstuck_wallet_exposure_threshold": 0.5682789444713934,
           "backwards_tp": false,
           "ddown_factor": 2.114781096422126,
           "ema_span_0": 482.44027197181134,
           "ema_span_1": 281.03323985162217,
           "enabled": false,
           "initial_eprice_ema_dist": -0.005081508804224366,
           "initial_qty_pct": 0.036286268268568074,
           "markup_range": 0.004260337222211985,
           "min_markup": 0.006986200099615948,
           "n_close_orders": 5,
           "rentry_pprice_dist": 0.03533711868934752,
           "rentry_pprice_dist_wallet_exposure_weighting": 10.703152141052906,
           "wallet_exposure_limit": 1.0}}