{"config_name": "recursive_grid_ICPUSDT_1002days",
 "logging_level": 0,
 "long": {"auto_unstuck_delay_minutes": 0.0,
          "auto_unstuck_ema_dist": 0.0,
          "auto_unstuck_qty_pct": 0,
          "auto_unstuck_wallet_exposure_threshold": 0.0,
          "backwards_tp": false,
          "ddown_factor": 0.5346699615505812,
          "ema_span_0": 1288.8036704301758,
          "ema_span_1": 1116.7607140880568,
          "enabled": true,
          "initial_eprice_ema_dist": 0.037693962389909616,
          "initial_qty_pct": 0.04,
          "markup_range": 0.032217491965279274,
          "min_markup": 0.009217128630201122,
          "n_close_orders": 2,
          "rentry_pprice_dist": 0.012907088634106192,
          "rentry_pprice_dist_wallet_exposure_weighting": 9.800206520134429,
          "wallet_exposure_limit": 1.0},
 "short": {"auto_unstuck_delay_minutes": 1304.9141028879626,
           "auto_unstuck_ema_dist": -0.021063858934307997,
           "auto_unstuck_qty_pct": 0.04081084407963989,
           "auto_unstuck_wallet_exposure_threshold": 0.619389168232166,
           "backwards_tp": false,
           "ddown_factor": 2.7937591883396076,
           "ema_span_0": 743.0954317466006,
           "ema_span_1": 956.1631943166756,
           "enabled": false,
           "initial_eprice_ema_dist": -0.083672463868663,
           "initial_qty_pct": 0.024862930506654023,
           "markup_range": 0.053911801414810924,
           "min_markup": 0.005854466969056488,
           "n_close_orders": 9,
           "rentry_pprice_dist": 0.01137430777580912,
           "rentry_pprice_dist_wallet_exposure_weighting": 19.822130602645906,
           "wallet_exposure_limit": 1.0}}