{"config_name": "recursive_grid_NEARUSDT_142days",
 "logging_level": 0,
 "long": {"auto_unstuck_delay_minutes": 858.4672704427619,
          "auto_unstuck_ema_dist": 0.02120773708232168,
          "auto_unstuck_qty_pct": 0.01,
          "auto_unstuck_wallet_exposure_threshold": 0.04694857024364364,
          "backwards_tp": false,
          "ddown_factor": 0.31623802227039277,
          "ema_span_0": 1242.7357818139258,
          "ema_span_1": 532.0343612099524,
          "enabled": true,
          "initial_eprice_ema_dist": 0.007927384044632745,
          "initial_qty_pct": 0.033817384670140886,
          "markup_range": 0.0146640773100561,
          "min_markup": 0.009607949004988793,
          "n_close_orders": 4,
          "rentry_pprice_dist": 0.03818840437705432,
          "rentry_pprice_dist_wallet_exposure_weighting": 14.910750234741926,
          "wallet_exposure_limit": 1.0},
 "short": {"auto_unstuck_delay_minutes": 519.3297707813136,
           "auto_unstuck_ema_dist": 0.002172413909439952,
           "auto_unstuck_qty_pct": 0.05132990972586518,
           "auto_unstuck_wallet_exposure_threshold": 0.8727587941147804,
           "backwards_tp": false,
           "ddown_factor": 0.42965757268452676,
           "ema_span_0": 541.927035350503,
           "ema_span_1": 1196.7689107101423,
           "enabled": false,
           "initial_eprice_ema_dist": -0.08887140128834937,
           "initial_qty_pct": 0.03419656024925494,
           "markup_range": 0.0069860231090731716,
           "min_markup": 0.0020849253274249115,
           "n_close_orders": 3,
           "rentry_pprice_dist": 0.012825198378244997,
           "rentry_pprice_dist_wallet_exposure_weighting": 18.021305980221666,
           "wallet_exposure_limit": 1.0}}