{"config_name": "recursive_grid_1000BONKUSDT_366days",
 "logging_level": 0,
 "long": {"auto_unstuck_delay_minutes": 605.0170623164644,
          "auto_unstuck_ema_dist": 0.09644965685189177,
          "auto_unstuck_qty_pct": 0.03209035527855718,
          "auto_unstuck_wallet_exposure_threshold": 0.14089192163268474,
          "backwards_tp": false,
          "ddown_factor": 0.8631663345508913,
          "ema_span_0": 636.4915420842436,
          "ema_span_1": 592.90058912576,
          "enabled": true,
          "initial_eprice_ema_dist": -0.0011830135595946542,
          "initial_qty_pct": 0.03364301075687478,
          "markup_range": 0.019842810315110974,
          "min_markup": 0.009458525938801966,
          "n_close_orders": 3,
          "rentry_pprice_dist": 0.05090038124251062,
          "rentry_pprice_dist_wallet_exposure_weighting": 2.959287914856681,
          "wallet_exposure_limit": 1},
 "short": {"auto_unstuck_delay_minutes": 0.0,
           "auto_unstuck_ema_dist": 0.0,
           "auto_unstuck_qty_pct": 0.0,
           "auto_unstuck_wallet_exposure_threshold": 0.0,
           "backwards_tp": false,
           "ddown_factor": 2.6254685340044865,
           "ema_span_0": 1036.9974699180607,
           "ema_span_1": 429.66841660156183,
           "enabled": false,
           "initial_eprice_ema_dist": 0.00038869217798758945,
           "initial_qty_pct": 0.006254514974785415,
           "markup_range": 0.00283144548389054,
           "min_markup": 0.00574693028301825,
           "n_close_orders": 8,
           "rentry_pprice_dist": 0.006579426460744528,
           "rentry_pprice_dist_wallet_exposure_weighting": 5.894084525997819,
           "wallet_exposure_limit": 1.0}}