{"config_name": "recursive_grid_SHIB1000USDT_156days",
 "logging_level": 0,
 "long": {"auto_unstuck_delay_minutes": 825.3591245983603,
          "auto_unstuck_ema_dist": -0.03199080285893342,
          "auto_unstuck_qty_pct": 0.01,
          "auto_unstuck_wallet_exposure_threshold": 0.05251530393931165,
          "backwards_tp": false,
          "ddown_factor": 0.34787125051181955,
          "ema_span_0": 66.02642685494072,
          "ema_span_1": 926.278358847771,
          "enabled": true,
          "initial_eprice_ema_dist": 0.00391600575602676,
          "initial_qty_pct": 0.030696080025184667,
          "markup_range": 0.04719335458796464,
          "min_markup": 0.00935543440252165,
          "n_close_orders": 6,
          "rentry_pprice_dist": 0.0065434595617570365,
          "rentry_pprice_dist_wallet_exposure_weighting": 8.279545179080303,
          "wallet_exposure_limit": 1},
 "short": {"auto_unstuck_delay_minutes": 147.5855950146756,
           "auto_unstuck_ema_dist": -0.08929594819908959,
           "auto_unstuck_qty_pct": 0.09130541805931572,
           "auto_unstuck_wallet_exposure_threshold": 0.8912131710289178,
           "backwards_tp": false,
           "ddown_factor": 1.6833625683312616,
           "ema_span_0": 649.6960451071902,
           "ema_span_1": 1008.5138526152153,
           "enabled": false,
           "initial_eprice_ema_dist": -0.015036850079462774,
           "initial_qty_pct": 0.04720594021214674,
           "markup_range": 0.03141570390610477,
           "min_markup": 0.0024052271218724403,
           "n_close_orders": 15,
           "rentry_pprice_dist": 0.035635255779900094,
           "rentry_pprice_dist_wallet_exposure_weighting": 8.483630101385344,
           "wallet_exposure_limit": 1.0}}