{"config_name": "recursive_grid_IMXUSDT_156days",
 "logging_level": 0,
 "long": {"auto_unstuck_delay_minutes": 1376.6798726825218,
          "auto_unstuck_ema_dist": 0.0006505916161338937,
          "auto_unstuck_qty_pct": 0.01,
          "auto_unstuck_wallet_exposure_threshold": 0.03,
          "backwards_tp": false,
          "ddown_factor": 0.48288334036267055,
          "ema_span_0": 685.2173203580895,
          "ema_span_1": 822.7249443569619,
          "enabled": true,
          "initial_eprice_ema_dist": 0.006273358614064472,
          "initial_qty_pct": 0.039794675288580404,
          "markup_range": 0.03644419957306627,
          "min_markup": 0.013439168325037158,
          "n_close_orders": 7,
          "rentry_pprice_dist": 0.011104803906591071,
          "rentry_pprice_dist_wallet_exposure_weighting": 8.068985549002356,
          "wallet_exposure_limit": 1},
 "short": {"auto_unstuck_delay_minutes": 1284.8990934672731,
           "auto_unstuck_ema_dist": -0.029105579631814246,
           "auto_unstuck_qty_pct": 0.09050957038498979,
           "auto_unstuck_wallet_exposure_threshold": 0.49510267447729717,
           "backwards_tp": false,
           "ddown_factor": 2.9631705813117977,
           "ema_span_0": 867.8565887572129,
           "ema_span_1": 896.3837354503428,
           "enabled": false,
           "initial_eprice_ema_dist": -0.05036138813994277,
           "initial_qty_pct": 0.017592039829985712,
           "markup_range": 0.02919683841854924,
           "min_markup": 0.004224978632338191,
           "n_close_orders": 8,
           "rentry_pprice_dist": 0.026128124455346995,
           "rentry_pprice_dist_wallet_exposure_weighting": 6.132634367969718,
           "wallet_exposure_limit": 1.0}}