{"config_name": "recursive_grid_IMXUSDT_156days",
 "logging_level": 0,
 "long": {"auto_unstuck_delay_minutes": 1305.3874827673949,
          "auto_unstuck_ema_dist": -0.042203218773342134,
          "auto_unstuck_qty_pct": 0.01,
          "auto_unstuck_wallet_exposure_threshold": 0.07892662527831742,
          "backwards_tp": false,
          "ddown_factor": 0.5443046395428918,
          "ema_span_0": 494.40536675218397,
          "ema_span_1": 291.26446700124325,
          "enabled": true,
          "initial_eprice_ema_dist": 0.005807164443289931,
          "initial_qty_pct": 0.039742934320480684,
          "markup_range": 0.027929321628372063,
          "min_markup": 0.018296797141598042,
          "n_close_orders": 6,
          "rentry_pprice_dist": 0.014015552462566024,
          "rentry_pprice_dist_wallet_exposure_weighting": 7.834498721732073,
          "wallet_exposure_limit": 1},
 "short": {"auto_unstuck_delay_minutes": 819.7741898849085,
           "auto_unstuck_ema_dist": -0.04600136958280553,
           "auto_unstuck_qty_pct": 0.0924720629884604,
           "auto_unstuck_wallet_exposure_threshold": 0.5158889098061293,
           "backwards_tp": false,
           "ddown_factor": 0.5886240471366686,
           "ema_span_0": 379.8395415438785,
           "ema_span_1": 1304.386266269433,
           "enabled": false,
           "initial_eprice_ema_dist": -0.00010211564007803209,
           "initial_qty_pct": 0.038492788639579445,
           "markup_range": 0.0361324354111698,
           "min_markup": 0.00562873267945664,
           "n_close_orders": 3,
           "rentry_pprice_dist": 0.04575275430269162,
           "rentry_pprice_dist_wallet_exposure_weighting": 19.640764790555572,
           "wallet_exposure_limit": 1.0}}