{"config_name": "recursive_grid_BNBUSDT_366days",
 "logging_level": 0,
 "long": {"auto_unstuck_delay_minutes": 637.7884887586905,
          "auto_unstuck_ema_dist": -0.06380025910086695,
          "auto_unstuck_qty_pct": 0.02151189288085059,
          "auto_unstuck_wallet_exposure_threshold": 0.1400059055284387,
          "backwards_tp": false,
          "ddown_factor": 1.2993481141784935,
          "ema_span_0": 613.3179247991939,
          "ema_span_1": 2260.010521061513,
          "enabled": true,
          "initial_eprice_ema_dist": 0.0017808708459172852,
          "initial_qty_pct": 0.0310135232247213,
          "markup_range": 0.01497255328950828,
          "min_markup": 0.0052309545871434045,
          "n_close_orders": 4,
          "rentry_pprice_dist": 0.027115543358725062,
          "rentry_pprice_dist_wallet_exposure_weighting": 1.0252261302863481,
          "wallet_exposure_limit": 1},
 "short": {"auto_unstuck_delay_minutes": 0.0,
           "auto_unstuck_ema_dist": 0.0,
           "auto_unstuck_qty_pct": 0.0,
           "auto_unstuck_wallet_exposure_threshold": 0.0,
           "backwards_tp": false,
           "ddown_factor": 0.2741394244664491,
           "ema_span_0": 762.9886252411386,
           "ema_span_1": 886.6068564890977,
           "enabled": false,
           "initial_eprice_ema_dist": -0.009903910158193615,
           "initial_qty_pct": 0.01234490608875319,
           "markup_range": 0.00370858097802514,
           "min_markup": 0.009861390130927648,
           "n_close_orders": 4,
           "rentry_pprice_dist": 0.054406346996541434,
           "rentry_pprice_dist_wallet_exposure_weighting": 6.965903557315852,
           "wallet_exposure_limit": 1.0}}