{"config_name": "recursive_grid_SHIB1000USDT_365days",
 "logging_level": 0,
 "long": {"auto_unstuck_delay_minutes": 1034.566162641174,
          "auto_unstuck_ema_dist": -0.01217228307915932,
          "auto_unstuck_qty_pct": 0.01815860531889581,
          "auto_unstuck_wallet_exposure_threshold": 0.6788206416283326,
          "backwards_tp": false,
          "ddown_factor": 0.6145062580344318,
          "ema_span_0": 1469.0931888441194,
          "ema_span_1": 1422.6983990846431,
          "enabled": true,
          "initial_eprice_ema_dist": -0.09671240800081377,
          "initial_qty_pct": 0.023852134874352934,
          "markup_range": 0.025335372154103895,
          "min_markup": 0.012417572139477405,
          "n_close_orders": 6,
          "rentry_pprice_dist": 0.025966611322225865,
          "rentry_pprice_dist_wallet_exposure_weighting": 0.44459323581911564,
          "wallet_exposure_limit": 1},
 "short": {"auto_unstuck_delay_minutes": 682.7997207023552,
           "auto_unstuck_ema_dist": -0.037493411141198155,
           "auto_unstuck_qty_pct": 0.041404422860620155,
           "auto_unstuck_wallet_exposure_threshold": 0.06679559315649107,
           "backwards_tp": false,
           "ddown_factor": 1.5230960969143237,
           "ema_span_0": 1096.9794805005215,
           "ema_span_1": 1198.0909816008402,
           "enabled": false,
           "initial_eprice_ema_dist": -0.007591811405131899,
           "initial_qty_pct": 0.014743875460641508,
           "markup_range": 0.004946534214637389,
           "min_markup": 0.01888949619127496,
           "n_close_orders": 12,
           "rentry_pprice_dist": 0.056249009746472386,
           "rentry_pprice_dist_wallet_exposure_weighting": 1.864477091095078,
           "wallet_exposure_limit": 1.0}}