{"config_name": "recursive_grid_1000PEPEUSDT_302days",
 "logging_level": 0,
 "long": {"auto_unstuck_delay_minutes": 1287.6433070395924,
          "auto_unstuck_ema_dist": -0.03298119313884296,
          "auto_unstuck_qty_pct": 0.0240294478258454,
          "auto_unstuck_wallet_exposure_threshold": 0.11243649872723031,
          "backwards_tp": false,
          "ddown_factor": 2.3064065346813964,
          "ema_span_0": 108.935501488065,
          "ema_span_1": 983.3763892823549,
          "enabled": true,
          "initial_eprice_ema_dist": -0.004017777698981027,
          "initial_qty_pct": 0.04209840101193355,
          "markup_range": 0.019575532435867366,
          "min_markup": 0.019378081132733226,
          "n_close_orders": 8,
          "rentry_pprice_dist": 0.010628886973866838,
          "rentry_pprice_dist_wallet_exposure_weighting": 1.5543825878109292,
          "wallet_exposure_limit": 1.0},
 "short": {"auto_unstuck_delay_minutes": 0.0,
           "auto_unstuck_ema_dist": 0.0,
           "auto_unstuck_qty_pct": 0.0,
           "auto_unstuck_wallet_exposure_threshold": 0.0,
           "backwards_tp": false,
           "ddown_factor": 1.929490022377074,
           "ema_span_0": 1208.704424868055,
           "ema_span_1": 1288.5681867766061,
           "enabled": false,
           "initial_eprice_ema_dist": 0.001477334679494723,
           "initial_qty_pct": 0.014833268966961796,
           "markup_range": 0.0012925099777031646,
           "min_markup": 0.005521446472728722,
           "n_close_orders": 5,
           "rentry_pprice_dist": 0.009083988570477559,
           "rentry_pprice_dist_wallet_exposure_weighting": 2.089869840658337,
           "wallet_exposure_limit": 1.0}}