{"config_name": "recursive_grid_THETAUSDT_454days",
 "logging_level": 0,
 "long": {"auto_unstuck_delay_minutes": 557.1240010634122,
          "auto_unstuck_ema_dist": -0.032239081654385014,
          "auto_unstuck_qty_pct": 0.01,
          "auto_unstuck_wallet_exposure_threshold": 0.0877530901341696,
          "backwards_tp": false,
          "ddown_factor": 0.9432162894916221,
          "ema_span_0": 524.9824398228535,
          "ema_span_1": 702.3480572596038,
          "enabled": true,
          "initial_eprice_ema_dist": 0.006000842807829825,
          "initial_qty_pct": 0.05,
          "markup_range": 0.015664015855250474,
          "min_markup": 0.002684616095597123,
          "n_close_orders": 4,
          "rentry_pprice_dist": 0.025887754922252867,
          "rentry_pprice_dist_wallet_exposure_weighting": 1.353668709307168,
          "wallet_exposure_limit": 1},
 "short": {"auto_unstuck_delay_minutes": 387.6126008810843,
           "auto_unstuck_ema_dist": -0.023191689584756536,
           "auto_unstuck_qty_pct": 0.049933233430640156,
           "auto_unstuck_wallet_exposure_threshold": 0.5591991538475656,
           "backwards_tp": true,
           "ddown_factor": 2.6739365629830902,
           "ema_span_0": 787.8455556445555,
           "ema_span_1": 902.8265761982693,
           "enabled": false,
           "initial_eprice_ema_dist": -0.04478053319294439,
           "initial_qty_pct": 0.03355115252161484,
           "markup_range": 0.02262335806747746,
           "min_markup": 0.002663589889242853,
           "n_close_orders": 12,
           "rentry_pprice_dist": 0.024343863341211854,
           "rentry_pprice_dist_wallet_exposure_weighting": 6.693198121883935,
           "wallet_exposure_limit": 1.0}}