{"config_name": "recursive_grid_PYTHUSDT_205days",
 "logging_level": 0,
 "long": {"auto_unstuck_delay_minutes": 0,
          "auto_unstuck_ema_dist": 0,
          "auto_unstuck_qty_pct": 0,
          "auto_unstuck_wallet_exposure_threshold": 0.0,
          "backwards_tp": false,
          "ddown_factor": 0.43192446783916444,
          "ema_span_0": 270.8291161229125,
          "ema_span_1": 830.8174947317756,
          "enabled": true,
          "initial_eprice_ema_dist": 0.018006225330066024,
          "initial_qty_pct": 0.04,
          "markup_range": 0.032535756286246824,
          "min_markup": 0.008101972720421473,
          "n_close_orders": 2,
          "rentry_pprice_dist": 0.013308125294475457,
          "rentry_pprice_dist_wallet_exposure_weighting": 9.055230247454288,
          "wallet_exposure_limit": 1.0},
 "short": {"auto_unstuck_delay_minutes": 629.8674467815874,
           "auto_unstuck_ema_dist": -0.02768977006000277,
           "auto_unstuck_qty_pct": 0.06250283665644253,
           "auto_unstuck_wallet_exposure_threshold": 0.818985149849488,
           "backwards_tp": false,
           "ddown_factor": 1.4270637320631436,
           "ema_span_0": 1370.0893355018734,
           "ema_span_1": 624.7014071857026,
           "enabled": false,
           "initial_eprice_ema_dist": -0.09421849440784034,
           "initial_qty_pct": 0.044568586875090146,
           "markup_range": 0.00723596146758952,
           "min_markup": 0.003398997103409132,
           "n_close_orders": 11,
           "rentry_pprice_dist": 0.016067917939735988,
           "rentry_pprice_dist_wallet_exposure_weighting": 4.921871183957121,
           "wallet_exposure_limit": 1.0}}