{"config_name": "recursive_grid_MNTUSDT_156days",
 "logging_level": 0,
 "long": {"auto_unstuck_delay_minutes": 727.6917511180243,
          "auto_unstuck_ema_dist": -0.03255471602517021,
          "auto_unstuck_qty_pct": 0.01,
          "auto_unstuck_wallet_exposure_threshold": 0.09426255164258328,
          "backwards_tp": false,
          "ddown_factor": 0.47485888516315045,
          "ema_span_0": 1430.99302115451,
          "ema_span_1": 302.39192329380904,
          "enabled": true,
          "initial_eprice_ema_dist": -0.0429761135391902,
          "initial_qty_pct": 0.04643934213105971,
          "markup_range": 0.021490229828314618,
          "min_markup": 0.01109038324688517,
          "n_close_orders": 5,
          "rentry_pprice_dist": 0.035462873956706574,
          "rentry_pprice_dist_wallet_exposure_weighting": 10.660981383027861,
          "wallet_exposure_limit": 1.0},
 "short": {"auto_unstuck_delay_minutes": 913.2551574216892,
           "auto_unstuck_ema_dist": -0.01865867135023873,
           "auto_unstuck_qty_pct": 0.05928755093555621,
           "auto_unstuck_wallet_exposure_threshold": 0.3872726500942134,
           "backwards_tp": false,
           "ddown_factor": 2.210089132093632,
           "ema_span_0": 892.6213590931707,
           "ema_span_1": 545.8421816961778,
           "enabled": false,
           "initial_eprice_ema_dist": -0.09760683117744334,
           "initial_qty_pct": 0.010970449950226899,
           "markup_range": 0.040883414950215115,
           "min_markup": 0.005806452548310459,
           "n_close_orders": 6,
           "rentry_pprice_dist": 0.025948173536449567,
           "rentry_pprice_dist_wallet_exposure_weighting": 0.8118905713076074,
           "wallet_exposure_limit": 1.0}}