{"config_name": "recursive_grid_APTUSDT_454days",
 "logging_level": 0,
 "long": {"auto_unstuck_delay_minutes": 1062.7775485496,
          "auto_unstuck_ema_dist": -0.0059234160430353885,
          "auto_unstuck_qty_pct": 0.01,
          "auto_unstuck_wallet_exposure_threshold": 0.08528652090082162,
          "backwards_tp": false,
          "ddown_factor": 1.2412631010669206,
          "ema_span_0": 545.1711598866204,
          "ema_span_1": 633.727357759811,
          "enabled": true,
          "initial_eprice_ema_dist": 0.004450791476265058,
          "initial_qty_pct": 0.05,
          "markup_range": 0.04822502586752699,
          "min_markup": 0.008076628796879846,
          "n_close_orders": 5,
          "rentry_pprice_dist": 0.03436189213132928,
          "rentry_pprice_dist_wallet_exposure_weighting": 2.365796868162397,
          "wallet_exposure_limit": 1},
 "short": {"auto_unstuck_delay_minutes": 604.1100870156276,
           "auto_unstuck_ema_dist": -0.03402277063422529,
           "auto_unstuck_qty_pct": 0.03548203192679263,
           "auto_unstuck_wallet_exposure_threshold": 0.7670164669360456,
           "backwards_tp": true,
           "ddown_factor": 1.0017867006795222,
           "ema_span_0": 657.4515705170796,
           "ema_span_1": 386.93881200253065,
           "enabled": false,
           "initial_eprice_ema_dist": -0.024202268138446018,
           "initial_qty_pct": 0.016979240570608272,
           "markup_range": 0.013915679355340615,
           "min_markup": 0.006910335924566761,
           "n_close_orders": 16,
           "rentry_pprice_dist": 0.01167019652345879,
           "rentry_pprice_dist_wallet_exposure_weighting": 14.604426704886059,
           "wallet_exposure_limit": 1.0}}