{"config_name": "recursive_grid_10000COQUSDT_18days",
 "logging_level": 0,
 "long": {"auto_unstuck_delay_minutes": 623.6776833892454,
          "auto_unstuck_ema_dist": 0.032818204627372324,
          "auto_unstuck_qty_pct": 0.01,
          "auto_unstuck_wallet_exposure_threshold": 0.09337278461796177,
          "backwards_tp": false,
          "ddown_factor": 0.6272195269949474,
          "ema_span_0": 638.3148739350482,
          "ema_span_1": 1000.8747209769411,
          "enabled": true,
          "initial_eprice_ema_dist": 0.006308080447576321,
          "initial_qty_pct": 0.05,
          "markup_range": 0.029881808812002378,
          "min_markup": 0.007226083692941737,
          "n_close_orders": 7,
          "rentry_pprice_dist": 0.02225825662263616,
          "rentry_pprice_dist_wallet_exposure_weighting": 3.484465425369697,
          "wallet_exposure_limit": 1.0},
 "short": {"auto_unstuck_delay_minutes": 1141.4162804921668,
           "auto_unstuck_ema_dist": -0.07731815452105828,
           "auto_unstuck_qty_pct": 0.08301506908357018,
           "auto_unstuck_wallet_exposure_threshold": 0.753534800859885,
           "backwards_tp": true,
           "ddown_factor": 1.5725364925103344,
           "ema_span_0": 67.6900280693783,
           "ema_span_1": 988.3273334677339,
           "enabled": false,
           "initial_eprice_ema_dist": -0.032147241018912184,
           "initial_qty_pct": 0.04836632630221345,
           "markup_range": 0.004754360562473114,
           "min_markup": 0.002036405782738624,
           "n_close_orders": 6,
           "rentry_pprice_dist": 0.04968932534795666,
           "rentry_pprice_dist_wallet_exposure_weighting": 14.79620126926772,
           "wallet_exposure_limit": 1.0}}