{"config_name": "recursive_grid_DOTUSDT_1229days",
 "logging_level": 0,
 "long": {"auto_unstuck_delay_minutes": 0.0,
          "auto_unstuck_ema_dist": 0.0,
          "auto_unstuck_qty_pct": 0.0,
          "auto_unstuck_wallet_exposure_threshold": 0.0,
          "backwards_tp": false,
          "ddown_factor": 0.4190713633750981,
          "ema_span_0": 342.35075844850496,
          "ema_span_1": 1381.8687247847058,
          "enabled": true,
          "initial_eprice_ema_dist": 0.06843071649033994,
          "initial_qty_pct": 0.04,
          "markup_range": 0.03727180770765678,
          "min_markup": 0.03,
          "n_close_orders": 3,
          "rentry_pprice_dist": 0.04351009987323615,
          "rentry_pprice_dist_wallet_exposure_weighting": 13.230282057131562,
          "wallet_exposure_limit": 1.0},
 "short": {"auto_unstuck_delay_minutes": 1177.4859416191214,
           "auto_unstuck_ema_dist": -0.0012374987076948785,
           "auto_unstuck_qty_pct": 0.07668890756134782,
           "auto_unstuck_wallet_exposure_threshold": 0.2578598427139752,
           "backwards_tp": false,
           "ddown_factor": 0.8349243128906583,
           "ema_span_0": 756.7776742004727,
           "ema_span_1": 704.0669297574152,
           "enabled": false,
           "initial_eprice_ema_dist": -0.0647293404348607,
           "initial_qty_pct": 0.04044675602153652,
           "markup_range": 0.03703233324924684,
           "min_markup": 0.009086271928210907,
           "n_close_orders": 16,
           "rentry_pprice_dist": 0.02183876637241301,
           "rentry_pprice_dist_wallet_exposure_weighting": 17.50562064970006,
           "wallet_exposure_limit": 1.0}}