{"config_name": "recursive_grid_ETCUSDT_454days",
 "logging_level": 0,
 "long": {"auto_unstuck_delay_minutes": 1276.2410196332687,
          "auto_unstuck_ema_dist": -0.021182633090559986,
          "auto_unstuck_qty_pct": 0.01,
          "auto_unstuck_wallet_exposure_threshold": 0.07274933373257089,
          "backwards_tp": false,
          "ddown_factor": 2,
          "ema_span_0": 1060.3451319614012,
          "ema_span_1": 1026.7422357624641,
          "enabled": true,
          "initial_eprice_ema_dist": 0.007730169885734772,
          "initial_qty_pct": 0.05,
          "markup_range": 0.055644159109067455,
          "min_markup": 0.005923878366961442,
          "n_close_orders": 4,
          "rentry_pprice_dist": 0.022139412530144904,
          "rentry_pprice_dist_wallet_exposure_weighting": 1.0705288013004497,
          "wallet_exposure_limit": 1},
 "short": {"auto_unstuck_delay_minutes": 862.359373728088,
           "auto_unstuck_ema_dist": -0.04741779045418725,
           "auto_unstuck_qty_pct": 0.06256761633307548,
           "auto_unstuck_wallet_exposure_threshold": 0.8062765145315554,
           "backwards_tp": true,
           "ddown_factor": 0.28651856282402044,
           "ema_span_0": 778.3990387863946,
           "ema_span_1": 562.5562980956337,
           "enabled": false,
           "initial_eprice_ema_dist": -0.06539183068649819,
           "initial_qty_pct": 0.027557426833412356,
           "markup_range": 0.046332344078222815,
           "min_markup": 0.0029452482865584624,
           "n_close_orders": 15,
           "rentry_pprice_dist": 0.008999070448146875,
           "rentry_pprice_dist_wallet_exposure_weighting": 8.590457867585444,
           "wallet_exposure_limit": 1.0}}