{"config_name": "recursive_grid_UNIUSDT_366days",
 "logging_level": 0,
 "long": {"auto_unstuck_delay_minutes": 98.27580364721064,
          "auto_unstuck_ema_dist": -0.013161050343754978,
          "auto_unstuck_qty_pct": 0.08862538424447354,
          "auto_unstuck_wallet_exposure_threshold": 0.1699977076056729,
          "backwards_tp": false,
          "ddown_factor": 0.1,
          "ema_span_0": 928.19078176198,
          "ema_span_1": 1014.4692912108012,
          "enabled": true,
          "initial_eprice_ema_dist": -0.0035932803341866834,
          "initial_qty_pct": 0.03063352705918185,
          "markup_range": 0.012040671212145677,
          "min_markup": 0.013534727864709644,
          "n_close_orders": 2,
          "rentry_pprice_dist": 0.04355966406168093,
          "rentry_pprice_dist_wallet_exposure_weighting": 0.5842727617065351,
          "wallet_exposure_limit": 1},
 "short": {"auto_unstuck_delay_minutes": 0.0,
           "auto_unstuck_ema_dist": 0.0,
           "auto_unstuck_qty_pct": 0.0,
           "auto_unstuck_wallet_exposure_threshold": 0.0,
           "backwards_tp": false,
           "ddown_factor": 1.9246251798642953,
           "ema_span_0": 947.2059735149347,
           "ema_span_1": 970.214444775277,
           "enabled": false,
           "initial_eprice_ema_dist": -0.004657911110290077,
           "initial_qty_pct": 0.01935043196507685,
           "markup_range": 0.0064884656915623245,
           "min_markup": 0.004216010249844819,
           "n_close_orders": 10,
           "rentry_pprice_dist": 0.048910998906914235,
           "rentry_pprice_dist_wallet_exposure_weighting": 1.6844263487978144,
           "wallet_exposure_limit": 1.0}}