{"config_name": "recursive_grid_LTCUSDT_453days",
 "logging_level": 0,
 "long": {"auto_unstuck_delay_minutes": 1183.624628088921,
          "auto_unstuck_ema_dist": -0.044948225655654074,
          "auto_unstuck_qty_pct": 0.01,
          "auto_unstuck_wallet_exposure_threshold": 0.09010704893640437,
          "backwards_tp": false,
          "ddown_factor": 1.4428557880085922,
          "ema_span_0": 1367.8172755059172,
          "ema_span_1": 1382.8225499071882,
          "enabled": true,
          "initial_eprice_ema_dist": 0.007214528054812165,
          "initial_qty_pct": 0.05,
          "markup_range": 0.02110771604395694,
          "min_markup": 0.004545616459036323,
          "n_close_orders": 6,
          "rentry_pprice_dist": 0.02377102123755774,
          "rentry_pprice_dist_wallet_exposure_weighting": 1.1045074499277026,
          "wallet_exposure_limit": 1},
 "short": {"auto_unstuck_delay_minutes": 434.23523639747026,
           "auto_unstuck_ema_dist": -0.08628300087100305,
           "auto_unstuck_qty_pct": 0.051132444294054065,
           "auto_unstuck_wallet_exposure_threshold": 0.6855758691793956,
           "backwards_tp": true,
           "ddown_factor": 1.7543578687117616,
           "ema_span_0": 982.1955048642066,
           "ema_span_1": 953.8617057335175,
           "enabled": false,
           "initial_eprice_ema_dist": -0.04524026314069085,
           "initial_qty_pct": 0.04397651871557724,
           "markup_range": 0.010278201510986238,
           "min_markup": 0.006239901938842639,
           "n_close_orders": 16,
           "rentry_pprice_dist": 0.0293704102037571,
           "rentry_pprice_dist_wallet_exposure_weighting": 11.726000059162764,
           "wallet_exposure_limit": 1.0}}