{"config_name": "recursive_grid_FILUSDT_156days",
 "logging_level": 0,
 "long": {"auto_unstuck_delay_minutes": 905.6870158115032,
          "auto_unstuck_ema_dist": -0.046969986806561115,
          "auto_unstuck_qty_pct": 0.01,
          "auto_unstuck_wallet_exposure_threshold": 0.0892325182227893,
          "backwards_tp": false,
          "ddown_factor": 0.43009658184824534,
          "ema_span_0": 881.6642674942997,
          "ema_span_1": 1252.2933955201838,
          "enabled": true,
          "initial_eprice_ema_dist": 0.016849151314409828,
          "initial_qty_pct": 0.03896742592176266,
          "markup_range": 0.045394486718514385,
          "min_markup": 0.016209083614248207,
          "n_close_orders": 5,
          "rentry_pprice_dist": 0.02584342140263031,
          "rentry_pprice_dist_wallet_exposure_weighting": 10.79035282329345,
          "wallet_exposure_limit": 1},
 "short": {"auto_unstuck_delay_minutes": 728.4797741126531,
           "auto_unstuck_ema_dist": -0.08543114208760068,
           "auto_unstuck_qty_pct": 0.06189944580186109,
           "auto_unstuck_wallet_exposure_threshold": 0.4506781269123641,
           "backwards_tp": false,
           "ddown_factor": 0.2309855372462189,
           "ema_span_0": 829.8462401870786,
           "ema_span_1": 1222.0451950498525,
           "enabled": false,
           "initial_eprice_ema_dist": -0.006061314335008533,
           "initial_qty_pct": 0.048538901764044344,
           "markup_range": 0.03707354725707201,
           "min_markup": 0.002612488701144702,
           "n_close_orders": 9,
           "rentry_pprice_dist": 0.03662050508053376,
           "rentry_pprice_dist_wallet_exposure_weighting": 10.823328198097478,
           "wallet_exposure_limit": 1.0}}