{"config_name": "recursive_grid_GRTUSDT_143days",
 "logging_level": 0,
 "long": {"auto_unstuck_delay_minutes": 748.4306081815142,
          "auto_unstuck_ema_dist": -0.0020444117826054634,
          "auto_unstuck_qty_pct": 0.01,
          "auto_unstuck_wallet_exposure_threshold": 0.08482589393085836,
          "backwards_tp": false,
          "ddown_factor": 0.522304075279265,
          "ema_span_0": 142.53248713430492,
          "ema_span_1": 217.82728071301582,
          "enabled": true,
          "initial_eprice_ema_dist": -0.02737948428630758,
          "initial_qty_pct": 0.031645214921603076,
          "markup_range": 0.014845946179317658,
          "min_markup": 0.01597982069042057,
          "n_close_orders": 5,
          "rentry_pprice_dist": 0.021422498565008906,
          "rentry_pprice_dist_wallet_exposure_weighting": 7.58174738923055,
          "wallet_exposure_limit": 1},
 "short": {"auto_unstuck_delay_minutes": 329.6967432883865,
           "auto_unstuck_ema_dist": -0.030273720098842924,
           "auto_unstuck_qty_pct": 0.0827026539421121,
           "auto_unstuck_wallet_exposure_threshold": 0.10249555718717147,
           "backwards_tp": false,
           "ddown_factor": 2.99690172580756,
           "ema_span_0": 1363.637261702903,
           "ema_span_1": 359.11980172980276,
           "enabled": false,
           "initial_eprice_ema_dist": -0.09904978388280782,
           "initial_qty_pct": 0.04998157695745667,
           "markup_range": 0.010953503419893137,
           "min_markup": 0.008834147237431783,
           "n_close_orders": 5,
           "rentry_pprice_dist": 0.044869588619290496,
           "rentry_pprice_dist_wallet_exposure_weighting": 16.783850929763982,
           "wallet_exposure_limit": 1.0}}