{"config_name": "recursive_grid_POLYXUSDT_158days",
 "logging_level": 0,
 "long": {"auto_unstuck_delay_minutes": 676.9999523308993,
          "auto_unstuck_ema_dist": -0.039667071601527,
          "auto_unstuck_qty_pct": 0.01,
          "auto_unstuck_wallet_exposure_threshold": 0.05183272330020031,
          "backwards_tp": false,
          "ddown_factor": 1.9836463475661485,
          "ema_span_0": 1122.8638359878812,
          "ema_span_1": 548.187290787848,
          "enabled": true,
          "initial_eprice_ema_dist": 0.008455810378065408,
          "initial_qty_pct": 0.05,
          "markup_range": 0.05807107447640968,
          "min_markup": 0.01,
          "n_close_orders": 6,
          "rentry_pprice_dist": 0.057438494594133006,
          "rentry_pprice_dist_wallet_exposure_weighting": 4.144184180148245,
          "wallet_exposure_limit": 1},
 "short": {"auto_unstuck_delay_minutes": 709.3169195356061,
           "auto_unstuck_ema_dist": -0.008877789767959832,
           "auto_unstuck_qty_pct": 0.0417909955749439,
           "auto_unstuck_wallet_exposure_threshold": 0.5806304410128256,
           "backwards_tp": true,
           "ddown_factor": 0.5002952751416667,
           "ema_span_0": 857.1272055945512,
           "ema_span_1": 223.1995702762661,
           "enabled": false,
           "initial_eprice_ema_dist": -0.007404813904670127,
           "initial_qty_pct": 0.03443132003343623,
           "markup_range": 0.0445526911113614,
           "min_markup": 0.007425205691026721,
           "n_close_orders": 3,
           "rentry_pprice_dist": 0.01855706286096032,
           "rentry_pprice_dist_wallet_exposure_weighting": 13.418554156091684,
           "wallet_exposure_limit": 1.0}}