{"config_name": "recursive_grid_MINAUSDT_798days",
 "logging_level": 0,
 "long": {"auto_unstuck_delay_minutes": 0,
          "auto_unstuck_ema_dist": 0,
          "auto_unstuck_qty_pct": 0.0,
          "auto_unstuck_wallet_exposure_threshold": 0.0,
          "backwards_tp": false,
          "ddown_factor": 0.5935975184342821,
          "ema_span_0": 400.00263436886013,
          "ema_span_1": 186.32599683964392,
          "enabled": true,
          "initial_eprice_ema_dist": 0.012347892896676652,
          "initial_qty_pct": 0.04,
          "markup_range": 0.04,
          "min_markup": 0.008,
          "n_close_orders": 2,
          "rentry_pprice_dist": 0.024033355919595774,
          "rentry_pprice_dist_wallet_exposure_weighting": 9.66040214540446,
          "wallet_exposure_limit": 1},
 "short": {"auto_unstuck_delay_minutes": 1349.6827852595052,
           "auto_unstuck_ema_dist": -0.07305845516660457,
           "auto_unstuck_qty_pct": 0.08113583067690985,
           "auto_unstuck_wallet_exposure_threshold": 0.29318236509092843,
           "backwards_tp": false,
           "ddown_factor": 1.0683372888312055,
           "ema_span_0": 1063.8923083869677,
           "ema_span_1": 1127.1282179396258,
           "enabled": false,
           "initial_eprice_ema_dist": -0.06513158828714788,
           "initial_qty_pct": 0.018871458941917045,
           "markup_range": 0.014333929558835026,
           "min_markup": 0.005430422641364263,
           "n_close_orders": 10,
           "rentry_pprice_dist": 0.00727619881130024,
           "rentry_pprice_dist_wallet_exposure_weighting": 10.32413829756618,
           "wallet_exposure_limit": 1.0}}