{"config_name": "recursive_grid_1000BTTUSDT_839days",
 "logging_level": 0,
 "long": {"auto_unstuck_delay_minutes": 0.0,
          "auto_unstuck_ema_dist": 0.0,
          "auto_unstuck_qty_pct": 0,
          "auto_unstuck_wallet_exposure_threshold": 0.0,
          "backwards_tp": false,
          "ddown_factor": 0.420942934633854,
          "ema_span_0": 1328.2035466029258,
          "ema_span_1": 1304.905932370776,
          "enabled": true,
          "initial_eprice_ema_dist": 0.037638518938484584,
          "initial_qty_pct": 0.04,
          "markup_range": 0.02338772775572036,
          "min_markup": 0.029803790215581962,
          "n_close_orders": 3,
          "rentry_pprice_dist": 0.04,
          "rentry_pprice_dist_wallet_exposure_weighting": 11.823932233087422,
          "wallet_exposure_limit": 1},
 "short": {"auto_unstuck_delay_minutes": 477.1261459408411,
           "auto_unstuck_ema_dist": -0.01939165867018075,
           "auto_unstuck_qty_pct": 0.09081507232676637,
           "auto_unstuck_wallet_exposure_threshold": 0.5117350493228351,
           "backwards_tp": false,
           "ddown_factor": 2.0136135041938816,
           "ema_span_0": 462.681036692303,
           "ema_span_1": 1395.1849533773789,
           "enabled": false,
           "initial_eprice_ema_dist": -0.05911130366953518,
           "initial_qty_pct": 0.034021883348385865,
           "markup_range": 0.023399003936162975,
           "min_markup": 0.009421847881005248,
           "n_close_orders": 11,
           "rentry_pprice_dist": 0.03262831172854326,
           "rentry_pprice_dist_wallet_exposure_weighting": 18.009257073670106,
           "wallet_exposure_limit": 1.0}}