{"config_name": "recursive_grid_KASUSDT_238days",
 "logging_level": 0,
 "long": {"auto_unstuck_delay_minutes": 1090.3317321512818,
          "auto_unstuck_ema_dist": 0.01290684661451151,
          "auto_unstuck_qty_pct": 0.01,
          "auto_unstuck_wallet_exposure_threshold": 0.08779147936148748,
          "backwards_tp": false,
          "ddown_factor": 1.951788386311748,
          "ema_span_0": 959.057639380377,
          "ema_span_1": 1255.1486296336416,
          "enabled": true,
          "initial_eprice_ema_dist": 0.005789206886425746,
          "initial_qty_pct": 0.05,
          "markup_range": 0.05387722786187337,
          "min_markup": 0.00991934746064689,
          "n_close_orders": 4,
          "rentry_pprice_dist": 0.021553884863325434,
          "rentry_pprice_dist_wallet_exposure_weighting": 0.6656895946862599,
          "wallet_exposure_limit": 1},
 "short": {"auto_unstuck_delay_minutes": 246.77899479284872,
           "auto_unstuck_ema_dist": -0.01811522979997718,
           "auto_unstuck_qty_pct": 0.07602017000766063,
           "auto_unstuck_wallet_exposure_threshold": 0.6888188655852315,
           "backwards_tp": true,
           "ddown_factor": 2.4073019275132688,
           "ema_span_0": 169.39762997237648,
           "ema_span_1": 1211.4386103922777,
           "enabled": false,
           "initial_eprice_ema_dist": -0.0967562753573914,
           "initial_qty_pct": 0.034380200400209227,
           "markup_range": 0.03003548664180353,
           "min_markup": 0.006923724164960987,
           "n_close_orders": 16,
           "rentry_pprice_dist": 0.042446375444005424,
           "rentry_pprice_dist_wallet_exposure_weighting": 7.640930983577929,
           "wallet_exposure_limit": 1.0}}