{"config_name": "recursive_grid_DOTUSDT_156days",
 "logging_level": 0,
 "long": {"auto_unstuck_delay_minutes": 670.3925431452351,
          "auto_unstuck_ema_dist": -0.023103459587878718,
          "auto_unstuck_qty_pct": 0.01,
          "auto_unstuck_wallet_exposure_threshold": 0.05469076145182146,
          "backwards_tp": false,
          "ddown_factor": 0.54276419293529,
          "ema_span_0": 552.4165017535482,
          "ema_span_1": 447.2877419169242,
          "enabled": true,
          "initial_eprice_ema_dist": 0.0007820446714000731,
          "initial_qty_pct": 0.04872673228891649,
          "markup_range": 0.01571566871961147,
          "min_markup": 0.01099343814397681,
          "n_close_orders": 6,
          "rentry_pprice_dist": 0.012314687481270186,
          "rentry_pprice_dist_wallet_exposure_weighting": 7.900928173909275,
          "wallet_exposure_limit": 1},
 "short": {"auto_unstuck_delay_minutes": 1220.4973737284472,
           "auto_unstuck_ema_dist": -0.012075799246259677,
           "auto_unstuck_qty_pct": 0.09506257149785735,
           "auto_unstuck_wallet_exposure_threshold": 0.38716152770114876,
           "backwards_tp": false,
           "ddown_factor": 0.7047051558276762,
           "ema_span_0": 1418.8369305812937,
           "ema_span_1": 881.3215035094244,
           "enabled": false,
           "initial_eprice_ema_dist": -0.004721250920063216,
           "initial_qty_pct": 0.028226569125366245,
           "markup_range": 0.004599057935317156,
           "min_markup": 0.009056740696637314,
           "n_close_orders": 4,
           "rentry_pprice_dist": 0.03326539945574195,
           "rentry_pprice_dist_wallet_exposure_weighting": 10.828272542732897,
           "wallet_exposure_limit": 1.0}}