{"config_name": "recursive_grid_LTCUSDT_453days",
 "logging_level": 0,
 "long": {"auto_unstuck_delay_minutes": 881.7224360901484,
          "auto_unstuck_ema_dist": -0.0008277987041673679,
          "auto_unstuck_qty_pct": 0.01,
          "auto_unstuck_wallet_exposure_threshold": 0.06718761019273198,
          "backwards_tp": false,
          "ddown_factor": 0.5078226995635611,
          "ema_span_0": 1195.9345904351794,
          "ema_span_1": 975.1250025004621,
          "enabled": true,
          "initial_eprice_ema_dist": 0.009163527408090648,
          "initial_qty_pct": 0.05,
          "markup_range": 0.052068346962280215,
          "min_markup": 0.0023067146681797633,
          "n_close_orders": 7,
          "rentry_pprice_dist": 0.024667601739711685,
          "rentry_pprice_dist_wallet_exposure_weighting": 0.7908812120993443,
          "wallet_exposure_limit": 1},
 "short": {"auto_unstuck_delay_minutes": 1332.6110287375418,
           "auto_unstuck_ema_dist": -0.06479148299008153,
           "auto_unstuck_qty_pct": 0.07060873295336485,
           "auto_unstuck_wallet_exposure_threshold": 0.7988484260582162,
           "backwards_tp": true,
           "ddown_factor": 0.41108176242638206,
           "ema_span_0": 1341.349799221492,
           "ema_span_1": 1327.7111322771752,
           "enabled": false,
           "initial_eprice_ema_dist": -0.06111434722369302,
           "initial_qty_pct": 0.03613529337366858,
           "markup_range": 0.012191747243281608,
           "min_markup": 0.0013663727654880658,
           "n_close_orders": 9,
           "rentry_pprice_dist": 0.04886600538964339,
           "rentry_pprice_dist_wallet_exposure_weighting": 11.41033471420863,
           "wallet_exposure_limit": 1.0}}