{"config_name": "recursive_grid_ADAUSDT_156days",
 "logging_level": 0,
 "long": {"auto_unstuck_delay_minutes": 671.0232990902157,
          "auto_unstuck_ema_dist": -0.03953036709475093,
          "auto_unstuck_qty_pct": 0.01,
          "auto_unstuck_wallet_exposure_threshold": 0.07094203287963921,
          "backwards_tp": false,
          "ddown_factor": 0.31754735419454094,
          "ema_span_0": 322.7588420782982,
          "ema_span_1": 1115.184106206872,
          "enabled": true,
          "initial_eprice_ema_dist": 0.01660431647761694,
          "initial_qty_pct": 0.03558346476382864,
          "markup_range": 0.016498528106548206,
          "min_markup": 0.0326706958960649,
          "n_close_orders": 4,
          "rentry_pprice_dist": 0.006602692205007992,
          "rentry_pprice_dist_wallet_exposure_weighting": 7.543771309922317,
          "wallet_exposure_limit": 1.0},
 "short": {"auto_unstuck_delay_minutes": 348.56427738782287,
           "auto_unstuck_ema_dist": -0.05144140249060446,
           "auto_unstuck_qty_pct": 0.0959968566837239,
           "auto_unstuck_wallet_exposure_threshold": 0.48425229598864694,
           "backwards_tp": false,
           "ddown_factor": 2.3754650719705075,
           "ema_span_0": 1368.2586340002747,
           "ema_span_1": 1201.3858545999858,
           "enabled": false,
           "initial_eprice_ema_dist": -0.07213853100390583,
           "initial_qty_pct": 0.039107971075590435,
           "markup_range": 0.048278448596146994,
           "min_markup": 0.007147334538284443,
           "n_close_orders": 4,
           "rentry_pprice_dist": 0.04351496121014948,
           "rentry_pprice_dist_wallet_exposure_weighting": 19.2389097967417,
           "wallet_exposure_limit": 1.0}}