{"config_name": "recursive_grid_BCHUSDT_365days",
 "logging_level": 0,
 "long": {"auto_unstuck_delay_minutes": 656.8187251660926,
          "auto_unstuck_ema_dist": -0.01892659616964089,
          "auto_unstuck_qty_pct": 0.049973221618175266,
          "auto_unstuck_wallet_exposure_threshold": 0.09840111793234672,
          "backwards_tp": true,
          "ddown_factor": 0.6851470202148996,
          "ema_span_0": 1871.256461299267,
          "ema_span_1": 1575.5148427235606,
          "enabled": true,
          "initial_eprice_ema_dist": 0.003,
          "initial_qty_pct": 0.03396620159013613,
          "markup_range": 0.01090762199859709,
          "min_markup": 0.006814473929044182,
          "n_close_orders": 2,
          "rentry_pprice_dist": 0.030992774257592472,
          "rentry_pprice_dist_wallet_exposure_weighting": 0.8447988470081824,
          "wallet_exposure_limit": 1},
 "short": {"auto_unstuck_delay_minutes": 0.0,
           "auto_unstuck_ema_dist": 0.0,
           "auto_unstuck_qty_pct": 0.0,
           "auto_unstuck_wallet_exposure_threshold": 0.0,
           "backwards_tp": true,
           "ddown_factor": 1.8360777272631668,
           "ema_span_0": 1256.4562512782052,
           "ema_span_1": 596.8037317746016,
           "enabled": false,
           "initial_eprice_ema_dist": 0.002196739003825294,
           "initial_qty_pct": 0.018381503844350364,
           "markup_range": 0.009820626585503206,
           "min_markup": 0.009627904735763141,
           "n_close_orders": 13,
           "rentry_pprice_dist": 0.02429878203535282,
           "rentry_pprice_dist_wallet_exposure_weighting": 9.535352635428234,
           "wallet_exposure_limit": 1.0}}