{"config_name": "recursive_grid_BCHUSDT_366days",
 "logging_level": 0,
 "long": {"auto_unstuck_delay_minutes": 1440,
          "auto_unstuck_ema_dist": 0.018167230701144402,
          "auto_unstuck_qty_pct": 0.010195630702030004,
          "auto_unstuck_wallet_exposure_threshold": 0.1900808335005161,
          "backwards_tp": false,
          "ddown_factor": 1.5907554371595112,
          "ema_span_0": 1083.0683585733616,
          "ema_span_1": 1046.6947910939484,
          "enabled": true,
          "initial_eprice_ema_dist": -0.006077093345584411,
          "initial_qty_pct": 0.04287514751305526,
          "markup_range": 0.019895564266094016,
          "min_markup": 0.00942788277126774,
          "n_close_orders": 2,
          "rentry_pprice_dist": 0.03079871894460612,
          "rentry_pprice_dist_wallet_exposure_weighting": 0.5964752210654172,
          "wallet_exposure_limit": 1},
 "short": {"auto_unstuck_delay_minutes": 0.0,
           "auto_unstuck_ema_dist": 0.0,
           "auto_unstuck_qty_pct": 0.0,
           "auto_unstuck_wallet_exposure_threshold": 0.0,
           "backwards_tp": false,
           "ddown_factor": 0.7269559890000116,
           "ema_span_0": 529.2083514471007,
           "ema_span_1": 1140.5139708332686,
           "enabled": false,
           "initial_eprice_ema_dist": -0.0005497734441779045,
           "initial_qty_pct": 0.015807716754949543,
           "markup_range": 0.0035206514167206737,
           "min_markup": 0.0031337783388653076,
           "n_close_orders": 13,
           "rentry_pprice_dist": 0.012323167870083229,
           "rentry_pprice_dist_wallet_exposure_weighting": 4.414888648865277,
           "wallet_exposure_limit": 1.0}}