{"config_name": "recursive_grid_INJUSDT_365days",
 "logging_level": 0,
 "long": {"auto_unstuck_delay_minutes": 938.6115113826924,
          "auto_unstuck_ema_dist": -4.5866818929519125e-05,
          "auto_unstuck_qty_pct": 0.08173306665098291,
          "auto_unstuck_wallet_exposure_threshold": 0.501140449405561,
          "backwards_tp": false,
          "ddown_factor": 1.7643195332703978,
          "ema_span_0": 549.2061323499663,
          "ema_span_1": 309.16163309236913,
          "enabled": true,
          "initial_eprice_ema_dist": -0.055699933281966776,
          "initial_qty_pct": 0.023167147096893114,
          "markup_range": 0.028551635341637724,
          "min_markup": 0.01311014542656376,
          "n_close_orders": 9,
          "rentry_pprice_dist": 0.04153237784882985,
          "rentry_pprice_dist_wallet_exposure_weighting": 0.4321389655665313,
          "wallet_exposure_limit": 1},
 "short": {"auto_unstuck_delay_minutes": 264.0768297304903,
           "auto_unstuck_ema_dist": -0.01839101661594171,
           "auto_unstuck_qty_pct": 0.08215650707227351,
           "auto_unstuck_wallet_exposure_threshold": 0.15648936291686216,
           "backwards_tp": false,
           "ddown_factor": 2.3596784531736614,
           "ema_span_0": 429.8979561952041,
           "ema_span_1": 710.03213970262,
           "enabled": false,
           "initial_eprice_ema_dist": -0.0004930022158042783,
           "initial_qty_pct": 0.009432736072630678,
           "markup_range": 0.002449683600559136,
           "min_markup": 0.04709301198759819,
           "n_close_orders": 3,
           "rentry_pprice_dist": 0.04945220401003697,
           "rentry_pprice_dist_wallet_exposure_weighting": 5.163062810786367,
           "wallet_exposure_limit": 1.0}}