{"config_name": "recursive_grid_TAOUSDT_135days",
 "logging_level": 0,
 "long": {"auto_unstuck_delay_minutes": 0.0,
          "auto_unstuck_ema_dist": 0.0,
          "auto_unstuck_qty_pct": 0.0,
          "auto_unstuck_wallet_exposure_threshold": 0.0,
          "backwards_tp": false,
          "ddown_factor": 0.5184805729678835,
          "ema_span_0": 1228.156419142705,
          "ema_span_1": 616.8324711297078,
          "enabled": true,
          "initial_eprice_ema_dist": 0.018980500195819983,
          "initial_qty_pct": 0.04,
          "markup_range": 0.039709166944219734,
          "min_markup": 0.00862222896001718,
          "n_close_orders": 3,
          "rentry_pprice_dist": 0.013422120408854033,
          "rentry_pprice_dist_wallet_exposure_weighting": 10.992791415149574,
          "wallet_exposure_limit": 1.0},
 "short": {"auto_unstuck_delay_minutes": 208.38262790474363,
           "auto_unstuck_ema_dist": -0.097455233191398,
           "auto_unstuck_qty_pct": 0.029087381002110245,
           "auto_unstuck_wallet_exposure_threshold": 0.5340134813047887,
           "backwards_tp": false,
           "ddown_factor": 0.843647279070353,
           "ema_span_0": 1340.838584014368,
           "ema_span_1": 1112.0810752082066,
           "enabled": false,
           "initial_eprice_ema_dist": -0.062009589125895354,
           "initial_qty_pct": 0.014014231324402174,
           "markup_range": 0.025696313542868002,
           "min_markup": 0.007421026909490307,
           "n_close_orders": 14,
           "rentry_pprice_dist": 0.034469503391183466,
           "rentry_pprice_dist_wallet_exposure_weighting": 7.070183424941396,
           "wallet_exposure_limit": 1.0}}