{"config_name": "recursive_grid_1000PEPEUSDT_302days",
 "logging_level": 0,
 "long": {"auto_unstuck_delay_minutes": 300.53150152362025,
          "auto_unstuck_ema_dist": 0.04583834497013972,
          "auto_unstuck_qty_pct": 0.07128585165657027,
          "auto_unstuck_wallet_exposure_threshold": 0.05052144087423728,
          "backwards_tp": false,
          "ddown_factor": 0.8679933508855227,
          "ema_span_0": 191.10752528608074,
          "ema_span_1": 215.36609442934463,
          "enabled": true,
          "initial_eprice_ema_dist": -0.007089776546486751,
          "initial_qty_pct": 0.03139138817689968,
          "markup_range": 0.017758101764015956,
          "min_markup": 0.011857250583130328,
          "n_close_orders": 7,
          "rentry_pprice_dist": 0.05101605931839622,
          "rentry_pprice_dist_wallet_exposure_weighting": 1.2452758219174633,
          "wallet_exposure_limit": 1},
 "short": {"auto_unstuck_delay_minutes": 0.0,
           "auto_unstuck_ema_dist": 0.0,
           "auto_unstuck_qty_pct": 0.0,
           "auto_unstuck_wallet_exposure_threshold": 0.0,
           "backwards_tp": false,
           "ddown_factor": 1.929490022377074,
           "ema_span_0": 1208.704424868055,
           "ema_span_1": 1288.5681867766061,
           "enabled": false,
           "initial_eprice_ema_dist": 0.001477334679494723,
           "initial_qty_pct": 0.014833268966961796,
           "markup_range": 0.0012925099777031646,
           "min_markup": 0.005521446472728722,
           "n_close_orders": 5,
           "rentry_pprice_dist": 0.009083988570477559,
           "rentry_pprice_dist_wallet_exposure_weighting": 2.089869840658337,
           "wallet_exposure_limit": 1.0}}