{"config_name": "recursive_grid_MKRUSDT_894days",
 "logging_level": 0,
 "long": {"auto_unstuck_delay_minutes": 0.0,
          "auto_unstuck_ema_dist": 0.0,
          "auto_unstuck_qty_pct": 0.0,
          "auto_unstuck_wallet_exposure_threshold": 0.0,
          "backwards_tp": false,
          "ddown_factor": 0.4099717693718077,
          "ema_span_0": 418.84246423106475,
          "ema_span_1": 444.9596488383773,
          "enabled": true,
          "initial_eprice_ema_dist": -0.005316505430264143,
          "initial_qty_pct": 0.04,
          "markup_range": 0.034483533627291584,
          "min_markup": 0.03,
          "n_close_orders": 2,
          "rentry_pprice_dist": 0.0407721892759197,
          "rentry_pprice_dist_wallet_exposure_weighting": 15.741221300875395,
          "wallet_exposure_limit": 1.0},
 "short": {"auto_unstuck_delay_minutes": 399.5055248468685,
           "auto_unstuck_ema_dist": -0.08689645321262951,
           "auto_unstuck_qty_pct": 0.019436116342321775,
           "auto_unstuck_wallet_exposure_threshold": 0.48445387611319546,
           "backwards_tp": false,
           "ddown_factor": 0.2963898946782306,
           "ema_span_0": 1260.8587506016613,
           "ema_span_1": 1353.7901674274153,
           "enabled": false,
           "initial_eprice_ema_dist": -0.020356336130612357,
           "initial_qty_pct": 0.019343056853126366,
           "markup_range": 0.035746178013241404,
           "min_markup": 0.009983375857235698,
           "n_close_orders": 13,
           "rentry_pprice_dist": 0.04452244633044417,
           "rentry_pprice_dist_wallet_exposure_weighting": 5.467616998663834,
           "wallet_exposure_limit": 1.0}}