{"config_name": "recursive_grid_GRTUSDT_143days",
 "logging_level": 0,
 "long": {"auto_unstuck_delay_minutes": 851.8073221626269,
          "auto_unstuck_ema_dist": 0.010348825602783752,
          "auto_unstuck_qty_pct": 0.01,
          "auto_unstuck_wallet_exposure_threshold": 0.07495706451070606,
          "backwards_tp": false,
          "ddown_factor": 0.4277096511423507,
          "ema_span_0": 686.836565180566,
          "ema_span_1": 737.1887416471196,
          "enabled": true,
          "initial_eprice_ema_dist": -0.013146528320786777,
          "initial_qty_pct": 0.04906201607536771,
          "markup_range": 0.03893890720502876,
          "min_markup": 0.03948856601857453,
          "n_close_orders": 6,
          "rentry_pprice_dist": 0.028193586720580328,
          "rentry_pprice_dist_wallet_exposure_weighting": 10.708187724427209,
          "wallet_exposure_limit": 1.0},
 "short": {"auto_unstuck_delay_minutes": 420.7810796643128,
           "auto_unstuck_ema_dist": 0.002518028474032985,
           "auto_unstuck_qty_pct": 0.03685082270007769,
           "auto_unstuck_wallet_exposure_threshold": 0.3299601768430138,
           "backwards_tp": false,
           "ddown_factor": 0.8319316708765221,
           "ema_span_0": 1244.830155660065,
           "ema_span_1": 295.52374295884897,
           "enabled": false,
           "initial_eprice_ema_dist": -0.08324972595198313,
           "initial_qty_pct": 0.028150079326254296,
           "markup_range": 0.047825472426763285,
           "min_markup": 0.0014457753458452952,
           "n_close_orders": 8,
           "rentry_pprice_dist": 0.048604624641613595,
           "rentry_pprice_dist_wallet_exposure_weighting": 8.447477964825286,
           "wallet_exposure_limit": 1.0}}