{"config_name": "recursive_grid_FILUSDT_366days",
 "logging_level": 0,
 "long": {"auto_unstuck_delay_minutes": 613.9483046897327,
          "auto_unstuck_ema_dist": 0.08286784212794521,
          "auto_unstuck_qty_pct": 0.09773441466231766,
          "auto_unstuck_wallet_exposure_threshold": 0.12348142529508406,
          "backwards_tp": false,
          "ddown_factor": 0.4867510507258871,
          "ema_span_0": 983.6437626374546,
          "ema_span_1": 1528.2247547717707,
          "enabled": true,
          "initial_eprice_ema_dist": -0.00989981488487345,
          "initial_qty_pct": 0.04204674658475756,
          "markup_range": 0.007022296319310429,
          "min_markup": 0.0068488083308023235,
          "n_close_orders": 7,
          "rentry_pprice_dist": 0.05299658677202436,
          "rentry_pprice_dist_wallet_exposure_weighting": 1.372412406537328,
          "wallet_exposure_limit": 1.0},
 "short": {"auto_unstuck_delay_minutes": 0.0,
           "auto_unstuck_ema_dist": 0.0,
           "auto_unstuck_qty_pct": 0.0,
           "auto_unstuck_wallet_exposure_threshold": 0.0,
           "backwards_tp": false,
           "ddown_factor": 0.781079521440578,
           "ema_span_0": 1194.7097188940472,
           "ema_span_1": 957.4977338919001,
           "enabled": false,
           "initial_eprice_ema_dist": -0.008608582601589115,
           "initial_qty_pct": 0.016889156100418863,
           "markup_range": 0.009603271708988056,
           "min_markup": 0.00786353397414067,
           "n_close_orders": 8,
           "rentry_pprice_dist": 0.056512579521727155,
           "rentry_pprice_dist_wallet_exposure_weighting": 1.1820340152472393,
           "wallet_exposure_limit": 1.0}}