{"config_name": "recursive_grid_MANTAUSDT_71days",
 "logging_level": 0,
 "long": {"auto_unstuck_delay_minutes": 774.3052860820919,
          "auto_unstuck_ema_dist": -0.006537096535334964,
          "auto_unstuck_qty_pct": 0.01,
          "auto_unstuck_wallet_exposure_threshold": 0.06520650259512284,
          "backwards_tp": false,
          "ddown_factor": 1.6039268460861993,
          "ema_span_0": 538.2678898192172,
          "ema_span_1": 619.5883942927277,
          "enabled": true,
          "initial_eprice_ema_dist": 0.0013725337140063924,
          "initial_qty_pct": 0.05,
          "markup_range": 0.05736744592254487,
          "min_markup": 0.004903095357356236,
          "n_close_orders": 6,
          "rentry_pprice_dist": 0.022842818430194298,
          "rentry_pprice_dist_wallet_exposure_weighting": 0.7470799246534571,
          "wallet_exposure_limit": 1.0},
 "short": {"auto_unstuck_delay_minutes": 784.3789751610747,
           "auto_unstuck_ema_dist": -0.06918279491255228,
           "auto_unstuck_qty_pct": 0.029345034743622503,
           "auto_unstuck_wallet_exposure_threshold": 0.17197364332191045,
           "backwards_tp": true,
           "ddown_factor": 2.371454678414642,
           "ema_span_0": 160.35460926676157,
           "ema_span_1": 1153.2644676758152,
           "enabled": false,
           "initial_eprice_ema_dist": -0.04258901907406624,
           "initial_qty_pct": 0.01592783025025225,
           "markup_range": 0.014811284126538284,
           "min_markup": 0.007616763212828561,
           "n_close_orders": 8,
           "rentry_pprice_dist": 0.04895951954956219,
           "rentry_pprice_dist_wallet_exposure_weighting": 0.8782247519179509,
           "wallet_exposure_limit": 1.0}}