{"config_name": "recursive_grid_CROUSDT_454days",
 "logging_level": 0,
 "long": {"auto_unstuck_delay_minutes": 623.581083953486,
          "auto_unstuck_ema_dist": -0.04763710633981091,
          "auto_unstuck_qty_pct": 0.01,
          "auto_unstuck_wallet_exposure_threshold": 0.03803648196820256,
          "backwards_tp": false,
          "ddown_factor": 1.6750796888646589,
          "ema_span_0": 470.2063936576127,
          "ema_span_1": 529.6008362572288,
          "enabled": true,
          "initial_eprice_ema_dist": 0.006160019648009943,
          "initial_qty_pct": 0.05,
          "markup_range": 0.06,
          "min_markup": 0.005772840150662098,
          "n_close_orders": 6,
          "rentry_pprice_dist": 0.021913000902239813,
          "rentry_pprice_dist_wallet_exposure_weighting": 0.7154382761668545,
          "wallet_exposure_limit": 1},
 "short": {"auto_unstuck_delay_minutes": 169.70372624274833,
           "auto_unstuck_ema_dist": -0.048991278876906366,
           "auto_unstuck_qty_pct": 0.02774730890727182,
           "auto_unstuck_wallet_exposure_threshold": 0.655187551585841,
           "backwards_tp": true,
           "ddown_factor": 2.664834177204895,
           "ema_span_0": 165.09959907684777,
           "ema_span_1": 180.3476953200675,
           "enabled": false,
           "initial_eprice_ema_dist": -0.07650536435834758,
           "initial_qty_pct": 0.03696968549041638,
           "markup_range": 0.05973967547580446,
           "min_markup": 0.00870649250726462,
           "n_close_orders": 8,
           "rentry_pprice_dist": 0.021389096645461535,
           "rentry_pprice_dist_wallet_exposure_weighting": 0.48429506067343864,
           "wallet_exposure_limit": 1.0}}