{"config_name": "recursive_grid_STXUSDT_923days",
 "logging_level": 0,
 "long": {"auto_unstuck_delay_minutes": 0,
          "auto_unstuck_ema_dist": 0,
          "auto_unstuck_qty_pct": 0.0,
          "auto_unstuck_wallet_exposure_threshold": 0.0,
          "backwards_tp": false,
          "ddown_factor": 0.57652537473409,
          "ema_span_0": 1091.6473894501319,
          "ema_span_1": 837.2159971709928,
          "enabled": true,
          "initial_eprice_ema_dist": 0.03511308671766128,
          "initial_qty_pct": 0.04,
          "markup_range": 0.04,
          "min_markup": 0.01919457334072594,
          "n_close_orders": 3,
          "rentry_pprice_dist": 0.03781450683634918,
          "rentry_pprice_dist_wallet_exposure_weighting": 10.13832989682103,
          "wallet_exposure_limit": 1},
 "short": {"auto_unstuck_delay_minutes": 1325.0639251657062,
           "auto_unstuck_ema_dist": -0.026753759841229047,
           "auto_unstuck_qty_pct": 0.02124625325441006,
           "auto_unstuck_wallet_exposure_threshold": 0.8921665662138201,
           "backwards_tp": false,
           "ddown_factor": 2.53887396595905,
           "ema_span_0": 519.3514443917109,
           "ema_span_1": 983.8598770585369,
           "enabled": false,
           "initial_eprice_ema_dist": -0.0972389064080745,
           "initial_qty_pct": 0.03396793936372221,
           "markup_range": 0.006356892500669615,
           "min_markup": 0.008646232728742959,
           "n_close_orders": 5,
           "rentry_pprice_dist": 0.021016789954881314,
           "rentry_pprice_dist_wallet_exposure_weighting": 5.3731691884388555,
           "wallet_exposure_limit": 1.0}}