{"config_name": "recursive_grid_MKRUSDT_454days",
 "logging_level": 0,
 "long": {"auto_unstuck_delay_minutes": 626.420624638667,
          "auto_unstuck_ema_dist": -0.00575848931132818,
          "auto_unstuck_qty_pct": 0.01,
          "auto_unstuck_wallet_exposure_threshold": 0.06890657636227578,
          "backwards_tp": false,
          "ddown_factor": 1.8357606070103158,
          "ema_span_0": 958.0062700011769,
          "ema_span_1": 863.4976562743669,
          "enabled": true,
          "initial_eprice_ema_dist": 0.004269675299540327,
          "initial_qty_pct": 0.05,
          "markup_range": 0.05917149743459095,
          "min_markup": 0.01,
          "n_close_orders": 7,
          "rentry_pprice_dist": 0.021014557617450164,
          "rentry_pprice_dist_wallet_exposure_weighting": 0.5677553304509093,
          "wallet_exposure_limit": 1},
 "short": {"auto_unstuck_delay_minutes": 631.2861312130929,
           "auto_unstuck_ema_dist": -0.0699942326893146,
           "auto_unstuck_qty_pct": 0.039821934089035976,
           "auto_unstuck_wallet_exposure_threshold": 0.7878461308152949,
           "backwards_tp": true,
           "ddown_factor": 1.92046716699723,
           "ema_span_0": 489.6096561799612,
           "ema_span_1": 1195.7355181618238,
           "enabled": false,
           "initial_eprice_ema_dist": -0.02544427659284164,
           "initial_qty_pct": 0.04372437779277316,
           "markup_range": 0.006306018988420807,
           "min_markup": 0.008086755593911563,
           "n_close_orders": 6,
           "rentry_pprice_dist": 0.020117411383881446,
           "rentry_pprice_dist_wallet_exposure_weighting": 12.734548729227084,
           "wallet_exposure_limit": 1.0}}