{"config_name": "recursive_grid_1000TURBOUSDT_85days",
 "logging_level": 0,
 "long": {"auto_unstuck_delay_minutes": 1069.63182964027,
          "auto_unstuck_ema_dist": 0.007844797575205606,
          "auto_unstuck_qty_pct": 0.01,
          "auto_unstuck_wallet_exposure_threshold": 0.08806253967478178,
          "backwards_tp": false,
          "ddown_factor": 0.46086973919482765,
          "ema_span_0": 113.17145798335977,
          "ema_span_1": 86.38354378749511,
          "enabled": true,
          "initial_eprice_ema_dist": -0.045065457001709816,
          "initial_qty_pct": 0.04537789449563883,
          "markup_range": 0.023724642256278176,
          "min_markup": 0.02564107056058985,
          "n_close_orders": 8,
          "rentry_pprice_dist": 0.03408187241940124,
          "rentry_pprice_dist_wallet_exposure_weighting": 9.116264104352526,
          "wallet_exposure_limit": 1},
 "short": {"auto_unstuck_delay_minutes": 463.59087906010916,
           "auto_unstuck_ema_dist": -0.05831868954612779,
           "auto_unstuck_qty_pct": 0.010150463085611561,
           "auto_unstuck_wallet_exposure_threshold": 0.344820006986591,
           "backwards_tp": false,
           "ddown_factor": 2.3785616231553797,
           "ema_span_0": 482.01146788916884,
           "ema_span_1": 1125.841735735336,
           "enabled": false,
           "initial_eprice_ema_dist": -0.03776202247439431,
           "initial_qty_pct": 0.038877964822193946,
           "markup_range": 0.04089247469984138,
           "min_markup": 0.005961864804442296,
           "n_close_orders": 7,
           "rentry_pprice_dist": 0.04216053416068925,
           "rentry_pprice_dist_wallet_exposure_weighting": 10.6501951434952,
           "wallet_exposure_limit": 1.0}}