{"config_name": "recursive_grid_ICPUSDT_156days",
 "logging_level": 0,
 "long": {"auto_unstuck_delay_minutes": 980.2262789770588,
          "auto_unstuck_ema_dist": 0.0032843589484650264,
          "auto_unstuck_qty_pct": 0.01,
          "auto_unstuck_wallet_exposure_threshold": 0.09856170862802731,
          "backwards_tp": false,
          "ddown_factor": 0.5241455260179728,
          "ema_span_0": 843.7746444389828,
          "ema_span_1": 375.0740714600809,
          "enabled": true,
          "initial_eprice_ema_dist": 0.010803981794223726,
          "initial_qty_pct": 0.03832068329454234,
          "markup_range": 0.015382398973837792,
          "min_markup": 0.00940577327094365,
          "n_close_orders": 6,
          "rentry_pprice_dist": 0.010667229868983864,
          "rentry_pprice_dist_wallet_exposure_weighting": 8.231546468428593,
          "wallet_exposure_limit": 1},
 "short": {"auto_unstuck_delay_minutes": 677.5690493177912,
           "auto_unstuck_ema_dist": -0.062259877478913074,
           "auto_unstuck_qty_pct": 0.020484869659086316,
           "auto_unstuck_wallet_exposure_threshold": 0.5902534656484705,
           "backwards_tp": false,
           "ddown_factor": 1.5454459680498043,
           "ema_span_0": 1072.504748874283,
           "ema_span_1": 923.1708885270244,
           "enabled": false,
           "initial_eprice_ema_dist": -0.06278234886787162,
           "initial_qty_pct": 0.038823670970616314,
           "markup_range": 0.04245767992536291,
           "min_markup": 0.007374017871062479,
           "n_close_orders": 8,
           "rentry_pprice_dist": 0.01739356478727046,
           "rentry_pprice_dist_wallet_exposure_weighting": 15.44516909554268,
           "wallet_exposure_limit": 1.0}}