{"config_name": "recursive_grid_BTCUSDT_454days",
 "logging_level": 0,
 "long": {"auto_unstuck_delay_minutes": 893.85556570101,
          "auto_unstuck_ema_dist": -0.0159336884243651,
          "auto_unstuck_qty_pct": 0.01,
          "auto_unstuck_wallet_exposure_threshold": 0.05808653002831836,
          "backwards_tp": false,
          "ddown_factor": 0.7964150099736784,
          "ema_span_0": 632.2573500761639,
          "ema_span_1": 1203.0571445494422,
          "enabled": true,
          "initial_eprice_ema_dist": 0.007429919060444596,
          "initial_qty_pct": 0.05,
          "markup_range": 0.03582256552470316,
          "min_markup": 0.0045789090597672475,
          "n_close_orders": 3,
          "rentry_pprice_dist": 0.021299866225781058,
          "rentry_pprice_dist_wallet_exposure_weighting": 1.044593190973727,
          "wallet_exposure_limit": 1},
 "short": {"auto_unstuck_delay_minutes": 353.2360731922241,
           "auto_unstuck_ema_dist": -0.080004795985431,
           "auto_unstuck_qty_pct": 0.04734030042479907,
           "auto_unstuck_wallet_exposure_threshold": 0.3545264157246901,
           "backwards_tp": true,
           "ddown_factor": 0.6223761197082469,
           "ema_span_0": 199.3043602197864,
           "ema_span_1": 134.2751201578929,
           "enabled": false,
           "initial_eprice_ema_dist": -0.013281767263849262,
           "initial_qty_pct": 0.013080707446183304,
           "markup_range": 0.011708254815982524,
           "min_markup": 0.0011036517473693428,
           "n_close_orders": 11,
           "rentry_pprice_dist": 0.03399070423174539,
           "rentry_pprice_dist_wallet_exposure_weighting": 13.775973965490383,
           "wallet_exposure_limit": 1.0}}