{"config_name": "recursive_grid_1000RATSUSDT_129days",
 "logging_level": 0,
 "long": {"auto_unstuck_delay_minutes": 596.0106086963991,
          "auto_unstuck_ema_dist": -0.026853602680221245,
          "auto_unstuck_qty_pct": 0.01,
          "auto_unstuck_wallet_exposure_threshold": 0.03689065612925741,
          "backwards_tp": false,
          "ddown_factor": 0.8739874468063558,
          "ema_span_0": 906.3094142875962,
          "ema_span_1": 674.1618929235674,
          "enabled": true,
          "initial_eprice_ema_dist": 0.005037346304589767,
          "initial_qty_pct": 0.05,
          "markup_range": 0.05884252305161713,
          "min_markup": 0.009982455367581158,
          "n_close_orders": 7,
          "rentry_pprice_dist": 0.0445717045666792,
          "rentry_pprice_dist_wallet_exposure_weighting": 2.8061657783223253,
          "wallet_exposure_limit": 1},
 "short": {"auto_unstuck_delay_minutes": 20.46779700453784,
           "auto_unstuck_ema_dist": -0.07118088172967553,
           "auto_unstuck_qty_pct": 0.016117009624226162,
           "auto_unstuck_wallet_exposure_threshold": 0.2565643054013414,
           "backwards_tp": true,
           "ddown_factor": 2.4919635252251733,
           "ema_span_0": 1435.6975910951141,
           "ema_span_1": 181.02545559281754,
           "enabled": false,
           "initial_eprice_ema_dist": -0.07342138897297966,
           "initial_qty_pct": 0.023692941516877862,
           "markup_range": 0.029603726532109523,
           "min_markup": 0.002391423989070275,
           "n_close_orders": 10,
           "rentry_pprice_dist": 0.020121560939199336,
           "rentry_pprice_dist_wallet_exposure_weighting": 12.187593273974446,
           "wallet_exposure_limit": 1.0}}