{"config_name": "recursive_grid_MANTAUSDT_71days",
 "logging_level": 0,
 "long": {"auto_unstuck_delay_minutes": 607.1604652751433,
          "auto_unstuck_ema_dist": -0.04186935976836458,
          "auto_unstuck_qty_pct": 0.01,
          "auto_unstuck_wallet_exposure_threshold": 0.09743817936959166,
          "backwards_tp": false,
          "ddown_factor": 1.8702005744219412,
          "ema_span_0": 598.333806800311,
          "ema_span_1": 474.27495478238535,
          "enabled": true,
          "initial_eprice_ema_dist": 0.0011536661290288506,
          "initial_qty_pct": 0.05,
          "markup_range": 0.03033382873434729,
          "min_markup": 0.009647717925193814,
          "n_close_orders": 7,
          "rentry_pprice_dist": 0.022006680829071434,
          "rentry_pprice_dist_wallet_exposure_weighting": 0.6861077979735942,
          "wallet_exposure_limit": 1},
 "short": {"auto_unstuck_delay_minutes": 866.008611067135,
           "auto_unstuck_ema_dist": -0.0153160152103516,
           "auto_unstuck_qty_pct": 0.02407607617304859,
           "auto_unstuck_wallet_exposure_threshold": 0.5628637100939552,
           "backwards_tp": true,
           "ddown_factor": 1.7927530986166162,
           "ema_span_0": 160.80297806647653,
           "ema_span_1": 225.48261076496777,
           "enabled": false,
           "initial_eprice_ema_dist": -0.03343481549295492,
           "initial_qty_pct": 0.040020796676661086,
           "markup_range": 0.012309788091668035,
           "min_markup": 0.001511434444286635,
           "n_close_orders": 13,
           "rentry_pprice_dist": 0.01269321934583469,
           "rentry_pprice_dist_wallet_exposure_weighting": 18.16474396947022,
           "wallet_exposure_limit": 1.0}}