{"config_name": "recursive_grid_KASUSDT_314days",
 "logging_level": 0,
 "long": {"auto_unstuck_delay_minutes": 0,
          "auto_unstuck_ema_dist": 0,
          "auto_unstuck_qty_pct": 0,
          "auto_unstuck_wallet_exposure_threshold": 0.0,
          "backwards_tp": false,
          "ddown_factor": 0.4288665684084101,
          "ema_span_0": 161.875301184814,
          "ema_span_1": 214.7572230137825,
          "enabled": true,
          "initial_eprice_ema_dist": 0.008574768677475645,
          "initial_qty_pct": 0.04,
          "markup_range": 0.036489930038295905,
          "min_markup": 0.014760512402100568,
          "n_close_orders": 4,
          "rentry_pprice_dist": 0.01357449624676998,
          "rentry_pprice_dist_wallet_exposure_weighting": 9.76859872737545,
          "wallet_exposure_limit": 1},
 "short": {"auto_unstuck_delay_minutes": 746.2468654530949,
           "auto_unstuck_ema_dist": -0.043328200767169485,
           "auto_unstuck_qty_pct": 0.05729859948100824,
           "auto_unstuck_wallet_exposure_threshold": 0.6227135005803561,
           "backwards_tp": false,
           "ddown_factor": 0.9145543243283474,
           "ema_span_0": 1198.6722548996245,
           "ema_span_1": 258.308215418686,
           "enabled": false,
           "initial_eprice_ema_dist": -0.030247523150506994,
           "initial_qty_pct": 0.011603656043179877,
           "markup_range": 0.041017042999471016,
           "min_markup": 0.008161354947875496,
           "n_close_orders": 2,
           "rentry_pprice_dist": 0.040845808085487455,
           "rentry_pprice_dist_wallet_exposure_weighting": 2.9760839641870085,
           "wallet_exposure_limit": 1.0}}