{"config_name": "recursive_grid_ONDOUSDT_120days",
 "logging_level": 0,
 "long": {"auto_unstuck_delay_minutes": 729.2632765830463,
          "auto_unstuck_ema_dist": -0.0094849056968105,
          "auto_unstuck_qty_pct": 0.01,
          "auto_unstuck_wallet_exposure_threshold": 0.09843154647208863,
          "backwards_tp": false,
          "ddown_factor": 1.2939756961669517,
          "ema_span_0": 967.2325530290834,
          "ema_span_1": 883.3736918529578,
          "enabled": true,
          "initial_eprice_ema_dist": 0.01619299997051595,
          "initial_qty_pct": 0.03744673970420754,
          "markup_range": 0.019462418026004114,
          "min_markup": 0.038118664343752114,
          "n_close_orders": 5,
          "rentry_pprice_dist": 0.019239929060950997,
          "rentry_pprice_dist_wallet_exposure_weighting": 1.6323631369676694,
          "wallet_exposure_limit": 1},
 "short": {"auto_unstuck_delay_minutes": 364.089154417466,
           "auto_unstuck_ema_dist": -0.07441158484197712,
           "auto_unstuck_qty_pct": 0.03635974550717318,
           "auto_unstuck_wallet_exposure_threshold": 0.3585265583621433,
           "backwards_tp": false,
           "ddown_factor": 0.8904619192644593,
           "ema_span_0": 794.8449853125265,
           "ema_span_1": 1105.8181291166798,
           "enabled": false,
           "initial_eprice_ema_dist": -0.019849186500297364,
           "initial_qty_pct": 0.044750589495465364,
           "markup_range": 0.033448464274861096,
           "min_markup": 0.009218736388651151,
           "n_close_orders": 14,
           "rentry_pprice_dist": 0.0205989540463729,
           "rentry_pprice_dist_wallet_exposure_weighting": 5.5085798123091205,
           "wallet_exposure_limit": 1.0}}