{"config_name": "recursive_grid_MNTUSDT_156days",
 "logging_level": 0,
 "long": {"auto_unstuck_delay_minutes": 1067.5502770371634,
          "auto_unstuck_ema_dist": 0.008376869442290836,
          "auto_unstuck_qty_pct": 0.01,
          "auto_unstuck_wallet_exposure_threshold": 0.09697224253309829,
          "backwards_tp": false,
          "ddown_factor": 0.43734786817794863,
          "ema_span_0": 922.6221377595209,
          "ema_span_1": 1298.4641569913028,
          "enabled": true,
          "initial_eprice_ema_dist": 0.004194464221287017,
          "initial_qty_pct": 0.03639230594765656,
          "markup_range": 0.041617421575547334,
          "min_markup": 0.010424879982392755,
          "n_close_orders": 8,
          "rentry_pprice_dist": 0.009167975197375364,
          "rentry_pprice_dist_wallet_exposure_weighting": 8.599618911655094,
          "wallet_exposure_limit": 1},
 "short": {"auto_unstuck_delay_minutes": 560.6248241967746,
           "auto_unstuck_ema_dist": -0.019203029498146118,
           "auto_unstuck_qty_pct": 0.0887748262863988,
           "auto_unstuck_wallet_exposure_threshold": 0.3473982883503417,
           "backwards_tp": false,
           "ddown_factor": 2.6550529649982835,
           "ema_span_0": 832.0698584798303,
           "ema_span_1": 1309.0254482436987,
           "enabled": false,
           "initial_eprice_ema_dist": -0.07651819700801706,
           "initial_qty_pct": 0.02659978249984111,
           "markup_range": 0.03260565922445907,
           "min_markup": 0.005564274378282768,
           "n_close_orders": 14,
           "rentry_pprice_dist": 0.04107643988852841,
           "rentry_pprice_dist_wallet_exposure_weighting": 18.543526677961772,
           "wallet_exposure_limit": 1.0}}