{"config_name": "recursive_grid_TRXUSDT_1016days",
 "logging_level": 0,
 "long": {"auto_unstuck_delay_minutes": 0.0,
          "auto_unstuck_ema_dist": 0.0,
          "auto_unstuck_qty_pct": 0.0,
          "auto_unstuck_wallet_exposure_threshold": 0.0,
          "backwards_tp": false,
          "ddown_factor": 0.46124796412961616,
          "ema_span_0": 178.72639323402237,
          "ema_span_1": 550.48690178994,
          "enabled": true,
          "initial_eprice_ema_dist": 0.06507166683485363,
          "initial_qty_pct": 0.04,
          "markup_range": 0.037520314189782245,
          "min_markup": 0.008377535539437314,
          "n_close_orders": 4,
          "rentry_pprice_dist": 0.014637532158635662,
          "rentry_pprice_dist_wallet_exposure_weighting": 11.975872113166288,
          "wallet_exposure_limit": 1.0},
 "short": {"auto_unstuck_delay_minutes": 420.095756689648,
           "auto_unstuck_ema_dist": -0.0631454410430736,
           "auto_unstuck_qty_pct": 0.0788112253412006,
           "auto_unstuck_wallet_exposure_threshold": 0.8820473075271201,
           "backwards_tp": false,
           "ddown_factor": 1.2927639371824706,
           "ema_span_0": 1330.9199927853101,
           "ema_span_1": 1205.5624318960397,
           "enabled": false,
           "initial_eprice_ema_dist": -0.031993393581507365,
           "initial_qty_pct": 0.02126457478402474,
           "markup_range": 0.05610942709222311,
           "min_markup": 0.0026584878341277323,
           "n_close_orders": 15,
           "rentry_pprice_dist": 0.0394382998557067,
           "rentry_pprice_dist_wallet_exposure_weighting": 16.511323980034508,
           "wallet_exposure_limit": 1.0}}