{"config_name": "recursive_grid_XMRUSDT_454days",
 "logging_level": 0,
 "long": {"auto_unstuck_delay_minutes": 971.7048433953922,
          "auto_unstuck_ema_dist": 0.0200773713954441,
          "auto_unstuck_qty_pct": 0.01,
          "auto_unstuck_wallet_exposure_threshold": 0.05816363920944057,
          "backwards_tp": false,
          "ddown_factor": 1.463489814171439,
          "ema_span_0": 1251.3407853482447,
          "ema_span_1": 1341.380531727524,
          "enabled": true,
          "initial_eprice_ema_dist": 0.008842202653415869,
          "initial_qty_pct": 0.05,
          "markup_range": 0.04905604216101842,
          "min_markup": 0.0031675055976414534,
          "n_close_orders": 7,
          "rentry_pprice_dist": 0.025891792027703985,
          "rentry_pprice_dist_wallet_exposure_weighting": 4.203373779105007,
          "wallet_exposure_limit": 1},
 "short": {"auto_unstuck_delay_minutes": 1279.8985001525068,
           "auto_unstuck_ema_dist": -0.04568476291352138,
           "auto_unstuck_qty_pct": 0.01595811372502756,
           "auto_unstuck_wallet_exposure_threshold": 0.8501666597827753,
           "backwards_tp": true,
           "ddown_factor": 0.7734720061241236,
           "ema_span_0": 30.547651785156372,
           "ema_span_1": 252.60499675713334,
           "enabled": false,
           "initial_eprice_ema_dist": -0.08292808632046554,
           "initial_qty_pct": 0.03496561942322834,
           "markup_range": 0.038211909477270524,
           "min_markup": 0.006770583858352766,
           "n_close_orders": 15,
           "rentry_pprice_dist": 0.022481605303754554,
           "rentry_pprice_dist_wallet_exposure_weighting": 19.27395095866853,
           "wallet_exposure_limit": 1.0}}