{"config_name": "recursive_grid_1000BONKUSDT_449days",
 "logging_level": 0,
 "long": {"auto_unstuck_delay_minutes": 1253.4694384501283,
          "auto_unstuck_ema_dist": 0.0029410543878950627,
          "auto_unstuck_qty_pct": 0.01,
          "auto_unstuck_wallet_exposure_threshold": 0.03560083560924486,
          "backwards_tp": false,
          "ddown_factor": 1.9963974331583385,
          "ema_span_0": 931.9138640027589,
          "ema_span_1": 1258.108245981761,
          "enabled": true,
          "initial_eprice_ema_dist": 0.01,
          "initial_qty_pct": 0.05,
          "markup_range": 0.055317096143813596,
          "min_markup": 0.006290649503470013,
          "n_close_orders": 5,
          "rentry_pprice_dist": 0.05963520786290877,
          "rentry_pprice_dist_wallet_exposure_weighting": 1.7778951059089079,
          "wallet_exposure_limit": 1},
 "short": {"auto_unstuck_delay_minutes": 256.5328983353189,
           "auto_unstuck_ema_dist": -0.07597253822196745,
           "auto_unstuck_qty_pct": 0.05028224199762394,
           "auto_unstuck_wallet_exposure_threshold": 0.35984746002840984,
           "backwards_tp": true,
           "ddown_factor": 0.5747029874314759,
           "ema_span_0": 1185.1903570279785,
           "ema_span_1": 131.69585441882163,
           "enabled": false,
           "initial_eprice_ema_dist": -0.03148118375095049,
           "initial_qty_pct": 0.015746927016124995,
           "markup_range": 0.046462281944595105,
           "min_markup": 0.0014057886459663315,
           "n_close_orders": 6,
           "rentry_pprice_dist": 0.025695774112176144,
           "rentry_pprice_dist_wallet_exposure_weighting": 17.668449892783457,
           "wallet_exposure_limit": 1.0}}