{"config_name": "recursive_grid_UNIUSDT_454days",
 "logging_level": 0,
 "long": {"auto_unstuck_delay_minutes": 1289.7425430122887,
          "auto_unstuck_ema_dist": 0.004754826155901823,
          "auto_unstuck_qty_pct": 0.01,
          "auto_unstuck_wallet_exposure_threshold": 0.09200820585437584,
          "backwards_tp": false,
          "ddown_factor": 0.5774690243398723,
          "ema_span_0": 1311.6835896356934,
          "ema_span_1": 759.5712870347262,
          "enabled": true,
          "initial_eprice_ema_dist": 0.007056198223964212,
          "initial_qty_pct": 0.05,
          "markup_range": 0.05555491537847487,
          "min_markup": 0.009423352529280744,
          "n_close_orders": 6,
          "rentry_pprice_dist": 0.03321596114451858,
          "rentry_pprice_dist_wallet_exposure_weighting": 4.284192640093653,
          "wallet_exposure_limit": 1.0},
 "short": {"auto_unstuck_delay_minutes": 992.6092540458022,
           "auto_unstuck_ema_dist": -0.05413775402749273,
           "auto_unstuck_qty_pct": 0.022000847580086854,
           "auto_unstuck_wallet_exposure_threshold": 0.6825012046984695,
           "backwards_tp": true,
           "ddown_factor": 1.208236382592421,
           "ema_span_0": 184.80803111704435,
           "ema_span_1": 457.24314574448636,
           "enabled": false,
           "initial_eprice_ema_dist": -0.0038144449774196454,
           "initial_qty_pct": 0.021918400364919953,
           "markup_range": 0.0418829162188768,
           "min_markup": 0.004750611687482018,
           "n_close_orders": 14,
           "rentry_pprice_dist": 0.0478059952704503,
           "rentry_pprice_dist_wallet_exposure_weighting": 13.996434738204634,
           "wallet_exposure_limit": 1.0}}