{"config_name": "recursive_grid_TONUSDT_203days",
 "logging_level": 0,
 "long": {"auto_unstuck_delay_minutes": 666.9092338028439,
          "auto_unstuck_ema_dist": -0.01564328365091068,
          "auto_unstuck_qty_pct": 0.09543889817383383,
          "auto_unstuck_wallet_exposure_threshold": 0.1041941509999263,
          "backwards_tp": true,
          "ddown_factor": 0.1,
          "ema_span_0": 10,
          "ema_span_1": 320.37129999059243,
          "enabled": true,
          "initial_eprice_ema_dist": -0.007024022106478451,
          "initial_qty_pct": 0.08146560503589663,
          "markup_range": 0.03424769838874358,
          "min_markup": 0.008399107981787711,
          "n_close_orders": 2,
          "rentry_pprice_dist": 0.009225859766006969,
          "rentry_pprice_dist_wallet_exposure_weighting": 6.926380463286317,
          "wallet_exposure_limit": 1},
 "short": {"auto_unstuck_delay_minutes": 0.0,
           "auto_unstuck_ema_dist": 0.0,
           "auto_unstuck_qty_pct": 0.0,
           "auto_unstuck_wallet_exposure_threshold": 0.0,
           "backwards_tp": true,
           "ddown_factor": 2.280005013282752,
           "ema_span_0": 855.4630551263438,
           "ema_span_1": 1236.198408188647,
           "enabled": false,
           "initial_eprice_ema_dist": -0.0021994018388514242,
           "initial_qty_pct": 0.015238514671961197,
           "markup_range": 0.0012128388028223047,
           "min_markup": 0.005820188625959416,
           "n_close_orders": 14,
           "rentry_pprice_dist": 0.015539496252752739,
           "rentry_pprice_dist_wallet_exposure_weighting": 3.278012354935793,
           "wallet_exposure_limit": 1.0}}