{"config_name": "recursive_grid_ARUSDT_156days",
 "logging_level": 0,
 "long": {"auto_unstuck_delay_minutes": 616.400083144023,
          "auto_unstuck_ema_dist": -0.03993195209808392,
          "auto_unstuck_qty_pct": 0.01,
          "auto_unstuck_wallet_exposure_threshold": 0.03711941701201717,
          "backwards_tp": false,
          "ddown_factor": 0.412661209258605,
          "ema_span_0": 364.15253566399815,
          "ema_span_1": 837.6410668859512,
          "enabled": true,
          "initial_eprice_ema_dist": 0.011160057561112588,
          "initial_qty_pct": 0.042365022128958194,
          "markup_range": 0.025551405208353167,
          "min_markup": 0.009773198781016158,
          "n_close_orders": 5,
          "rentry_pprice_dist": 0.02325626179636494,
          "rentry_pprice_dist_wallet_exposure_weighting": 9.158082330286742,
          "wallet_exposure_limit": 1},
 "short": {"auto_unstuck_delay_minutes": 1168.5221306048822,
           "auto_unstuck_ema_dist": -0.031463396559063536,
           "auto_unstuck_qty_pct": 0.04143752863851151,
           "auto_unstuck_wallet_exposure_threshold": 0.6919950656342688,
           "backwards_tp": false,
           "ddown_factor": 2.9073699918887073,
           "ema_span_0": 997.3220414908434,
           "ema_span_1": 472.7339910044502,
           "enabled": false,
           "initial_eprice_ema_dist": -0.04108442343842189,
           "initial_qty_pct": 0.014135693256639952,
           "markup_range": 0.04459032102817571,
           "min_markup": 0.006181697923168437,
           "n_close_orders": 14,
           "rentry_pprice_dist": 0.019363833262638706,
           "rentry_pprice_dist_wallet_exposure_weighting": 18.8531595871136,
           "wallet_exposure_limit": 1.0}}