{"config_name": "recursive_grid_AUDIOUSDT_365days",
 "logging_level": 0,
 "long": {"auto_unstuck_delay_minutes": 1024.9190820266876,
          "auto_unstuck_ema_dist": -0.09835430271882711,
          "auto_unstuck_qty_pct": 0.06335728300390299,
          "auto_unstuck_wallet_exposure_threshold": 0.21362500077544233,
          "backwards_tp": false,
          "ddown_factor": 0.6029166724366815,
          "ema_span_0": 837.6544873398552,
          "ema_span_1": 1400.438803487798,
          "enabled": true,
          "initial_eprice_ema_dist": 0.025146416816598405,
          "initial_qty_pct": 0.03463058094757556,
          "markup_range": 0.02065757982223778,
          "min_markup": 0.007850464185475914,
          "n_close_orders": 4,
          "rentry_pprice_dist": 0.04783188701817866,
          "rentry_pprice_dist_wallet_exposure_weighting": 1.7218450817065603,
          "wallet_exposure_limit": 1},
 "short": {"auto_unstuck_delay_minutes": 599.0129621731093,
           "auto_unstuck_ema_dist": -0.04026712751731502,
           "auto_unstuck_qty_pct": 0.022788574146444134,
           "auto_unstuck_wallet_exposure_threshold": 0.013874416610462514,
           "backwards_tp": false,
           "ddown_factor": 1.7613558954169466,
           "ema_span_0": 1247.7458106163424,
           "ema_span_1": 1159.9334172653967,
           "enabled": false,
           "initial_eprice_ema_dist": -0.0043762107820624835,
           "initial_qty_pct": 0.01694277841107348,
           "markup_range": 0.00025397986757424664,
           "min_markup": 0.041393806124041685,
           "n_close_orders": 12,
           "rentry_pprice_dist": 0.051765702157248766,
           "rentry_pprice_dist_wallet_exposure_weighting": 2.62178978461672,
           "wallet_exposure_limit": 1.0}}