{"config_name": "recursive_grid_BNBUSDT_156days",
 "logging_level": 0,
 "long": {"auto_unstuck_delay_minutes": 1298.2515027825825,
          "auto_unstuck_ema_dist": 0.008101897672697124,
          "auto_unstuck_qty_pct": 0.01,
          "auto_unstuck_wallet_exposure_threshold": 0.07666604772854146,
          "backwards_tp": false,
          "ddown_factor": 0.5496945542560931,
          "ema_span_0": 1176.2798810201207,
          "ema_span_1": 358.8412041719458,
          "enabled": true,
          "initial_eprice_ema_dist": -0.042461333011422166,
          "initial_qty_pct": 0.047183420563056314,
          "markup_range": 0.011298444015426881,
          "min_markup": 0.01528648291484607,
          "n_close_orders": 5,
          "rentry_pprice_dist": 0.005048877024425528,
          "rentry_pprice_dist_wallet_exposure_weighting": 7.585003909255292,
          "wallet_exposure_limit": 1},
 "short": {"auto_unstuck_delay_minutes": 1019.704661001866,
           "auto_unstuck_ema_dist": -0.008424895656138673,
           "auto_unstuck_qty_pct": 0.03768968960171146,
           "auto_unstuck_wallet_exposure_threshold": 0.20248210458592253,
           "backwards_tp": false,
           "ddown_factor": 0.7332405737795619,
           "ema_span_0": 1217.7023362376815,
           "ema_span_1": 188.39960379700221,
           "enabled": false,
           "initial_eprice_ema_dist": 0.0017829859482660776,
           "initial_qty_pct": 0.020565859666241054,
           "markup_range": 0.03367632270166065,
           "min_markup": 0.003016997660015841,
           "n_close_orders": 3,
           "rentry_pprice_dist": 0.0358995596704068,
           "rentry_pprice_dist_wallet_exposure_weighting": 1.454307312395422,
           "wallet_exposure_limit": 1.0}}