{"config_name": "recursive_grid_XLMUSDT_156days",
 "logging_level": 0,
 "long": {"auto_unstuck_delay_minutes": 509.94792508502155,
          "auto_unstuck_ema_dist": -0.05,
          "auto_unstuck_qty_pct": 0.01,
          "auto_unstuck_wallet_exposure_threshold": 0.08747593001721597,
          "backwards_tp": false,
          "ddown_factor": 0.44513398522634207,
          "ema_span_0": 979.758154839431,
          "ema_span_1": 518.0974772418342,
          "enabled": true,
          "initial_eprice_ema_dist": 0.007735163811358893,
          "initial_qty_pct": 0.03737449485460879,
          "markup_range": 0.03393452552703679,
          "min_markup": 0.008791976380548669,
          "n_close_orders": 6,
          "rentry_pprice_dist": 0.013982514888576037,
          "rentry_pprice_dist_wallet_exposure_weighting": 9.11399631043801,
          "wallet_exposure_limit": 1},
 "short": {"auto_unstuck_delay_minutes": 1125.8970733767057,
           "auto_unstuck_ema_dist": -0.04474824679382534,
           "auto_unstuck_qty_pct": 0.08706199013110494,
           "auto_unstuck_wallet_exposure_threshold": 0.4132290239427133,
           "backwards_tp": false,
           "ddown_factor": 2.3162638871273713,
           "ema_span_0": 927.202829247002,
           "ema_span_1": 440.3671342119556,
           "enabled": false,
           "initial_eprice_ema_dist": 0.002060374174776003,
           "initial_qty_pct": 0.04561106834951519,
           "markup_range": 0.0172764218290415,
           "min_markup": 0.003069546903716104,
           "n_close_orders": 10,
           "rentry_pprice_dist": 0.010878751606583316,
           "rentry_pprice_dist_wallet_exposure_weighting": 19.43499708639245,
           "wallet_exposure_limit": 1.0}}