{"config_name": "recursive_grid_BTCUSDT_142days",
 "logging_level": 0,
 "long": {"auto_unstuck_delay_minutes": 993.0275169998348,
          "auto_unstuck_ema_dist": -0.018194883699948983,
          "auto_unstuck_qty_pct": 0.01,
          "auto_unstuck_wallet_exposure_threshold": 0.05708725362452471,
          "backwards_tp": false,
          "ddown_factor": 1.1899162748143044,
          "ema_span_0": 961.2201520994622,
          "ema_span_1": 652.2595774173428,
          "enabled": true,
          "initial_eprice_ema_dist": 0.0037296424505447023,
          "initial_qty_pct": 0.04918173727936641,
          "markup_range": 0.019210341641693794,
          "min_markup": 0.01735094413118044,
          "n_close_orders": 4,
          "rentry_pprice_dist": 0.020871844313061213,
          "rentry_pprice_dist_wallet_exposure_weighting": 4.711923436861248,
          "wallet_exposure_limit": 1},
 "short": {"auto_unstuck_delay_minutes": 260.4412639319795,
           "auto_unstuck_ema_dist": -0.06446881573596291,
           "auto_unstuck_qty_pct": 0.09029395828149683,
           "auto_unstuck_wallet_exposure_threshold": 0.8936923605892624,
           "backwards_tp": false,
           "ddown_factor": 1.8648780980749289,
           "ema_span_0": 582.5210862227527,
           "ema_span_1": 758.079925336902,
           "enabled": false,
           "initial_eprice_ema_dist": -0.048923011856119226,
           "initial_qty_pct": 0.01695858910012129,
           "markup_range": 0.014516095169709765,
           "min_markup": 0.008964227076577156,
           "n_close_orders": 3,
           "rentry_pprice_dist": 0.04106772979817175,
           "rentry_pprice_dist_wallet_exposure_weighting": 17.93335125731294,
           "wallet_exposure_limit": 1.0}}