{"config_name": "recursive_grid_ORDIUSDT_224days",
 "logging_level": 0,
 "long": {"auto_unstuck_delay_minutes": 202.1334791032305,
          "auto_unstuck_ema_dist": -0.03500309629542751,
          "auto_unstuck_qty_pct": 0.09497048616061292,
          "auto_unstuck_wallet_exposure_threshold": 0.24830717046899578,
          "backwards_tp": false,
          "ddown_factor": 0.9797424660210251,
          "ema_span_0": 859.7086577682205,
          "ema_span_1": 775.6453550474615,
          "enabled": true,
          "initial_eprice_ema_dist": 0.0133085711139368,
          "initial_qty_pct": 0.04794361601297236,
          "markup_range": 0.006099771260811677,
          "min_markup": 0.018430347287772063,
          "n_close_orders": 8,
          "rentry_pprice_dist": 0.03466688427277503,
          "rentry_pprice_dist_wallet_exposure_weighting": 6.024767943099707,
          "wallet_exposure_limit": 1.0},
 "short": {"auto_unstuck_delay_minutes": 290.43719619793245,
           "auto_unstuck_ema_dist": -0.010381341261776478,
           "auto_unstuck_qty_pct": 0.027987712358116132,
           "auto_unstuck_wallet_exposure_threshold": 0.03932222909006507,
           "backwards_tp": false,
           "ddown_factor": 1.0148759143909079,
           "ema_span_0": 1341.1960405053653,
           "ema_span_1": 844.4945330427928,
           "enabled": false,
           "initial_eprice_ema_dist": -0.004822248503563919,
           "initial_qty_pct": 0.019715807550512377,
           "markup_range": 0.008525959498168523,
           "min_markup": 0.04676092714401795,
           "n_close_orders": 10,
           "rentry_pprice_dist": 0.01119896837460279,
           "rentry_pprice_dist_wallet_exposure_weighting": 5.5490332248016,
           "wallet_exposure_limit": 1.0}}