{"config_name": "recursive_grid_ARBUSDT_156days",
 "logging_level": 0,
 "long": {"auto_unstuck_delay_minutes": 1322.5313165191533,
          "auto_unstuck_ema_dist": 0.024135072034764032,
          "auto_unstuck_qty_pct": 0.01,
          "auto_unstuck_wallet_exposure_threshold": 0.04318373477137342,
          "backwards_tp": false,
          "ddown_factor": 0.4037546177187073,
          "ema_span_0": 320.15692767467885,
          "ema_span_1": 319.5910616570421,
          "enabled": true,
          "initial_eprice_ema_dist": 0.013110793847317663,
          "initial_qty_pct": 0.049788659785209105,
          "markup_range": 0.022155985205569325,
          "min_markup": 0.012817876021580904,
          "n_close_orders": 5,
          "rentry_pprice_dist": 0.013510386381922998,
          "rentry_pprice_dist_wallet_exposure_weighting": 10.253959595611224,
          "wallet_exposure_limit": 1},
 "short": {"auto_unstuck_delay_minutes": 26.02091081798773,
           "auto_unstuck_ema_dist": -0.03075922417833947,
           "auto_unstuck_qty_pct": 0.07096817004795129,
           "auto_unstuck_wallet_exposure_threshold": 0.38792928909348157,
           "backwards_tp": false,
           "ddown_factor": 2.4998104785848105,
           "ema_span_0": 1184.9253317097628,
           "ema_span_1": 788.6164168990657,
           "enabled": false,
           "initial_eprice_ema_dist": -0.03916613357402431,
           "initial_qty_pct": 0.04863382026858121,
           "markup_range": 0.03336593803153794,
           "min_markup": 0.001816244652241357,
           "n_close_orders": 3,
           "rentry_pprice_dist": 0.03750858840380881,
           "rentry_pprice_dist_wallet_exposure_weighting": 17.124263819272436,
           "wallet_exposure_limit": 1.0}}