{"config_name": "recursive_grid_HBARUSDT_365days",
 "logging_level": 0,
 "long": {"auto_unstuck_delay_minutes": 30,
          "auto_unstuck_ema_dist": 0.00037628939298069933,
          "auto_unstuck_qty_pct": 0.0963542309340304,
          "auto_unstuck_wallet_exposure_threshold": 0.6952212358657192,
          "backwards_tp": false,
          "ddown_factor": 0.21173747821307787,
          "ema_span_0": 1346.7420780612572,
          "ema_span_1": 302.92441112757297,
          "enabled": true,
          "initial_eprice_ema_dist": -0.06059424663969409,
          "initial_qty_pct": 0.04266386853424006,
          "markup_range": 0.01996055528598682,
          "min_markup": 0.012127752059935468,
          "n_close_orders": 7,
          "rentry_pprice_dist": 0.02381391552468616,
          "rentry_pprice_dist_wallet_exposure_weighting": 0.2607815808856939,
          "wallet_exposure_limit": 1},
 "short": {"auto_unstuck_delay_minutes": 848.1367075795511,
           "auto_unstuck_ema_dist": -0.047785149668329314,
           "auto_unstuck_qty_pct": 0.04353656547107728,
           "auto_unstuck_wallet_exposure_threshold": 0.1006741695351811,
           "backwards_tp": false,
           "ddown_factor": 2.3038606016471257,
           "ema_span_0": 1038.5299751605012,
           "ema_span_1": 600.7125953748473,
           "enabled": false,
           "initial_eprice_ema_dist": 0.00017130052914562932,
           "initial_qty_pct": 0.015085684185320136,
           "markup_range": 0.006156603727911697,
           "min_markup": 0.02680969710969026,
           "n_close_orders": 15,
           "rentry_pprice_dist": 0.005490249638445554,
           "rentry_pprice_dist_wallet_exposure_weighting": 1.4270086684848389,
           "wallet_exposure_limit": 1.0}}