{"config_name": "recursive_grid_SHIB1000USDT_454days",
 "logging_level": 0,
 "long": {"auto_unstuck_delay_minutes": 691.7540771555821,
          "auto_unstuck_ema_dist": -0.010410302732368093,
          "auto_unstuck_qty_pct": 0.01,
          "auto_unstuck_wallet_exposure_threshold": 0.03935174974348716,
          "backwards_tp": false,
          "ddown_factor": 1.9072616316756426,
          "ema_span_0": 605.8019542688578,
          "ema_span_1": 820.5703813278615,
          "enabled": true,
          "initial_eprice_ema_dist": 0.00424028317960313,
          "initial_qty_pct": 0.05,
          "markup_range": 0.049636138522437714,
          "min_markup": 0.0029933770255337697,
          "n_close_orders": 6,
          "rentry_pprice_dist": 0.02676362439491839,
          "rentry_pprice_dist_wallet_exposure_weighting": 0.9818146778777521,
          "wallet_exposure_limit": 1},
 "short": {"auto_unstuck_delay_minutes": 608.6844529475026,
           "auto_unstuck_ema_dist": -0.07836413885988858,
           "auto_unstuck_qty_pct": 0.013953115145229759,
           "auto_unstuck_wallet_exposure_threshold": 0.47842967570940986,
           "backwards_tp": true,
           "ddown_factor": 0.44737537125709814,
           "ema_span_0": 337.87701387938796,
           "ema_span_1": 227.29478050706143,
           "enabled": false,
           "initial_eprice_ema_dist": -0.027834453022634806,
           "initial_qty_pct": 0.03248309687382572,
           "markup_range": 0.045575352859780524,
           "min_markup": 0.0025023339502522647,
           "n_close_orders": 4,
           "rentry_pprice_dist": 0.04726356855985668,
           "rentry_pprice_dist_wallet_exposure_weighting": 8.407961328945035,
           "wallet_exposure_limit": 1.0}}