{"config_name": "recursive_grid_ONDOUSDT_120days",
 "logging_level": 0,
 "long": {"auto_unstuck_delay_minutes": 1330.4310690738714,
          "auto_unstuck_ema_dist": 0.02692080405482296,
          "auto_unstuck_qty_pct": 0.01,
          "auto_unstuck_wallet_exposure_threshold": 0.06218503174826215,
          "backwards_tp": false,
          "ddown_factor": 1.3812474445889016,
          "ema_span_0": 432.790589869286,
          "ema_span_1": 1224.5381815550904,
          "enabled": true,
          "initial_eprice_ema_dist": 0.016549622457435364,
          "initial_qty_pct": 0.034106847398950244,
          "markup_range": 0.0399201702656007,
          "min_markup": 0.03832226544787829,
          "n_close_orders": 6,
          "rentry_pprice_dist": 0.012420410659601437,
          "rentry_pprice_dist_wallet_exposure_weighting": 5.7047835760945,
          "wallet_exposure_limit": 1},
 "short": {"auto_unstuck_delay_minutes": 1178.433173274699,
           "auto_unstuck_ema_dist": -0.011116043749170856,
           "auto_unstuck_qty_pct": 0.05687690540581981,
           "auto_unstuck_wallet_exposure_threshold": 0.49564061174558594,
           "backwards_tp": false,
           "ddown_factor": 2.2651484331407534,
           "ema_span_0": 939.8081214030552,
           "ema_span_1": 69.26764769747473,
           "enabled": false,
           "initial_eprice_ema_dist": -0.052354540425183484,
           "initial_qty_pct": 0.036717723605509886,
           "markup_range": 0.025919694675510172,
           "min_markup": 0.003373012950907538,
           "n_close_orders": 10,
           "rentry_pprice_dist": 0.025762706793842433,
           "rentry_pprice_dist_wallet_exposure_weighting": 12.79259172375927,
           "wallet_exposure_limit": 1.0}}