{"config_name": "recursive_grid_FILUSDT_454days",
 "logging_level": 0,
 "long": {"auto_unstuck_delay_minutes": 745.7961785724583,
          "auto_unstuck_ema_dist": 0.007542534890233245,
          "auto_unstuck_qty_pct": 0.01,
          "auto_unstuck_wallet_exposure_threshold": 0.07248939395478615,
          "backwards_tp": false,
          "ddown_factor": 1.053280372152055,
          "ema_span_0": 682.6559962621365,
          "ema_span_1": 603.194474031955,
          "enabled": true,
          "initial_eprice_ema_dist": 0.0007301764727594207,
          "initial_qty_pct": 0.05,
          "markup_range": 0.04784766512721068,
          "min_markup": 0.007233572495111077,
          "n_close_orders": 6,
          "rentry_pprice_dist": 0.05425431878832121,
          "rentry_pprice_dist_wallet_exposure_weighting": 0.7822437850351622,
          "wallet_exposure_limit": 1.0},
 "short": {"auto_unstuck_delay_minutes": 752.8455912473855,
           "auto_unstuck_ema_dist": -0.017604480520058932,
           "auto_unstuck_qty_pct": 0.09859545125521949,
           "auto_unstuck_wallet_exposure_threshold": 0.2669577473439819,
           "backwards_tp": true,
           "ddown_factor": 0.46418268147654407,
           "ema_span_0": 398.598220092888,
           "ema_span_1": 899.1105717738659,
           "enabled": false,
           "initial_eprice_ema_dist": -0.0038252985861052385,
           "initial_qty_pct": 0.01890500594571405,
           "markup_range": 0.01833661739845935,
           "min_markup": 0.002612391847066329,
           "n_close_orders": 4,
           "rentry_pprice_dist": 0.048055540269391336,
           "rentry_pprice_dist_wallet_exposure_weighting": 10.323236044743274,
           "wallet_exposure_limit": 1.0}}