{"config_name": "recursive_grid_STXUSDT_365days",
 "logging_level": 0,
 "long": {"auto_unstuck_delay_minutes": 1422.6590666064378,
          "auto_unstuck_ema_dist": -0.05192439070603172,
          "auto_unstuck_qty_pct": 0.09541011199834311,
          "auto_unstuck_wallet_exposure_threshold": 0.13646188016078803,
          "backwards_tp": true,
          "ddown_factor": 0.1540382558599062,
          "ema_span_0": 1133.543209761185,
          "ema_span_1": 816.2297741841661,
          "enabled": true,
          "initial_eprice_ema_dist": -0.009165025841609654,
          "initial_qty_pct": 0.044332032933164595,
          "markup_range": 0.011449321611357668,
          "min_markup": 0.009870587996409236,
          "n_close_orders": 2,
          "rentry_pprice_dist": 0.028535600407096167,
          "rentry_pprice_dist_wallet_exposure_weighting": 2.106260527292904,
          "wallet_exposure_limit": 1},
 "short": {"auto_unstuck_delay_minutes": 0.0,
           "auto_unstuck_ema_dist": 0.0,
           "auto_unstuck_qty_pct": 0.0,
           "auto_unstuck_wallet_exposure_threshold": 0.0,
           "backwards_tp": true,
           "ddown_factor": 2.4032230620013384,
           "ema_span_0": 973.256510285513,
           "ema_span_1": 1280.8660458412724,
           "enabled": false,
           "initial_eprice_ema_dist": -0.00023484711833117976,
           "initial_qty_pct": 0.009289527438232779,
           "markup_range": 0.00015746861856138494,
           "min_markup": 0.007440128664534605,
           "n_close_orders": 6,
           "rentry_pprice_dist": 0.04026327319132493,
           "rentry_pprice_dist_wallet_exposure_weighting": 3.0546524148840652,
           "wallet_exposure_limit": 1.0}}