{"config_name": "recursive_grid_HBARUSDT_962days",
 "logging_level": 0,
 "long": {"auto_unstuck_delay_minutes": 0,
          "auto_unstuck_ema_dist": 0,
          "auto_unstuck_qty_pct": 0,
          "auto_unstuck_wallet_exposure_threshold": 0.0,
          "backwards_tp": false,
          "ddown_factor": 0.5531173019413814,
          "ema_span_0": 1395.33952787177,
          "ema_span_1": 1440,
          "enabled": true,
          "initial_eprice_ema_dist": 0.023058382066016736,
          "initial_qty_pct": 0.04,
          "markup_range": 0.04,
          "min_markup": 0.009091977098900519,
          "n_close_orders": 2,
          "rentry_pprice_dist": 0.01770637930917385,
          "rentry_pprice_dist_wallet_exposure_weighting": 9.122327332491944,
          "wallet_exposure_limit": 1},
 "short": {"auto_unstuck_delay_minutes": 974.1963501440003,
           "auto_unstuck_ema_dist": -0.001000311892884423,
           "auto_unstuck_qty_pct": 0.0903829086539158,
           "auto_unstuck_wallet_exposure_threshold": 0.47131650021375304,
           "backwards_tp": false,
           "ddown_factor": 1.9123426317701353,
           "ema_span_0": 504.99527842335914,
           "ema_span_1": 1277.9462387726633,
           "enabled": false,
           "initial_eprice_ema_dist": -0.07970079289980875,
           "initial_qty_pct": 0.01803008147925849,
           "markup_range": 0.029294225064879078,
           "min_markup": 0.0010672819585939113,
           "n_close_orders": 13,
           "rentry_pprice_dist": 0.028958613845429436,
           "rentry_pprice_dist_wallet_exposure_weighting": 11.706225852346053,
           "wallet_exposure_limit": 1.0}}