{"config_name": "recursive_grid_ONDOUSDT_120days",
 "logging_level": 0,
 "long": {"auto_unstuck_delay_minutes": 1084.786178456051,
          "auto_unstuck_ema_dist": 0.03041245807036404,
          "auto_unstuck_qty_pct": 0.01,
          "auto_unstuck_wallet_exposure_threshold": 0.08294124834947877,
          "backwards_tp": false,
          "ddown_factor": 1.2248203392305654,
          "ema_span_0": 400,
          "ema_span_1": 926.6999136895226,
          "enabled": true,
          "initial_eprice_ema_dist": 0.017580707391238123,
          "initial_qty_pct": 0.03899951709963232,
          "markup_range": 0.027847909597238332,
          "min_markup": 0.03986892130225835,
          "n_close_orders": 4,
          "rentry_pprice_dist": 0.022837621210172545,
          "rentry_pprice_dist_wallet_exposure_weighting": 0.784746170781802,
          "wallet_exposure_limit": 1},
 "short": {"auto_unstuck_delay_minutes": 793.4118889060419,
           "auto_unstuck_ema_dist": -0.0728718233349445,
           "auto_unstuck_qty_pct": 0.04712758322962561,
           "auto_unstuck_wallet_exposure_threshold": 0.8910141594236505,
           "backwards_tp": false,
           "ddown_factor": 0.884532620370823,
           "ema_span_0": 1034.8510645263648,
           "ema_span_1": 714.7990097555801,
           "enabled": false,
           "initial_eprice_ema_dist": -0.09163170160489585,
           "initial_qty_pct": 0.03628006959161364,
           "markup_range": 0.05356339963952065,
           "min_markup": 0.008044841246925326,
           "n_close_orders": 10,
           "rentry_pprice_dist": 0.028036410265655846,
           "rentry_pprice_dist_wallet_exposure_weighting": 8.450742926851284,
           "wallet_exposure_limit": 1.0}}