{"config_name": "recursive_grid_MATICUSDT_1126days",
 "logging_level": 0,
 "long": {"auto_unstuck_delay_minutes": 0.0,
          "auto_unstuck_ema_dist": 0.0,
          "auto_unstuck_qty_pct": 0.0,
          "auto_unstuck_wallet_exposure_threshold": 0.0,
          "backwards_tp": false,
          "ddown_factor": 0.5729340773234477,
          "ema_span_0": 691.9014199502169,
          "ema_span_1": 1245.7226194558434,
          "enabled": true,
          "initial_eprice_ema_dist": 0.04453342823756751,
          "initial_qty_pct": 0.04,
          "markup_range": 0.03196177458154417,
          "min_markup": 0.03,
          "n_close_orders": 4,
          "rentry_pprice_dist": 0.02265512687633861,
          "rentry_pprice_dist_wallet_exposure_weighting": 9.490913992287078,
          "wallet_exposure_limit": 1.0},
 "short": {"auto_unstuck_delay_minutes": 1225.9593536254517,
           "auto_unstuck_ema_dist": -0.07654227093532077,
           "auto_unstuck_qty_pct": 0.013901744924195705,
           "auto_unstuck_wallet_exposure_threshold": 0.43928132120598595,
           "backwards_tp": false,
           "ddown_factor": 2.536584965505036,
           "ema_span_0": 926.7867122344095,
           "ema_span_1": 272.81618219968357,
           "enabled": false,
           "initial_eprice_ema_dist": -0.02980573820528415,
           "initial_qty_pct": 0.04734356615162176,
           "markup_range": 0.04255457699959172,
           "min_markup": 0.009823428726911533,
           "n_close_orders": 7,
           "rentry_pprice_dist": 0.02031101828445744,
           "rentry_pprice_dist_wallet_exposure_weighting": 14.394863812819231,
           "wallet_exposure_limit": 1.0}}