{"config_name": "recursive_grid_1000PEPEUSDT_143days",
 "logging_level": 0,
 "long": {"auto_unstuck_delay_minutes": 1070.2821361674794,
          "auto_unstuck_ema_dist": -0.03500302167635758,
          "auto_unstuck_qty_pct": 0.01,
          "auto_unstuck_wallet_exposure_threshold": 0.08097106568894077,
          "backwards_tp": false,
          "ddown_factor": 0.3499729321899166,
          "ema_span_0": 430.3620613298105,
          "ema_span_1": 400.28220815199063,
          "enabled": true,
          "initial_eprice_ema_dist": 0.016616251180385223,
          "initial_qty_pct": 0.04402547875757727,
          "markup_range": 0.03298085404568195,
          "min_markup": 0.018974488019544638,
          "n_close_orders": 8,
          "rentry_pprice_dist": 0.01920271829389875,
          "rentry_pprice_dist_wallet_exposure_weighting": 8.262402660827616,
          "wallet_exposure_limit": 1},
 "short": {"auto_unstuck_delay_minutes": 285.9508379714434,
           "auto_unstuck_ema_dist": -0.07098418282323794,
           "auto_unstuck_qty_pct": 0.040354905959708934,
           "auto_unstuck_wallet_exposure_threshold": 0.5394294177236442,
           "backwards_tp": false,
           "ddown_factor": 2.3752691293766803,
           "ema_span_0": 824.9559463910224,
           "ema_span_1": 101.57340633705661,
           "enabled": false,
           "initial_eprice_ema_dist": -0.0014553001732698495,
           "initial_qty_pct": 0.022520895597010558,
           "markup_range": 0.020278412063306453,
           "min_markup": 0.00344800355992629,
           "n_close_orders": 3,
           "rentry_pprice_dist": 0.04129969994548582,
           "rentry_pprice_dist_wallet_exposure_weighting": 2.931725415101376,
           "wallet_exposure_limit": 1.0}}