{"config_name": "recursive_grid_XLMUSDT_156days",
 "logging_level": 0,
 "long": {"auto_unstuck_delay_minutes": 1128.7329924083056,
          "auto_unstuck_ema_dist": 0.039201743860597354,
          "auto_unstuck_qty_pct": 0.01,
          "auto_unstuck_wallet_exposure_threshold": 0.06387216659565989,
          "backwards_tp": false,
          "ddown_factor": 0.483723427027577,
          "ema_span_0": 992.532808965445,
          "ema_span_1": 1231.0237084420705,
          "enabled": true,
          "initial_eprice_ema_dist": -0.04203324325762824,
          "initial_qty_pct": 0.03700253511705117,
          "markup_range": 0.037394311998116526,
          "min_markup": 0.02502754042793449,
          "n_close_orders": 5,
          "rentry_pprice_dist": 0.024033230400872265,
          "rentry_pprice_dist_wallet_exposure_weighting": 14.819839966141515,
          "wallet_exposure_limit": 1.0},
 "short": {"auto_unstuck_delay_minutes": 634.7104730710445,
           "auto_unstuck_ema_dist": -0.08149058203002739,
           "auto_unstuck_qty_pct": 0.094353765673149,
           "auto_unstuck_wallet_exposure_threshold": 0.7254876178378776,
           "backwards_tp": false,
           "ddown_factor": 1.4626975202837338,
           "ema_span_0": 798.6258894783978,
           "ema_span_1": 185.0622152720935,
           "enabled": false,
           "initial_eprice_ema_dist": -0.0755330568757355,
           "initial_qty_pct": 0.04596911625839071,
           "markup_range": 0.0536019541901375,
           "min_markup": 0.0038872839080970516,
           "n_close_orders": 6,
           "rentry_pprice_dist": 0.04465931585926396,
           "rentry_pprice_dist_wallet_exposure_weighting": 7.315605461456569,
           "wallet_exposure_limit": 1.0}}