{"config_name": "recursive_grid_FILUSDT_454days",
 "logging_level": 0,
 "long": {"auto_unstuck_delay_minutes": 1021.6586932460875,
          "auto_unstuck_ema_dist": -0.006627475149301121,
          "auto_unstuck_qty_pct": 0.01,
          "auto_unstuck_wallet_exposure_threshold": 0.0677773760826207,
          "backwards_tp": false,
          "ddown_factor": 1.318476579818637,
          "ema_span_0": 687.9592108516215,
          "ema_span_1": 431.1057178452277,
          "enabled": true,
          "initial_eprice_ema_dist": 0.0028099040133133936,
          "initial_qty_pct": 0.05,
          "markup_range": 0.026750038999240805,
          "min_markup": 0.006345338133162698,
          "n_close_orders": 6,
          "rentry_pprice_dist": 0.05879758758205146,
          "rentry_pprice_dist_wallet_exposure_weighting": 3.3892214236462794,
          "wallet_exposure_limit": 1.0},
 "short": {"auto_unstuck_delay_minutes": 783.2048221242972,
           "auto_unstuck_ema_dist": -0.0013247513009105455,
           "auto_unstuck_qty_pct": 0.08467302449784253,
           "auto_unstuck_wallet_exposure_threshold": 0.24987825750612933,
           "backwards_tp": true,
           "ddown_factor": 2.344584729466087,
           "ema_span_0": 332.78984061266704,
           "ema_span_1": 1184.8254024624366,
           "enabled": false,
           "initial_eprice_ema_dist": 0.0003083988670704585,
           "initial_qty_pct": 0.03068039988787756,
           "markup_range": 0.04462902264142522,
           "min_markup": 0.007492786098686247,
           "n_close_orders": 11,
           "rentry_pprice_dist": 0.01608952763445545,
           "rentry_pprice_dist_wallet_exposure_weighting": 10.876282763781294,
           "wallet_exposure_limit": 1.0}}