{"config_name": "recursive_grid_ZRXUSDT_454days",
 "logging_level": 0,
 "long": {"auto_unstuck_delay_minutes": 530.6999933286052,
          "auto_unstuck_ema_dist": -0.035260407003108535,
          "auto_unstuck_qty_pct": 0.01,
          "auto_unstuck_wallet_exposure_threshold": 0.040689394112209155,
          "backwards_tp": false,
          "ddown_factor": 0.9879739704023169,
          "ema_span_0": 1207.1861550838817,
          "ema_span_1": 1256.7524421412893,
          "enabled": true,
          "initial_eprice_ema_dist": 0.006831587832610716,
          "initial_qty_pct": 0.05,
          "markup_range": 0.041737005563618486,
          "min_markup": 0.0029631267871093074,
          "n_close_orders": 3,
          "rentry_pprice_dist": 0.05639262331576618,
          "rentry_pprice_dist_wallet_exposure_weighting": 0.5957803186807138,
          "wallet_exposure_limit": 1.0},
 "short": {"auto_unstuck_delay_minutes": 709.4368025173599,
           "auto_unstuck_ema_dist": -0.07596110395111065,
           "auto_unstuck_qty_pct": 0.05457712833025417,
           "auto_unstuck_wallet_exposure_threshold": 0.2570561256331261,
           "backwards_tp": true,
           "ddown_factor": 2.925766444189975,
           "ema_span_0": 554.6945776934783,
           "ema_span_1": 846.2505678142422,
           "enabled": false,
           "initial_eprice_ema_dist": -0.09050116152508322,
           "initial_qty_pct": 0.033703592358300775,
           "markup_range": 0.04930674942756228,
           "min_markup": 0.0026082146159185737,
           "n_close_orders": 9,
           "rentry_pprice_dist": 0.015715630227454272,
           "rentry_pprice_dist_wallet_exposure_weighting": 7.137887474535438,
           "wallet_exposure_limit": 1.0}}