{"config_name": "recursive_grid_ALTUSDT_185days",
 "logging_level": 0,
 "long": {"auto_unstuck_delay_minutes": 0.0,
          "auto_unstuck_ema_dist": 0.0,
          "auto_unstuck_qty_pct": 0.0,
          "auto_unstuck_wallet_exposure_threshold": 0.0,
          "backwards_tp": false,
          "ddown_factor": 0.45820552169882783,
          "ema_span_0": 360.2181691076908,
          "ema_span_1": 748.5264776028213,
          "enabled": true,
          "initial_eprice_ema_dist": -0.03699718608656506,
          "initial_qty_pct": 0.04,
          "markup_range": 0.04062178982417229,
          "min_markup": 0.03,
          "n_close_orders": 3,
          "rentry_pprice_dist": 0.02112275970908789,
          "rentry_pprice_dist_wallet_exposure_weighting": 13.323715896737374,
          "wallet_exposure_limit": 1.0},
 "short": {"auto_unstuck_delay_minutes": 921.7751430780874,
           "auto_unstuck_ema_dist": -0.026769837766182872,
           "auto_unstuck_qty_pct": 0.012620151164827804,
           "auto_unstuck_wallet_exposure_threshold": 0.6707484480442542,
           "backwards_tp": false,
           "ddown_factor": 0.7364273528337786,
           "ema_span_0": 239.0498305426021,
           "ema_span_1": 951.2674338507469,
           "enabled": false,
           "initial_eprice_ema_dist": -0.06093140804761653,
           "initial_qty_pct": 0.03676294432883457,
           "markup_range": 0.057503548022870714,
           "min_markup": 0.007836735510061693,
           "n_close_orders": 4,
           "rentry_pprice_dist": 0.0149736272375094,
           "rentry_pprice_dist_wallet_exposure_weighting": 8.86578659424494,
           "wallet_exposure_limit": 1.0}}