{"config_name": "recursive_grid_ETHUSDT_454days",
 "logging_level": 0,
 "long": {"auto_unstuck_delay_minutes": 982.3743045829076,
          "auto_unstuck_ema_dist": -0.03893846277214074,
          "auto_unstuck_qty_pct": 0.01,
          "auto_unstuck_wallet_exposure_threshold": 0.04769613717519322,
          "backwards_tp": false,
          "ddown_factor": 0.5468030123806941,
          "ema_span_0": 889.222586299903,
          "ema_span_1": 1309.400938152477,
          "enabled": true,
          "initial_eprice_ema_dist": 0.0073169459052109,
          "initial_qty_pct": 0.05,
          "markup_range": 0.017137183597439636,
          "min_markup": 0.00863543627481031,
          "n_close_orders": 5,
          "rentry_pprice_dist": 0.05030002704380826,
          "rentry_pprice_dist_wallet_exposure_weighting": 1.707574689201325,
          "wallet_exposure_limit": 1.0},
 "short": {"auto_unstuck_delay_minutes": 171.7063311390769,
           "auto_unstuck_ema_dist": -0.06118013003136835,
           "auto_unstuck_qty_pct": 0.014429859045199583,
           "auto_unstuck_wallet_exposure_threshold": 0.5780891813299122,
           "backwards_tp": true,
           "ddown_factor": 2.7423331098078783,
           "ema_span_0": 534.6532519430156,
           "ema_span_1": 1340.7784051432536,
           "enabled": false,
           "initial_eprice_ema_dist": -0.0034850239289560964,
           "initial_qty_pct": 0.013104833023456464,
           "markup_range": 0.03864619457645391,
           "min_markup": 0.00708911652133274,
           "n_close_orders": 9,
           "rentry_pprice_dist": 0.02397681229545878,
           "rentry_pprice_dist_wallet_exposure_weighting": 15.451656561840494,
           "wallet_exposure_limit": 1.0}}