{"config_name": "recursive_grid_SHIB1000USDT_156days",
 "logging_level": 0,
 "long": {"auto_unstuck_delay_minutes": 1105.648404296409,
          "auto_unstuck_ema_dist": -0.03407497708299746,
          "auto_unstuck_qty_pct": 0.01,
          "auto_unstuck_wallet_exposure_threshold": 0.07382388651127864,
          "backwards_tp": false,
          "ddown_factor": 0.5284911652214739,
          "ema_span_0": 538.1378503773619,
          "ema_span_1": 553.564857439387,
          "enabled": true,
          "initial_eprice_ema_dist": 0.021161386612007685,
          "initial_qty_pct": 0.03499361672517349,
          "markup_range": 0.02239716053479779,
          "min_markup": 0.028162285513754062,
          "n_close_orders": 5,
          "rentry_pprice_dist": 0.01212443149360206,
          "rentry_pprice_dist_wallet_exposure_weighting": 14.310209239486273,
          "wallet_exposure_limit": 1.0},
 "short": {"auto_unstuck_delay_minutes": 1300.857638523325,
           "auto_unstuck_ema_dist": -0.09234345849336989,
           "auto_unstuck_qty_pct": 0.027092379807911487,
           "auto_unstuck_wallet_exposure_threshold": 0.3778440682551931,
           "backwards_tp": false,
           "ddown_factor": 0.9916066292106593,
           "ema_span_0": 1062.3739661646187,
           "ema_span_1": 307.2988863557475,
           "enabled": false,
           "initial_eprice_ema_dist": -0.07884204497900876,
           "initial_qty_pct": 0.032032097293472346,
           "markup_range": 0.001229434602509658,
           "min_markup": 0.0028527571329435716,
           "n_close_orders": 15,
           "rentry_pprice_dist": 0.02856225093124622,
           "rentry_pprice_dist_wallet_exposure_weighting": 19.77797401125463,
           "wallet_exposure_limit": 1.0}}