{"config_name": "recursive_grid_KASUSDT_156days",
 "logging_level": 0,
 "long": {"auto_unstuck_delay_minutes": 1392.1438587057437,
          "auto_unstuck_ema_dist": 0.042766402455219676,
          "auto_unstuck_qty_pct": 0.01,
          "auto_unstuck_wallet_exposure_threshold": 0.07614952221771365,
          "backwards_tp": false,
          "ddown_factor": 0.42479811505261245,
          "ema_span_0": 627.2159894323665,
          "ema_span_1": 731.1651244320851,
          "enabled": true,
          "initial_eprice_ema_dist": 0.04288747529367713,
          "initial_qty_pct": 0.044626911376305145,
          "markup_range": 0.020999220991351982,
          "min_markup": 0.015653059956842276,
          "n_close_orders": 5,
          "rentry_pprice_dist": 0.015311890478487307,
          "rentry_pprice_dist_wallet_exposure_weighting": 9.920096170409494,
          "wallet_exposure_limit": 1.0},
 "short": {"auto_unstuck_delay_minutes": 119.2636263612162,
           "auto_unstuck_ema_dist": -0.07702850962328296,
           "auto_unstuck_qty_pct": 0.04721213980481217,
           "auto_unstuck_wallet_exposure_threshold": 0.27140249704171976,
           "backwards_tp": false,
           "ddown_factor": 2.2512960939113604,
           "ema_span_0": 316.05956995761375,
           "ema_span_1": 526.0657735139594,
           "enabled": false,
           "initial_eprice_ema_dist": -0.0651090330220366,
           "initial_qty_pct": 0.02739830420388978,
           "markup_range": 0.04238122303880411,
           "min_markup": 0.005120680333825495,
           "n_close_orders": 4,
           "rentry_pprice_dist": 0.026948976919831606,
           "rentry_pprice_dist_wallet_exposure_weighting": 6.430727794869586,
           "wallet_exposure_limit": 1.0}}