{"config_name": "recursive_grid_10000LADYSUSDT_323days",
 "logging_level": 0,
 "long": {"auto_unstuck_delay_minutes": 658.0993415895362,
          "auto_unstuck_ema_dist": 0.0027953857281128093,
          "auto_unstuck_qty_pct": 0.01,
          "auto_unstuck_wallet_exposure_threshold": 0.03434081556988022,
          "backwards_tp": false,
          "ddown_factor": 1.8987219288189239,
          "ema_span_0": 829.9076956296923,
          "ema_span_1": 825.2545167487875,
          "enabled": true,
          "initial_eprice_ema_dist": 0.01,
          "initial_qty_pct": 0.05,
          "markup_range": 0.029394761406946503,
          "min_markup": 0.0038640537710380087,
          "n_close_orders": 7,
          "rentry_pprice_dist": 0.04303430525690723,
          "rentry_pprice_dist_wallet_exposure_weighting": 1.0035434621440817,
          "wallet_exposure_limit": 1},
 "short": {"auto_unstuck_delay_minutes": 634.3672383022922,
           "auto_unstuck_ema_dist": -0.06124614386677884,
           "auto_unstuck_qty_pct": 0.0927314520575325,
           "auto_unstuck_wallet_exposure_threshold": 0.41754180492299453,
           "backwards_tp": true,
           "ddown_factor": 1.09930420872021,
           "ema_span_0": 1166.3319568953434,
           "ema_span_1": 45.87449953742193,
           "enabled": false,
           "initial_eprice_ema_dist": -0.030776934576607407,
           "initial_qty_pct": 0.048261776731881596,
           "markup_range": 0.044037888902750254,
           "min_markup": 0.005071096764071709,
           "n_close_orders": 3,
           "rentry_pprice_dist": 0.041678074159089,
           "rentry_pprice_dist_wallet_exposure_weighting": 9.017172878079197,
           "wallet_exposure_limit": 1.0}}