{"config_name": "recursive_grid_ARBUSDT_156days",
 "logging_level": 0,
 "long": {"auto_unstuck_delay_minutes": 581.6273712989549,
          "auto_unstuck_ema_dist": -0.04031168600706782,
          "auto_unstuck_qty_pct": 0.01,
          "auto_unstuck_wallet_exposure_threshold": 0.058791986067426694,
          "backwards_tp": false,
          "ddown_factor": 0.3457065419541631,
          "ema_span_0": 1005.1557536003504,
          "ema_span_1": 404.0201168039981,
          "enabled": true,
          "initial_eprice_ema_dist": -0.022290231131187367,
          "initial_qty_pct": 0.03187048831780284,
          "markup_range": 0.04802661983084786,
          "min_markup": 0.035985737378186874,
          "n_close_orders": 7,
          "rentry_pprice_dist": 0.03106685116207356,
          "rentry_pprice_dist_wallet_exposure_weighting": 10.136786533880587,
          "wallet_exposure_limit": 1},
 "short": {"auto_unstuck_delay_minutes": 845.1168701411669,
           "auto_unstuck_ema_dist": -0.03267601176465379,
           "auto_unstuck_qty_pct": 0.037373390541771065,
           "auto_unstuck_wallet_exposure_threshold": 0.7621169657014563,
           "backwards_tp": false,
           "ddown_factor": 2.374898659593782,
           "ema_span_0": 110.6481621094284,
           "ema_span_1": 444.44242343457705,
           "enabled": false,
           "initial_eprice_ema_dist": -0.005734719185937362,
           "initial_qty_pct": 0.034661082170387755,
           "markup_range": 0.02580972993392769,
           "min_markup": 0.00710243280813447,
           "n_close_orders": 13,
           "rentry_pprice_dist": 0.021780909161860557,
           "rentry_pprice_dist_wallet_exposure_weighting": 12.076975432550745,
           "wallet_exposure_limit": 1.0}}