{"config_name": "recursive_grid_ETCUSDT_454days",
 "logging_level": 0,
 "long": {"auto_unstuck_delay_minutes": 1188.821057622988,
          "auto_unstuck_ema_dist": 0.0012656001005199621,
          "auto_unstuck_qty_pct": 0.01,
          "auto_unstuck_wallet_exposure_threshold": 0.08339021980290343,
          "backwards_tp": false,
          "ddown_factor": 1.9849104627706111,
          "ema_span_0": 789.4006767068048,
          "ema_span_1": 771.5204811945097,
          "enabled": true,
          "initial_eprice_ema_dist": 0.008492697689171949,
          "initial_qty_pct": 0.05,
          "markup_range": 0.05419193165008105,
          "min_markup": 0.008268606341893319,
          "n_close_orders": 5,
          "rentry_pprice_dist": 0.027616060744803148,
          "rentry_pprice_dist_wallet_exposure_weighting": 0.6444506537499572,
          "wallet_exposure_limit": 1},
 "short": {"auto_unstuck_delay_minutes": 694.4487590616967,
           "auto_unstuck_ema_dist": -0.06954866929324485,
           "auto_unstuck_qty_pct": 0.027663133919604517,
           "auto_unstuck_wallet_exposure_threshold": 0.38321487449149305,
           "backwards_tp": true,
           "ddown_factor": 2.4475407979539767,
           "ema_span_0": 1371.3307069626073,
           "ema_span_1": 696.5014521037589,
           "enabled": false,
           "initial_eprice_ema_dist": -0.01763303943450477,
           "initial_qty_pct": 0.011507789640616491,
           "markup_range": 0.050173231733211324,
           "min_markup": 0.008869240995561075,
           "n_close_orders": 7,
           "rentry_pprice_dist": 0.039175167723201614,
           "rentry_pprice_dist_wallet_exposure_weighting": 6.031357765947847,
           "wallet_exposure_limit": 1.0}}