{"config_name": "recursive_grid_THETAUSDT_454days",
 "logging_level": 0,
 "long": {"auto_unstuck_delay_minutes": 980.4875285867297,
          "auto_unstuck_ema_dist": 0.012504200869549273,
          "auto_unstuck_qty_pct": 0.01,
          "auto_unstuck_wallet_exposure_threshold": 0.05683560966556764,
          "backwards_tp": false,
          "ddown_factor": 1.6416209208554515,
          "ema_span_0": 751.0233802757762,
          "ema_span_1": 1078.9985877402437,
          "enabled": true,
          "initial_eprice_ema_dist": 0.006240884550279792,
          "initial_qty_pct": 0.05,
          "markup_range": 0.034024599198629574,
          "min_markup": 0.007645305678368805,
          "n_close_orders": 5,
          "rentry_pprice_dist": 0.06530515718991166,
          "rentry_pprice_dist_wallet_exposure_weighting": 1.0078293819721158,
          "wallet_exposure_limit": 1.0},
 "short": {"auto_unstuck_delay_minutes": 1143.2770677940518,
           "auto_unstuck_ema_dist": -0.07347881293015336,
           "auto_unstuck_qty_pct": 0.03543662398673572,
           "auto_unstuck_wallet_exposure_threshold": 0.2906367432458238,
           "backwards_tp": true,
           "ddown_factor": 1.13074904350101,
           "ema_span_0": 1242.2572506389004,
           "ema_span_1": 283.8697179928077,
           "enabled": false,
           "initial_eprice_ema_dist": -0.025076190155888856,
           "initial_qty_pct": 0.03172856745803886,
           "markup_range": 0.02158650804237736,
           "min_markup": 0.007739487434494948,
           "n_close_orders": 11,
           "rentry_pprice_dist": 0.036101475924256686,
           "rentry_pprice_dist_wallet_exposure_weighting": 10.43761530670146,
           "wallet_exposure_limit": 1.0}}