{"config_name": "recursive_grid_XMRUSDT_926days",
 "logging_level": 0,
 "long": {"auto_unstuck_delay_minutes": 0,
          "auto_unstuck_ema_dist": 0,
          "auto_unstuck_qty_pct": 0,
          "auto_unstuck_wallet_exposure_threshold": 0.0,
          "backwards_tp": false,
          "ddown_factor": 0.4691131448743796,
          "ema_span_0": 257.16510245716745,
          "ema_span_1": 928.884840817319,
          "enabled": true,
          "initial_eprice_ema_dist": 0.021453523996322763,
          "initial_qty_pct": 0.04,
          "markup_range": 0.03039447938093613,
          "min_markup": 0.03,
          "n_close_orders": 3,
          "rentry_pprice_dist": 0.031793130171406905,
          "rentry_pprice_dist_wallet_exposure_weighting": 12.965679903126777,
          "wallet_exposure_limit": 1},
 "short": {"auto_unstuck_delay_minutes": 553.7627579249151,
           "auto_unstuck_ema_dist": -0.008027043814712462,
           "auto_unstuck_qty_pct": 0.0782939523866112,
           "auto_unstuck_wallet_exposure_threshold": 0.8134327999240504,
           "backwards_tp": false,
           "ddown_factor": 2.4436258665277655,
           "ema_span_0": 19.11360758548415,
           "ema_span_1": 754.6041621472629,
           "enabled": false,
           "initial_eprice_ema_dist": -0.0708508275199993,
           "initial_qty_pct": 0.021696217397801476,
           "markup_range": 0.0070182802641036175,
           "min_markup": 0.0013398269380566323,
           "n_close_orders": 9,
           "rentry_pprice_dist": 0.029199650793596356,
           "rentry_pprice_dist_wallet_exposure_weighting": 11.100771853849476,
           "wallet_exposure_limit": 1.0}}