{"config_name": "recursive_grid_BNBUSDT_454days",
 "logging_level": 0,
 "long": {"auto_unstuck_delay_minutes": 618.1840101967426,
          "auto_unstuck_ema_dist": -0.005117165345759997,
          "auto_unstuck_qty_pct": 0.01,
          "auto_unstuck_wallet_exposure_threshold": 0.06836335495280696,
          "backwards_tp": false,
          "ddown_factor": 1.9613631567893977,
          "ema_span_0": 1202.043787996961,
          "ema_span_1": 1253.1855838069696,
          "enabled": true,
          "initial_eprice_ema_dist": 0.006989007088390018,
          "initial_qty_pct": 0.05,
          "markup_range": 0.0522886033396557,
          "min_markup": 0.004763492706002142,
          "n_close_orders": 3,
          "rentry_pprice_dist": 0.028913344819568906,
          "rentry_pprice_dist_wallet_exposure_weighting": 0.7713012242293288,
          "wallet_exposure_limit": 1},
 "short": {"auto_unstuck_delay_minutes": 1153.3740774982455,
           "auto_unstuck_ema_dist": -0.037008994600305725,
           "auto_unstuck_qty_pct": 0.017681694645588303,
           "auto_unstuck_wallet_exposure_threshold": 0.8661297731996733,
           "backwards_tp": true,
           "ddown_factor": 2.7207215439101486,
           "ema_span_0": 618.5668333066016,
           "ema_span_1": 9.987280503057587,
           "enabled": false,
           "initial_eprice_ema_dist": -0.05907031683797978,
           "initial_qty_pct": 0.03065075313368426,
           "markup_range": 0.028509609835648403,
           "min_markup": 0.0020629436494477263,
           "n_close_orders": 13,
           "rentry_pprice_dist": 0.03526518014364878,
           "rentry_pprice_dist_wallet_exposure_weighting": 12.54796106310522,
           "wallet_exposure_limit": 1.0}}