{"config_name": "recursive_grid_ENAUSDT_50days",
 "logging_level": 0,
 "long": {"auto_unstuck_delay_minutes": 1246.7762528521719,
          "auto_unstuck_ema_dist": 0.05,
          "auto_unstuck_qty_pct": 0.01,
          "auto_unstuck_wallet_exposure_threshold": 0.05315309852171189,
          "backwards_tp": false,
          "ddown_factor": 1.361333009333771,
          "ema_span_0": 444.3535341796294,
          "ema_span_1": 432.9318858198528,
          "enabled": true,
          "initial_eprice_ema_dist": 0.02349707993720044,
          "initial_qty_pct": 0.04604690317491237,
          "markup_range": 0.039348886633437954,
          "min_markup": 0.04,
          "n_close_orders": 6,
          "rentry_pprice_dist": 0.024828301733382505,
          "rentry_pprice_dist_wallet_exposure_weighting": 8.453206383003744,
          "wallet_exposure_limit": 1},
 "short": {"auto_unstuck_delay_minutes": 882.6459662264214,
           "auto_unstuck_ema_dist": -0.030347125618761628,
           "auto_unstuck_qty_pct": 0.027269939606874634,
           "auto_unstuck_wallet_exposure_threshold": 0.533563204757501,
           "backwards_tp": false,
           "ddown_factor": 2.8535048392351943,
           "ema_span_0": 1193.3752022917824,
           "ema_span_1": 1081.0928185333346,
           "enabled": false,
           "initial_eprice_ema_dist": -0.01345294346318436,
           "initial_qty_pct": 0.023885143144099133,
           "markup_range": 0.023870612798243044,
           "min_markup": 0.0018989705107868848,
           "n_close_orders": 8,
           "rentry_pprice_dist": 0.03872598068603893,
           "rentry_pprice_dist_wallet_exposure_weighting": 5.509561574038719,
           "wallet_exposure_limit": 1.0}}