{"config_name": "recursive_grid_ENAUSDT_50days",
 "logging_level": 0,
 "long": {"auto_unstuck_delay_minutes": 1216.4481505053118,
          "auto_unstuck_ema_dist": 0.04892156084078606,
          "auto_unstuck_qty_pct": 0.01,
          "auto_unstuck_wallet_exposure_threshold": 0.09383860629698702,
          "backwards_tp": false,
          "ddown_factor": 0.5145827039018346,
          "ema_span_0": 431.3243660914251,
          "ema_span_1": 543.1729810787562,
          "enabled": true,
          "initial_eprice_ema_dist": 0.007009225640573124,
          "initial_qty_pct": 0.04684272201657488,
          "markup_range": 0.039691615091909355,
          "min_markup": 0.03996271855095238,
          "n_close_orders": 6,
          "rentry_pprice_dist": 0.019655388149537788,
          "rentry_pprice_dist_wallet_exposure_weighting": 10.618950665332312,
          "wallet_exposure_limit": 1},
 "short": {"auto_unstuck_delay_minutes": 87.4125699010502,
           "auto_unstuck_ema_dist": -0.07819092230030911,
           "auto_unstuck_qty_pct": 0.09494496487673212,
           "auto_unstuck_wallet_exposure_threshold": 0.5952777901710576,
           "backwards_tp": false,
           "ddown_factor": 1.2002018983962368,
           "ema_span_0": 948.588276375819,
           "ema_span_1": 253.4338244358518,
           "enabled": false,
           "initial_eprice_ema_dist": -0.0173572532367655,
           "initial_qty_pct": 0.010378816217451955,
           "markup_range": 0.055583739245583276,
           "min_markup": 0.004315920085843559,
           "n_close_orders": 11,
           "rentry_pprice_dist": 0.040353242358952456,
           "rentry_pprice_dist_wallet_exposure_weighting": 8.986071854980384,
           "wallet_exposure_limit": 1.0}}