{"config_name": "recursive_grid_1000BONKUSDT_366days",
 "logging_level": 0,
 "long": {"auto_unstuck_delay_minutes": 1301.0404627181724,
          "auto_unstuck_ema_dist": -0.012020287723847292,
          "auto_unstuck_qty_pct": 0.07046420826543029,
          "auto_unstuck_wallet_exposure_threshold": 0.035569622674565086,
          "backwards_tp": true,
          "ddown_factor": 0.1982579919012304,
          "ema_span_0": 1827.2733459863125,
          "ema_span_1": 2440,
          "enabled": true,
          "initial_eprice_ema_dist": -0.003363617831717203,
          "initial_qty_pct": 0.03,
          "markup_range": 0.038470825787912506,
          "min_markup": 0.005551377486953199,
          "n_close_orders": 6,
          "rentry_pprice_dist": 0.05409506756802312,
          "rentry_pprice_dist_wallet_exposure_weighting": 0.6391973727957379,
          "wallet_exposure_limit": 1},
 "short": {"auto_unstuck_delay_minutes": 0.0,
           "auto_unstuck_ema_dist": 0.0,
           "auto_unstuck_qty_pct": 0.0,
           "auto_unstuck_wallet_exposure_threshold": 0.0,
           "backwards_tp": true,
           "ddown_factor": 0.5799899750338222,
           "ema_span_0": 1136.5864713272258,
           "ema_span_1": 451.8470117628922,
           "enabled": false,
           "initial_eprice_ema_dist": -0.0007336111520818058,
           "initial_qty_pct": 0.008819854903578377,
           "markup_range": 7.310516097271958e-05,
           "min_markup": 0.003149168077261098,
           "n_close_orders": 4,
           "rentry_pprice_dist": 0.005386490665082268,
           "rentry_pprice_dist_wallet_exposure_weighting": 7.1765379441075785,
           "wallet_exposure_limit": 1.0}}