{"config_name": "recursive_grid_UNIUSDT_156days",
 "logging_level": 0,
 "long": {"auto_unstuck_delay_minutes": 525.0398123627939,
          "auto_unstuck_ema_dist": 0.03966241108707878,
          "auto_unstuck_qty_pct": 0.01,
          "auto_unstuck_wallet_exposure_threshold": 0.08043561130997456,
          "backwards_tp": false,
          "ddown_factor": 0.42248535234804363,
          "ema_span_0": 1198.1256693200553,
          "ema_span_1": 439.11098135235744,
          "enabled": true,
          "initial_eprice_ema_dist": 0.02227300663245721,
          "initial_qty_pct": 0.030980231403111166,
          "markup_range": 0.012334869596502625,
          "min_markup": 0.03234733184050712,
          "n_close_orders": 4,
          "rentry_pprice_dist": 0.017760438498628843,
          "rentry_pprice_dist_wallet_exposure_weighting": 8.962783107592765,
          "wallet_exposure_limit": 1.0},
 "short": {"auto_unstuck_delay_minutes": 487.1586808332045,
           "auto_unstuck_ema_dist": -0.09556914170127347,
           "auto_unstuck_qty_pct": 0.09296688259630359,
           "auto_unstuck_wallet_exposure_threshold": 0.12030609314009136,
           "backwards_tp": false,
           "ddown_factor": 2.4418127939814345,
           "ema_span_0": 771.6575464927939,
           "ema_span_1": 921.4896230954788,
           "enabled": false,
           "initial_eprice_ema_dist": -0.031575856609536046,
           "initial_qty_pct": 0.014429740924039654,
           "markup_range": 0.040458670384227666,
           "min_markup": 0.006363712274139228,
           "n_close_orders": 12,
           "rentry_pprice_dist": 0.008674045261362057,
           "rentry_pprice_dist_wallet_exposure_weighting": 17.833861025422696,
           "wallet_exposure_limit": 1.0}}