{"config_name": "recursive_grid_MATICUSDT_366days",
 "logging_level": 0,
 "long": {"auto_unstuck_delay_minutes": 731.6150932699232,
          "auto_unstuck_ema_dist": -0.07969672830351268,
          "auto_unstuck_qty_pct": 0.08635619899754099,
          "auto_unstuck_wallet_exposure_threshold": 0.19001023959360697,
          "backwards_tp": true,
          "ddown_factor": 0.9857920150335286,
          "ema_span_0": 2359.257713153494,
          "ema_span_1": 125.98935472779714,
          "enabled": true,
          "initial_eprice_ema_dist": -0.005876016281225392,
          "initial_qty_pct": 0.047343589700464726,
          "markup_range": 0.015214070094274317,
          "min_markup": 0.006112025164271543,
          "n_close_orders": 7,
          "rentry_pprice_dist": 0.039836542626267436,
          "rentry_pprice_dist_wallet_exposure_weighting": 2.8321847563752605,
          "wallet_exposure_limit": 1},
 "short": {"auto_unstuck_delay_minutes": 0.0,
           "auto_unstuck_ema_dist": 0.0,
           "auto_unstuck_qty_pct": 0.0,
           "auto_unstuck_wallet_exposure_threshold": 0.0,
           "backwards_tp": true,
           "ddown_factor": 0.8165816182144129,
           "ema_span_0": 628.0143212568046,
           "ema_span_1": 1129.2539066350419,
           "enabled": false,
           "initial_eprice_ema_dist": 0.0004915480622733667,
           "initial_qty_pct": 0.005762661170548622,
           "markup_range": 0.005630937360913186,
           "min_markup": 0.001311369946621381,
           "n_close_orders": 5,
           "rentry_pprice_dist": 0.05815538756618626,
           "rentry_pprice_dist_wallet_exposure_weighting": 2.9901328250027643,
           "wallet_exposure_limit": 1.0}}