{"config_name": "recursive_grid_BCHUSDT_366days",
 "logging_level": 0,
 "long": {"auto_unstuck_delay_minutes": 844.305753356849,
          "auto_unstuck_ema_dist": 0.016762580731811232,
          "auto_unstuck_qty_pct": 0.020210114352674148,
          "auto_unstuck_wallet_exposure_threshold": 0.0572808795282525,
          "backwards_tp": false,
          "ddown_factor": 1.718306571731503,
          "ema_span_0": 1058.9607618115567,
          "ema_span_1": 264.29498487072146,
          "enabled": true,
          "initial_eprice_ema_dist": -0.005920424012787568,
          "initial_qty_pct": 0.04410406728445802,
          "markup_range": 0.01831399215245551,
          "min_markup": 0.006446016186769434,
          "n_close_orders": 2,
          "rentry_pprice_dist": 0.030280619474784432,
          "rentry_pprice_dist_wallet_exposure_weighting": 0.6500478226301439,
          "wallet_exposure_limit": 1},
 "short": {"auto_unstuck_delay_minutes": 0.0,
           "auto_unstuck_ema_dist": 0.0,
           "auto_unstuck_qty_pct": 0.0,
           "auto_unstuck_wallet_exposure_threshold": 0.0,
           "backwards_tp": false,
           "ddown_factor": 0.7269559890000116,
           "ema_span_0": 529.2083514471007,
           "ema_span_1": 1140.5139708332686,
           "enabled": false,
           "initial_eprice_ema_dist": -0.0005497734441779045,
           "initial_qty_pct": 0.015807716754949543,
           "markup_range": 0.0035206514167206737,
           "min_markup": 0.0031337783388653076,
           "n_close_orders": 13,
           "rentry_pprice_dist": 0.012323167870083229,
           "rentry_pprice_dist_wallet_exposure_weighting": 4.414888648865277,
           "wallet_exposure_limit": 1.0}}