{"config_name": "recursive_grid_ENAUSDT_50days",
 "logging_level": 0,
 "long": {"auto_unstuck_delay_minutes": 978.9585596163855,
          "auto_unstuck_ema_dist": -0.014187156233127466,
          "auto_unstuck_qty_pct": 0.01,
          "auto_unstuck_wallet_exposure_threshold": 0.047472938319577225,
          "backwards_tp": false,
          "ddown_factor": 0.7571155756556252,
          "ema_span_0": 698.9454310914175,
          "ema_span_1": 726.7993691626912,
          "enabled": true,
          "initial_eprice_ema_dist": 0.014524202979352467,
          "initial_qty_pct": 0.038812999212920224,
          "markup_range": 0.02923016947129578,
          "min_markup": 0.03683344045937506,
          "n_close_orders": 6,
          "rentry_pprice_dist": 0.026866285102649438,
          "rentry_pprice_dist_wallet_exposure_weighting": 6.3550455536176145,
          "wallet_exposure_limit": 1},
 "short": {"auto_unstuck_delay_minutes": 1094.0090165464144,
           "auto_unstuck_ema_dist": -0.02787916185843002,
           "auto_unstuck_qty_pct": 0.059954168724659015,
           "auto_unstuck_wallet_exposure_threshold": 0.3332858666553312,
           "backwards_tp": false,
           "ddown_factor": 0.8744192618549301,
           "ema_span_0": 1403.2060195128122,
           "ema_span_1": 570.7457760834639,
           "enabled": false,
           "initial_eprice_ema_dist": -0.08337460901832493,
           "initial_qty_pct": 0.027056626096307664,
           "markup_range": 0.032462749017812785,
           "min_markup": 0.006763895637096021,
           "n_close_orders": 5,
           "rentry_pprice_dist": 0.011596561849942363,
           "rentry_pprice_dist_wallet_exposure_weighting": 4.311238167521923,
           "wallet_exposure_limit": 1.0}}