{"config_name": "recursive_grid_ONDOUSDT_67days",
 "logging_level": 0,
 "long": {"auto_unstuck_delay_minutes": 1195.5470274796685,
          "auto_unstuck_ema_dist": -0.014058028780204592,
          "auto_unstuck_qty_pct": 0.01,
          "auto_unstuck_wallet_exposure_threshold": 0.06880999417773216,
          "backwards_tp": false,
          "ddown_factor": 1.5771251983790187,
          "ema_span_0": 635.7815946038749,
          "ema_span_1": 608.1283969825088,
          "enabled": true,
          "initial_eprice_ema_dist": 0.0009567890325741776,
          "initial_qty_pct": 0.05,
          "markup_range": 0.04534459950341935,
          "min_markup": 0.009478406692601653,
          "n_close_orders": 6,
          "rentry_pprice_dist": 0.02,
          "rentry_pprice_dist_wallet_exposure_weighting": 0.5708822503508874,
          "wallet_exposure_limit": 1},
 "short": {"auto_unstuck_delay_minutes": 1009.1828789247286,
           "auto_unstuck_ema_dist": -0.08596986686677927,
           "auto_unstuck_qty_pct": 0.027848431009927503,
           "auto_unstuck_wallet_exposure_threshold": 0.44826463628440494,
           "backwards_tp": true,
           "ddown_factor": 2.4989265639241047,
           "ema_span_0": 1385.5253914642803,
           "ema_span_1": 122.09469113487135,
           "enabled": false,
           "initial_eprice_ema_dist": -0.09201119128983053,
           "initial_qty_pct": 0.02291127976408558,
           "markup_range": 0.05072373053210814,
           "min_markup": 0.004623394100269996,
           "n_close_orders": 9,
           "rentry_pprice_dist": 0.02729707823555785,
           "rentry_pprice_dist_wallet_exposure_weighting": 17.5209837615243,
           "wallet_exposure_limit": 1.0}}