{"config_name": "recursive_grid_1000RATSUSDT_143days",
 "logging_level": 0,
 "long": {"auto_unstuck_delay_minutes": 1067.175094773589,
          "auto_unstuck_ema_dist": -0.026108206359933137,
          "auto_unstuck_qty_pct": 0.01,
          "auto_unstuck_wallet_exposure_threshold": 0.06332608510393886,
          "backwards_tp": false,
          "ddown_factor": 0.376361024474726,
          "ema_span_0": 259.4582383147568,
          "ema_span_1": 248.46341009341478,
          "enabled": true,
          "initial_eprice_ema_dist": 0.02354701948168874,
          "initial_qty_pct": 0.049155714944329125,
          "markup_range": 0.0435458113828652,
          "min_markup": 0.010250402014200539,
          "n_close_orders": 7,
          "rentry_pprice_dist": 0.015067347889329395,
          "rentry_pprice_dist_wallet_exposure_weighting": 11.215850926578016,
          "wallet_exposure_limit": 1},
 "short": {"auto_unstuck_delay_minutes": 746.743429702792,
           "auto_unstuck_ema_dist": -0.0873842449037789,
           "auto_unstuck_qty_pct": 0.06079797051689596,
           "auto_unstuck_wallet_exposure_threshold": 0.18968371256722305,
           "backwards_tp": false,
           "ddown_factor": 1.439733825723779,
           "ema_span_0": 940.3576583364788,
           "ema_span_1": 998.6010389352432,
           "enabled": false,
           "initial_eprice_ema_dist": -0.08932860884646943,
           "initial_qty_pct": 0.04990765925403567,
           "markup_range": 0.05076573412287133,
           "min_markup": 0.0013050207201315122,
           "n_close_orders": 2,
           "rentry_pprice_dist": 0.02171307745480318,
           "rentry_pprice_dist_wallet_exposure_weighting": 8.10272535225985,
           "wallet_exposure_limit": 1.0}}