{"config_name": "recursive_grid_ETHUSDT_1331days",
 "logging_level": 0,
 "long": {"auto_unstuck_delay_minutes": 0.0,
          "auto_unstuck_ema_dist": 0.0,
          "auto_unstuck_qty_pct": 0.0,
          "auto_unstuck_wallet_exposure_threshold": 0.0,
          "backwards_tp": false,
          "ddown_factor": 0.5520251243032854,
          "ema_span_0": 288.0683493993163,
          "ema_span_1": 584.8428439567359,
          "enabled": true,
          "initial_eprice_ema_dist": -0.09452521169784274,
          "initial_qty_pct": 0.04,
          "markup_range": 0.027195160494202196,
          "min_markup": 0.011963076724613315,
          "n_close_orders": 4,
          "rentry_pprice_dist": 0.034954361131250854,
          "rentry_pprice_dist_wallet_exposure_weighting": 10.957825348967067,
          "wallet_exposure_limit": 1.0},
 "short": {"auto_unstuck_delay_minutes": 976.7687447383669,
           "auto_unstuck_ema_dist": -0.00013112957650718293,
           "auto_unstuck_qty_pct": 0.02017970378687213,
           "auto_unstuck_wallet_exposure_threshold": 0.23095004900115415,
           "backwards_tp": false,
           "ddown_factor": 1.4330293385262498,
           "ema_span_0": 443.8134373803619,
           "ema_span_1": 1342.8319076671633,
           "enabled": false,
           "initial_eprice_ema_dist": -0.011314641706699657,
           "initial_qty_pct": 0.014433758742542624,
           "markup_range": 0.0228281246263871,
           "min_markup": 0.00419026563798103,
           "n_close_orders": 12,
           "rentry_pprice_dist": 0.017017344315174373,
           "rentry_pprice_dist_wallet_exposure_weighting": 9.070030323485605,
           "wallet_exposure_limit": 1.0}}