{"config_name": "recursive_grid_AVAXUSDT_454days",
 "logging_level": 0,
 "long": {"auto_unstuck_delay_minutes": 1257.6987867998291,
          "auto_unstuck_ema_dist": -0.03578756234104914,
          "auto_unstuck_qty_pct": 0.01,
          "auto_unstuck_wallet_exposure_threshold": 0.09960762683514765,
          "backwards_tp": false,
          "ddown_factor": 0.46427452208807285,
          "ema_span_0": 419.24070209945245,
          "ema_span_1": 1072.8698513393822,
          "enabled": true,
          "initial_eprice_ema_dist": 0.005335985443362045,
          "initial_qty_pct": 0.05,
          "markup_range": 0.04935328095478127,
          "min_markup": 0.002972821343647312,
          "n_close_orders": 3,
          "rentry_pprice_dist": 0.03485636144115077,
          "rentry_pprice_dist_wallet_exposure_weighting": 1.2847356209593066,
          "wallet_exposure_limit": 1.0},
 "short": {"auto_unstuck_delay_minutes": 1364.5399242705548,
           "auto_unstuck_ema_dist": -0.01843277280967183,
           "auto_unstuck_qty_pct": 0.08791974685089532,
           "auto_unstuck_wallet_exposure_threshold": 0.39410817038126,
           "backwards_tp": true,
           "ddown_factor": 0.6518339879322049,
           "ema_span_0": 234.3396518172909,
           "ema_span_1": 548.7392018873446,
           "enabled": false,
           "initial_eprice_ema_dist": -0.09475977001771263,
           "initial_qty_pct": 0.011319385986137855,
           "markup_range": 0.015577570153161711,
           "min_markup": 0.009995327532880252,
           "n_close_orders": 9,
           "rentry_pprice_dist": 0.02163356805484384,
           "rentry_pprice_dist_wallet_exposure_weighting": 19.091765974913628,
           "wallet_exposure_limit": 1.0}}