{"config_name": "recursive_grid_SANDUSDT_955days",
 "logging_level": 0,
 "long": {"auto_unstuck_delay_minutes": 0,
          "auto_unstuck_ema_dist": 0,
          "auto_unstuck_qty_pct": 0.0,
          "auto_unstuck_wallet_exposure_threshold": 0.0,
          "backwards_tp": false,
          "ddown_factor": 0.4987158822469807,
          "ema_span_0": 1237.4219866409826,
          "ema_span_1": 1012.7848986117016,
          "enabled": true,
          "initial_eprice_ema_dist": 0.024572224293295537,
          "initial_qty_pct": 0.04,
          "markup_range": 0.039132565368263074,
          "min_markup": 0.010101508384020196,
          "n_close_orders": 3,
          "rentry_pprice_dist": 0.025614534827674926,
          "rentry_pprice_dist_wallet_exposure_weighting": 9.314784313075227,
          "wallet_exposure_limit": 1},
 "short": {"auto_unstuck_delay_minutes": 833.2267243344862,
           "auto_unstuck_ema_dist": -0.09239219433146822,
           "auto_unstuck_qty_pct": 0.04142564847891736,
           "auto_unstuck_wallet_exposure_threshold": 0.5735068769167316,
           "backwards_tp": false,
           "ddown_factor": 2.3381993091835827,
           "ema_span_0": 6.381473341598552,
           "ema_span_1": 1022.1135439839475,
           "enabled": false,
           "initial_eprice_ema_dist": -0.09929176946125548,
           "initial_qty_pct": 0.023569853735381077,
           "markup_range": 0.04183524424430337,
           "min_markup": 0.003513665034358884,
           "n_close_orders": 12,
           "rentry_pprice_dist": 0.03574240527051089,
           "rentry_pprice_dist_wallet_exposure_weighting": 5.433992402210535,
           "wallet_exposure_limit": 1.0}}