{"config_name": "recursive_grid_ONDOUSDT_120days",
 "logging_level": 0,
 "long": {"auto_unstuck_delay_minutes": 772.6380167680142,
          "auto_unstuck_ema_dist": 0.01264176179944183,
          "auto_unstuck_qty_pct": 0.01,
          "auto_unstuck_wallet_exposure_threshold": 0.06244221455809441,
          "backwards_tp": false,
          "ddown_factor": 1.2661972822804164,
          "ema_span_0": 683.2236599691332,
          "ema_span_1": 818.5337035879422,
          "enabled": true,
          "initial_eprice_ema_dist": 0.01711914761051777,
          "initial_qty_pct": 0.037322595548522776,
          "markup_range": 0.013542189442758288,
          "min_markup": 0.039534719255802,
          "n_close_orders": 3,
          "rentry_pprice_dist": 0.022816121471352615,
          "rentry_pprice_dist_wallet_exposure_weighting": 1.7509963385616265,
          "wallet_exposure_limit": 1},
 "short": {"auto_unstuck_delay_minutes": 793.4118889060419,
           "auto_unstuck_ema_dist": -0.0728718233349445,
           "auto_unstuck_qty_pct": 0.04712758322962561,
           "auto_unstuck_wallet_exposure_threshold": 0.8910141594236505,
           "backwards_tp": false,
           "ddown_factor": 0.884532620370823,
           "ema_span_0": 1034.8510645263648,
           "ema_span_1": 714.7990097555801,
           "enabled": false,
           "initial_eprice_ema_dist": -0.09163170160489585,
           "initial_qty_pct": 0.03628006959161364,
           "markup_range": 0.05356339963952065,
           "min_markup": 0.008044841246925326,
           "n_close_orders": 10,
           "rentry_pprice_dist": 0.028036410265655846,
           "rentry_pprice_dist_wallet_exposure_weighting": 8.450742926851284,
           "wallet_exposure_limit": 1.0}}