{"config_name": "recursive_grid_SHIB1000USDT_144days",
 "logging_level": 0,
 "long": {"auto_unstuck_delay_minutes": 1023.8579725201262,
          "auto_unstuck_ema_dist": -0.0007666199344330132,
          "auto_unstuck_qty_pct": 0.01,
          "auto_unstuck_wallet_exposure_threshold": 0.06838314190544782,
          "backwards_tp": false,
          "ddown_factor": 0.3663255959340602,
          "ema_span_0": 756.6397602457381,
          "ema_span_1": 348.38321125859306,
          "enabled": true,
          "initial_eprice_ema_dist": 0.012473354308226034,
          "initial_qty_pct": 0.040773762071756176,
          "markup_range": 0.022941363176512054,
          "min_markup": 0.01820330884831049,
          "n_close_orders": 7,
          "rentry_pprice_dist": 0.033017128973753716,
          "rentry_pprice_dist_wallet_exposure_weighting": 14.72249665588236,
          "wallet_exposure_limit": 1.0},
 "short": {"auto_unstuck_delay_minutes": 733.8007401707054,
           "auto_unstuck_ema_dist": -0.06562270257827345,
           "auto_unstuck_qty_pct": 0.07091401207426622,
           "auto_unstuck_wallet_exposure_threshold": 0.4012762440609836,
           "backwards_tp": false,
           "ddown_factor": 1.5812822305920706,
           "ema_span_0": 751.6614486968834,
           "ema_span_1": 133.35254751429602,
           "enabled": false,
           "initial_eprice_ema_dist": -0.04798391947134513,
           "initial_qty_pct": 0.038827246606339176,
           "markup_range": 0.031234669025628246,
           "min_markup": 0.005394879901985872,
           "n_close_orders": 9,
           "rentry_pprice_dist": 0.01770126324280316,
           "rentry_pprice_dist_wallet_exposure_weighting": 17.395384609483656,
           "wallet_exposure_limit": 1.0}}