{"config_name": "recursive_grid_ONDOUSDT_120days",
 "logging_level": 0,
 "long": {"auto_unstuck_delay_minutes": 689.410079845928,
          "auto_unstuck_ema_dist": 0.03394640991465489,
          "auto_unstuck_qty_pct": 0.01,
          "auto_unstuck_wallet_exposure_threshold": 0.09152600642111136,
          "backwards_tp": false,
          "ddown_factor": 0.4890742327305867,
          "ema_span_0": 1317.165345530138,
          "ema_span_1": 1101.4362856279872,
          "enabled": true,
          "initial_eprice_ema_dist": 0.0013558966034202607,
          "initial_qty_pct": 0.045364488565869526,
          "markup_range": 0.012467231851345654,
          "min_markup": 0.03543353615895077,
          "n_close_orders": 4,
          "rentry_pprice_dist": 0.011683696737169307,
          "rentry_pprice_dist_wallet_exposure_weighting": 5.087125345961234,
          "wallet_exposure_limit": 1},
 "short": {"auto_unstuck_delay_minutes": 1078.965187545103,
           "auto_unstuck_ema_dist": -0.04757411990008784,
           "auto_unstuck_qty_pct": 0.02015723107740261,
           "auto_unstuck_wallet_exposure_threshold": 0.7520939512613865,
           "backwards_tp": false,
           "ddown_factor": 1.996479216979859,
           "ema_span_0": 1172.5529416502268,
           "ema_span_1": 889.982319108515,
           "enabled": false,
           "initial_eprice_ema_dist": -0.08765201429317694,
           "initial_qty_pct": 0.04703057679773015,
           "markup_range": 0.03360633790483505,
           "min_markup": 0.006510702422343792,
           "n_close_orders": 15,
           "rentry_pprice_dist": 0.03944673473617576,
           "rentry_pprice_dist_wallet_exposure_weighting": 0.07756841845578899,
           "wallet_exposure_limit": 1.0}}