{"config_name": "recursive_grid_TIAUSDT_121days",
 "logging_level": 0,
 "long": {"auto_unstuck_delay_minutes": 1084.897962665558,
          "auto_unstuck_ema_dist": -0.0735200077809825,
          "auto_unstuck_qty_pct": 0.09087059850827439,
          "auto_unstuck_wallet_exposure_threshold": 0.07102738887846435,
          "backwards_tp": false,
          "ddown_factor": 1.4105380534065064,
          "ema_span_0": 642.2026038466695,
          "ema_span_1": 726.1694929701409,
          "enabled": true,
          "initial_eprice_ema_dist": 0.0020471347678128454,
          "initial_qty_pct": 0.09189638907374223,
          "markup_range": 0.01835543401141639,
          "min_markup": 0.02936687669852424,
          "n_close_orders": 5,
          "rentry_pprice_dist": 0.04300930434908219,
          "rentry_pprice_dist_wallet_exposure_weighting": 1.1588092989263312,
          "wallet_exposure_limit": 1},
 "short": {"auto_unstuck_delay_minutes": 0.0,
           "auto_unstuck_ema_dist": 0.0,
           "auto_unstuck_qty_pct": 0.0,
           "auto_unstuck_wallet_exposure_threshold": 0.0,
           "backwards_tp": false,
           "ddown_factor": 0.6485215361764568,
           "ema_span_0": 752.2534247370088,
           "ema_span_1": 436.50366219230693,
           "enabled": false,
           "initial_eprice_ema_dist": -0.008535338158687825,
           "initial_qty_pct": 0.009638629562728557,
           "markup_range": 0.0010707572784761045,
           "min_markup": 0.00794555245384445,
           "n_close_orders": 11,
           "rentry_pprice_dist": 0.031885058377375965,
           "rentry_pprice_dist_wallet_exposure_weighting": 2.5737710509923035,
           "wallet_exposure_limit": 1.0}}