{"config_name": "recursive_grid_MATICUSDT_366days",
 "logging_level": 0,
 "long": {"auto_unstuck_delay_minutes": 728.4158913385589,
          "auto_unstuck_ema_dist": -0.05864250146288148,
          "auto_unstuck_qty_pct": 0.06238008742007759,
          "auto_unstuck_wallet_exposure_threshold": 0.12955398754315078,
          "backwards_tp": true,
          "ddown_factor": 1.8599396643742232,
          "ema_span_0": 2231.43721315262,
          "ema_span_1": 1017.4952328956383,
          "enabled": true,
          "initial_eprice_ema_dist": 0.0003861580337006977,
          "initial_qty_pct": 0.03064725262321584,
          "markup_range": 0.02403456464132912,
          "min_markup": 0.011027891057601245,
          "n_close_orders": 3,
          "rentry_pprice_dist": 0.04574842664988779,
          "rentry_pprice_dist_wallet_exposure_weighting": 3.1611981359281462,
          "wallet_exposure_limit": 1},
 "short": {"auto_unstuck_delay_minutes": 0.0,
           "auto_unstuck_ema_dist": 0.0,
           "auto_unstuck_qty_pct": 0.0,
           "auto_unstuck_wallet_exposure_threshold": 0.0,
           "backwards_tp": true,
           "ddown_factor": 0.8165816182144129,
           "ema_span_0": 628.0143212568046,
           "ema_span_1": 1129.2539066350419,
           "enabled": false,
           "initial_eprice_ema_dist": 0.0004915480622733667,
           "initial_qty_pct": 0.005762661170548622,
           "markup_range": 0.005630937360913186,
           "min_markup": 0.001311369946621381,
           "n_close_orders": 5,
           "rentry_pprice_dist": 0.05815538756618626,
           "rentry_pprice_dist_wallet_exposure_weighting": 2.9901328250027643,
           "wallet_exposure_limit": 1.0}}