{"config_name": "recursive_grid_TONUSDT_212days",
 "logging_level": 0,
 "long": {"auto_unstuck_delay_minutes": 1015.2111432177312,
          "auto_unstuck_ema_dist": -0.015746394092013463,
          "auto_unstuck_qty_pct": 0.01,
          "auto_unstuck_wallet_exposure_threshold": 0.08038414643368,
          "backwards_tp": false,
          "ddown_factor": 1.47016648052437,
          "ema_span_0": 1260.5597700634908,
          "ema_span_1": 836.0562788276131,
          "enabled": true,
          "initial_eprice_ema_dist": 0.008449189917321546,
          "initial_qty_pct": 0.05,
          "markup_range": 0.04466123897646586,
          "min_markup": 0.009144192707474352,
          "n_close_orders": 5,
          "rentry_pprice_dist": 0.049180016233674725,
          "rentry_pprice_dist_wallet_exposure_weighting": 4.5484866188822535,
          "wallet_exposure_limit": 1.0},
 "short": {"auto_unstuck_delay_minutes": 1168.7250145757657,
           "auto_unstuck_ema_dist": -0.06437801541290947,
           "auto_unstuck_qty_pct": 0.053209115691705,
           "auto_unstuck_wallet_exposure_threshold": 0.3092751599272422,
           "backwards_tp": true,
           "ddown_factor": 0.12183192535604823,
           "ema_span_0": 1108.1053820534314,
           "ema_span_1": 560.1241461376703,
           "enabled": false,
           "initial_eprice_ema_dist": -0.003657535613222046,
           "initial_qty_pct": 0.029699037975387303,
           "markup_range": 0.03180569060788299,
           "min_markup": 0.0021923133349486534,
           "n_close_orders": 12,
           "rentry_pprice_dist": 0.03854936049736765,
           "rentry_pprice_dist_wallet_exposure_weighting": 14.458865048199526,
           "wallet_exposure_limit": 1.0}}