{"config_name": "recursive_grid_FTMUSDT_994days",
 "logging_level": 0,
 "long": {"auto_unstuck_delay_minutes": 0.0,
          "auto_unstuck_ema_dist": 0.0,
          "auto_unstuck_qty_pct": 0.0,
          "auto_unstuck_wallet_exposure_threshold": 0.0,
          "backwards_tp": false,
          "ddown_factor": 0.43119023059187667,
          "ema_span_0": 160.95190752713455,
          "ema_span_1": 1365.27203494157,
          "enabled": true,
          "initial_eprice_ema_dist": 0.09503122809493758,
          "initial_qty_pct": 0.04,
          "markup_range": 0.024037364592730696,
          "min_markup": 0.01614218420194003,
          "n_close_orders": 2,
          "rentry_pprice_dist": 0.03246419641711569,
          "rentry_pprice_dist_wallet_exposure_weighting": 9.145002680797658,
          "wallet_exposure_limit": 1.0},
 "short": {"auto_unstuck_delay_minutes": 1054.0786658727184,
           "auto_unstuck_ema_dist": -0.09551990705360874,
           "auto_unstuck_qty_pct": 0.013588946062373358,
           "auto_unstuck_wallet_exposure_threshold": 0.2421191784372841,
           "backwards_tp": false,
           "ddown_factor": 2.227065995280982,
           "ema_span_0": 956.1964628072809,
           "ema_span_1": 122.48175758018496,
           "enabled": false,
           "initial_eprice_ema_dist": -0.08985457168587613,
           "initial_qty_pct": 0.03244824748094235,
           "markup_range": 0.04456609555915127,
           "min_markup": 0.005308020925993415,
           "n_close_orders": 7,
           "rentry_pprice_dist": 0.035625944396475984,
           "rentry_pprice_dist_wallet_exposure_weighting": 15.105713125656603,
           "wallet_exposure_limit": 1.0}}