{"config_name": "recursive_grid_ETHUSDT_143days",
 "logging_level": 0,
 "long": {"auto_unstuck_delay_minutes": 654.3093551617792,
          "auto_unstuck_ema_dist": 0.013006961518906169,
          "auto_unstuck_qty_pct": 0.01,
          "auto_unstuck_wallet_exposure_threshold": 0.03994777386914831,
          "backwards_tp": false,
          "ddown_factor": 0.5215799976936176,
          "ema_span_0": 403.3145395139318,
          "ema_span_1": 681.3946917472477,
          "enabled": true,
          "initial_eprice_ema_dist": 0.006415336458828002,
          "initial_qty_pct": 0.035619712250386557,
          "markup_range": 0.030557695251599463,
          "min_markup": 0.010697890308563818,
          "n_close_orders": 8,
          "rentry_pprice_dist": 0.00604397050636018,
          "rentry_pprice_dist_wallet_exposure_weighting": 7.547854233532107,
          "wallet_exposure_limit": 1},
 "short": {"auto_unstuck_delay_minutes": 11.038070045344769,
           "auto_unstuck_ema_dist": -0.018687343905259793,
           "auto_unstuck_qty_pct": 0.02843646076536474,
           "auto_unstuck_wallet_exposure_threshold": 0.8339349961353284,
           "backwards_tp": false,
           "ddown_factor": 0.6749418940222401,
           "ema_span_0": 1326.2379865115413,
           "ema_span_1": 652.9770238239514,
           "enabled": false,
           "initial_eprice_ema_dist": -0.08048099991625993,
           "initial_qty_pct": 0.02044901418194235,
           "markup_range": 0.04388807111842519,
           "min_markup": 0.008219479243278292,
           "n_close_orders": 9,
           "rentry_pprice_dist": 0.03279599394668745,
           "rentry_pprice_dist_wallet_exposure_weighting": 18.89659134786249,
           "wallet_exposure_limit": 1.0}}