{"config_name": "recursive_grid_ORDIUSDT_143days",
 "logging_level": 0,
 "long": {"auto_unstuck_delay_minutes": 1198.046545233116,
          "auto_unstuck_ema_dist": -0.01086172022678319,
          "auto_unstuck_qty_pct": 0.01,
          "auto_unstuck_wallet_exposure_threshold": 0.04057473307539212,
          "backwards_tp": false,
          "ddown_factor": 0.5127485467298687,
          "ema_span_0": 409.87503324354157,
          "ema_span_1": 701.7823651368687,
          "enabled": true,
          "initial_eprice_ema_dist": 0.012292812053564606,
          "initial_qty_pct": 0.048608273175720335,
          "markup_range": 0.026845598651151638,
          "min_markup": 0.009955448533017334,
          "n_close_orders": 7,
          "rentry_pprice_dist": 0.015720886461849597,
          "rentry_pprice_dist_wallet_exposure_weighting": 9.592776762087418,
          "wallet_exposure_limit": 1},
 "short": {"auto_unstuck_delay_minutes": 160.36928709606113,
           "auto_unstuck_ema_dist": -0.061136068591297346,
           "auto_unstuck_qty_pct": 0.019611419354194477,
           "auto_unstuck_wallet_exposure_threshold": 0.7654973628516429,
           "backwards_tp": false,
           "ddown_factor": 1.7381241632598805,
           "ema_span_0": 1316.6411803583526,
           "ema_span_1": 265.66493797572724,
           "enabled": false,
           "initial_eprice_ema_dist": -0.09650370753114365,
           "initial_qty_pct": 0.03289010549856585,
           "markup_range": 0.009311426499095153,
           "min_markup": 0.0066490768945076445,
           "n_close_orders": 2,
           "rentry_pprice_dist": 0.023533145730577413,
           "rentry_pprice_dist_wallet_exposure_weighting": 16.85824272497179,
           "wallet_exposure_limit": 1.0}}