{"config_name": "recursive_grid_KASUSDT_238days",
 "logging_level": 0,
 "long": {"auto_unstuck_delay_minutes": 513.212989811416,
          "auto_unstuck_ema_dist": -0.00915576537259197,
          "auto_unstuck_qty_pct": 0.01,
          "auto_unstuck_wallet_exposure_threshold": 0.07195677071428412,
          "backwards_tp": false,
          "ddown_factor": 1.7434844310810258,
          "ema_span_0": 669.9001835863352,
          "ema_span_1": 1051.6543090163573,
          "enabled": true,
          "initial_eprice_ema_dist": 0.0030296167698492704,
          "initial_qty_pct": 0.05,
          "markup_range": 0.046671342034318365,
          "min_markup": 0.008962485899791348,
          "n_close_orders": 7,
          "rentry_pprice_dist": 0.020133647062488297,
          "rentry_pprice_dist_wallet_exposure_weighting": 0.9036576656289852,
          "wallet_exposure_limit": 1},
 "short": {"auto_unstuck_delay_minutes": 905.7575609972698,
           "auto_unstuck_ema_dist": -0.000408423707278352,
           "auto_unstuck_qty_pct": 0.09142389373910427,
           "auto_unstuck_wallet_exposure_threshold": 0.22221132353855788,
           "backwards_tp": true,
           "ddown_factor": 1.5199419119383477,
           "ema_span_0": 281.3118787047953,
           "ema_span_1": 484.5096901686251,
           "enabled": false,
           "initial_eprice_ema_dist": -0.041778966121250205,
           "initial_qty_pct": 0.028672084057412214,
           "markup_range": 0.04600467680297812,
           "min_markup": 0.00556976130746648,
           "n_close_orders": 5,
           "rentry_pprice_dist": 0.04262448251470928,
           "rentry_pprice_dist_wallet_exposure_weighting": 1.8426217840193648,
           "wallet_exposure_limit": 1.0}}