{"config_name": "recursive_grid_STXUSDT_454days",
 "logging_level": 0,
 "long": {"auto_unstuck_delay_minutes": 1275.4534662563697,
          "auto_unstuck_ema_dist": 0.03705548351741647,
          "auto_unstuck_qty_pct": 0.01,
          "auto_unstuck_wallet_exposure_threshold": 0.038737221496099594,
          "backwards_tp": false,
          "ddown_factor": 0.5906820526495047,
          "ema_span_0": 1104.9858849527773,
          "ema_span_1": 695.5925442056698,
          "enabled": true,
          "initial_eprice_ema_dist": 0.009080222337686959,
          "initial_qty_pct": 0.05,
          "markup_range": 0.05179761318754167,
          "min_markup": 0.0023010281122235483,
          "n_close_orders": 6,
          "rentry_pprice_dist": 0.04111467014239158,
          "rentry_pprice_dist_wallet_exposure_weighting": 2.269831525492473,
          "wallet_exposure_limit": 1.0},
 "short": {"auto_unstuck_delay_minutes": 1355.7328542379976,
           "auto_unstuck_ema_dist": -0.033168853535938625,
           "auto_unstuck_qty_pct": 0.03389266123106274,
           "auto_unstuck_wallet_exposure_threshold": 0.42082062756506233,
           "backwards_tp": true,
           "ddown_factor": 1.3303606150320657,
           "ema_span_0": 468.5156477359321,
           "ema_span_1": 1246.4178843050151,
           "enabled": false,
           "initial_eprice_ema_dist": -0.02328235391461926,
           "initial_qty_pct": 0.016545886985624755,
           "markup_range": 0.04567711165393272,
           "min_markup": 0.003983157090710711,
           "n_close_orders": 8,
           "rentry_pprice_dist": 0.04306684463250169,
           "rentry_pprice_dist_wallet_exposure_weighting": 9.750380365021083,
           "wallet_exposure_limit": 1.0}}