{"config_name": "recursive_grid_SHIB1000USDT_156days",
 "logging_level": 0,
 "long": {"auto_unstuck_delay_minutes": 651.8369402327733,
          "auto_unstuck_ema_dist": -0.026649334723939877,
          "auto_unstuck_qty_pct": 0.01,
          "auto_unstuck_wallet_exposure_threshold": 0.05723251303584846,
          "backwards_tp": false,
          "ddown_factor": 0.5039601937491356,
          "ema_span_0": 395.3422500693574,
          "ema_span_1": 408.395242437935,
          "enabled": true,
          "initial_eprice_ema_dist": -0.02086107478282059,
          "initial_qty_pct": 0.04694617788834433,
          "markup_range": 0.033821904124290175,
          "min_markup": 0.009577861061111153,
          "n_close_orders": 5,
          "rentry_pprice_dist": 0.011864589121133615,
          "rentry_pprice_dist_wallet_exposure_weighting": 14.002909091449395,
          "wallet_exposure_limit": 1.0},
 "short": {"auto_unstuck_delay_minutes": 815.7195560979344,
           "auto_unstuck_ema_dist": -0.0759663443452942,
           "auto_unstuck_qty_pct": 0.045231392777409625,
           "auto_unstuck_wallet_exposure_threshold": 0.27544146085039883,
           "backwards_tp": false,
           "ddown_factor": 0.40056042147013704,
           "ema_span_0": 223.92124607100766,
           "ema_span_1": 329.41850121792476,
           "enabled": false,
           "initial_eprice_ema_dist": -0.06300424646375431,
           "initial_qty_pct": 0.04512079978858009,
           "markup_range": 0.04767881876866799,
           "min_markup": 0.008377644901630309,
           "n_close_orders": 12,
           "rentry_pprice_dist": 0.0482100310875265,
           "rentry_pprice_dist_wallet_exposure_weighting": 15.979104176686835,
           "wallet_exposure_limit": 1.0}}