{"config_name": "recursive_grid_1000PEPEUSDT_302days",
 "logging_level": 0,
 "long": {"auto_unstuck_delay_minutes": 933.4555221777505,
          "auto_unstuck_ema_dist": -0.1,
          "auto_unstuck_qty_pct": 0.07041422016901741,
          "auto_unstuck_wallet_exposure_threshold": 0.046918408593307454,
          "backwards_tp": false,
          "ddown_factor": 0.23281057680005948,
          "ema_span_0": 317.859393229945,
          "ema_span_1": 376.1378153903045,
          "enabled": true,
          "initial_eprice_ema_dist": -0.007143598317642705,
          "initial_qty_pct": 0.03579948187677029,
          "markup_range": 0.006242726679190909,
          "min_markup": 0.012270432722294314,
          "n_close_orders": 5,
          "rentry_pprice_dist": 0.049958263413121914,
          "rentry_pprice_dist_wallet_exposure_weighting": 0.643022598956196,
          "wallet_exposure_limit": 1},
 "short": {"auto_unstuck_delay_minutes": 0.0,
           "auto_unstuck_ema_dist": 0.0,
           "auto_unstuck_qty_pct": 0.0,
           "auto_unstuck_wallet_exposure_threshold": 0.0,
           "backwards_tp": false,
           "ddown_factor": 1.929490022377074,
           "ema_span_0": 1208.704424868055,
           "ema_span_1": 1288.5681867766061,
           "enabled": false,
           "initial_eprice_ema_dist": 0.001477334679494723,
           "initial_qty_pct": 0.014833268966961796,
           "markup_range": 0.0012925099777031646,
           "min_markup": 0.005521446472728722,
           "n_close_orders": 5,
           "rentry_pprice_dist": 0.009083988570477559,
           "rentry_pprice_dist_wallet_exposure_weighting": 2.089869840658337,
           "wallet_exposure_limit": 1.0}}