{"config_name": "recursive_grid_MATICUSDT_366days",
 "logging_level": 0,
 "long": {"auto_unstuck_delay_minutes": 1241.422470522607,
          "auto_unstuck_ema_dist": 0.00564284762921608,
          "auto_unstuck_qty_pct": 0.01,
          "auto_unstuck_wallet_exposure_threshold": 0.10023150622234345,
          "backwards_tp": true,
          "ddown_factor": 0.45084629008377036,
          "ema_span_0": 2440,
          "ema_span_1": 2387.948817375438,
          "enabled": true,
          "initial_eprice_ema_dist": 0.002988953299048864,
          "initial_qty_pct": 0.03456479490175984,
          "markup_range": 0.010850577409538795,
          "min_markup": 0.006509456676832118,
          "n_close_orders": 7,
          "rentry_pprice_dist": 0.05277146236421477,
          "rentry_pprice_dist_wallet_exposure_weighting": 3.864271239739807,
          "wallet_exposure_limit": 1},
 "short": {"auto_unstuck_delay_minutes": 0.0,
           "auto_unstuck_ema_dist": 0.0,
           "auto_unstuck_qty_pct": 0.0,
           "auto_unstuck_wallet_exposure_threshold": 0.0,
           "backwards_tp": true,
           "ddown_factor": 0.8165816182144129,
           "ema_span_0": 628.0143212568046,
           "ema_span_1": 1129.2539066350419,
           "enabled": false,
           "initial_eprice_ema_dist": 0.0004915480622733667,
           "initial_qty_pct": 0.005762661170548622,
           "markup_range": 0.005630937360913186,
           "min_markup": 0.001311369946621381,
           "n_close_orders": 5,
           "rentry_pprice_dist": 0.05815538756618626,
           "rentry_pprice_dist_wallet_exposure_weighting": 2.9901328250027643,
           "wallet_exposure_limit": 1.0}}