{"config_name": "recursive_grid_LTCUSDT_143days",
 "logging_level": 0,
 "long": {"auto_unstuck_delay_minutes": 1347.5245778594008,
          "auto_unstuck_ema_dist": -0.03014363609121462,
          "auto_unstuck_qty_pct": 0.01,
          "auto_unstuck_wallet_exposure_threshold": 0.04287820418858114,
          "backwards_tp": false,
          "ddown_factor": 0.42458329269546924,
          "ema_span_0": 1132.206236997876,
          "ema_span_1": 938.0275596742104,
          "enabled": true,
          "initial_eprice_ema_dist": -0.0017847865476246802,
          "initial_qty_pct": 0.04058687380272864,
          "markup_range": 0.016990289201540075,
          "min_markup": 0.01011421565878259,
          "n_close_orders": 7,
          "rentry_pprice_dist": 0.01175769928708389,
          "rentry_pprice_dist_wallet_exposure_weighting": 8.19322421593964,
          "wallet_exposure_limit": 1},
 "short": {"auto_unstuck_delay_minutes": 362.26770527981256,
           "auto_unstuck_ema_dist": -0.07455282968453275,
           "auto_unstuck_qty_pct": 0.035719660381431935,
           "auto_unstuck_wallet_exposure_threshold": 0.23903600042547712,
           "backwards_tp": false,
           "ddown_factor": 0.29447559417987385,
           "ema_span_0": 1376.8078963872306,
           "ema_span_1": 830.6927847149141,
           "enabled": false,
           "initial_eprice_ema_dist": -0.09015333383536821,
           "initial_qty_pct": 0.027896618258659106,
           "markup_range": 0.047962831089768516,
           "min_markup": 0.008091034529213533,
           "n_close_orders": 9,
           "rentry_pprice_dist": 0.006800514887850903,
           "rentry_pprice_dist_wallet_exposure_weighting": 1.6518268311569773,
           "wallet_exposure_limit": 1.0}}