{"config_name": "recursive_grid_BNBUSDT_156days",
 "logging_level": 0,
 "long": {"auto_unstuck_delay_minutes": 1056.4076588365053,
          "auto_unstuck_ema_dist": -0.047337098679740876,
          "auto_unstuck_qty_pct": 0.01,
          "auto_unstuck_wallet_exposure_threshold": 0.06504791960669486,
          "backwards_tp": false,
          "ddown_factor": 0.5721516068097254,
          "ema_span_0": 1261.4928113423389,
          "ema_span_1": 419.6490167391108,
          "enabled": true,
          "initial_eprice_ema_dist": -0.03513372094710067,
          "initial_qty_pct": 0.04632210020078836,
          "markup_range": 0.030331484452187356,
          "min_markup": 0.01646239430617269,
          "n_close_orders": 5,
          "rentry_pprice_dist": 0.00503082888270696,
          "rentry_pprice_dist_wallet_exposure_weighting": 7.779171190435952,
          "wallet_exposure_limit": 1},
 "short": {"auto_unstuck_delay_minutes": 1100.4533837204003,
           "auto_unstuck_ema_dist": -0.09320174509655833,
           "auto_unstuck_qty_pct": 0.0761982910296088,
           "auto_unstuck_wallet_exposure_threshold": 0.7405649673812915,
           "backwards_tp": false,
           "ddown_factor": 0.873754609188262,
           "ema_span_0": 312.23599971672246,
           "ema_span_1": 428.6144644975431,
           "enabled": false,
           "initial_eprice_ema_dist": -0.026888729997624372,
           "initial_qty_pct": 0.014669610718918369,
           "markup_range": 0.01684026801376565,
           "min_markup": 0.005591301998430662,
           "n_close_orders": 11,
           "rentry_pprice_dist": 0.010498151271654646,
           "rentry_pprice_dist_wallet_exposure_weighting": 18.284394275878455,
           "wallet_exposure_limit": 1.0}}