{"config_name": "recursive_grid_ARBUSDT_156days",
 "logging_level": 0,
 "long": {"auto_unstuck_delay_minutes": 1133.2597023075066,
          "auto_unstuck_ema_dist": 0.0019129851258141845,
          "auto_unstuck_qty_pct": 0.01,
          "auto_unstuck_wallet_exposure_threshold": 0.06203295565673566,
          "backwards_tp": false,
          "ddown_factor": 0.40307204032113353,
          "ema_span_0": 679.453079466771,
          "ema_span_1": 829.4132993405992,
          "enabled": true,
          "initial_eprice_ema_dist": 0.008544190852944483,
          "initial_qty_pct": 0.030953613992066992,
          "markup_range": 0.012944276823078667,
          "min_markup": 0.010073585705187123,
          "n_close_orders": 4,
          "rentry_pprice_dist": 0.013530516438982922,
          "rentry_pprice_dist_wallet_exposure_weighting": 9.986740007882775,
          "wallet_exposure_limit": 1},
 "short": {"auto_unstuck_delay_minutes": 26.02091081798773,
           "auto_unstuck_ema_dist": -0.03075922417833947,
           "auto_unstuck_qty_pct": 0.07096817004795129,
           "auto_unstuck_wallet_exposure_threshold": 0.38792928909348157,
           "backwards_tp": false,
           "ddown_factor": 2.4998104785848105,
           "ema_span_0": 1184.9253317097628,
           "ema_span_1": 788.6164168990657,
           "enabled": false,
           "initial_eprice_ema_dist": -0.03916613357402431,
           "initial_qty_pct": 0.04863382026858121,
           "markup_range": 0.03336593803153794,
           "min_markup": 0.001816244652241357,
           "n_close_orders": 3,
           "rentry_pprice_dist": 0.03750858840380881,
           "rentry_pprice_dist_wallet_exposure_weighting": 17.124263819272436,
           "wallet_exposure_limit": 1.0}}