{"config_name": "recursive_grid_LTCUSDT_453days",
 "logging_level": 0,
 "long": {"auto_unstuck_delay_minutes": 891.2775831214975,
          "auto_unstuck_ema_dist": -0.02262109936736021,
          "auto_unstuck_qty_pct": 0.01,
          "auto_unstuck_wallet_exposure_threshold": 0.05566280830477575,
          "backwards_tp": false,
          "ddown_factor": 1.9016224318591797,
          "ema_span_0": 718.8599456761474,
          "ema_span_1": 1001.8716973523524,
          "enabled": true,
          "initial_eprice_ema_dist": 0.007354177743492632,
          "initial_qty_pct": 0.05,
          "markup_range": 0.05335505602156008,
          "min_markup": 0.0084414475329818,
          "n_close_orders": 3,
          "rentry_pprice_dist": 0.024667601739711685,
          "rentry_pprice_dist_wallet_exposure_weighting": 0.8101207030239054,
          "wallet_exposure_limit": 1},
 "short": {"auto_unstuck_delay_minutes": 1332.6110287375418,
           "auto_unstuck_ema_dist": -0.06479148299008153,
           "auto_unstuck_qty_pct": 0.07060873295336485,
           "auto_unstuck_wallet_exposure_threshold": 0.7988484260582162,
           "backwards_tp": true,
           "ddown_factor": 0.41108176242638206,
           "ema_span_0": 1341.349799221492,
           "ema_span_1": 1327.7111322771752,
           "enabled": false,
           "initial_eprice_ema_dist": -0.06111434722369302,
           "initial_qty_pct": 0.03613529337366858,
           "markup_range": 0.012191747243281608,
           "min_markup": 0.0013663727654880658,
           "n_close_orders": 9,
           "rentry_pprice_dist": 0.04886600538964339,
           "rentry_pprice_dist_wallet_exposure_weighting": 11.41033471420863,
           "wallet_exposure_limit": 1.0}}