{"config_name": "recursive_grid_ADAUSDT_156days",
 "logging_level": 0,
 "long": {"auto_unstuck_delay_minutes": 1173.9912701331764,
          "auto_unstuck_ema_dist": 0.003246156921843657,
          "auto_unstuck_qty_pct": 0.01,
          "auto_unstuck_wallet_exposure_threshold": 0.04948554461882318,
          "backwards_tp": false,
          "ddown_factor": 0.5684334482379501,
          "ema_span_0": 1360.8079082342372,
          "ema_span_1": 1339.2146323401719,
          "enabled": true,
          "initial_eprice_ema_dist": 0.012141899719664687,
          "initial_qty_pct": 0.04427382908709096,
          "markup_range": 0.04260854462731003,
          "min_markup": 0.012103359529093593,
          "n_close_orders": 5,
          "rentry_pprice_dist": 0.014155103364210733,
          "rentry_pprice_dist_wallet_exposure_weighting": 12.730229411047752,
          "wallet_exposure_limit": 1},
 "short": {"auto_unstuck_delay_minutes": 400.10782833726086,
           "auto_unstuck_ema_dist": -0.0725431200881495,
           "auto_unstuck_qty_pct": 0.04379605017695803,
           "auto_unstuck_wallet_exposure_threshold": 0.24130045144321227,
           "backwards_tp": false,
           "ddown_factor": 1.3767533323189551,
           "ema_span_0": 1083.2560710635241,
           "ema_span_1": 664.5162528978369,
           "enabled": false,
           "initial_eprice_ema_dist": -0.054887146162398336,
           "initial_qty_pct": 0.036300968003809005,
           "markup_range": 0.049519114882618946,
           "min_markup": 0.007864214156399995,
           "n_close_orders": 13,
           "rentry_pprice_dist": 0.005003074493663587,
           "rentry_pprice_dist_wallet_exposure_weighting": 17.969865914848352,
           "wallet_exposure_limit": 1.0}}