{"config_name": "recursive_grid_DOTUSDT_1183days",
 "logging_level": 0,
 "long": {"auto_unstuck_delay_minutes": 0,
          "auto_unstuck_ema_dist": 0,
          "auto_unstuck_qty_pct": 0,
          "auto_unstuck_wallet_exposure_threshold": 0.0,
          "backwards_tp": false,
          "ddown_factor": 0.540873946536833,
          "ema_span_0": 993.3505779882612,
          "ema_span_1": 1140.712307217579,
          "enabled": true,
          "initial_eprice_ema_dist": 0.01968001631677044,
          "initial_qty_pct": 0.04,
          "markup_range": 0.015042098320033136,
          "min_markup": 0.008020446767878258,
          "n_close_orders": 2,
          "rentry_pprice_dist": 0.03506269333638503,
          "rentry_pprice_dist_wallet_exposure_weighting": 10.48614799074656,
          "wallet_exposure_limit": 1},
 "short": {"auto_unstuck_delay_minutes": 132.0033644249564,
           "auto_unstuck_ema_dist": -0.05978206310072412,
           "auto_unstuck_qty_pct": 0.09890179373517208,
           "auto_unstuck_wallet_exposure_threshold": 0.2275945900258443,
           "backwards_tp": false,
           "ddown_factor": 1.1251702231721017,
           "ema_span_0": 1298.7695751416927,
           "ema_span_1": 794.4961891212345,
           "enabled": false,
           "initial_eprice_ema_dist": -0.06630435566518256,
           "initial_qty_pct": 0.039554143711369616,
           "markup_range": 0.05139885263241337,
           "min_markup": 0.009213997647422163,
           "n_close_orders": 8,
           "rentry_pprice_dist": 0.013510460048892593,
           "rentry_pprice_dist_wallet_exposure_weighting": 19.526787521355836,
           "wallet_exposure_limit": 1.0}}