{"config_name": "recursive_grid_ETHUSDT_143days",
 "logging_level": 0,
 "long": {"auto_unstuck_delay_minutes": 836.9183720699397,
          "auto_unstuck_ema_dist": -0.016271444414342508,
          "auto_unstuck_qty_pct": 0.01,
          "auto_unstuck_wallet_exposure_threshold": 0.06429195901498136,
          "backwards_tp": false,
          "ddown_factor": 0.5227645107029131,
          "ema_span_0": 788.1658170381937,
          "ema_span_1": 168.77968168875827,
          "enabled": true,
          "initial_eprice_ema_dist": 0.01695520110376922,
          "initial_qty_pct": 0.039810310145107324,
          "markup_range": 0.049930926960069254,
          "min_markup": 0.03964386176109536,
          "n_close_orders": 7,
          "rentry_pprice_dist": 0.021555516727917726,
          "rentry_pprice_dist_wallet_exposure_weighting": 11.999257795632332,
          "wallet_exposure_limit": 1.0},
 "short": {"auto_unstuck_delay_minutes": 47.64573216907015,
           "auto_unstuck_ema_dist": -0.07811695136396708,
           "auto_unstuck_qty_pct": 0.09320118701069029,
           "auto_unstuck_wallet_exposure_threshold": 0.1248932782284748,
           "backwards_tp": false,
           "ddown_factor": 2.7849095197208484,
           "ema_span_0": 435.43670442791836,
           "ema_span_1": 1217.9051301202344,
           "enabled": false,
           "initial_eprice_ema_dist": -0.07270345269788325,
           "initial_qty_pct": 0.024628310148518053,
           "markup_range": 0.014900128309028312,
           "min_markup": 0.00818917265564061,
           "n_close_orders": 12,
           "rentry_pprice_dist": 0.04738533430688263,
           "rentry_pprice_dist_wallet_exposure_weighting": 2.342255803626263,
           "wallet_exposure_limit": 1.0}}