{"config_name": "recursive_grid_RNDRUSDT_365days",
 "logging_level": 0,
 "long": {"auto_unstuck_delay_minutes": 278.21195284811125,
          "auto_unstuck_ema_dist": -0.06307717183343667,
          "auto_unstuck_qty_pct": 0.030407299006206107,
          "auto_unstuck_wallet_exposure_threshold": 0.1291129992011187,
          "backwards_tp": false,
          "ddown_factor": 0.7719887776431649,
          "ema_span_0": 1055.9373488454876,
          "ema_span_1": 1182.7155037369566,
          "enabled": true,
          "initial_eprice_ema_dist": -0.02147176986181734,
          "initial_qty_pct": 0.05,
          "markup_range": 0.013556984866292386,
          "min_markup": 0.012944510973122991,
          "n_close_orders": 2,
          "rentry_pprice_dist": 0.032467584172594,
          "rentry_pprice_dist_wallet_exposure_weighting": 1.1302216201184954,
          "wallet_exposure_limit": 1},
 "short": {"auto_unstuck_delay_minutes": 557.1623902145508,
           "auto_unstuck_ema_dist": -0.0788543278473254,
           "auto_unstuck_qty_pct": 0.020927379362645774,
           "auto_unstuck_wallet_exposure_threshold": 0.1043524157507637,
           "backwards_tp": false,
           "ddown_factor": 0.14361694744540343,
           "ema_span_0": 1178.5830222514237,
           "ema_span_1": 1318.2673459396747,
           "enabled": false,
           "initial_eprice_ema_dist": -0.0010372872475269985,
           "initial_qty_pct": 0.016366623167781612,
           "markup_range": 0.0014602058694665333,
           "min_markup": 0.0324885977731205,
           "n_close_orders": 16,
           "rentry_pprice_dist": 0.043572328619424054,
           "rentry_pprice_dist_wallet_exposure_weighting": 1.732780471126198,
           "wallet_exposure_limit": 1.0}}