{"config_name": "recursive_grid_10000LADYSUSDT_323days",
 "logging_level": 0,
 "long": {"auto_unstuck_delay_minutes": 1357.7174079797087,
          "auto_unstuck_ema_dist": -0.024763574861493144,
          "auto_unstuck_qty_pct": 0.01,
          "auto_unstuck_wallet_exposure_threshold": 0.03886931607401487,
          "backwards_tp": false,
          "ddown_factor": 1.2139180551610687,
          "ema_span_0": 644.6140272009982,
          "ema_span_1": 980.9783745507511,
          "enabled": true,
          "initial_eprice_ema_dist": 0.01,
          "initial_qty_pct": 0.05,
          "markup_range": 0.0330641904648203,
          "min_markup": 0.004897407583409995,
          "n_close_orders": 5,
          "rentry_pprice_dist": 0.03151181109675858,
          "rentry_pprice_dist_wallet_exposure_weighting": 1.8737076329501956,
          "wallet_exposure_limit": 1},
 "short": {"auto_unstuck_delay_minutes": 1342.2081550662303,
           "auto_unstuck_ema_dist": -0.0844627790018943,
           "auto_unstuck_qty_pct": 0.04917864343181691,
           "auto_unstuck_wallet_exposure_threshold": 0.42690574399917813,
           "backwards_tp": true,
           "ddown_factor": 1.6767354944175827,
           "ema_span_0": 1046.9952210067866,
           "ema_span_1": 766.7172642894074,
           "enabled": false,
           "initial_eprice_ema_dist": -0.09512874050729273,
           "initial_qty_pct": 0.04379043386863471,
           "markup_range": 0.002905640040821855,
           "min_markup": 0.0026603299370767104,
           "n_close_orders": 16,
           "rentry_pprice_dist": 0.049911387701900393,
           "rentry_pprice_dist_wallet_exposure_weighting": 16.36500211680444,
           "wallet_exposure_limit": 1.0}}