{"config_name": "recursive_grid_RLCUSDT_374days",
 "logging_level": 0,
 "long": {"auto_unstuck_delay_minutes": 790.7385025757359,
          "auto_unstuck_ema_dist": 0.014750537630021016,
          "auto_unstuck_qty_pct": 0.01,
          "auto_unstuck_wallet_exposure_threshold": 0.045738078229302856,
          "backwards_tp": false,
          "ddown_factor": 0.9942087696187196,
          "ema_span_0": 1099.6525949152092,
          "ema_span_1": 1253.2506736724438,
          "enabled": true,
          "initial_eprice_ema_dist": 0.002000591551145674,
          "initial_qty_pct": 0.05,
          "markup_range": 0.027767283450027908,
          "min_markup": 0.007690174878571908,
          "n_close_orders": 4,
          "rentry_pprice_dist": 0.04601141543109723,
          "rentry_pprice_dist_wallet_exposure_weighting": 1.2785300403080948,
          "wallet_exposure_limit": 1.0},
 "short": {"auto_unstuck_delay_minutes": 460.6651594376003,
           "auto_unstuck_ema_dist": -0.06188509117262921,
           "auto_unstuck_qty_pct": 0.05429031017792954,
           "auto_unstuck_wallet_exposure_threshold": 0.26667701797907545,
           "backwards_tp": true,
           "ddown_factor": 0.11975229077887599,
           "ema_span_0": 764.1183332002096,
           "ema_span_1": 1290.5204173307197,
           "enabled": false,
           "initial_eprice_ema_dist": -0.05133742728746374,
           "initial_qty_pct": 0.035990854024166706,
           "markup_range": 0.0017830501957090794,
           "min_markup": 0.003146572291285039,
           "n_close_orders": 3,
           "rentry_pprice_dist": 0.01063874705511438,
           "rentry_pprice_dist_wallet_exposure_weighting": 19.17274559035568,
           "wallet_exposure_limit": 1.0}}