{"config_name": "recursive_grid_ICPUSDT_1002days",
 "logging_level": 0,
 "long": {"auto_unstuck_delay_minutes": 0,
          "auto_unstuck_ema_dist": 0,
          "auto_unstuck_qty_pct": 0,
          "auto_unstuck_wallet_exposure_threshold": 0.0,
          "backwards_tp": false,
          "ddown_factor": 0.5201722067767178,
          "ema_span_0": 1043.239329590744,
          "ema_span_1": 1355.2467118713566,
          "enabled": true,
          "initial_eprice_ema_dist": 0.02592567800034168,
          "initial_qty_pct": 0.04,
          "markup_range": 0.037438008201148516,
          "min_markup": 0.00930185009395961,
          "n_close_orders": 2,
          "rentry_pprice_dist": 0.019243147158752687,
          "rentry_pprice_dist_wallet_exposure_weighting": 9.179260741317966,
          "wallet_exposure_limit": 1},
 "short": {"auto_unstuck_delay_minutes": 154.53503954008127,
           "auto_unstuck_ema_dist": -0.06705085744971245,
           "auto_unstuck_qty_pct": 0.06519908051409237,
           "auto_unstuck_wallet_exposure_threshold": 0.6395129145507449,
           "backwards_tp": false,
           "ddown_factor": 2.787970581011822,
           "ema_span_0": 686.0695634467183,
           "ema_span_1": 884.0902968746484,
           "enabled": false,
           "initial_eprice_ema_dist": -0.023135475907152175,
           "initial_qty_pct": 0.020780505936050478,
           "markup_range": 0.004501348829009994,
           "min_markup": 0.005683794248502903,
           "n_close_orders": 10,
           "rentry_pprice_dist": 0.019077239916156997,
           "rentry_pprice_dist_wallet_exposure_weighting": 16.547426909222292,
           "wallet_exposure_limit": 1.0}}