{"config_name": "recursive_grid_SOLUSDT_454days",
 "logging_level": 0,
 "long": {"auto_unstuck_delay_minutes": 684.5593590161179,
          "auto_unstuck_ema_dist": -0.045767657987819815,
          "auto_unstuck_qty_pct": 0.01,
          "auto_unstuck_wallet_exposure_threshold": 0.04352927116849383,
          "backwards_tp": false,
          "ddown_factor": 1.257521060353647,
          "ema_span_0": 681.5656572676227,
          "ema_span_1": 971.1902696334826,
          "enabled": true,
          "initial_eprice_ema_dist": 0.0031493568909190073,
          "initial_qty_pct": 0.05,
          "markup_range": 0.0488279716629724,
          "min_markup": 0.009334633286392337,
          "n_close_orders": 7,
          "rentry_pprice_dist": 0.02634514642461998,
          "rentry_pprice_dist_wallet_exposure_weighting": 1.2334753190557557,
          "wallet_exposure_limit": 1},
 "short": {"auto_unstuck_delay_minutes": 651.1191515796913,
           "auto_unstuck_ema_dist": -0.009391963480590307,
           "auto_unstuck_qty_pct": 0.05491700238105324,
           "auto_unstuck_wallet_exposure_threshold": 0.35348510232454,
           "backwards_tp": true,
           "ddown_factor": 1.483344745398159,
           "ema_span_0": 1223.6182967383534,
           "ema_span_1": 182.67192375470134,
           "enabled": false,
           "initial_eprice_ema_dist": -0.05700801695993667,
           "initial_qty_pct": 0.049781870689185964,
           "markup_range": 0.016499116696811603,
           "min_markup": 0.0070890096927309154,
           "n_close_orders": 6,
           "rentry_pprice_dist": 0.019246370567909232,
           "rentry_pprice_dist_wallet_exposure_weighting": 2.758463402012936,
           "wallet_exposure_limit": 1.0}}