{"config_name": "recursive_grid_ATOMUSDT_156days",
 "logging_level": 0,
 "long": {"auto_unstuck_delay_minutes": 823.151492178763,
          "auto_unstuck_ema_dist": -0.02928765644349368,
          "auto_unstuck_qty_pct": 0.01,
          "auto_unstuck_wallet_exposure_threshold": 0.09570608435718152,
          "backwards_tp": false,
          "ddown_factor": 0.6,
          "ema_span_0": 1245.5681835274092,
          "ema_span_1": 1357.9360127728446,
          "enabled": true,
          "initial_eprice_ema_dist": -0.0003698922495763632,
          "initial_qty_pct": 0.03413687869258763,
          "markup_range": 0.04932262285988759,
          "min_markup": 0.00881259330839521,
          "n_close_orders": 4,
          "rentry_pprice_dist": 0.025132158141942737,
          "rentry_pprice_dist_wallet_exposure_weighting": 9.573342804658523,
          "wallet_exposure_limit": 1},
 "short": {"auto_unstuck_delay_minutes": 223.2433966915317,
           "auto_unstuck_ema_dist": -0.08514425569528335,
           "auto_unstuck_qty_pct": 0.0866638411015254,
           "auto_unstuck_wallet_exposure_threshold": 0.11693907210242226,
           "backwards_tp": false,
           "ddown_factor": 1.9471707302086165,
           "ema_span_0": 704.0665549691391,
           "ema_span_1": 233.15183725851472,
           "enabled": false,
           "initial_eprice_ema_dist": -0.09560132516385116,
           "initial_qty_pct": 0.0232436180786838,
           "markup_range": 0.027578609810787073,
           "min_markup": 0.007796392439571877,
           "n_close_orders": 14,
           "rentry_pprice_dist": 0.005163052707950203,
           "rentry_pprice_dist_wallet_exposure_weighting": 12.091533095353588,
           "wallet_exposure_limit": 1.0}}