{"config_name": "recursive_grid_XLMUSDT_1063days",
 "logging_level": 0,
 "long": {"auto_unstuck_delay_minutes": 0,
          "auto_unstuck_ema_dist": 0,
          "auto_unstuck_qty_pct": 0,
          "auto_unstuck_wallet_exposure_threshold": 0.0,
          "backwards_tp": false,
          "ddown_factor": 0.4262156402493024,
          "ema_span_0": 844.2369193982321,
          "ema_span_1": 804.5002749563334,
          "enabled": true,
          "initial_eprice_ema_dist": 0.03264951632578008,
          "initial_qty_pct": 0.04,
          "markup_range": 0.047225699698489054,
          "min_markup": 0.03,
          "n_close_orders": 4,
          "rentry_pprice_dist": 0.024998510485062173,
          "rentry_pprice_dist_wallet_exposure_weighting": 10.940548297562698,
          "wallet_exposure_limit": 1},
 "short": {"auto_unstuck_delay_minutes": 1075.9523179791038,
           "auto_unstuck_ema_dist": -0.09948066010785055,
           "auto_unstuck_qty_pct": 0.09258288470682345,
           "auto_unstuck_wallet_exposure_threshold": 0.33367198177554275,
           "backwards_tp": false,
           "ddown_factor": 1.3426259096098476,
           "ema_span_0": 1141.3141276715,
           "ema_span_1": 403.32839557041154,
           "enabled": false,
           "initial_eprice_ema_dist": -0.015232605334076277,
           "initial_qty_pct": 0.046544701891004785,
           "markup_range": 0.03531780468306571,
           "min_markup": 0.004606906558221461,
           "n_close_orders": 15,
           "rentry_pprice_dist": 0.012915497627357577,
           "rentry_pprice_dist_wallet_exposure_weighting": 5.572987891074237,
           "wallet_exposure_limit": 1.0}}