{"config_name": "recursive_grid_ADAUSDT_156days",
 "logging_level": 0,
 "long": {"auto_unstuck_delay_minutes": 675.5840862389505,
          "auto_unstuck_ema_dist": 0.012762403579829315,
          "auto_unstuck_qty_pct": 0.01,
          "auto_unstuck_wallet_exposure_threshold": 0.050900064635163084,
          "backwards_tp": false,
          "ddown_factor": 0.4405482253748576,
          "ema_span_0": 773.4961379364939,
          "ema_span_1": 670.0171357212539,
          "enabled": true,
          "initial_eprice_ema_dist": 0.012419700724888556,
          "initial_qty_pct": 0.047024564098004686,
          "markup_range": 0.027052404909967936,
          "min_markup": 0.010207515677916397,
          "n_close_orders": 5,
          "rentry_pprice_dist": 0.014949222634303216,
          "rentry_pprice_dist_wallet_exposure_weighting": 9.166065334532043,
          "wallet_exposure_limit": 1},
 "short": {"auto_unstuck_delay_minutes": 892.7835430905135,
           "auto_unstuck_ema_dist": -0.03449784068623708,
           "auto_unstuck_qty_pct": 0.03144345755270664,
           "auto_unstuck_wallet_exposure_threshold": 0.8904252879653748,
           "backwards_tp": false,
           "ddown_factor": 2.589335032613561,
           "ema_span_0": 621.5367884204452,
           "ema_span_1": 191.0786560056415,
           "enabled": false,
           "initial_eprice_ema_dist": -0.016790415115244567,
           "initial_qty_pct": 0.04887662776908872,
           "markup_range": 0.042902193599119856,
           "min_markup": 0.008175165290669216,
           "n_close_orders": 9,
           "rentry_pprice_dist": 0.04996846624384229,
           "rentry_pprice_dist_wallet_exposure_weighting": 13.571850359639992,
           "wallet_exposure_limit": 1.0}}