{"config_name": "recursive_grid_STXUSDT_365days",
 "logging_level": 0,
 "long": {"auto_unstuck_delay_minutes": 1316.2635865533966,
          "auto_unstuck_ema_dist": -0.049547527813148355,
          "auto_unstuck_qty_pct": 0.09644403150605181,
          "auto_unstuck_wallet_exposure_threshold": 0.15311304771855283,
          "backwards_tp": true,
          "ddown_factor": 0.1,
          "ema_span_0": 634.2552813563046,
          "ema_span_1": 24.462376984717125,
          "enabled": true,
          "initial_eprice_ema_dist": -0.006411612634624575,
          "initial_qty_pct": 0.04737255831610296,
          "markup_range": 0.01589259987228052,
          "min_markup": 0.009499917641342831,
          "n_close_orders": 2,
          "rentry_pprice_dist": 0.02430706136308974,
          "rentry_pprice_dist_wallet_exposure_weighting": 2.375195657434067,
          "wallet_exposure_limit": 1},
 "short": {"auto_unstuck_delay_minutes": 0.0,
           "auto_unstuck_ema_dist": 0.0,
           "auto_unstuck_qty_pct": 0.0,
           "auto_unstuck_wallet_exposure_threshold": 0.0,
           "backwards_tp": true,
           "ddown_factor": 2.4032230620013384,
           "ema_span_0": 973.256510285513,
           "ema_span_1": 1280.8660458412724,
           "enabled": false,
           "initial_eprice_ema_dist": -0.00023484711833117976,
           "initial_qty_pct": 0.009289527438232779,
           "markup_range": 0.00015746861856138494,
           "min_markup": 0.007440128664534605,
           "n_close_orders": 6,
           "rentry_pprice_dist": 0.04026327319132493,
           "rentry_pprice_dist_wallet_exposure_weighting": 3.0546524148840652,
           "wallet_exposure_limit": 1.0}}