{"config_name": "recursive_grid_ICPUSDT_156days",
 "logging_level": 0,
 "long": {"auto_unstuck_delay_minutes": 930.2458641206863,
          "auto_unstuck_ema_dist": -0.04871354534876309,
          "auto_unstuck_qty_pct": 0.01,
          "auto_unstuck_wallet_exposure_threshold": 0.06963315712571654,
          "backwards_tp": false,
          "ddown_factor": 0.5682871735842236,
          "ema_span_0": 1045.928563030421,
          "ema_span_1": 909.363540916046,
          "enabled": true,
          "initial_eprice_ema_dist": 0.007994874839884696,
          "initial_qty_pct": 0.04783657489496387,
          "markup_range": 0.010922540240401842,
          "min_markup": 0.012167355723047925,
          "n_close_orders": 5,
          "rentry_pprice_dist": 0.009608794285651553,
          "rentry_pprice_dist_wallet_exposure_weighting": 11.687640154510154,
          "wallet_exposure_limit": 1},
 "short": {"auto_unstuck_delay_minutes": 736.629687538182,
           "auto_unstuck_ema_dist": -0.08838436066945778,
           "auto_unstuck_qty_pct": 0.055108163817794494,
           "auto_unstuck_wallet_exposure_threshold": 0.4721571052729424,
           "backwards_tp": false,
           "ddown_factor": 2.931396096365613,
           "ema_span_0": 1435.3355969626978,
           "ema_span_1": 1063.5948323555021,
           "enabled": false,
           "initial_eprice_ema_dist": -0.05584934381440079,
           "initial_qty_pct": 0.04118623982045329,
           "markup_range": 0.056613601739905664,
           "min_markup": 0.0018975032413508022,
           "n_close_orders": 9,
           "rentry_pprice_dist": 0.0433379748161782,
           "rentry_pprice_dist_wallet_exposure_weighting": 0.9044795286004992,
           "wallet_exposure_limit": 1.0}}