{"config_name": "recursive_grid_XMRUSDT_454days",
 "logging_level": 0,
 "long": {"auto_unstuck_delay_minutes": 1437.0706860934035,
          "auto_unstuck_ema_dist": 0.02562234055468643,
          "auto_unstuck_qty_pct": 0.01,
          "auto_unstuck_wallet_exposure_threshold": 0.047476257868611656,
          "backwards_tp": false,
          "ddown_factor": 1.4860208916827882,
          "ema_span_0": 1003.1451590144152,
          "ema_span_1": 1028.2523014176077,
          "enabled": true,
          "initial_eprice_ema_dist": 0.01,
          "initial_qty_pct": 0.05,
          "markup_range": 0.029989841761589444,
          "min_markup": 0.00681577855211442,
          "n_close_orders": 7,
          "rentry_pprice_dist": 0.024429747156753456,
          "rentry_pprice_dist_wallet_exposure_weighting": 4.629895027068285,
          "wallet_exposure_limit": 1},
 "short": {"auto_unstuck_delay_minutes": 445.98916835093644,
           "auto_unstuck_ema_dist": -0.03315110773545306,
           "auto_unstuck_qty_pct": 0.03929636153519514,
           "auto_unstuck_wallet_exposure_threshold": 0.14704639043830872,
           "backwards_tp": true,
           "ddown_factor": 1.13160788536175,
           "ema_span_0": 231.31847318428834,
           "ema_span_1": 1046.1151929657117,
           "enabled": false,
           "initial_eprice_ema_dist": -0.0924461902395628,
           "initial_qty_pct": 0.01481496196593934,
           "markup_range": 0.012990183148125967,
           "min_markup": 0.0014382398039246634,
           "n_close_orders": 9,
           "rentry_pprice_dist": 0.02391033252513731,
           "rentry_pprice_dist_wallet_exposure_weighting": 18.55682695931606,
           "wallet_exposure_limit": 1.0}}