{"config_name": "recursive_grid_ATOMUSDT_156days",
 "logging_level": 0,
 "long": {"auto_unstuck_delay_minutes": 1141.2384509324797,
          "auto_unstuck_ema_dist": -0.041599454718642084,
          "auto_unstuck_qty_pct": 0.01,
          "auto_unstuck_wallet_exposure_threshold": 0.0982140815023129,
          "backwards_tp": false,
          "ddown_factor": 0.5266048246920673,
          "ema_span_0": 76.50521661721677,
          "ema_span_1": 76.49022070519462,
          "enabled": true,
          "initial_eprice_ema_dist": 0.010726963981103526,
          "initial_qty_pct": 0.04611832028699183,
          "markup_range": 0.04981620865941786,
          "min_markup": 0.008973161165646825,
          "n_close_orders": 7,
          "rentry_pprice_dist": 0.01798303079033982,
          "rentry_pprice_dist_wallet_exposure_weighting": 7.6911582520992905,
          "wallet_exposure_limit": 1},
 "short": {"auto_unstuck_delay_minutes": 1292.2259532777725,
           "auto_unstuck_ema_dist": -0.048226963028827334,
           "auto_unstuck_qty_pct": 0.031334808035434154,
           "auto_unstuck_wallet_exposure_threshold": 0.33066056233040586,
           "backwards_tp": false,
           "ddown_factor": 1.4579835506562975,
           "ema_span_0": 1005.8272129422731,
           "ema_span_1": 1281.5026820262628,
           "enabled": false,
           "initial_eprice_ema_dist": -0.036154604730563214,
           "initial_qty_pct": 0.03774783494567909,
           "markup_range": 0.05038973241158,
           "min_markup": 0.002795148931815516,
           "n_close_orders": 15,
           "rentry_pprice_dist": 0.02306880510532215,
           "rentry_pprice_dist_wallet_exposure_weighting": 19.02068983624176,
           "wallet_exposure_limit": 1.0}}