{"config_name": "recursive_grid_FETUSDT_326days",
 "logging_level": 0,
 "long": {"auto_unstuck_delay_minutes": 115.26996709750426,
          "auto_unstuck_ema_dist": 0.013229666502395813,
          "auto_unstuck_qty_pct": 0.09717335136800005,
          "auto_unstuck_wallet_exposure_threshold": 0.38817296862829986,
          "backwards_tp": false,
          "ddown_factor": 1.2207920535986605,
          "ema_span_0": 463.6110433737371,
          "ema_span_1": 451.73521187167717,
          "enabled": true,
          "initial_eprice_ema_dist": -0.010750647855131797,
          "initial_qty_pct": 0.02183735690399791,
          "markup_range": 0.009981820039800774,
          "min_markup": 0.012163378476978926,
          "n_close_orders": 3,
          "rentry_pprice_dist": 0.02506636160600934,
          "rentry_pprice_dist_wallet_exposure_weighting": 4.7031816668313375,
          "wallet_exposure_limit": 1},
 "short": {"auto_unstuck_delay_minutes": 1139.9234632197417,
           "auto_unstuck_ema_dist": -0.0641920705382267,
           "auto_unstuck_qty_pct": 0.07470521253212922,
           "auto_unstuck_wallet_exposure_threshold": 0.009469327800178774,
           "backwards_tp": false,
           "ddown_factor": 0.13975010898494838,
           "ema_span_0": 858.3019921309631,
           "ema_span_1": 1330.3533930364356,
           "enabled": false,
           "initial_eprice_ema_dist": 0.0009071315008416913,
           "initial_qty_pct": 0.018613115312482623,
           "markup_range": 0.006000898419781207,
           "min_markup": 0.03317168070746393,
           "n_close_orders": 13,
           "rentry_pprice_dist": 0.019755536574134154,
           "rentry_pprice_dist_wallet_exposure_weighting": 0.6141094920230187,
           "wallet_exposure_limit": 1.0}}