{"config_name": "recursive_grid_XMRUSDT_880days",
 "logging_level": 0,
 "long": {"auto_unstuck_delay_minutes": 0.0,
          "auto_unstuck_ema_dist": 0.0,
          "auto_unstuck_qty_pct": 0.0,
          "auto_unstuck_wallet_exposure_threshold": 0.0,
          "backwards_tp": false,
          "ddown_factor": 0.4306061787332075,
          "ema_span_0": 943.337082781544,
          "ema_span_1": 324.59233512394326,
          "enabled": true,
          "initial_eprice_ema_dist": 0.06452676503760005,
          "initial_qty_pct": 0.04,
          "markup_range": 0.034625550579639265,
          "min_markup": 0.016793547876331312,
          "n_close_orders": 4,
          "rentry_pprice_dist": 0.03339439752295482,
          "rentry_pprice_dist_wallet_exposure_weighting": 8.95341629275118,
          "wallet_exposure_limit": 1.0},
 "short": {"auto_unstuck_delay_minutes": 1231.771370088823,
           "auto_unstuck_ema_dist": -0.07993084128146614,
           "auto_unstuck_qty_pct": 0.022419166895715294,
           "auto_unstuck_wallet_exposure_threshold": 0.7723571557931534,
           "backwards_tp": false,
           "ddown_factor": 1.2356709937802848,
           "ema_span_0": 1007.3385166344559,
           "ema_span_1": 1082.8831704121762,
           "enabled": false,
           "initial_eprice_ema_dist": -0.015766253371710864,
           "initial_qty_pct": 0.014643146074772032,
           "markup_range": 0.05106064729252253,
           "min_markup": 0.0032786471211430973,
           "n_close_orders": 10,
           "rentry_pprice_dist": 0.04661201471813936,
           "rentry_pprice_dist_wallet_exposure_weighting": 4.385937888525362,
           "wallet_exposure_limit": 1.0}}