{"config_name": "recursive_grid_HBARUSDT_962days",
 "logging_level": 0,
 "long": {"auto_unstuck_delay_minutes": 0,
          "auto_unstuck_ema_dist": 0,
          "auto_unstuck_qty_pct": 0,
          "auto_unstuck_wallet_exposure_threshold": 0.0,
          "backwards_tp": false,
          "ddown_factor": 0.5086743466563229,
          "ema_span_0": 1334.181443887482,
          "ema_span_1": 1254.8575317535835,
          "enabled": true,
          "initial_eprice_ema_dist": 0.02721124756018126,
          "initial_qty_pct": 0.04,
          "markup_range": 0.03713531478380825,
          "min_markup": 0.008806244636739406,
          "n_close_orders": 3,
          "rentry_pprice_dist": 0.022502838458244422,
          "rentry_pprice_dist_wallet_exposure_weighting": 10.386425876573886,
          "wallet_exposure_limit": 1},
 "short": {"auto_unstuck_delay_minutes": 1219.4502809847831,
           "auto_unstuck_ema_dist": -0.01479061266311714,
           "auto_unstuck_qty_pct": 0.08793071058426302,
           "auto_unstuck_wallet_exposure_threshold": 0.7410220229247846,
           "backwards_tp": false,
           "ddown_factor": 1.8983488743484442,
           "ema_span_0": 211.0570531989207,
           "ema_span_1": 1052.2660234544792,
           "enabled": false,
           "initial_eprice_ema_dist": -0.09716037091616389,
           "initial_qty_pct": 0.0429398904425859,
           "markup_range": 0.044060577892579667,
           "min_markup": 0.0018512076609593269,
           "n_close_orders": 6,
           "rentry_pprice_dist": 0.03848684673086566,
           "rentry_pprice_dist_wallet_exposure_weighting": 12.508776105639356,
           "wallet_exposure_limit": 1.0}}