{"config_name": "recursive_grid_DOGEUSDT_365days",
 "logging_level": 0,
 "long": {"auto_unstuck_delay_minutes": 1103.6837645573976,
          "auto_unstuck_ema_dist": -0.07156357423886722,
          "auto_unstuck_qty_pct": 0.05300048521838709,
          "auto_unstuck_wallet_exposure_threshold": 0.49215664611650534,
          "backwards_tp": false,
          "ddown_factor": 0.8164737481497749,
          "ema_span_0": 1392.0315011380285,
          "ema_span_1": 540.7774188853182,
          "enabled": true,
          "initial_eprice_ema_dist": -0.002473373257104436,
          "initial_qty_pct": 0.03440991880468682,
          "markup_range": 0.027653873830974177,
          "min_markup": 0.006114678759945302,
          "n_close_orders": 7,
          "rentry_pprice_dist": 0.02225141107762993,
          "rentry_pprice_dist_wallet_exposure_weighting": 0.9445562168829136,
          "wallet_exposure_limit": 1},
 "short": {"auto_unstuck_delay_minutes": 1139.6499545618224,
           "auto_unstuck_ema_dist": -0.07580765923557498,
           "auto_unstuck_qty_pct": 0.09240287906824178,
           "auto_unstuck_wallet_exposure_threshold": 0.14766365984167493,
           "backwards_tp": false,
           "ddown_factor": 2.2062640141755545,
           "ema_span_0": 916.7724564390638,
           "ema_span_1": 1378.924076228304,
           "enabled": false,
           "initial_eprice_ema_dist": -0.008189960727239482,
           "initial_qty_pct": 0.01818521965826724,
           "markup_range": 0.0009671601784740947,
           "min_markup": 0.015014364540176513,
           "n_close_orders": 11,
           "rentry_pprice_dist": 0.044638152580195926,
           "rentry_pprice_dist_wallet_exposure_weighting": 0.20547424679984283,
           "wallet_exposure_limit": 1.0}}