{"config_name": "recursive_grid_TONUSDT_212days",
 "logging_level": 0,
 "long": {"auto_unstuck_delay_minutes": 1367.5485116676975,
          "auto_unstuck_ema_dist": -0.04524689774147001,
          "auto_unstuck_qty_pct": 0.01,
          "auto_unstuck_wallet_exposure_threshold": 0.092914673261459,
          "backwards_tp": false,
          "ddown_factor": 1.9631564458492545,
          "ema_span_0": 428.42902818960954,
          "ema_span_1": 470.70341642494566,
          "enabled": true,
          "initial_eprice_ema_dist": 0.008560861989125918,
          "initial_qty_pct": 0.05,
          "markup_range": 0.053255273356478165,
          "min_markup": 0.008123272144348485,
          "n_close_orders": 5,
          "rentry_pprice_dist": 0.020469847360284538,
          "rentry_pprice_dist_wallet_exposure_weighting": 0.6896904679351805,
          "wallet_exposure_limit": 1},
 "short": {"auto_unstuck_delay_minutes": 1182.743447282725,
           "auto_unstuck_ema_dist": -0.03590397468140474,
           "auto_unstuck_qty_pct": 0.06681304839555653,
           "auto_unstuck_wallet_exposure_threshold": 0.36009062748562437,
           "backwards_tp": true,
           "ddown_factor": 2.9181879824563945,
           "ema_span_0": 530.6933752148831,
           "ema_span_1": 96.60574836621365,
           "enabled": false,
           "initial_eprice_ema_dist": -0.058062146606805046,
           "initial_qty_pct": 0.04508346341298849,
           "markup_range": 0.04939449079814134,
           "min_markup": 0.00466505118649931,
           "n_close_orders": 3,
           "rentry_pprice_dist": 0.038132910469198436,
           "rentry_pprice_dist_wallet_exposure_weighting": 11.490601887477288,
           "wallet_exposure_limit": 1.0}}