{"config_name": "recursive_grid_ONDOUSDT_121days",
 "logging_level": 0,
 "long": {"auto_unstuck_delay_minutes": 1377.856201127899,
          "auto_unstuck_ema_dist": -0.048122727414448944,
          "auto_unstuck_qty_pct": 0.01,
          "auto_unstuck_wallet_exposure_threshold": 0.07135603289360073,
          "backwards_tp": false,
          "ddown_factor": 0.45583231526534806,
          "ema_span_0": 1405.509034758443,
          "ema_span_1": 704.0336434520177,
          "enabled": true,
          "initial_eprice_ema_dist": -0.002990114973602756,
          "initial_qty_pct": 0.04131372308279383,
          "markup_range": 0.04869776800019561,
          "min_markup": 0.022409085735290074,
          "n_close_orders": 6,
          "rentry_pprice_dist": 0.010317124039356942,
          "rentry_pprice_dist_wallet_exposure_weighting": 9.552848336360505,
          "wallet_exposure_limit": 1.0},
 "short": {"auto_unstuck_delay_minutes": 522.0771205971445,
           "auto_unstuck_ema_dist": -0.09883649527900555,
           "auto_unstuck_qty_pct": 0.07272289466707145,
           "auto_unstuck_wallet_exposure_threshold": 0.6363437441889905,
           "backwards_tp": false,
           "ddown_factor": 1.4092558831486204,
           "ema_span_0": 716.603913300952,
           "ema_span_1": 846.3970009354027,
           "enabled": false,
           "initial_eprice_ema_dist": -0.09997537422881785,
           "initial_qty_pct": 0.04319828138105938,
           "markup_range": 0.0455803366082531,
           "min_markup": 0.005497367422372831,
           "n_close_orders": 10,
           "rentry_pprice_dist": 0.03465835595981427,
           "rentry_pprice_dist_wallet_exposure_weighting": 9.840825053430367,
           "wallet_exposure_limit": 1.0}}