{"config_name": "recursive_grid_GTCUSDT_926days",
 "logging_level": 0,
 "long": {"auto_unstuck_delay_minutes": 0.0,
          "auto_unstuck_ema_dist": 0.0,
          "auto_unstuck_qty_pct": 0.0,
          "auto_unstuck_wallet_exposure_threshold": 0.0,
          "backwards_tp": false,
          "ddown_factor": 0.4322994753579014,
          "ema_span_0": 98.9444970001372,
          "ema_span_1": 1424.5548778554833,
          "enabled": true,
          "initial_eprice_ema_dist": 0.07751547130145384,
          "initial_qty_pct": 0.04,
          "markup_range": 0.025835775754176282,
          "min_markup": 0.02685405822924612,
          "n_close_orders": 2,
          "rentry_pprice_dist": 0.012818017982772465,
          "rentry_pprice_dist_wallet_exposure_weighting": 11.873176478739309,
          "wallet_exposure_limit": 1.0},
 "short": {"auto_unstuck_delay_minutes": 893.3995194430278,
           "auto_unstuck_ema_dist": -0.0029107117062669025,
           "auto_unstuck_qty_pct": 0.08046220033853765,
           "auto_unstuck_wallet_exposure_threshold": 0.6111510529936227,
           "backwards_tp": false,
           "ddown_factor": 0.15940361260119762,
           "ema_span_0": 18.59915439305074,
           "ema_span_1": 1088.1966976021583,
           "enabled": false,
           "initial_eprice_ema_dist": -0.0672102669587715,
           "initial_qty_pct": 0.025067259115749838,
           "markup_range": 0.015893026265191536,
           "min_markup": 0.009973079915586314,
           "n_close_orders": 7,
           "rentry_pprice_dist": 0.013774576939563604,
           "rentry_pprice_dist_wallet_exposure_weighting": 0.3225854662414518,
           "wallet_exposure_limit": 1.0}}