{"config_name": "recursive_grid_ZRXUSDT_454days",
 "logging_level": 0,
 "long": {"auto_unstuck_delay_minutes": 1098.6785314908675,
          "auto_unstuck_ema_dist": -0.025245866996975633,
          "auto_unstuck_qty_pct": 0.01,
          "auto_unstuck_wallet_exposure_threshold": 0.04103784791062927,
          "backwards_tp": false,
          "ddown_factor": 0.5847030084627145,
          "ema_span_0": 909.2315915548708,
          "ema_span_1": 1117.3774341955823,
          "enabled": true,
          "initial_eprice_ema_dist": 0.005204724893421435,
          "initial_qty_pct": 0.05,
          "markup_range": 0.019565353490938506,
          "min_markup": 0.0030665082451268345,
          "n_close_orders": 5,
          "rentry_pprice_dist": 0.04715986721449515,
          "rentry_pprice_dist_wallet_exposure_weighting": 3.8449786243334136,
          "wallet_exposure_limit": 1.0},
 "short": {"auto_unstuck_delay_minutes": 229.7835699246108,
           "auto_unstuck_ema_dist": -0.06853977664738535,
           "auto_unstuck_qty_pct": 0.03591672395605436,
           "auto_unstuck_wallet_exposure_threshold": 0.5601124394332697,
           "backwards_tp": true,
           "ddown_factor": 2.6305018408617475,
           "ema_span_0": 565.7852269194051,
           "ema_span_1": 66.42989804753208,
           "enabled": false,
           "initial_eprice_ema_dist": -0.010910302709012179,
           "initial_qty_pct": 0.01662879148499838,
           "markup_range": 0.042014237928688455,
           "min_markup": 0.00843781530223742,
           "n_close_orders": 12,
           "rentry_pprice_dist": 0.018302342665590617,
           "rentry_pprice_dist_wallet_exposure_weighting": 4.732682053711075,
           "wallet_exposure_limit": 1.0}}