{"config_name": "recursive_grid_ONDOUSDT_67days",
 "logging_level": 0,
 "long": {"auto_unstuck_delay_minutes": 604.382782748188,
          "auto_unstuck_ema_dist": -0.02427796840100189,
          "auto_unstuck_qty_pct": 0.01,
          "auto_unstuck_wallet_exposure_threshold": 0.052747360084828505,
          "backwards_tp": false,
          "ddown_factor": 2,
          "ema_span_0": 460.98991949372146,
          "ema_span_1": 407.5644081833226,
          "enabled": true,
          "initial_eprice_ema_dist": 0.0055549347054397345,
          "initial_qty_pct": 0.05,
          "markup_range": 0.04793255193841016,
          "min_markup": 0.01,
          "n_close_orders": 6,
          "rentry_pprice_dist": 0.02,
          "rentry_pprice_dist_wallet_exposure_weighting": 1.1447905890703232,
          "wallet_exposure_limit": 1.0},
 "short": {"auto_unstuck_delay_minutes": 935.083849620501,
           "auto_unstuck_ema_dist": -0.04083887314411626,
           "auto_unstuck_qty_pct": 0.01683216100552039,
           "auto_unstuck_wallet_exposure_threshold": 0.7371686750209328,
           "backwards_tp": true,
           "ddown_factor": 2.1031546483193218,
           "ema_span_0": 1357.1007492934934,
           "ema_span_1": 459.0267032232846,
           "enabled": false,
           "initial_eprice_ema_dist": -0.06741668519671648,
           "initial_qty_pct": 0.03017232939724932,
           "markup_range": 0.005152926119708781,
           "min_markup": 0.007735866687615475,
           "n_close_orders": 3,
           "rentry_pprice_dist": 0.030312103089468287,
           "rentry_pprice_dist_wallet_exposure_weighting": 11.660083522198182,
           "wallet_exposure_limit": 1.0}}