{"config_name": "recursive_grid_SANDUSDT_955days",
 "logging_level": 0,
 "long": {"auto_unstuck_delay_minutes": 0.0,
          "auto_unstuck_ema_dist": 0,
          "auto_unstuck_qty_pct": 0.0,
          "auto_unstuck_wallet_exposure_threshold": 0.0,
          "backwards_tp": false,
          "ddown_factor": 0.48155581386051616,
          "ema_span_0": 591.0879710308503,
          "ema_span_1": 1195.5440486641833,
          "enabled": true,
          "initial_eprice_ema_dist": 0.018951426053640502,
          "initial_qty_pct": 0.04,
          "markup_range": 0.033544188737843234,
          "min_markup": 0.008,
          "n_close_orders": 2,
          "rentry_pprice_dist": 0.025620870808574153,
          "rentry_pprice_dist_wallet_exposure_weighting": 9.799444736605574,
          "wallet_exposure_limit": 1},
 "short": {"auto_unstuck_delay_minutes": 1155.3030129293388,
           "auto_unstuck_ema_dist": -0.0644053004870768,
           "auto_unstuck_qty_pct": 0.03942460527336277,
           "auto_unstuck_wallet_exposure_threshold": 0.8783563380430585,
           "backwards_tp": false,
           "ddown_factor": 1.181148832728937,
           "ema_span_0": 628.3883891719787,
           "ema_span_1": 265.7639925400431,
           "enabled": false,
           "initial_eprice_ema_dist": -0.09066907007846489,
           "initial_qty_pct": 0.04254365376403761,
           "markup_range": 0.035529331197064834,
           "min_markup": 0.008004014463402535,
           "n_close_orders": 13,
           "rentry_pprice_dist": 0.04774497840715884,
           "rentry_pprice_dist_wallet_exposure_weighting": 6.317937599059711,
           "wallet_exposure_limit": 1.0}}