{"config_name": "recursive_grid_1000PEPEUSDT_332days",
 "logging_level": 0,
 "long": {"auto_unstuck_delay_minutes": 823.2791303458484,
          "auto_unstuck_ema_dist": 0.010713081849834397,
          "auto_unstuck_qty_pct": 0.01,
          "auto_unstuck_wallet_exposure_threshold": 0.06040535470007208,
          "backwards_tp": false,
          "ddown_factor": 1.7393668398839446,
          "ema_span_0": 1131.2922702302947,
          "ema_span_1": 976.1746415917924,
          "enabled": true,
          "initial_eprice_ema_dist": 0.008096082203658723,
          "initial_qty_pct": 0.05,
          "markup_range": 0.01987571026907286,
          "min_markup": 0.00833047138097498,
          "n_close_orders": 5,
          "rentry_pprice_dist": 0.0628019914313265,
          "rentry_pprice_dist_wallet_exposure_weighting": 0.9700092662583097,
          "wallet_exposure_limit": 1.0},
 "short": {"auto_unstuck_delay_minutes": 160.90283751494945,
           "auto_unstuck_ema_dist": -0.09627926198414727,
           "auto_unstuck_qty_pct": 0.07251544737932378,
           "auto_unstuck_wallet_exposure_threshold": 0.36804409672128,
           "backwards_tp": true,
           "ddown_factor": 2.0041244199479054,
           "ema_span_0": 865.2168212370724,
           "ema_span_1": 498.4393825699883,
           "enabled": false,
           "initial_eprice_ema_dist": -0.03410447702466404,
           "initial_qty_pct": 0.03808244728118929,
           "markup_range": 0.059805391809232514,
           "min_markup": 0.005892244606786163,
           "n_close_orders": 2,
           "rentry_pprice_dist": 0.042576105077293376,
           "rentry_pprice_dist_wallet_exposure_weighting": 7.081374364322088,
           "wallet_exposure_limit": 1.0}}