{"config_name": "recursive_grid_THETAUSDT_365days",
 "logging_level": 0,
 "long": {"auto_unstuck_delay_minutes": 757.0092962480632,
          "auto_unstuck_ema_dist": 0.0123231624616128,
          "auto_unstuck_qty_pct": 0.040186531058787646,
          "auto_unstuck_wallet_exposure_threshold": 0.42417991704538527,
          "backwards_tp": false,
          "ddown_factor": 0.37032074137058385,
          "ema_span_0": 1386.0542237860232,
          "ema_span_1": 1425.9241174898045,
          "enabled": true,
          "initial_eprice_ema_dist": 0.005018715017832126,
          "initial_qty_pct": 0.03889640150117493,
          "markup_range": 0.028370792872159118,
          "min_markup": 0.0075954324398202645,
          "n_close_orders": 6,
          "rentry_pprice_dist": 0.026469112107432288,
          "rentry_pprice_dist_wallet_exposure_weighting": 2.539739835559131,
          "wallet_exposure_limit": 1},
 "short": {"auto_unstuck_delay_minutes": 296.5893232684992,
           "auto_unstuck_ema_dist": -0.08409830165215308,
           "auto_unstuck_qty_pct": 0.08924090258645064,
           "auto_unstuck_wallet_exposure_threshold": 0.18629926684755627,
           "backwards_tp": false,
           "ddown_factor": 2.580437349709099,
           "ema_span_0": 1316.3569278183338,
           "ema_span_1": 1067.8092733564304,
           "enabled": false,
           "initial_eprice_ema_dist": -0.0002302154945879372,
           "initial_qty_pct": 0.014907632872175888,
           "markup_range": 0.007988740896466834,
           "min_markup": 0.02608349045519623,
           "n_close_orders": 10,
           "rentry_pprice_dist": 0.022877612897517965,
           "rentry_pprice_dist_wallet_exposure_weighting": 2.7098936049894182,
           "wallet_exposure_limit": 1.0}}