{"config_name": "recursive_grid_AIUSDT_73days",
 "logging_level": 0,
 "long": {"auto_unstuck_delay_minutes": 1000.927336398506,
          "auto_unstuck_ema_dist": 0.02956505426546698,
          "auto_unstuck_qty_pct": 0.01,
          "auto_unstuck_wallet_exposure_threshold": 0.032322747150651226,
          "backwards_tp": false,
          "ddown_factor": 1.9697414580895904,
          "ema_span_0": 1379.5495047126851,
          "ema_span_1": 1440,
          "enabled": true,
          "initial_eprice_ema_dist": 0.002281173933030523,
          "initial_qty_pct": 0.05,
          "markup_range": 0.01981873400825829,
          "min_markup": 0.0060040426191292455,
          "n_close_orders": 4,
          "rentry_pprice_dist": 0.020771522728611488,
          "rentry_pprice_dist_wallet_exposure_weighting": 0.8528274329640327,
          "wallet_exposure_limit": 1},
 "short": {"auto_unstuck_delay_minutes": 207.74426635656638,
           "auto_unstuck_ema_dist": -0.000641532774291867,
           "auto_unstuck_qty_pct": 0.03493029811961294,
           "auto_unstuck_wallet_exposure_threshold": 0.5865747808030923,
           "backwards_tp": true,
           "ddown_factor": 0.3942548280294679,
           "ema_span_0": 491.2917448147833,
           "ema_span_1": 1282.444367681363,
           "enabled": false,
           "initial_eprice_ema_dist": 0.0018727722824645465,
           "initial_qty_pct": 0.04751294497532763,
           "markup_range": 0.04740424117057926,
           "min_markup": 0.0039123813682381756,
           "n_close_orders": 14,
           "rentry_pprice_dist": 0.005518014035352801,
           "rentry_pprice_dist_wallet_exposure_weighting": 17.677173283828008,
           "wallet_exposure_limit": 1.0}}