{"config_name": "recursive_grid_CELOUSDT_936days",
 "logging_level": 0,
 "long": {"auto_unstuck_delay_minutes": 0,
          "auto_unstuck_ema_dist": 0,
          "auto_unstuck_qty_pct": 0,
          "auto_unstuck_wallet_exposure_threshold": 0.0,
          "backwards_tp": false,
          "ddown_factor": 0.5968407896747185,
          "ema_span_0": 1417.2419223323354,
          "ema_span_1": 750.4442890754725,
          "enabled": true,
          "initial_eprice_ema_dist": 0.03621475692574791,
          "initial_qty_pct": 0.04,
          "markup_range": 0.049480402009909254,
          "min_markup": 0.03,
          "n_close_orders": 4,
          "rentry_pprice_dist": 0.04590297538926022,
          "rentry_pprice_dist_wallet_exposure_weighting": 9.666926659076209,
          "wallet_exposure_limit": 1.0},
 "short": {"auto_unstuck_delay_minutes": 484.55882874735744,
           "auto_unstuck_ema_dist": -0.02019504996738332,
           "auto_unstuck_qty_pct": 0.043859114789242815,
           "auto_unstuck_wallet_exposure_threshold": 0.7013110586164469,
           "backwards_tp": false,
           "ddown_factor": 1.4111755971356255,
           "ema_span_0": 103.49733304537487,
           "ema_span_1": 946.226627969182,
           "enabled": false,
           "initial_eprice_ema_dist": -0.08069717399298687,
           "initial_qty_pct": 0.033605563700635256,
           "markup_range": 0.01883632806206886,
           "min_markup": 0.006270493274349946,
           "n_close_orders": 7,
           "rentry_pprice_dist": 0.023671088064346982,
           "rentry_pprice_dist_wallet_exposure_weighting": 8.584140119474501,
           "wallet_exposure_limit": 1.0}}