{"config_name": "recursive_grid_1000FLOKIUSDT_366days",
 "logging_level": 0,
 "long": {"auto_unstuck_delay_minutes": 1095.5585724227192,
          "auto_unstuck_ema_dist": -0.09821598502225527,
          "auto_unstuck_qty_pct": 0.05071524756463738,
          "auto_unstuck_wallet_exposure_threshold": 0.14814169124221732,
          "backwards_tp": true,
          "ddown_factor": 0.7608586704080216,
          "ema_span_0": 1415.0651792419524,
          "ema_span_1": 824.6456676080953,
          "enabled": true,
          "initial_eprice_ema_dist": 0.00048585426965362926,
          "initial_qty_pct": 0.04703389690327246,
          "markup_range": 0.01653593311299383,
          "min_markup": 0.006698193636277386,
          "n_close_orders": 8,
          "rentry_pprice_dist": 0.03834372150986152,
          "rentry_pprice_dist_wallet_exposure_weighting": 2.64097392990274,
          "wallet_exposure_limit": 1},
 "short": {"auto_unstuck_delay_minutes": 0.0,
           "auto_unstuck_ema_dist": 0.0,
           "auto_unstuck_qty_pct": 0.0,
           "auto_unstuck_wallet_exposure_threshold": 0.0,
           "backwards_tp": true,
           "ddown_factor": 1.792225061508641,
           "ema_span_0": 830.9969074539943,
           "ema_span_1": 685.3711359357097,
           "enabled": false,
           "initial_eprice_ema_dist": -0.0054973951207430505,
           "initial_qty_pct": 0.013520412972383627,
           "markup_range": 0.005536660214589265,
           "min_markup": 0.00573129935761081,
           "n_close_orders": 3,
           "rentry_pprice_dist": 0.037073823152483906,
           "rentry_pprice_dist_wallet_exposure_weighting": 3.013413608513636,
           "wallet_exposure_limit": 1.0}}