{"config_name": "recursive_grid_FILUSDT_366days",
 "logging_level": 0,
 "long": {"auto_unstuck_delay_minutes": 964.0352042795555,
          "auto_unstuck_ema_dist": -0.09448335299660103,
          "auto_unstuck_qty_pct": 0.05497163912663778,
          "auto_unstuck_wallet_exposure_threshold": 0.05479976435735353,
          "backwards_tp": false,
          "ddown_factor": 0.352038676285439,
          "ema_span_0": 918.5096505083949,
          "ema_span_1": 1198.5281044603557,
          "enabled": true,
          "initial_eprice_ema_dist": 0.003,
          "initial_qty_pct": 0.037898650446850105,
          "markup_range": 0.007149353925143717,
          "min_markup": 0.005990143726562342,
          "n_close_orders": 7,
          "rentry_pprice_dist": 0.03419483400214505,
          "rentry_pprice_dist_wallet_exposure_weighting": 1.3677064707542737,
          "wallet_exposure_limit": 1},
 "short": {"auto_unstuck_delay_minutes": 0.0,
           "auto_unstuck_ema_dist": 0.0,
           "auto_unstuck_qty_pct": 0.0,
           "auto_unstuck_wallet_exposure_threshold": 0.0,
           "backwards_tp": false,
           "ddown_factor": 0.781079521440578,
           "ema_span_0": 1194.7097188940472,
           "ema_span_1": 957.4977338919001,
           "enabled": false,
           "initial_eprice_ema_dist": -0.008608582601589115,
           "initial_qty_pct": 0.016889156100418863,
           "markup_range": 0.009603271708988056,
           "min_markup": 0.00786353397414067,
           "n_close_orders": 8,
           "rentry_pprice_dist": 0.056512579521727155,
           "rentry_pprice_dist_wallet_exposure_weighting": 1.1820340152472393,
           "wallet_exposure_limit": 1.0}}