{"config_name": "recursive_grid_ENAUSDT_50days",
 "logging_level": 0,
 "long": {"auto_unstuck_delay_minutes": 1203.3366636457536,
          "auto_unstuck_ema_dist": 0.042989118653389724,
          "auto_unstuck_qty_pct": 0.01,
          "auto_unstuck_wallet_exposure_threshold": 0.0993774699500277,
          "backwards_tp": false,
          "ddown_factor": 0.3431885295021085,
          "ema_span_0": 1076.0799114618208,
          "ema_span_1": 1037.2926158171995,
          "enabled": true,
          "initial_eprice_ema_dist": 0.011368914390896316,
          "initial_qty_pct": 0.04970249519000713,
          "markup_range": 0.02787760127721138,
          "min_markup": 0.009686378127131412,
          "n_close_orders": 7,
          "rentry_pprice_dist": 0.011581844861335185,
          "rentry_pprice_dist_wallet_exposure_weighting": 14.582308392816712,
          "wallet_exposure_limit": 1.0},
 "short": {"auto_unstuck_delay_minutes": 481.6934019099113,
           "auto_unstuck_ema_dist": -0.032249833593403956,
           "auto_unstuck_qty_pct": 0.06060421184756398,
           "auto_unstuck_wallet_exposure_threshold": 0.2636796266330631,
           "backwards_tp": false,
           "ddown_factor": 0.581706777122062,
           "ema_span_0": 1061.639595570297,
           "ema_span_1": 1432.8509936645748,
           "enabled": false,
           "initial_eprice_ema_dist": -0.07928578269437987,
           "initial_qty_pct": 0.022932080110450836,
           "markup_range": 0.003316313908801427,
           "min_markup": 0.007101107699006748,
           "n_close_orders": 12,
           "rentry_pprice_dist": 0.049005331300283304,
           "rentry_pprice_dist_wallet_exposure_weighting": 9.067197333648576,
           "wallet_exposure_limit": 1.0}}