{"config_name": "recursive_grid_TONUSDT_156days",
 "logging_level": 0,
 "long": {"auto_unstuck_delay_minutes": 1020.5397282065447,
          "auto_unstuck_ema_dist": -0.028925100845968315,
          "auto_unstuck_qty_pct": 0.01,
          "auto_unstuck_wallet_exposure_threshold": 0.07877712347417026,
          "backwards_tp": false,
          "ddown_factor": 0.4197562623289219,
          "ema_span_0": 85.74926130891704,
          "ema_span_1": 1137.7452653381513,
          "enabled": true,
          "initial_eprice_ema_dist": 0.002122221899267793,
          "initial_qty_pct": 0.04929376835075561,
          "markup_range": 0.034588544221225745,
          "min_markup": 0.014975772831151151,
          "n_close_orders": 6,
          "rentry_pprice_dist": 0.005495502921069397,
          "rentry_pprice_dist_wallet_exposure_weighting": 7.685155798259024,
          "wallet_exposure_limit": 1},
 "short": {"auto_unstuck_delay_minutes": 148.5252499518764,
           "auto_unstuck_ema_dist": -0.021989537565830913,
           "auto_unstuck_qty_pct": 0.08833710222915356,
           "auto_unstuck_wallet_exposure_threshold": 0.788971003137589,
           "backwards_tp": false,
           "ddown_factor": 1.6240908699279133,
           "ema_span_0": 1287.337906605908,
           "ema_span_1": 835.9085918810175,
           "enabled": false,
           "initial_eprice_ema_dist": 0.0014576741979080016,
           "initial_qty_pct": 0.029966427548954795,
           "markup_range": 0.04038920189404496,
           "min_markup": 0.006907064821636047,
           "n_close_orders": 11,
           "rentry_pprice_dist": 0.017993466516986537,
           "rentry_pprice_dist_wallet_exposure_weighting": 18.1157852992371,
           "wallet_exposure_limit": 1.0}}