{"config_name": "recursive_grid_XLMUSDT_365days",
 "logging_level": 0,
 "long": {"auto_unstuck_delay_minutes": 1108.41567048851,
          "auto_unstuck_ema_dist": -0.0029105298353165193,
          "auto_unstuck_qty_pct": 0.042776819204175226,
          "auto_unstuck_wallet_exposure_threshold": 0.14233186930283,
          "backwards_tp": true,
          "ddown_factor": 0.376089660972923,
          "ema_span_0": 749.6585253079644,
          "ema_span_1": 2045.201515294021,
          "enabled": true,
          "initial_eprice_ema_dist": 0.002113185028892741,
          "initial_qty_pct": 0.04738035215668996,
          "markup_range": 0.010955414525688973,
          "min_markup": 0.011940313012457293,
          "n_close_orders": 7,
          "rentry_pprice_dist": 0.02800287525789354,
          "rentry_pprice_dist_wallet_exposure_weighting": 0.6618117803852417,
          "wallet_exposure_limit": 1},
 "short": {"auto_unstuck_delay_minutes": 0.0,
           "auto_unstuck_ema_dist": 0.0,
           "auto_unstuck_qty_pct": 0.0,
           "auto_unstuck_wallet_exposure_threshold": 0.0,
           "backwards_tp": true,
           "ddown_factor": 2.1140734586411276,
           "ema_span_0": 1051.6809813369014,
           "ema_span_1": 655.058651368153,
           "enabled": false,
           "initial_eprice_ema_dist": -0.005158171977991697,
           "initial_qty_pct": 0.012049023025195834,
           "markup_range": 0.008212845529723383,
           "min_markup": 0.0089845370751752,
           "n_close_orders": 11,
           "rentry_pprice_dist": 0.04067412285488288,
           "rentry_pprice_dist_wallet_exposure_weighting": 2.003969381470337,
           "wallet_exposure_limit": 1.0}}