{"config_name": "recursive_grid_DOTUSDT_366days",
 "logging_level": 0,
 "long": {"auto_unstuck_delay_minutes": 980.7695321242497,
          "auto_unstuck_ema_dist": -0.03416535877530965,
          "auto_unstuck_qty_pct": 0.036485831696711456,
          "auto_unstuck_wallet_exposure_threshold": 0.15829095351155043,
          "backwards_tp": false,
          "ddown_factor": 0.6733458030722765,
          "ema_span_0": 2368.953213282784,
          "ema_span_1": 337.36886371816126,
          "enabled": true,
          "initial_eprice_ema_dist": 0.002716832945765555,
          "initial_qty_pct": 0.1,
          "markup_range": 0.019089387062735875,
          "min_markup": 0.006230143741399513,
          "n_close_orders": 8,
          "rentry_pprice_dist": 0.036426551951083894,
          "rentry_pprice_dist_wallet_exposure_weighting": 0.36998911584607647,
          "wallet_exposure_limit": 1},
 "short": {"auto_unstuck_delay_minutes": 0.0,
           "auto_unstuck_ema_dist": 0.0,
           "auto_unstuck_qty_pct": 0.0,
           "auto_unstuck_wallet_exposure_threshold": 0.0,
           "backwards_tp": false,
           "ddown_factor": 2.215535796810788,
           "ema_span_0": 634.7451553658157,
           "ema_span_1": 1087.842122061758,
           "enabled": false,
           "initial_eprice_ema_dist": -0.0014770113195988841,
           "initial_qty_pct": 0.006124017486568518,
           "markup_range": 0.004238891949560139,
           "min_markup": 0.008433783074405721,
           "n_close_orders": 3,
           "rentry_pprice_dist": 0.03386388288306383,
           "rentry_pprice_dist_wallet_exposure_weighting": 6.435646131971119,
           "wallet_exposure_limit": 1.0}}