{"config_name": "recursive_grid_BCHUSDT_365days",
 "logging_level": 0,
 "long": {"auto_unstuck_delay_minutes": 760.94749931726,
          "auto_unstuck_ema_dist": 0.012853610841016064,
          "auto_unstuck_qty_pct": 0.01,
          "auto_unstuck_wallet_exposure_threshold": 0.15842833348920712,
          "backwards_tp": true,
          "ddown_factor": 0.1,
          "ema_span_0": 1550.9737362825033,
          "ema_span_1": 1551.267077271316,
          "enabled": true,
          "initial_eprice_ema_dist": 0.002579078215960043,
          "initial_qty_pct": 0.057602262692065836,
          "markup_range": 0.016521637446639828,
          "min_markup": 0.006848981467159125,
          "n_close_orders": 2,
          "rentry_pprice_dist": 0.03141577611014366,
          "rentry_pprice_dist_wallet_exposure_weighting": 0.6140320613666975,
          "wallet_exposure_limit": 1},
 "short": {"auto_unstuck_delay_minutes": 0.0,
           "auto_unstuck_ema_dist": 0.0,
           "auto_unstuck_qty_pct": 0.0,
           "auto_unstuck_wallet_exposure_threshold": 0.0,
           "backwards_tp": true,
           "ddown_factor": 1.8360777272631668,
           "ema_span_0": 1256.4562512782052,
           "ema_span_1": 596.8037317746016,
           "enabled": false,
           "initial_eprice_ema_dist": 0.002196739003825294,
           "initial_qty_pct": 0.018381503844350364,
           "markup_range": 0.009820626585503206,
           "min_markup": 0.009627904735763141,
           "n_close_orders": 13,
           "rentry_pprice_dist": 0.02429878203535282,
           "rentry_pprice_dist_wallet_exposure_weighting": 9.535352635428234,
           "wallet_exposure_limit": 1.0}}