{"config_name": "recursive_grid_NEARUSDT_454days",
 "logging_level": 0,
 "long": {"auto_unstuck_delay_minutes": 1332.4698897340495,
          "auto_unstuck_ema_dist": -0.042949454437032554,
          "auto_unstuck_qty_pct": 0.01,
          "auto_unstuck_wallet_exposure_threshold": 0.06825754321960958,
          "backwards_tp": false,
          "ddown_factor": 1.8981364483119192,
          "ema_span_0": 772.8041447988253,
          "ema_span_1": 1427.4481882908663,
          "enabled": true,
          "initial_eprice_ema_dist": 0.01,
          "initial_qty_pct": 0.05,
          "markup_range": 0.054839579919768226,
          "min_markup": 0.009957727294975561,
          "n_close_orders": 5,
          "rentry_pprice_dist": 0.029417604778224922,
          "rentry_pprice_dist_wallet_exposure_weighting": 0.606594195858956,
          "wallet_exposure_limit": 1},
 "short": {"auto_unstuck_delay_minutes": 1018.1273461821587,
           "auto_unstuck_ema_dist": -0.04275219558322856,
           "auto_unstuck_qty_pct": 0.012208190061782299,
           "auto_unstuck_wallet_exposure_threshold": 0.6741151219870314,
           "backwards_tp": true,
           "ddown_factor": 1.0005554106329362,
           "ema_span_0": 573.8245223612611,
           "ema_span_1": 915.1532872811267,
           "enabled": false,
           "initial_eprice_ema_dist": -0.06819569615299123,
           "initial_qty_pct": 0.027917197536890467,
           "markup_range": 0.015021235145622517,
           "min_markup": 0.005254772961464684,
           "n_close_orders": 3,
           "rentry_pprice_dist": 0.04593398900045564,
           "rentry_pprice_dist_wallet_exposure_weighting": 5.5608775909845125,
           "wallet_exposure_limit": 1.0}}