{"config_name": "recursive_grid_IMXUSDT_932days",
 "logging_level": 0,
 "long": {"auto_unstuck_delay_minutes": 0.0,
          "auto_unstuck_ema_dist": 0.0,
          "auto_unstuck_qty_pct": 0.0,
          "auto_unstuck_wallet_exposure_threshold": 0.0,
          "backwards_tp": false,
          "ddown_factor": 0.43766597459730405,
          "ema_span_0": 957.0421019336327,
          "ema_span_1": 1147.9444954250985,
          "enabled": true,
          "initial_eprice_ema_dist": 0.056294282870235246,
          "initial_qty_pct": 0.04,
          "markup_range": 0.03804240928170927,
          "min_markup": 0.012077571905696007,
          "n_close_orders": 2,
          "rentry_pprice_dist": 0.03250623524521306,
          "rentry_pprice_dist_wallet_exposure_weighting": 11.033297540475289,
          "wallet_exposure_limit": 1.0},
 "short": {"auto_unstuck_delay_minutes": 391.53344789620854,
           "auto_unstuck_ema_dist": -0.07096560143302642,
           "auto_unstuck_qty_pct": 0.06658131035747436,
           "auto_unstuck_wallet_exposure_threshold": 0.8479112958683489,
           "backwards_tp": false,
           "ddown_factor": 2.848568128198997,
           "ema_span_0": 1164.841728033335,
           "ema_span_1": 649.4998735131633,
           "enabled": false,
           "initial_eprice_ema_dist": -0.015106051128680131,
           "initial_qty_pct": 0.017378821518190316,
           "markup_range": 0.0021072537211383733,
           "min_markup": 0.004827890393882438,
           "n_close_orders": 5,
           "rentry_pprice_dist": 0.040945858505679014,
           "rentry_pprice_dist_wallet_exposure_weighting": 12.051214132026814,
           "wallet_exposure_limit": 1.0}}