{"config_name": "recursive_grid_BEAMUSDT_212days",
 "logging_level": 0,
 "long": {"auto_unstuck_delay_minutes": 0.0,
          "auto_unstuck_ema_dist": 0.0,
          "auto_unstuck_qty_pct": 0.0,
          "auto_unstuck_wallet_exposure_threshold": 0.0,
          "backwards_tp": false,
          "ddown_factor": 0.4944856088602254,
          "ema_span_0": 1193.7049503005783,
          "ema_span_1": 1305.2779083022385,
          "enabled": true,
          "initial_eprice_ema_dist": 0.009817453496711037,
          "initial_qty_pct": 0.04,
          "markup_range": 0.023065433820158156,
          "min_markup": 0.010587413370731342,
          "n_close_orders": 4,
          "rentry_pprice_dist": 0.027516146668774902,
          "rentry_pprice_dist_wallet_exposure_weighting": 11.897564360002924,
          "wallet_exposure_limit": 1.0},
 "short": {"auto_unstuck_delay_minutes": 923.4457273067308,
           "auto_unstuck_ema_dist": -0.05486166623257545,
           "auto_unstuck_qty_pct": 0.03406555518998942,
           "auto_unstuck_wallet_exposure_threshold": 0.5134913085105934,
           "backwards_tp": false,
           "ddown_factor": 2.2887694827826057,
           "ema_span_0": 842.3968175479097,
           "ema_span_1": 1281.2287877237343,
           "enabled": false,
           "initial_eprice_ema_dist": -0.023298459755087764,
           "initial_qty_pct": 0.034759104472468653,
           "markup_range": 0.03989262577847428,
           "min_markup": 0.004703103512714454,
           "n_close_orders": 7,
           "rentry_pprice_dist": 0.04377351908127303,
           "rentry_pprice_dist_wallet_exposure_weighting": 8.016588617491891,
           "wallet_exposure_limit": 1.0}}