{"config_name": "recursive_grid_SHIB1000USDT_365days",
 "logging_level": 0,
 "long": {"auto_unstuck_delay_minutes": 488.12382690483395,
          "auto_unstuck_ema_dist": -0.0006719691396615268,
          "auto_unstuck_qty_pct": 0.08965858433388961,
          "auto_unstuck_wallet_exposure_threshold": 0.21622173862761426,
          "backwards_tp": false,
          "ddown_factor": 1.2446273237587735,
          "ema_span_0": 296.83873683697556,
          "ema_span_1": 317.21273020777335,
          "enabled": true,
          "initial_eprice_ema_dist": -0.09559137678807395,
          "initial_qty_pct": 0.04806585283052485,
          "markup_range": 0.01675566332726482,
          "min_markup": 0.020872895641106476,
          "n_close_orders": 6,
          "rentry_pprice_dist": 0.003222545624382818,
          "rentry_pprice_dist_wallet_exposure_weighting": 5.254106373781908,
          "wallet_exposure_limit": 1.0},
 "short": {"auto_unstuck_delay_minutes": 473.26104573249296,
           "auto_unstuck_ema_dist": -0.06348122981684182,
           "auto_unstuck_qty_pct": 0.04586271104252058,
           "auto_unstuck_wallet_exposure_threshold": 0.10354535264607725,
           "backwards_tp": false,
           "ddown_factor": 1.4759718231132761,
           "ema_span_0": 698.846310970797,
           "ema_span_1": 1251.9837093195736,
           "enabled": false,
           "initial_eprice_ema_dist": -0.006322298716400782,
           "initial_qty_pct": 0.006387864758782641,
           "markup_range": 0.0011330932406935013,
           "min_markup": 0.024159443086448178,
           "n_close_orders": 15,
           "rentry_pprice_dist": 0.022110007857009433,
           "rentry_pprice_dist_wallet_exposure_weighting": 0.825021808341684,
           "wallet_exposure_limit": 1.0}}