{"config_name": "recursive_grid_ATOMUSDT_976days",
 "logging_level": 0,
 "long": {"auto_unstuck_delay_minutes": 0,
          "auto_unstuck_ema_dist": 0,
          "auto_unstuck_qty_pct": 0,
          "auto_unstuck_wallet_exposure_threshold": 0.0,
          "backwards_tp": false,
          "ddown_factor": 0.49027485234330964,
          "ema_span_0": 1403.8814614293137,
          "ema_span_1": 410.0278684514945,
          "enabled": true,
          "initial_eprice_ema_dist": 0.016371272482344823,
          "initial_qty_pct": 0.04,
          "markup_range": 0.03886312915018825,
          "min_markup": 0.008407667111600204,
          "n_close_orders": 3,
          "rentry_pprice_dist": 0.018569672646166584,
          "rentry_pprice_dist_wallet_exposure_weighting": 8.783050435513307,
          "wallet_exposure_limit": 1.0},
 "short": {"auto_unstuck_delay_minutes": 712.7870855046189,
           "auto_unstuck_ema_dist": -0.018772817838350886,
           "auto_unstuck_qty_pct": 0.053678003008865195,
           "auto_unstuck_wallet_exposure_threshold": 0.10316271533155855,
           "backwards_tp": false,
           "ddown_factor": 1.968412491021872,
           "ema_span_0": 171.92129707969633,
           "ema_span_1": 521.3842873266071,
           "enabled": false,
           "initial_eprice_ema_dist": -0.03931193364873437,
           "initial_qty_pct": 0.03391075525740705,
           "markup_range": 0.044225207307347615,
           "min_markup": 0.0050002509349275194,
           "n_close_orders": 7,
           "rentry_pprice_dist": 0.044205334428743234,
           "rentry_pprice_dist_wallet_exposure_weighting": 5.696020161125885,
           "wallet_exposure_limit": 1.0}}