{"config_name": "recursive_grid_PEOPLEUSDT_143days",
 "logging_level": 0,
 "long": {"auto_unstuck_delay_minutes": 1424.3886298876246,
          "auto_unstuck_ema_dist": 0.036516697068870674,
          "auto_unstuck_qty_pct": 0.01,
          "auto_unstuck_wallet_exposure_threshold": 0.09073571750411889,
          "backwards_tp": false,
          "ddown_factor": 0.39176700297780626,
          "ema_span_0": 1376.6422441271552,
          "ema_span_1": 1304.5476371083741,
          "enabled": true,
          "initial_eprice_ema_dist": 0.008981248542078622,
          "initial_qty_pct": 0.04436493254630632,
          "markup_range": 0.03846148216087424,
          "min_markup": 0.01276620714222979,
          "n_close_orders": 7,
          "rentry_pprice_dist": 0.02599519372173158,
          "rentry_pprice_dist_wallet_exposure_weighting": 7.718096862827542,
          "wallet_exposure_limit": 1},
 "short": {"auto_unstuck_delay_minutes": 837.4561682924727,
           "auto_unstuck_ema_dist": -0.08839761459080865,
           "auto_unstuck_qty_pct": 0.0789137503054713,
           "auto_unstuck_wallet_exposure_threshold": 0.25989299606981353,
           "backwards_tp": false,
           "ddown_factor": 2.480895772609141,
           "ema_span_0": 1083.7272183658515,
           "ema_span_1": 955.9627021700027,
           "enabled": false,
           "initial_eprice_ema_dist": -0.055339407244877604,
           "initial_qty_pct": 0.027944310186058127,
           "markup_range": 0.05924562110481375,
           "min_markup": 0.008526181135649975,
           "n_close_orders": 2,
           "rentry_pprice_dist": 0.01422407490606242,
           "rentry_pprice_dist_wallet_exposure_weighting": 10.900021172158583,
           "wallet_exposure_limit": 1.0}}