{"config_name": "recursive_grid_UNIUSDT_454days",
 "logging_level": 0,
 "long": {"auto_unstuck_delay_minutes": 1055.8331455543603,
          "auto_unstuck_ema_dist": -0.0313545554980034,
          "auto_unstuck_qty_pct": 0.01,
          "auto_unstuck_wallet_exposure_threshold": 0.078537531862194,
          "backwards_tp": false,
          "ddown_factor": 0.8738082098995679,
          "ema_span_0": 1100.093192230771,
          "ema_span_1": 799.2691244182096,
          "enabled": true,
          "initial_eprice_ema_dist": 0.0003503419092126725,
          "initial_qty_pct": 0.05,
          "markup_range": 0.03789824799870601,
          "min_markup": 0.006321710044346401,
          "n_close_orders": 7,
          "rentry_pprice_dist": 0.038504236269203365,
          "rentry_pprice_dist_wallet_exposure_weighting": 2.3186812498203233,
          "wallet_exposure_limit": 1.0},
 "short": {"auto_unstuck_delay_minutes": 11.303144632870335,
           "auto_unstuck_ema_dist": -0.07743795268538325,
           "auto_unstuck_qty_pct": 0.08868301981878401,
           "auto_unstuck_wallet_exposure_threshold": 0.7903856511827947,
           "backwards_tp": true,
           "ddown_factor": 0.3261177859757054,
           "ema_span_0": 606.8064338868826,
           "ema_span_1": 16.980015957933006,
           "enabled": false,
           "initial_eprice_ema_dist": -0.07568386615109138,
           "initial_qty_pct": 0.039972885644725835,
           "markup_range": 0.05254555709289789,
           "min_markup": 0.007156666209112242,
           "n_close_orders": 9,
           "rentry_pprice_dist": 0.01967922498671032,
           "rentry_pprice_dist_wallet_exposure_weighting": 6.492648968745032,
           "wallet_exposure_limit": 1.0}}