{"config_name": "recursive_grid_ORDIUSDT_143days",
 "logging_level": 0,
 "long": {"auto_unstuck_delay_minutes": 606.769179413281,
          "auto_unstuck_ema_dist": -0.042968502013473985,
          "auto_unstuck_qty_pct": 0.01,
          "auto_unstuck_wallet_exposure_threshold": 0.06867302487859607,
          "backwards_tp": false,
          "ddown_factor": 0.3860824738220623,
          "ema_span_0": 236.50906354134844,
          "ema_span_1": 152.31269783486698,
          "enabled": true,
          "initial_eprice_ema_dist": 0.021648312185475565,
          "initial_qty_pct": 0.03842379674087105,
          "markup_range": 0.014673088054671012,
          "min_markup": 0.010002950370357823,
          "n_close_orders": 6,
          "rentry_pprice_dist": 0.011404871691563807,
          "rentry_pprice_dist_wallet_exposure_weighting": 13.46939177493953,
          "wallet_exposure_limit": 1},
 "short": {"auto_unstuck_delay_minutes": 1338.472031110325,
           "auto_unstuck_ema_dist": -0.04723140408795682,
           "auto_unstuck_qty_pct": 0.03488674027090232,
           "auto_unstuck_wallet_exposure_threshold": 0.5739188898069237,
           "backwards_tp": false,
           "ddown_factor": 1.8952515924837325,
           "ema_span_0": 916.7918556397075,
           "ema_span_1": 1274.7854339751864,
           "enabled": false,
           "initial_eprice_ema_dist": -0.016230700006099497,
           "initial_qty_pct": 0.047654591554072666,
           "markup_range": 0.03760314792229457,
           "min_markup": 0.007131086132366476,
           "n_close_orders": 7,
           "rentry_pprice_dist": 0.026089804193817102,
           "rentry_pprice_dist_wallet_exposure_weighting": 11.863530830359954,
           "wallet_exposure_limit": 1.0}}