{"config_name": "recursive_grid_ONDOUSDT_120days",
 "logging_level": 0,
 "long": {"auto_unstuck_delay_minutes": 729.2632765830463,
          "auto_unstuck_ema_dist": -0.0014860502875343115,
          "auto_unstuck_qty_pct": 0.01,
          "auto_unstuck_wallet_exposure_threshold": 0.09790598356962328,
          "backwards_tp": false,
          "ddown_factor": 1.206609404717855,
          "ema_span_0": 969.735192894481,
          "ema_span_1": 826.634091976235,
          "enabled": true,
          "initial_eprice_ema_dist": 0.018644593490109822,
          "initial_qty_pct": 0.04265741226516098,
          "markup_range": 0.028579180597530937,
          "min_markup": 0.03928785008207896,
          "n_close_orders": 4,
          "rentry_pprice_dist": 0.020002079264752788,
          "rentry_pprice_dist_wallet_exposure_weighting": 1.4323965996561203,
          "wallet_exposure_limit": 1},
 "short": {"auto_unstuck_delay_minutes": 364.089154417466,
           "auto_unstuck_ema_dist": -0.07441158484197712,
           "auto_unstuck_qty_pct": 0.03635974550717318,
           "auto_unstuck_wallet_exposure_threshold": 0.3585265583621433,
           "backwards_tp": false,
           "ddown_factor": 0.8904619192644593,
           "ema_span_0": 794.8449853125265,
           "ema_span_1": 1105.8181291166798,
           "enabled": false,
           "initial_eprice_ema_dist": -0.019849186500297364,
           "initial_qty_pct": 0.044750589495465364,
           "markup_range": 0.033448464274861096,
           "min_markup": 0.009218736388651151,
           "n_close_orders": 14,
           "rentry_pprice_dist": 0.0205989540463729,
           "rentry_pprice_dist_wallet_exposure_weighting": 5.5085798123091205,
           "wallet_exposure_limit": 1.0}}