{"config_name": "recursive_grid_NEOUSDT_150days",
 "logging_level": 0,
 "long": {"auto_unstuck_delay_minutes": 937.5550073943475,
          "auto_unstuck_ema_dist": -0.047389559485315556,
          "auto_unstuck_qty_pct": 0.01,
          "auto_unstuck_wallet_exposure_threshold": 0.07999072876429249,
          "backwards_tp": false,
          "ddown_factor": 0.5513524800824965,
          "ema_span_0": 921.9179641621198,
          "ema_span_1": 1363.2772047441965,
          "enabled": true,
          "initial_eprice_ema_dist": 0.0013523655924993826,
          "initial_qty_pct": 0.03680489441458765,
          "markup_range": 0.03957844952774484,
          "min_markup": 0.019690752380413297,
          "n_close_orders": 7,
          "rentry_pprice_dist": 0.00914338890966205,
          "rentry_pprice_dist_wallet_exposure_weighting": 8.14361788350736,
          "wallet_exposure_limit": 1},
 "short": {"auto_unstuck_delay_minutes": 153.04337542249476,
           "auto_unstuck_ema_dist": -0.09367637763406413,
           "auto_unstuck_qty_pct": 0.0672293227259571,
           "auto_unstuck_wallet_exposure_threshold": 0.4769036273368872,
           "backwards_tp": false,
           "ddown_factor": 2.492627874439223,
           "ema_span_0": 278.91669273867444,
           "ema_span_1": 30.050106929847093,
           "enabled": false,
           "initial_eprice_ema_dist": -0.055277906259379415,
           "initial_qty_pct": 0.041404538087649864,
           "markup_range": 0.05225747531230227,
           "min_markup": 0.0057126811602573515,
           "n_close_orders": 11,
           "rentry_pprice_dist": 0.035539295432369486,
           "rentry_pprice_dist_wallet_exposure_weighting": 17.8266513041952,
           "wallet_exposure_limit": 1.0}}