{"config_name": "recursive_grid_KASUSDT_314days",
 "logging_level": 0,
 "long": {"auto_unstuck_delay_minutes": 0.0,
          "auto_unstuck_ema_dist": 0.0,
          "auto_unstuck_qty_pct": 0.0,
          "auto_unstuck_wallet_exposure_threshold": 0.0,
          "backwards_tp": false,
          "ddown_factor": 0.432679121991418,
          "ema_span_0": 387.2761181082826,
          "ema_span_1": 639.9799844404572,
          "enabled": true,
          "initial_eprice_ema_dist": -0.09755932519057364,
          "initial_qty_pct": 0.04,
          "markup_range": 0.026095002572360998,
          "min_markup": 0.02293557354374403,
          "n_close_orders": 3,
          "rentry_pprice_dist": 0.0075954171970238574,
          "rentry_pprice_dist_wallet_exposure_weighting": 10.493523820926061,
          "wallet_exposure_limit": 1.0},
 "short": {"auto_unstuck_delay_minutes": 589.0371617775825,
           "auto_unstuck_ema_dist": -0.0637967630977968,
           "auto_unstuck_qty_pct": 0.07476682450593286,
           "auto_unstuck_wallet_exposure_threshold": 0.4432155478506923,
           "backwards_tp": false,
           "ddown_factor": 1.4253561719987313,
           "ema_span_0": 563.7904273568179,
           "ema_span_1": 110.48394443608501,
           "enabled": false,
           "initial_eprice_ema_dist": -0.06567759691238456,
           "initial_qty_pct": 0.02845440559262777,
           "markup_range": 0.00824982740804289,
           "min_markup": 0.005494771475644027,
           "n_close_orders": 3,
           "rentry_pprice_dist": 0.013672151784036482,
           "rentry_pprice_dist_wallet_exposure_weighting": 2.8998897984611127,
           "wallet_exposure_limit": 1.0}}