{"config_name": "recursive_grid_UNIUSDT_454days",
 "logging_level": 0,
 "long": {"auto_unstuck_delay_minutes": 1410.9721247866014,
          "auto_unstuck_ema_dist": -0.03649327275461765,
          "auto_unstuck_qty_pct": 0.01,
          "auto_unstuck_wallet_exposure_threshold": 0.052676515554280205,
          "backwards_tp": false,
          "ddown_factor": 0.5169387455812139,
          "ema_span_0": 450.0913151425565,
          "ema_span_1": 542.2038647894807,
          "enabled": true,
          "initial_eprice_ema_dist": 0.0036729023729217564,
          "initial_qty_pct": 0.05,
          "markup_range": 0.024443022499853122,
          "min_markup": 0.00502001539334809,
          "n_close_orders": 4,
          "rentry_pprice_dist": 0.031799778638471984,
          "rentry_pprice_dist_wallet_exposure_weighting": 3.7608785416602797,
          "wallet_exposure_limit": 1.0},
 "short": {"auto_unstuck_delay_minutes": 831.5693162489072,
           "auto_unstuck_ema_dist": -0.056621760279185515,
           "auto_unstuck_qty_pct": 0.010295147959938796,
           "auto_unstuck_wallet_exposure_threshold": 0.12876296515473548,
           "backwards_tp": true,
           "ddown_factor": 2.070491860981637,
           "ema_span_0": 792.5473224226151,
           "ema_span_1": 954.1679048665784,
           "enabled": false,
           "initial_eprice_ema_dist": -0.09573518972225957,
           "initial_qty_pct": 0.02868232006399281,
           "markup_range": 0.025827181718216675,
           "min_markup": 0.003552767863824069,
           "n_close_orders": 9,
           "rentry_pprice_dist": 0.025334076808604195,
           "rentry_pprice_dist_wallet_exposure_weighting": 6.192141816736372,
           "wallet_exposure_limit": 1.0}}