{"config_name": "recursive_grid_RLCUSDT_374days",
 "logging_level": 0,
 "long": {"auto_unstuck_delay_minutes": 505.92568348968297,
          "auto_unstuck_ema_dist": -0.0122369149582819,
          "auto_unstuck_qty_pct": 0.01,
          "auto_unstuck_wallet_exposure_threshold": 0.030956413506330986,
          "backwards_tp": false,
          "ddown_factor": 1.2275196462688482,
          "ema_span_0": 636.9898182465452,
          "ema_span_1": 976.0709157954554,
          "enabled": true,
          "initial_eprice_ema_dist": 0.0029005705221354493,
          "initial_qty_pct": 0.05,
          "markup_range": 0.025526299127837007,
          "min_markup": 0.0074562280445348164,
          "n_close_orders": 7,
          "rentry_pprice_dist": 0.032440872190461725,
          "rentry_pprice_dist_wallet_exposure_weighting": 3.5086961419423286,
          "wallet_exposure_limit": 1.0},
 "short": {"auto_unstuck_delay_minutes": 777.4571612324643,
           "auto_unstuck_ema_dist": -0.06867545093342499,
           "auto_unstuck_qty_pct": 0.06225012129159147,
           "auto_unstuck_wallet_exposure_threshold": 0.8969655181606021,
           "backwards_tp": true,
           "ddown_factor": 2.99061386308824,
           "ema_span_0": 731.4622215639349,
           "ema_span_1": 477.8067117972706,
           "enabled": false,
           "initial_eprice_ema_dist": -0.07543301342414904,
           "initial_qty_pct": 0.04570093501928171,
           "markup_range": 0.05051758034484045,
           "min_markup": 0.007684742208328894,
           "n_close_orders": 7,
           "rentry_pprice_dist": 0.005845807578131638,
           "rentry_pprice_dist_wallet_exposure_weighting": 0.09018812948286437,
           "wallet_exposure_limit": 1.0}}