{"config_name": "recursive_grid_XMRUSDT_454days",
 "logging_level": 0,
 "long": {"auto_unstuck_delay_minutes": 815.0938114666155,
          "auto_unstuck_ema_dist": -0.02273721313636825,
          "auto_unstuck_qty_pct": 0.01,
          "auto_unstuck_wallet_exposure_threshold": 0.09686565529968576,
          "backwards_tp": false,
          "ddown_factor": 1.4851514488169584,
          "ema_span_0": 409.08129092778967,
          "ema_span_1": 614.1980476658351,
          "enabled": true,
          "initial_eprice_ema_dist": 0.006769705951136692,
          "initial_qty_pct": 0.05,
          "markup_range": 0.01610338698186415,
          "min_markup": 0.00391454414366964,
          "n_close_orders": 7,
          "rentry_pprice_dist": 0.029673662724009356,
          "rentry_pprice_dist_wallet_exposure_weighting": 3.0719863846194393,
          "wallet_exposure_limit": 1},
 "short": {"auto_unstuck_delay_minutes": 1364.852573950539,
           "auto_unstuck_ema_dist": -0.03538443863876417,
           "auto_unstuck_qty_pct": 0.08539220146647393,
           "auto_unstuck_wallet_exposure_threshold": 0.27178863018353994,
           "backwards_tp": true,
           "ddown_factor": 2.294717397240277,
           "ema_span_0": 362.3118954300691,
           "ema_span_1": 108.7239204636088,
           "enabled": false,
           "initial_eprice_ema_dist": -0.0013994669612937966,
           "initial_qty_pct": 0.022158447390241892,
           "markup_range": 0.030178950553636615,
           "min_markup": 0.00381659899532358,
           "n_close_orders": 5,
           "rentry_pprice_dist": 0.04524564014411648,
           "rentry_pprice_dist_wallet_exposure_weighting": 18.21041244370132,
           "wallet_exposure_limit": 1.0}}