{"config_name": "recursive_grid_APTUSDT_365days",
 "logging_level": 0,
 "long": {"auto_unstuck_delay_minutes": 831.2884163357463,
          "auto_unstuck_ema_dist": 0.04188664240243847,
          "auto_unstuck_qty_pct": 0.01759245700234026,
          "auto_unstuck_wallet_exposure_threshold": 0.15163112953506813,
          "backwards_tp": true,
          "ddown_factor": 0.25644661386596623,
          "ema_span_0": 538.2267388744518,
          "ema_span_1": 841.7755537310595,
          "enabled": true,
          "initial_eprice_ema_dist": -0.000929292201096998,
          "initial_qty_pct": 0.03817281478375829,
          "markup_range": 0.014666686647328207,
          "min_markup": 0.0058194030622911236,
          "n_close_orders": 5,
          "rentry_pprice_dist": 0.0507131252977688,
          "rentry_pprice_dist_wallet_exposure_weighting": 1.1799850483507726,
          "wallet_exposure_limit": 1},
 "short": {"auto_unstuck_delay_minutes": 0.0,
           "auto_unstuck_ema_dist": 0.0,
           "auto_unstuck_qty_pct": 0.0,
           "auto_unstuck_wallet_exposure_threshold": 0.0,
           "backwards_tp": true,
           "ddown_factor": 2.1108911184447225,
           "ema_span_0": 827.6496136386202,
           "ema_span_1": 420.09044210855706,
           "enabled": false,
           "initial_eprice_ema_dist": -0.005134745958736565,
           "initial_qty_pct": 0.01832758442363604,
           "markup_range": 0.0018410091713101041,
           "min_markup": 0.004334236174535827,
           "n_close_orders": 9,
           "rentry_pprice_dist": 0.009255837435813756,
           "rentry_pprice_dist_wallet_exposure_weighting": 4.3157637213903355,
           "wallet_exposure_limit": 1.0}}