{"config_name": "recursive_grid_SNXUSDT_454days",
 "logging_level": 0,
 "long": {"auto_unstuck_delay_minutes": 531.354780810446,
          "auto_unstuck_ema_dist": -0.03310384963273992,
          "auto_unstuck_qty_pct": 0.01,
          "auto_unstuck_wallet_exposure_threshold": 0.03220663946787612,
          "backwards_tp": false,
          "ddown_factor": 1.0080836048336845,
          "ema_span_0": 567.5236305201003,
          "ema_span_1": 723.6732997369238,
          "enabled": true,
          "initial_eprice_ema_dist": 0.001005196750591838,
          "initial_qty_pct": 0.05,
          "markup_range": 0.046495554289942814,
          "min_markup": 0.008416486360732098,
          "n_close_orders": 5,
          "rentry_pprice_dist": 0.026710482370425295,
          "rentry_pprice_dist_wallet_exposure_weighting": 1.0055587662272678,
          "wallet_exposure_limit": 1},
 "short": {"auto_unstuck_delay_minutes": 485.8659986028425,
           "auto_unstuck_ema_dist": -0.07872678147044804,
           "auto_unstuck_qty_pct": 0.055744349712331887,
           "auto_unstuck_wallet_exposure_threshold": 0.12397674175290625,
           "backwards_tp": true,
           "ddown_factor": 2.2652342515309014,
           "ema_span_0": 1434.1825573640333,
           "ema_span_1": 131.49496341444686,
           "enabled": false,
           "initial_eprice_ema_dist": -0.07790321486766733,
           "initial_qty_pct": 0.03796055843364073,
           "markup_range": 0.010777774349707926,
           "min_markup": 0.006889065470053186,
           "n_close_orders": 13,
           "rentry_pprice_dist": 0.013973150288066897,
           "rentry_pprice_dist_wallet_exposure_weighting": 19.221674654752608,
           "wallet_exposure_limit": 1.0}}