{"config_name": "recursive_grid_FILUSDT_156days",
 "logging_level": 0,
 "long": {"auto_unstuck_delay_minutes": 1106.9560211642474,
          "auto_unstuck_ema_dist": 0.03481107929105859,
          "auto_unstuck_qty_pct": 0.01,
          "auto_unstuck_wallet_exposure_threshold": 0.08902614752780316,
          "backwards_tp": false,
          "ddown_factor": 0.5621538523831078,
          "ema_span_0": 1043.0988905538889,
          "ema_span_1": 638.1084146362712,
          "enabled": true,
          "initial_eprice_ema_dist": -0.002306693694139758,
          "initial_qty_pct": 0.04564365158859818,
          "markup_range": 0.033417114764487645,
          "min_markup": 0.02922523380941168,
          "n_close_orders": 5,
          "rentry_pprice_dist": 0.007596399274257336,
          "rentry_pprice_dist_wallet_exposure_weighting": 8.810652348589315,
          "wallet_exposure_limit": 1.0},
 "short": {"auto_unstuck_delay_minutes": 1088.607613496198,
           "auto_unstuck_ema_dist": -0.03319282815586186,
           "auto_unstuck_qty_pct": 0.02115490110502394,
           "auto_unstuck_wallet_exposure_threshold": 0.5385678537587982,
           "backwards_tp": false,
           "ddown_factor": 1.218874842869608,
           "ema_span_0": 559.2252981616966,
           "ema_span_1": 326.45625731355324,
           "enabled": false,
           "initial_eprice_ema_dist": -0.08732762500493349,
           "initial_qty_pct": 0.043484440990784475,
           "markup_range": 0.008203424689776542,
           "min_markup": 0.009673013337407124,
           "n_close_orders": 14,
           "rentry_pprice_dist": 0.02384323448538743,
           "rentry_pprice_dist_wallet_exposure_weighting": 19.043809319827393,
           "wallet_exposure_limit": 1.0}}