{"config_name": "recursive_grid_1000RATSUSDT_150days",
 "logging_level": 0,
 "long": {"auto_unstuck_delay_minutes": 840.327997071407,
          "auto_unstuck_ema_dist": 0.007357525430406006,
          "auto_unstuck_qty_pct": 0.01,
          "auto_unstuck_wallet_exposure_threshold": 0.07657725355687682,
          "backwards_tp": false,
          "ddown_factor": 0.5828027342615407,
          "ema_span_0": 382.9890198106615,
          "ema_span_1": 501.0965470190456,
          "enabled": true,
          "initial_eprice_ema_dist": 0.02742520636726225,
          "initial_qty_pct": 0.0310976591918484,
          "markup_range": 0.018457980567335983,
          "min_markup": 0.008,
          "n_close_orders": 5,
          "rentry_pprice_dist": 0.01664515542153887,
          "rentry_pprice_dist_wallet_exposure_weighting": 10.402823515337678,
          "wallet_exposure_limit": 1},
 "short": {"auto_unstuck_delay_minutes": 69.64806326778765,
           "auto_unstuck_ema_dist": -0.09568527031090138,
           "auto_unstuck_qty_pct": 0.0695216373292497,
           "auto_unstuck_wallet_exposure_threshold": 0.3333698080560925,
           "backwards_tp": false,
           "ddown_factor": 2.107330712302869,
           "ema_span_0": 374.86064030168126,
           "ema_span_1": 1231.9226106090196,
           "enabled": false,
           "initial_eprice_ema_dist": -0.005980975173184605,
           "initial_qty_pct": 0.049519271235469335,
           "markup_range": 0.04998962716373771,
           "min_markup": 0.0032993411653246176,
           "n_close_orders": 15,
           "rentry_pprice_dist": 0.04383643689188806,
           "rentry_pprice_dist_wallet_exposure_weighting": 13.210522095909795,
           "wallet_exposure_limit": 1.0}}