{"config_name": "recursive_grid_OPUSDT_365days",
 "logging_level": 0,
 "long": {"auto_unstuck_delay_minutes": 502.96649145751604,
          "auto_unstuck_ema_dist": 0.02869020293389882,
          "auto_unstuck_qty_pct": 0.06671302751060322,
          "auto_unstuck_wallet_exposure_threshold": 0.4784211605720846,
          "backwards_tp": false,
          "ddown_factor": 0.5339969483769644,
          "ema_span_0": 28.576218561578337,
          "ema_span_1": 661.3843262350783,
          "enabled": true,
          "initial_eprice_ema_dist": 0.007538060131022515,
          "initial_qty_pct": 0.046640397774848255,
          "markup_range": 0.02343394284086095,
          "min_markup": 0.012708881007393025,
          "n_close_orders": 3,
          "rentry_pprice_dist": 0.0398109806012575,
          "rentry_pprice_dist_wallet_exposure_weighting": 0.9679103575909844,
          "wallet_exposure_limit": 1},
 "short": {"auto_unstuck_delay_minutes": 748.2871255067683,
           "auto_unstuck_ema_dist": -0.06445598573482295,
           "auto_unstuck_qty_pct": 0.06936285073719625,
           "auto_unstuck_wallet_exposure_threshold": 0.09038663684056417,
           "backwards_tp": false,
           "ddown_factor": 2.9118442558822992,
           "ema_span_0": 1223.8392141723268,
           "ema_span_1": 838.1142436289424,
           "enabled": false,
           "initial_eprice_ema_dist": 0.0026997492997877792,
           "initial_qty_pct": 0.019644309307604628,
           "markup_range": 0.0042247278894843665,
           "min_markup": 0.013563691916157684,
           "n_close_orders": 13,
           "rentry_pprice_dist": 0.052520549486540904,
           "rentry_pprice_dist_wallet_exposure_weighting": 3.3363406456247375,
           "wallet_exposure_limit": 1.0}}