{"config_name": "recursive_grid_BTCUSDT_143days",
 "logging_level": 0,
 "long": {"auto_unstuck_delay_minutes": 778.6999461008027,
          "auto_unstuck_ema_dist": -0.011593732502704998,
          "auto_unstuck_qty_pct": 0.01,
          "auto_unstuck_wallet_exposure_threshold": 0.04041613331087985,
          "backwards_tp": false,
          "ddown_factor": 0.43896983804931367,
          "ema_span_0": 1001.0923450998822,
          "ema_span_1": 669.8582634743402,
          "enabled": true,
          "initial_eprice_ema_dist": -0.021616478002848098,
          "initial_qty_pct": 0.044103744610026474,
          "markup_range": 0.04742191688346401,
          "min_markup": 0.013716915397554375,
          "n_close_orders": 7,
          "rentry_pprice_dist": 0.012961795162560602,
          "rentry_pprice_dist_wallet_exposure_weighting": 13.563362084713596,
          "wallet_exposure_limit": 1.0},
 "short": {"auto_unstuck_delay_minutes": 583.6066676560541,
           "auto_unstuck_ema_dist": -0.004877008405064304,
           "auto_unstuck_qty_pct": 0.014011868036417883,
           "auto_unstuck_wallet_exposure_threshold": 0.8900027553336439,
           "backwards_tp": false,
           "ddown_factor": 2.457178908364027,
           "ema_span_0": 871.0319771516739,
           "ema_span_1": 615.1243053510942,
           "enabled": false,
           "initial_eprice_ema_dist": -0.06935334105358323,
           "initial_qty_pct": 0.010962723472164777,
           "markup_range": 0.025738931821250602,
           "min_markup": 0.00835089884882195,
           "n_close_orders": 16,
           "rentry_pprice_dist": 0.03731247884992663,
           "rentry_pprice_dist_wallet_exposure_weighting": 8.04884171501866,
           "wallet_exposure_limit": 1.0}}