{"config_name": "recursive_grid_MATICUSDT_365days",
 "logging_level": 0,
 "long": {"auto_unstuck_delay_minutes": 64.10497189203905,
          "auto_unstuck_ema_dist": -0.06456380230048842,
          "auto_unstuck_qty_pct": 0.059480965068674216,
          "auto_unstuck_wallet_exposure_threshold": 0.6609907186298698,
          "backwards_tp": false,
          "ddown_factor": 0.18017454947491085,
          "ema_span_0": 1362.0725418787845,
          "ema_span_1": 43.46901256523472,
          "enabled": true,
          "initial_eprice_ema_dist": -0.08304425624935158,
          "initial_qty_pct": 0.0490476464023032,
          "markup_range": 0.0033685057861164644,
          "min_markup": 0.007428441930794668,
          "n_close_orders": 4,
          "rentry_pprice_dist": 0.0246430061491745,
          "rentry_pprice_dist_wallet_exposure_weighting": 0.013099062637809467,
          "wallet_exposure_limit": 1},
 "short": {"auto_unstuck_delay_minutes": 524.8149142602483,
           "auto_unstuck_ema_dist": -0.09455464869355751,
           "auto_unstuck_qty_pct": 0.04689627740717616,
           "auto_unstuck_wallet_exposure_threshold": 0.12986743250562438,
           "backwards_tp": false,
           "ddown_factor": 0.8153852375903352,
           "ema_span_0": 673.0504185766588,
           "ema_span_1": 719.0825043979596,
           "enabled": false,
           "initial_eprice_ema_dist": 0.0023579461678955964,
           "initial_qty_pct": 0.012723076707233244,
           "markup_range": 0.002404655862241838,
           "min_markup": 0.012602515808539706,
           "n_close_orders": 8,
           "rentry_pprice_dist": 0.007255174911521419,
           "rentry_pprice_dist_wallet_exposure_weighting": 1.1808653987629643,
           "wallet_exposure_limit": 1.0}}