{"config_name": "recursive_grid_BTCUSDT_143days",
 "logging_level": 0,
 "long": {"auto_unstuck_delay_minutes": 1349.9995916936662,
          "auto_unstuck_ema_dist": -0.015726771609118527,
          "auto_unstuck_qty_pct": 0.01,
          "auto_unstuck_wallet_exposure_threshold": 0.0731580318432021,
          "backwards_tp": false,
          "ddown_factor": 0.49065470275930867,
          "ema_span_0": 920.227597881689,
          "ema_span_1": 289.4203434809532,
          "enabled": true,
          "initial_eprice_ema_dist": -0.02345371043714075,
          "initial_qty_pct": 0.03274966721757754,
          "markup_range": 0.017333730714436297,
          "min_markup": 0.010669359934385877,
          "n_close_orders": 5,
          "rentry_pprice_dist": 0.00814954938558481,
          "rentry_pprice_dist_wallet_exposure_weighting": 10.07876968078391,
          "wallet_exposure_limit": 1},
 "short": {"auto_unstuck_delay_minutes": 268.2765702455306,
           "auto_unstuck_ema_dist": -0.056114063661895794,
           "auto_unstuck_qty_pct": 0.022402952113662656,
           "auto_unstuck_wallet_exposure_threshold": 0.4768469635244845,
           "backwards_tp": false,
           "ddown_factor": 2.3292190065158525,
           "ema_span_0": 1375.1088024544429,
           "ema_span_1": 158.66850332009525,
           "enabled": false,
           "initial_eprice_ema_dist": -0.058842996833542806,
           "initial_qty_pct": 0.014540147438261323,
           "markup_range": 0.030014431862985122,
           "min_markup": 0.007499023067356865,
           "n_close_orders": 12,
           "rentry_pprice_dist": 0.01362168926591199,
           "rentry_pprice_dist_wallet_exposure_weighting": 2.9172087469211716,
           "wallet_exposure_limit": 1.0}}