{"config_name": "recursive_grid_1000FLOKIUSDT_366days",
 "logging_level": 0,
 "long": {"auto_unstuck_delay_minutes": 702.4756446345642,
          "auto_unstuck_ema_dist": -0.03899723654149356,
          "auto_unstuck_qty_pct": 0.08119665826228198,
          "auto_unstuck_wallet_exposure_threshold": 0.08526214908984504,
          "backwards_tp": false,
          "ddown_factor": 0.19734701930245735,
          "ema_span_0": 259.60839455838885,
          "ema_span_1": 58.7525372846219,
          "enabled": true,
          "initial_eprice_ema_dist": -0.005193560469514393,
          "initial_qty_pct": 0.03841632156723501,
          "markup_range": 0.017166185759547332,
          "min_markup": 0.009965139140294472,
          "n_close_orders": 5,
          "rentry_pprice_dist": 0.03362144539660998,
          "rentry_pprice_dist_wallet_exposure_weighting": 1.1296730765940894,
          "wallet_exposure_limit": 1},
 "short": {"auto_unstuck_delay_minutes": 0.0,
           "auto_unstuck_ema_dist": 0.0,
           "auto_unstuck_qty_pct": 0.0,
           "auto_unstuck_wallet_exposure_threshold": 0.0,
           "backwards_tp": false,
           "ddown_factor": 1.4294895146278366,
           "ema_span_0": 458.43930272933903,
           "ema_span_1": 696.4815489595107,
           "enabled": false,
           "initial_eprice_ema_dist": -0.005060106443990981,
           "initial_qty_pct": 0.019285295756545126,
           "markup_range": 0.005641498617916606,
           "min_markup": 0.0010339453589271125,
           "n_close_orders": 14,
           "rentry_pprice_dist": 0.023465394798686957,
           "rentry_pprice_dist_wallet_exposure_weighting": 5.180422666551566,
           "wallet_exposure_limit": 1.0}}