{"config_name": "recursive_grid_1000PEPEUSDT_302days",
 "logging_level": 0,
 "long": {"auto_unstuck_delay_minutes": 1008.2213128549223,
          "auto_unstuck_ema_dist": 0.011255837361425691,
          "auto_unstuck_qty_pct": 0.07950910121817102,
          "auto_unstuck_wallet_exposure_threshold": 0.07156083406193277,
          "backwards_tp": false,
          "ddown_factor": 0.8679933508855227,
          "ema_span_0": 204.88005952372086,
          "ema_span_1": 215.36609442934463,
          "enabled": true,
          "initial_eprice_ema_dist": -0.007214648608609225,
          "initial_qty_pct": 0.03450490367973849,
          "markup_range": 0.017145971408949662,
          "min_markup": 0.013034943857232853,
          "n_close_orders": 8,
          "rentry_pprice_dist": 0.051193460539957984,
          "rentry_pprice_dist_wallet_exposure_weighting": 1.1835156195904935,
          "wallet_exposure_limit": 1},
 "short": {"auto_unstuck_delay_minutes": 0.0,
           "auto_unstuck_ema_dist": 0.0,
           "auto_unstuck_qty_pct": 0.0,
           "auto_unstuck_wallet_exposure_threshold": 0.0,
           "backwards_tp": false,
           "ddown_factor": 1.929490022377074,
           "ema_span_0": 1208.704424868055,
           "ema_span_1": 1288.5681867766061,
           "enabled": false,
           "initial_eprice_ema_dist": 0.001477334679494723,
           "initial_qty_pct": 0.014833268966961796,
           "markup_range": 0.0012925099777031646,
           "min_markup": 0.005521446472728722,
           "n_close_orders": 5,
           "rentry_pprice_dist": 0.009083988570477559,
           "rentry_pprice_dist_wallet_exposure_weighting": 2.089869840658337,
           "wallet_exposure_limit": 1.0}}