{"config_name": "recursive_grid_1000FLOKIUSDT_366days",
 "logging_level": 0,
 "long": {"auto_unstuck_delay_minutes": 654.288576834977,
          "auto_unstuck_ema_dist": -0.03899723654149356,
          "auto_unstuck_qty_pct": 0.07873108215811285,
          "auto_unstuck_wallet_exposure_threshold": 0.08526214908984504,
          "backwards_tp": false,
          "ddown_factor": 0.19734701930245735,
          "ema_span_0": 231.9016468526246,
          "ema_span_1": 23.018094441987632,
          "enabled": true,
          "initial_eprice_ema_dist": -0.008198207876044323,
          "initial_qty_pct": 0.03800102169162829,
          "markup_range": 0.009763886296561653,
          "min_markup": 0.009703135798499015,
          "n_close_orders": 7,
          "rentry_pprice_dist": 0.03372376088914396,
          "rentry_pprice_dist_wallet_exposure_weighting": 1.179694093733699,
          "wallet_exposure_limit": 1},
 "short": {"auto_unstuck_delay_minutes": 0.0,
           "auto_unstuck_ema_dist": 0.0,
           "auto_unstuck_qty_pct": 0.0,
           "auto_unstuck_wallet_exposure_threshold": 0.0,
           "backwards_tp": false,
           "ddown_factor": 1.4294895146278366,
           "ema_span_0": 458.43930272933903,
           "ema_span_1": 696.4815489595107,
           "enabled": false,
           "initial_eprice_ema_dist": -0.005060106443990981,
           "initial_qty_pct": 0.019285295756545126,
           "markup_range": 0.005641498617916606,
           "min_markup": 0.0010339453589271125,
           "n_close_orders": 14,
           "rentry_pprice_dist": 0.023465394798686957,
           "rentry_pprice_dist_wallet_exposure_weighting": 5.180422666551566,
           "wallet_exposure_limit": 1.0}}