{"config_name": "recursive_grid_SANDUSDT_955days",
 "logging_level": 0,
 "long": {"auto_unstuck_delay_minutes": 0,
          "auto_unstuck_ema_dist": 0,
          "auto_unstuck_qty_pct": 0.0,
          "auto_unstuck_wallet_exposure_threshold": 0.0,
          "backwards_tp": false,
          "ddown_factor": 0.5077982341921901,
          "ema_span_0": 1321.683301060395,
          "ema_span_1": 1169.490388942134,
          "enabled": true,
          "initial_eprice_ema_dist": 0.03237677054870365,
          "initial_qty_pct": 0.04,
          "markup_range": 0.02928304146529246,
          "min_markup": 0.014443611106901453,
          "n_close_orders": 3,
          "rentry_pprice_dist": 0.02148653707935915,
          "rentry_pprice_dist_wallet_exposure_weighting": 8.661266305081755,
          "wallet_exposure_limit": 1},
 "short": {"auto_unstuck_delay_minutes": 856.1346326686174,
           "auto_unstuck_ema_dist": -0.06623902898922907,
           "auto_unstuck_qty_pct": 0.08606918975806543,
           "auto_unstuck_wallet_exposure_threshold": 0.8214390538244167,
           "backwards_tp": false,
           "ddown_factor": 2.08628356148139,
           "ema_span_0": 1396.7269182951761,
           "ema_span_1": 377.8339693993041,
           "enabled": false,
           "initial_eprice_ema_dist": -0.013646709944178284,
           "initial_qty_pct": 0.014068385675075233,
           "markup_range": 0.05622210245603977,
           "min_markup": 0.004558242687720201,
           "n_close_orders": 6,
           "rentry_pprice_dist": 0.0491341419066288,
           "rentry_pprice_dist_wallet_exposure_weighting": 16.864047668863165,
           "wallet_exposure_limit": 1.0}}