{"config_name": "recursive_grid_ICPUSDT_1002days",
 "logging_level": 0,
 "long": {"auto_unstuck_delay_minutes": 0.0,
          "auto_unstuck_ema_dist": 0.0,
          "auto_unstuck_qty_pct": 0.0,
          "auto_unstuck_wallet_exposure_threshold": 0.0,
          "backwards_tp": false,
          "ddown_factor": 0.5958654925930643,
          "ema_span_0": 134.66363488121218,
          "ema_span_1": 451.2458445190577,
          "enabled": true,
          "initial_eprice_ema_dist": 0.04452507492061131,
          "initial_qty_pct": 0.04,
          "markup_range": 0.014950367417364885,
          "min_markup": 0.020925522608793965,
          "n_close_orders": 2,
          "rentry_pprice_dist": 0.03318345665296544,
          "rentry_pprice_dist_wallet_exposure_weighting": 10.63769441219712,
          "wallet_exposure_limit": 1.0},
 "short": {"auto_unstuck_delay_minutes": 182.75124774183803,
           "auto_unstuck_ema_dist": -0.09053021404879037,
           "auto_unstuck_qty_pct": 0.0918658719539656,
           "auto_unstuck_wallet_exposure_threshold": 0.3017623630977879,
           "backwards_tp": false,
           "ddown_factor": 0.8504352583969045,
           "ema_span_0": 1013.8205505759327,
           "ema_span_1": 282.9944026376089,
           "enabled": false,
           "initial_eprice_ema_dist": -0.09150031078445893,
           "initial_qty_pct": 0.01659214362234234,
           "markup_range": 0.011308701501358868,
           "min_markup": 0.0050525532015622855,
           "n_close_orders": 14,
           "rentry_pprice_dist": 0.005251446256620897,
           "rentry_pprice_dist_wallet_exposure_weighting": 17.21148037286173,
           "wallet_exposure_limit": 1.0}}