{"config_name": "recursive_grid_1000BONKUSDT_366days",
 "logging_level": 0,
 "long": {"auto_unstuck_delay_minutes": 774.6917587342879,
          "auto_unstuck_ema_dist": -0.030764462759850772,
          "auto_unstuck_qty_pct": 0.0784848526602477,
          "auto_unstuck_wallet_exposure_threshold": 0.07025314641716006,
          "backwards_tp": false,
          "ddown_factor": 0.17735686572425988,
          "ema_span_0": 2361.8886962079964,
          "ema_span_1": 2278.8304918622994,
          "enabled": true,
          "initial_eprice_ema_dist": 0.0023101684129855676,
          "initial_qty_pct": 0.034846489051454835,
          "markup_range": 0.015346678968415616,
          "min_markup": 0.005,
          "n_close_orders": 7,
          "rentry_pprice_dist": 0.05122761305957356,
          "rentry_pprice_dist_wallet_exposure_weighting": 2.0106423048983384,
          "wallet_exposure_limit": 1},
 "short": {"auto_unstuck_delay_minutes": 0.0,
           "auto_unstuck_ema_dist": 0.0,
           "auto_unstuck_qty_pct": 0.0,
           "auto_unstuck_wallet_exposure_threshold": 0.0,
           "backwards_tp": false,
           "ddown_factor": 2.7959988495650756,
           "ema_span_0": 547.3364363121475,
           "ema_span_1": 506.6046462689166,
           "enabled": false,
           "initial_eprice_ema_dist": -0.009968364640490177,
           "initial_qty_pct": 0.019986787107126716,
           "markup_range": 0.00966703529024278,
           "min_markup": 0.0031034304814757238,
           "n_close_orders": 3,
           "rentry_pprice_dist": 0.0512984643334632,
           "rentry_pprice_dist_wallet_exposure_weighting": 2.1539486369638,
           "wallet_exposure_limit": 1.0}}