{"config_name": "recursive_grid_1000RATSUSDT_150days",
 "logging_level": 0,
 "long": {"auto_unstuck_delay_minutes": 1397.4208191176976,
          "auto_unstuck_ema_dist": -0.030741324103785377,
          "auto_unstuck_qty_pct": 0.01,
          "auto_unstuck_wallet_exposure_threshold": 0.045170523486257025,
          "backwards_tp": false,
          "ddown_factor": 0.5193450362039387,
          "ema_span_0": 160.8105328859156,
          "ema_span_1": 148.61917286303424,
          "enabled": true,
          "initial_eprice_ema_dist": 0.021213705866184065,
          "initial_qty_pct": 0.04060975053960218,
          "markup_range": 0.043465587950600126,
          "min_markup": 0.010736188191883845,
          "n_close_orders": 7,
          "rentry_pprice_dist": 0.014828970273460728,
          "rentry_pprice_dist_wallet_exposure_weighting": 10.550055216556428,
          "wallet_exposure_limit": 1},
 "short": {"auto_unstuck_delay_minutes": 1043.7498296018514,
           "auto_unstuck_ema_dist": -0.06424854293322574,
           "auto_unstuck_qty_pct": 0.04913143011843252,
           "auto_unstuck_wallet_exposure_threshold": 0.14072938971769614,
           "backwards_tp": false,
           "ddown_factor": 1.2816458830139739,
           "ema_span_0": 351.50552212204883,
           "ema_span_1": 1384.6530458133586,
           "enabled": false,
           "initial_eprice_ema_dist": -0.06646898177056632,
           "initial_qty_pct": 0.015000229384601195,
           "markup_range": 0.04829321139176497,
           "min_markup": 0.009499926860029682,
           "n_close_orders": 12,
           "rentry_pprice_dist": 0.032417737157299086,
           "rentry_pprice_dist_wallet_exposure_weighting": 17.47613359170925,
           "wallet_exposure_limit": 1.0}}