{"config_name": "recursive_grid_1000BONKUSDT_143days",
 "logging_level": 0,
 "long": {"auto_unstuck_delay_minutes": 739.3765194571479,
          "auto_unstuck_ema_dist": 0.027047505483375978,
          "auto_unstuck_qty_pct": 0.01,
          "auto_unstuck_wallet_exposure_threshold": 0.06782912292941588,
          "backwards_tp": false,
          "ddown_factor": 0.5516535083893735,
          "ema_span_0": 141.8410969668583,
          "ema_span_1": 221.2781601107268,
          "enabled": true,
          "initial_eprice_ema_dist": 0.021476412965947104,
          "initial_qty_pct": 0.04993330803495761,
          "markup_range": 0.03312679345364647,
          "min_markup": 0.019275578586990475,
          "n_close_orders": 7,
          "rentry_pprice_dist": 0.0184176307883722,
          "rentry_pprice_dist_wallet_exposure_weighting": 9.427485816240026,
          "wallet_exposure_limit": 1},
 "short": {"auto_unstuck_delay_minutes": 1123.6968473663946,
           "auto_unstuck_ema_dist": -0.016369427405183726,
           "auto_unstuck_qty_pct": 0.030165871091181372,
           "auto_unstuck_wallet_exposure_threshold": 0.5541409861766928,
           "backwards_tp": false,
           "ddown_factor": 1.8650902834742153,
           "ema_span_0": 466.6450788074206,
           "ema_span_1": 536.7081234955774,
           "enabled": false,
           "initial_eprice_ema_dist": -0.04520691730457019,
           "initial_qty_pct": 0.010484973315575453,
           "markup_range": 0.030673151830502135,
           "min_markup": 0.007126725964778636,
           "n_close_orders": 14,
           "rentry_pprice_dist": 0.007297553729965616,
           "rentry_pprice_dist_wallet_exposure_weighting": 11.765112334519465,
           "wallet_exposure_limit": 1.0}}