{"config_name": "recursive_grid_AVAXUSDT_366days",
 "logging_level": 0,
 "long": {"auto_unstuck_delay_minutes": 933.3856384166284,
          "auto_unstuck_ema_dist": 0.01750761465382069,
          "auto_unstuck_qty_pct": 0.04571920405651447,
          "auto_unstuck_wallet_exposure_threshold": 0.14560527820258393,
          "backwards_tp": false,
          "ddown_factor": 0.20488563010228833,
          "ema_span_0": 1046.978933993646,
          "ema_span_1": 1771.267025773537,
          "enabled": true,
          "initial_eprice_ema_dist": -2.2900552718551633e-05,
          "initial_qty_pct": 0.03491961267702974,
          "markup_range": 0.007339542951124559,
          "min_markup": 0.011821265892194788,
          "n_close_orders": 8,
          "rentry_pprice_dist": 0.03009686391715239,
          "rentry_pprice_dist_wallet_exposure_weighting": 1.0225713969426011,
          "wallet_exposure_limit": 1},
 "short": {"auto_unstuck_delay_minutes": 0.0,
           "auto_unstuck_ema_dist": 0.0,
           "auto_unstuck_qty_pct": 0.0,
           "auto_unstuck_wallet_exposure_threshold": 0.0,
           "backwards_tp": false,
           "ddown_factor": 2.3019536986882256,
           "ema_span_0": 806.1256346240132,
           "ema_span_1": 641.5874254159403,
           "enabled": false,
           "initial_eprice_ema_dist": -0.005652084833358237,
           "initial_qty_pct": 0.01606309285067837,
           "markup_range": 0.006023660286486194,
           "min_markup": 0.0022865986948697086,
           "n_close_orders": 15,
           "rentry_pprice_dist": 0.05893950394115736,
           "rentry_pprice_dist_wallet_exposure_weighting": 6.880307748921908,
           "wallet_exposure_limit": 1.0}}