{"config_name": "recursive_grid_LTCUSDT_453days",
 "logging_level": 0,
 "long": {"auto_unstuck_delay_minutes": 891.7432431585888,
          "auto_unstuck_ema_dist": -0.01975453874996578,
          "auto_unstuck_qty_pct": 0.01,
          "auto_unstuck_wallet_exposure_threshold": 0.08562888805373714,
          "backwards_tp": false,
          "ddown_factor": 1.7699327929615438,
          "ema_span_0": 1311.402551472075,
          "ema_span_1": 1388.8639056469624,
          "enabled": true,
          "initial_eprice_ema_dist": 0.008675211111465396,
          "initial_qty_pct": 0.05,
          "markup_range": 0.03549319835573095,
          "min_markup": 0.00996175137657117,
          "n_close_orders": 5,
          "rentry_pprice_dist": 0.023237863679080185,
          "rentry_pprice_dist_wallet_exposure_weighting": 1.2478567423508673,
          "wallet_exposure_limit": 1},
 "short": {"auto_unstuck_delay_minutes": 673.3806447326065,
           "auto_unstuck_ema_dist": -0.05510812396366038,
           "auto_unstuck_qty_pct": 0.0492866734952806,
           "auto_unstuck_wallet_exposure_threshold": 0.5990826003155192,
           "backwards_tp": true,
           "ddown_factor": 2.822899239194795,
           "ema_span_0": 425.4150212397539,
           "ema_span_1": 767.6364243003833,
           "enabled": false,
           "initial_eprice_ema_dist": -0.05093505809635228,
           "initial_qty_pct": 0.038997062405107905,
           "markup_range": 0.05059668952314644,
           "min_markup": 0.008109451057201917,
           "n_close_orders": 16,
           "rentry_pprice_dist": 0.04955575869733379,
           "rentry_pprice_dist_wallet_exposure_weighting": 17.59838862762409,
           "wallet_exposure_limit": 1.0}}