{"config_name": "recursive_grid_UNIUSDT_366days",
 "logging_level": 0,
 "long": {"auto_unstuck_delay_minutes": 122.38309101463008,
          "auto_unstuck_ema_dist": -0.049149019593783844,
          "auto_unstuck_qty_pct": 0.0912492711327257,
          "auto_unstuck_wallet_exposure_threshold": 0.19581027344966664,
          "backwards_tp": false,
          "ddown_factor": 0.31854776017814285,
          "ema_span_0": 320.9544099042051,
          "ema_span_1": 2246.5676751250485,
          "enabled": true,
          "initial_eprice_ema_dist": -0.003457580090240147,
          "initial_qty_pct": 0.03338619875549504,
          "markup_range": 0.014612307325821453,
          "min_markup": 0.011856149914318832,
          "n_close_orders": 9,
          "rentry_pprice_dist": 0.038447088586390565,
          "rentry_pprice_dist_wallet_exposure_weighting": 1.6233976323876977,
          "wallet_exposure_limit": 1},
 "short": {"auto_unstuck_delay_minutes": 0.0,
           "auto_unstuck_ema_dist": 0.0,
           "auto_unstuck_qty_pct": 0.0,
           "auto_unstuck_wallet_exposure_threshold": 0.0,
           "backwards_tp": false,
           "ddown_factor": 2.3787934394637906,
           "ema_span_0": 1076.846014620964,
           "ema_span_1": 1024.247288156383,
           "enabled": false,
           "initial_eprice_ema_dist": 0.001871049839930852,
           "initial_qty_pct": 0.017498559806249817,
           "markup_range": 0.002345308037182926,
           "min_markup": 0.006869283579151534,
           "n_close_orders": 9,
           "rentry_pprice_dist": 0.017047931978606174,
           "rentry_pprice_dist_wallet_exposure_weighting": 5.090527871970252,
           "wallet_exposure_limit": 1.0}}