{"config_name": "recursive_grid_IMXUSDT_454days",
 "logging_level": 0,
 "long": {"auto_unstuck_delay_minutes": 1399.878778239338,
          "auto_unstuck_ema_dist": -0.026275547708938186,
          "auto_unstuck_qty_pct": 0.01,
          "auto_unstuck_wallet_exposure_threshold": 0.08038384385287692,
          "backwards_tp": false,
          "ddown_factor": 0.9447046918952776,
          "ema_span_0": 956.3222605875953,
          "ema_span_1": 405.12794379190314,
          "enabled": true,
          "initial_eprice_ema_dist": 0.0051696621120107256,
          "initial_qty_pct": 0.05,
          "markup_range": 0.02696818279069236,
          "min_markup": 0.0030866561156386815,
          "n_close_orders": 6,
          "rentry_pprice_dist": 0.02773355483935972,
          "rentry_pprice_dist_wallet_exposure_weighting": 1.1634627358196987,
          "wallet_exposure_limit": 1.0},
 "short": {"auto_unstuck_delay_minutes": 46.4419305264157,
           "auto_unstuck_ema_dist": -0.0626474684876499,
           "auto_unstuck_qty_pct": 0.07573726333455268,
           "auto_unstuck_wallet_exposure_threshold": 0.14124456210248618,
           "backwards_tp": true,
           "ddown_factor": 2.541453828754737,
           "ema_span_0": 794.1971678228364,
           "ema_span_1": 360.0867135788358,
           "enabled": false,
           "initial_eprice_ema_dist": -0.0608880408789829,
           "initial_qty_pct": 0.04887394074484226,
           "markup_range": 0.02378092648888653,
           "min_markup": 0.003431037223309382,
           "n_close_orders": 5,
           "rentry_pprice_dist": 0.015864401893686077,
           "rentry_pprice_dist_wallet_exposure_weighting": 12.544739269320466,
           "wallet_exposure_limit": 1.0}}