{"config_name": "recursive_grid_FETUSDT_326days",
 "logging_level": 0,
 "long": {"auto_unstuck_delay_minutes": 217.8043941729124,
          "auto_unstuck_ema_dist": 0.0039633831281460224,
          "auto_unstuck_qty_pct": 0.051899039944561534,
          "auto_unstuck_wallet_exposure_threshold": 0.4263430121778409,
          "backwards_tp": false,
          "ddown_factor": 1.8639197006148904,
          "ema_span_0": 303.4613603795657,
          "ema_span_1": 414.6910288466444,
          "enabled": true,
          "initial_eprice_ema_dist": 0.003786587766019622,
          "initial_qty_pct": 0.031180116106939507,
          "markup_range": 0.03,
          "min_markup": 0.008468264505076387,
          "n_close_orders": 3,
          "rentry_pprice_dist": 0.027663950733582465,
          "rentry_pprice_dist_wallet_exposure_weighting": 2.938505557529869,
          "wallet_exposure_limit": 1.0},
 "short": {"auto_unstuck_delay_minutes": 570.6898772668626,
           "auto_unstuck_ema_dist": -0.028564046039460264,
           "auto_unstuck_qty_pct": 0.08352358322682935,
           "auto_unstuck_wallet_exposure_threshold": 0.03332912353886699,
           "backwards_tp": false,
           "ddown_factor": 2.381031862268597,
           "ema_span_0": 1005.0494814231936,
           "ema_span_1": 885.0749624971043,
           "enabled": false,
           "initial_eprice_ema_dist": -0.0012613462986958788,
           "initial_qty_pct": 0.013716782718750747,
           "markup_range": 0.0071722780648531105,
           "min_markup": 0.04247538567918834,
           "n_close_orders": 2,
           "rentry_pprice_dist": 0.014179017187609881,
           "rentry_pprice_dist_wallet_exposure_weighting": 3.147912182210652,
           "wallet_exposure_limit": 1.0}}