{"config_name": "recursive_grid_BTCUSDT_454days",
 "logging_level": 0,
 "long": {"auto_unstuck_delay_minutes": 1164.568090684686,
          "auto_unstuck_ema_dist": -0.015477334310558043,
          "auto_unstuck_qty_pct": 0.01,
          "auto_unstuck_wallet_exposure_threshold": 0.08608871053819649,
          "backwards_tp": false,
          "ddown_factor": 1.9714129631245578,
          "ema_span_0": 618.3024786114516,
          "ema_span_1": 804.5245521954747,
          "enabled": true,
          "initial_eprice_ema_dist": 0.006207008111832654,
          "initial_qty_pct": 0.05,
          "markup_range": 0.03325794814555053,
          "min_markup": 0.002588664448231703,
          "n_close_orders": 5,
          "rentry_pprice_dist": 0.023084469900686973,
          "rentry_pprice_dist_wallet_exposure_weighting": 0.7419446100442676,
          "wallet_exposure_limit": 1},
 "short": {"auto_unstuck_delay_minutes": 560.9987692507445,
           "auto_unstuck_ema_dist": -0.08959026533269586,
           "auto_unstuck_qty_pct": 0.0744877022575887,
           "auto_unstuck_wallet_exposure_threshold": 0.2085339162618631,
           "backwards_tp": true,
           "ddown_factor": 1.4336209255135386,
           "ema_span_0": 894.4883380895342,
           "ema_span_1": 1335.0074347539362,
           "enabled": false,
           "initial_eprice_ema_dist": -0.052369391203675814,
           "initial_qty_pct": 0.013607462274062043,
           "markup_range": 0.02024321609947475,
           "min_markup": 0.00122502121977186,
           "n_close_orders": 7,
           "rentry_pprice_dist": 0.008837217459905495,
           "rentry_pprice_dist_wallet_exposure_weighting": 17.127618834043442,
           "wallet_exposure_limit": 1.0}}