{"config_name": "recursive_grid_SOLUSDT_365days",
 "logging_level": 0,
 "long": {"auto_unstuck_delay_minutes": 873.7869066725817,
          "auto_unstuck_ema_dist": 0.02076168117269171,
          "auto_unstuck_qty_pct": 0.06422261886031513,
          "auto_unstuck_wallet_exposure_threshold": 0.2582814457938657,
          "backwards_tp": false,
          "ddown_factor": 2.502737796594848,
          "ema_span_0": 1432.5193075569864,
          "ema_span_1": 720.4099351155279,
          "enabled": true,
          "initial_eprice_ema_dist": -0.07333023143674788,
          "initial_qty_pct": 0.021052595770731312,
          "markup_range": 0.021740095396129165,
          "min_markup": 0.006498893618641864,
          "n_close_orders": 7,
          "rentry_pprice_dist": 0.02529466095455434,
          "rentry_pprice_dist_wallet_exposure_weighting": 5.2073361080007965,
          "wallet_exposure_limit": 1},
 "short": {"auto_unstuck_delay_minutes": 54.47804847189333,
           "auto_unstuck_ema_dist": -0.02387279738144321,
           "auto_unstuck_qty_pct": 0.05870611330250031,
           "auto_unstuck_wallet_exposure_threshold": 0.12956403248016135,
           "backwards_tp": false,
           "ddown_factor": 0.48065351984806826,
           "ema_span_0": 778.4712310968457,
           "ema_span_1": 609.6486653319446,
           "enabled": false,
           "initial_eprice_ema_dist": -0.0011110954389513122,
           "initial_qty_pct": 0.013967643368357256,
           "markup_range": 0.00029738495159690624,
           "min_markup": 0.039182963725099676,
           "n_close_orders": 3,
           "rentry_pprice_dist": 0.051936591815844244,
           "rentry_pprice_dist_wallet_exposure_weighting": 1.9976913932544833,
           "wallet_exposure_limit": 1.0}}