{"config_name": "recursive_grid_DYDXUSDT_365days",
 "logging_level": 0,
 "long": {"auto_unstuck_delay_minutes": 950.326539482056,
          "auto_unstuck_ema_dist": 0.08763819740234399,
          "auto_unstuck_qty_pct": 0.09438094508189178,
          "auto_unstuck_wallet_exposure_threshold": 0.46043120281348066,
          "backwards_tp": false,
          "ddown_factor": 0.7998342517996857,
          "ema_span_0": 636.9634364376485,
          "ema_span_1": 1004.9411728586505,
          "enabled": true,
          "initial_eprice_ema_dist": 0.019093673487782264,
          "initial_qty_pct": 0.02374130796485882,
          "markup_range": 0.013172852750020241,
          "min_markup": 0.03772177586485303,
          "n_close_orders": 5,
          "rentry_pprice_dist": 0.03621480433349936,
          "rentry_pprice_dist_wallet_exposure_weighting": 1.917693578194367,
          "wallet_exposure_limit": 1.0},
 "short": {"auto_unstuck_delay_minutes": 956.7125078727395,
           "auto_unstuck_ema_dist": -0.012411456443943883,
           "auto_unstuck_qty_pct": 0.09154948451161629,
           "auto_unstuck_wallet_exposure_threshold": 0.1452451979904746,
           "backwards_tp": false,
           "ddown_factor": 2.029721428319818,
           "ema_span_0": 507.40277229561696,
           "ema_span_1": 1278.227810698476,
           "enabled": false,
           "initial_eprice_ema_dist": 0.002845379090508594,
           "initial_qty_pct": 0.017457753553629263,
           "markup_range": 0.004785620967251613,
           "min_markup": 0.03628988445002912,
           "n_close_orders": 13,
           "rentry_pprice_dist": 0.05725020086725526,
           "rentry_pprice_dist_wallet_exposure_weighting": 1.3762343989498262,
           "wallet_exposure_limit": 1.0}}