{"config_name": "recursive_grid_1000BONKUSDT_143days",
 "logging_level": 0,
 "long": {"auto_unstuck_delay_minutes": 1224.0216615853403,
          "auto_unstuck_ema_dist": 0.009816558523412903,
          "auto_unstuck_qty_pct": 0.01,
          "auto_unstuck_wallet_exposure_threshold": 0.08794772051534144,
          "backwards_tp": false,
          "ddown_factor": 0.5820982879772452,
          "ema_span_0": 290.87372870028156,
          "ema_span_1": 107.45693227669787,
          "enabled": true,
          "initial_eprice_ema_dist": 0.020978258589932283,
          "initial_qty_pct": 0.04422526623667231,
          "markup_range": 0.03423114732739362,
          "min_markup": 0.016857935486847712,
          "n_close_orders": 7,
          "rentry_pprice_dist": 0.015719594617172837,
          "rentry_pprice_dist_wallet_exposure_weighting": 10.021460543750774,
          "wallet_exposure_limit": 1},
 "short": {"auto_unstuck_delay_minutes": 163.27489698165326,
           "auto_unstuck_ema_dist": -0.0876335737281622,
           "auto_unstuck_qty_pct": 0.05907974782514752,
           "auto_unstuck_wallet_exposure_threshold": 0.331452827740479,
           "backwards_tp": false,
           "ddown_factor": 0.45466419627991395,
           "ema_span_0": 1097.4397397977045,
           "ema_span_1": 924.684306051736,
           "enabled": false,
           "initial_eprice_ema_dist": -0.033384897286500265,
           "initial_qty_pct": 0.04180293344521514,
           "markup_range": 0.05794553705290883,
           "min_markup": 0.009801213592769125,
           "n_close_orders": 12,
           "rentry_pprice_dist": 0.03886327386525867,
           "rentry_pprice_dist_wallet_exposure_weighting": 12.329517454070189,
           "wallet_exposure_limit": 1.0}}