{"config_name": "recursive_grid_TRXUSDT_454days",
 "logging_level": 0,
 "long": {"auto_unstuck_delay_minutes": 911.1528189714777,
          "auto_unstuck_ema_dist": -0.0488484231210825,
          "auto_unstuck_qty_pct": 0.01,
          "auto_unstuck_wallet_exposure_threshold": 0.04999803574875925,
          "backwards_tp": false,
          "ddown_factor": 0.745124674815339,
          "ema_span_0": 1249.2929088641547,
          "ema_span_1": 732.1360305405365,
          "enabled": true,
          "initial_eprice_ema_dist": 0.0035048970466452422,
          "initial_qty_pct": 0.05,
          "markup_range": 0.04951557103848267,
          "min_markup": 0.004337731391599233,
          "n_close_orders": 5,
          "rentry_pprice_dist": 0.053580982387670575,
          "rentry_pprice_dist_wallet_exposure_weighting": 2.4868008573891824,
          "wallet_exposure_limit": 1.0},
 "short": {"auto_unstuck_delay_minutes": 1176.9532028245374,
           "auto_unstuck_ema_dist": -0.09348617590455117,
           "auto_unstuck_qty_pct": 0.051117432841496925,
           "auto_unstuck_wallet_exposure_threshold": 0.6294936070506332,
           "backwards_tp": true,
           "ddown_factor": 2.324689526342318,
           "ema_span_0": 858.5469686896827,
           "ema_span_1": 809.1295245672194,
           "enabled": false,
           "initial_eprice_ema_dist": -0.09964942897237693,
           "initial_qty_pct": 0.03610463550089557,
           "markup_range": 0.04097969512083917,
           "min_markup": 0.007729110920980034,
           "n_close_orders": 5,
           "rentry_pprice_dist": 0.012420398863351771,
           "rentry_pprice_dist_wallet_exposure_weighting": 2.4517755126520147,
           "wallet_exposure_limit": 1.0}}