{"config_name": "recursive_grid_KASUSDT_238days",
 "logging_level": 0,
 "long": {"auto_unstuck_delay_minutes": 921.4498348575792,
          "auto_unstuck_ema_dist": -0.03886273946384662,
          "auto_unstuck_qty_pct": 0.01,
          "auto_unstuck_wallet_exposure_threshold": 0.032544772800660246,
          "backwards_tp": false,
          "ddown_factor": 1.9560307966325508,
          "ema_span_0": 836.5560636203732,
          "ema_span_1": 1440,
          "enabled": true,
          "initial_eprice_ema_dist": 0.004737124823860458,
          "initial_qty_pct": 0.05,
          "markup_range": 0.05213187406097234,
          "min_markup": 0.009722404620173323,
          "n_close_orders": 5,
          "rentry_pprice_dist": 0.02,
          "rentry_pprice_dist_wallet_exposure_weighting": 0.5,
          "wallet_exposure_limit": 1},
 "short": {"auto_unstuck_delay_minutes": 913.7872580566232,
           "auto_unstuck_ema_dist": -0.05541689070003462,
           "auto_unstuck_qty_pct": 0.040307914744475176,
           "auto_unstuck_wallet_exposure_threshold": 0.6858164010812746,
           "backwards_tp": true,
           "ddown_factor": 2.534929787403959,
           "ema_span_0": 69.10008997038149,
           "ema_span_1": 654.9415902898915,
           "enabled": false,
           "initial_eprice_ema_dist": -0.020761536564114044,
           "initial_qty_pct": 0.04141760525597295,
           "markup_range": 0.034533682742460596,
           "min_markup": 0.005236878327009188,
           "n_close_orders": 15,
           "rentry_pprice_dist": 0.04111314703158974,
           "rentry_pprice_dist_wallet_exposure_weighting": 0.6502501072620048,
           "wallet_exposure_limit": 1.0}}