{"config_name": "recursive_grid_ETHUSDT_454days",
 "logging_level": 0,
 "long": {"auto_unstuck_delay_minutes": 1225.6940486777294,
          "auto_unstuck_ema_dist": 0.03184500601853639,
          "auto_unstuck_qty_pct": 0.01,
          "auto_unstuck_wallet_exposure_threshold": 0.05520766406388052,
          "backwards_tp": false,
          "ddown_factor": 0.8145240943057166,
          "ema_span_0": 1095.360765988375,
          "ema_span_1": 1347.492113159751,
          "enabled": true,
          "initial_eprice_ema_dist": 0.0030317371307902207,
          "initial_qty_pct": 0.05,
          "markup_range": 0.03833700227146987,
          "min_markup": 0.007351222848908062,
          "n_close_orders": 4,
          "rentry_pprice_dist": 0.04193562242958186,
          "rentry_pprice_dist_wallet_exposure_weighting": 0.7334699470727332,
          "wallet_exposure_limit": 1.0},
 "short": {"auto_unstuck_delay_minutes": 1160.9279298365686,
           "auto_unstuck_ema_dist": -0.04427686510807983,
           "auto_unstuck_qty_pct": 0.07135500660189459,
           "auto_unstuck_wallet_exposure_threshold": 0.7387917000691312,
           "backwards_tp": true,
           "ddown_factor": 2.769021825568672,
           "ema_span_0": 23.94707113127066,
           "ema_span_1": 972.9670836025381,
           "enabled": false,
           "initial_eprice_ema_dist": -0.03057280077103333,
           "initial_qty_pct": 0.04763884908170352,
           "markup_range": 0.04576833635935863,
           "min_markup": 0.005381325952755229,
           "n_close_orders": 8,
           "rentry_pprice_dist": 0.006548591906781318,
           "rentry_pprice_dist_wallet_exposure_weighting": 18.26301041376651,
           "wallet_exposure_limit": 1.0}}