{"config_name": "recursive_grid_MKRUSDT_454days",
 "logging_level": 0,
 "long": {"auto_unstuck_delay_minutes": 1380.1593405391995,
          "auto_unstuck_ema_dist": -0.013848981266619556,
          "auto_unstuck_qty_pct": 0.01,
          "auto_unstuck_wallet_exposure_threshold": 0.03371786962618768,
          "backwards_tp": false,
          "ddown_factor": 0.9308682514037129,
          "ema_span_0": 959.440683136615,
          "ema_span_1": 418.06475526437964,
          "enabled": true,
          "initial_eprice_ema_dist": 0.007961636212998733,
          "initial_qty_pct": 0.05,
          "markup_range": 0.015789012828662016,
          "min_markup": 0.007350682362989064,
          "n_close_orders": 4,
          "rentry_pprice_dist": 0.03626868981341816,
          "rentry_pprice_dist_wallet_exposure_weighting": 1.258726995075206,
          "wallet_exposure_limit": 1.0},
 "short": {"auto_unstuck_delay_minutes": 1153.6443893540766,
           "auto_unstuck_ema_dist": -0.0008863441165484487,
           "auto_unstuck_qty_pct": 0.08676955176833706,
           "auto_unstuck_wallet_exposure_threshold": 0.6095684860554815,
           "backwards_tp": true,
           "ddown_factor": 2.203709697071558,
           "ema_span_0": 857.4644844942877,
           "ema_span_1": 1221.4262792919792,
           "enabled": false,
           "initial_eprice_ema_dist": -0.018710506539446864,
           "initial_qty_pct": 0.029523058595658326,
           "markup_range": 0.027395230643543763,
           "min_markup": 0.00532332494410242,
           "n_close_orders": 6,
           "rentry_pprice_dist": 0.04504558821124004,
           "rentry_pprice_dist_wallet_exposure_weighting": 4.64542594655307,
           "wallet_exposure_limit": 1.0}}