{"config_name": "recursive_grid_UNIUSDT_454days",
 "logging_level": 0,
 "long": {"auto_unstuck_delay_minutes": 906.6537628390371,
          "auto_unstuck_ema_dist": 0.007769993390661478,
          "auto_unstuck_qty_pct": 0.01,
          "auto_unstuck_wallet_exposure_threshold": 0.06605236979014434,
          "backwards_tp": false,
          "ddown_factor": 1.289648733472924,
          "ema_span_0": 1355.6593855854178,
          "ema_span_1": 594.9346962432062,
          "enabled": true,
          "initial_eprice_ema_dist": 0.0011748151607384883,
          "initial_qty_pct": 0.05,
          "markup_range": 0.05175429234223979,
          "min_markup": 0.0037514937664338017,
          "n_close_orders": 4,
          "rentry_pprice_dist": 0.04476767342540659,
          "rentry_pprice_dist_wallet_exposure_weighting": 4.96508934561463,
          "wallet_exposure_limit": 1.0},
 "short": {"auto_unstuck_delay_minutes": 814.2275230549621,
           "auto_unstuck_ema_dist": -0.0016332700072436424,
           "auto_unstuck_qty_pct": 0.03573646114900429,
           "auto_unstuck_wallet_exposure_threshold": 0.24930706241891487,
           "backwards_tp": true,
           "ddown_factor": 0.692673225287427,
           "ema_span_0": 1336.2201904424558,
           "ema_span_1": 100.01126541428394,
           "enabled": false,
           "initial_eprice_ema_dist": -0.04561212917711935,
           "initial_qty_pct": 0.022235128645662815,
           "markup_range": 0.04974322248394722,
           "min_markup": 0.005617424506893242,
           "n_close_orders": 3,
           "rentry_pprice_dist": 0.0163462918787444,
           "rentry_pprice_dist_wallet_exposure_weighting": 6.167036325423743,
           "wallet_exposure_limit": 1.0}}