{"config_name": "recursive_grid_BCHUSDT_366days",
 "logging_level": 0,
 "long": {"auto_unstuck_delay_minutes": 1057.016650094566,
          "auto_unstuck_ema_dist": -0.09933725573797199,
          "auto_unstuck_qty_pct": 0.07552146218344212,
          "auto_unstuck_wallet_exposure_threshold": 0.1848087197788462,
          "backwards_tp": false,
          "ddown_factor": 0.17918140420188977,
          "ema_span_0": 2364.341292388543,
          "ema_span_1": 280.1942072290807,
          "enabled": true,
          "initial_eprice_ema_dist": -0.005576320881911156,
          "initial_qty_pct": 0.05126537065559902,
          "markup_range": 0.0160353268096058,
          "min_markup": 0.008008349997239693,
          "n_close_orders": 3,
          "rentry_pprice_dist": 0.03178371905904408,
          "rentry_pprice_dist_wallet_exposure_weighting": 0.6500478226301439,
          "wallet_exposure_limit": 1},
 "short": {"auto_unstuck_delay_minutes": 0.0,
           "auto_unstuck_ema_dist": 0.0,
           "auto_unstuck_qty_pct": 0.0,
           "auto_unstuck_wallet_exposure_threshold": 0.0,
           "backwards_tp": false,
           "ddown_factor": 0.7269559890000116,
           "ema_span_0": 529.2083514471007,
           "ema_span_1": 1140.5139708332686,
           "enabled": false,
           "initial_eprice_ema_dist": -0.0005497734441779045,
           "initial_qty_pct": 0.015807716754949543,
           "markup_range": 0.0035206514167206737,
           "min_markup": 0.0031337783388653076,
           "n_close_orders": 13,
           "rentry_pprice_dist": 0.012323167870083229,
           "rentry_pprice_dist_wallet_exposure_weighting": 4.414888648865277,
           "wallet_exposure_limit": 1.0}}