{"config_name": "recursive_grid_FETUSDT_326days",
 "logging_level": 0,
 "long": {"auto_unstuck_delay_minutes": 1125.6292294110424,
          "auto_unstuck_ema_dist": -0.09681609563217738,
          "auto_unstuck_qty_pct": 0.0407140057004524,
          "auto_unstuck_wallet_exposure_threshold": 0.2592636282259674,
          "backwards_tp": false,
          "ddown_factor": 0.8830315986234255,
          "ema_span_0": 216.0840720916324,
          "ema_span_1": 480.0562515559604,
          "enabled": true,
          "initial_eprice_ema_dist": -0.0020567236956042373,
          "initial_qty_pct": 0.042002344755421694,
          "markup_range": 0.017219882771416964,
          "min_markup": 0.00809862642047683,
          "n_close_orders": 3,
          "rentry_pprice_dist": 0.0391655207556731,
          "rentry_pprice_dist_wallet_exposure_weighting": 1.950302229618307,
          "wallet_exposure_limit": 1},
 "short": {"auto_unstuck_delay_minutes": 570.6898772668626,
           "auto_unstuck_ema_dist": -0.028564046039460264,
           "auto_unstuck_qty_pct": 0.08352358322682935,
           "auto_unstuck_wallet_exposure_threshold": 0.03332912353886699,
           "backwards_tp": false,
           "ddown_factor": 2.381031862268597,
           "ema_span_0": 1005.0494814231936,
           "ema_span_1": 885.0749624971043,
           "enabled": false,
           "initial_eprice_ema_dist": -0.0012613462986958788,
           "initial_qty_pct": 0.013716782718750747,
           "markup_range": 0.0071722780648531105,
           "min_markup": 0.04247538567918834,
           "n_close_orders": 2,
           "rentry_pprice_dist": 0.014179017187609881,
           "rentry_pprice_dist_wallet_exposure_weighting": 3.147912182210652,
           "wallet_exposure_limit": 1.0}}