{"config_name": "recursive_grid_GRTUSDT_143days",
 "logging_level": 0,
 "long": {"auto_unstuck_delay_minutes": 535.9062907248476,
          "auto_unstuck_ema_dist": -0.020754525646254553,
          "auto_unstuck_qty_pct": 0.01,
          "auto_unstuck_wallet_exposure_threshold": 0.05474684881236514,
          "backwards_tp": false,
          "ddown_factor": 0.4760068093323364,
          "ema_span_0": 646.7173564576069,
          "ema_span_1": 420.87257293254,
          "enabled": true,
          "initial_eprice_ema_dist": 0.01662864616259391,
          "initial_qty_pct": 0.04119326997657507,
          "markup_range": 0.04463269081712519,
          "min_markup": 0.00983941378704342,
          "n_close_orders": 7,
          "rentry_pprice_dist": 0.029029961002542237,
          "rentry_pprice_dist_wallet_exposure_weighting": 13.952069216580874,
          "wallet_exposure_limit": 1},
 "short": {"auto_unstuck_delay_minutes": 1255.0434028873985,
           "auto_unstuck_ema_dist": -0.08239566099415416,
           "auto_unstuck_qty_pct": 0.043720816180911844,
           "auto_unstuck_wallet_exposure_threshold": 0.396071755623293,
           "backwards_tp": false,
           "ddown_factor": 1.083310397631294,
           "ema_span_0": 1054.3450654310216,
           "ema_span_1": 213.06064242520463,
           "enabled": false,
           "initial_eprice_ema_dist": -0.022592057553303346,
           "initial_qty_pct": 0.042496346234814686,
           "markup_range": 0.03795049070182904,
           "min_markup": 0.002732556955050737,
           "n_close_orders": 13,
           "rentry_pprice_dist": 0.045754259017205486,
           "rentry_pprice_dist_wallet_exposure_weighting": 18.091596661105076,
           "wallet_exposure_limit": 1.0}}