{"config_name": "recursive_grid_ARBUSDT_156days",
 "logging_level": 0,
 "long": {"auto_unstuck_delay_minutes": 1344.7388857917558,
          "auto_unstuck_ema_dist": 0.027830066179921065,
          "auto_unstuck_qty_pct": 0.01,
          "auto_unstuck_wallet_exposure_threshold": 0.04912458125239856,
          "backwards_tp": false,
          "ddown_factor": 0.3848392862772961,
          "ema_span_0": 301.9813486683244,
          "ema_span_1": 359.2724699628998,
          "enabled": true,
          "initial_eprice_ema_dist": 0.011779126966478818,
          "initial_qty_pct": 0.05,
          "markup_range": 0.023762001510212696,
          "min_markup": 0.011593168858170497,
          "n_close_orders": 5,
          "rentry_pprice_dist": 0.01524649966049365,
          "rentry_pprice_dist_wallet_exposure_weighting": 9.224315813821258,
          "wallet_exposure_limit": 1},
 "short": {"auto_unstuck_delay_minutes": 25.846371092292923,
           "auto_unstuck_ema_dist": -0.06060922557563268,
           "auto_unstuck_qty_pct": 0.0964253902916642,
           "auto_unstuck_wallet_exposure_threshold": 0.34409876821041474,
           "backwards_tp": false,
           "ddown_factor": 2.1928763641135873,
           "ema_span_0": 460.5221116515615,
           "ema_span_1": 25.90856221519799,
           "enabled": false,
           "initial_eprice_ema_dist": -0.029658425040331587,
           "initial_qty_pct": 0.04400714573503721,
           "markup_range": 0.05038584374111121,
           "min_markup": 0.0027607505961341245,
           "n_close_orders": 5,
           "rentry_pprice_dist": 0.0281110726617291,
           "rentry_pprice_dist_wallet_exposure_weighting": 4.04563692713984,
           "wallet_exposure_limit": 1.0}}