{"config_name": "recursive_grid_ENAUSDT_50days",
 "logging_level": 0,
 "long": {"auto_unstuck_delay_minutes": 817.196656477661,
          "auto_unstuck_ema_dist": -0.04878689868438351,
          "auto_unstuck_qty_pct": 0.01,
          "auto_unstuck_wallet_exposure_threshold": 0.07637164482817399,
          "backwards_tp": false,
          "ddown_factor": 0.47881027534207765,
          "ema_span_0": 1249.446961308808,
          "ema_span_1": 724.8264692283007,
          "enabled": true,
          "initial_eprice_ema_dist": 0.02321850858712766,
          "initial_qty_pct": 0.03309312772960203,
          "markup_range": 0.037230579942069505,
          "min_markup": 0.035214034061600355,
          "n_close_orders": 5,
          "rentry_pprice_dist": 0.014407534506250371,
          "rentry_pprice_dist_wallet_exposure_weighting": 12.329287876071392,
          "wallet_exposure_limit": 1.0},
 "short": {"auto_unstuck_delay_minutes": 739.9151184187672,
           "auto_unstuck_ema_dist": -0.014463672085411106,
           "auto_unstuck_qty_pct": 0.027024448437954776,
           "auto_unstuck_wallet_exposure_threshold": 0.3513332943820483,
           "backwards_tp": false,
           "ddown_factor": 0.17783875466419624,
           "ema_span_0": 611.60068990351,
           "ema_span_1": 661.4545496059076,
           "enabled": false,
           "initial_eprice_ema_dist": -0.08499449353608986,
           "initial_qty_pct": 0.04412405988580716,
           "markup_range": 0.006280905986774802,
           "min_markup": 0.0038465864697827053,
           "n_close_orders": 14,
           "rentry_pprice_dist": 0.025935498893149663,
           "rentry_pprice_dist_wallet_exposure_weighting": 5.7422135147004605,
           "wallet_exposure_limit": 1.0}}