{"config_name": "recursive_grid_DOTUSDT_156days",
 "logging_level": 0,
 "long": {"auto_unstuck_delay_minutes": 850.6034436326951,
          "auto_unstuck_ema_dist": -0.03154323541662253,
          "auto_unstuck_qty_pct": 0.01,
          "auto_unstuck_wallet_exposure_threshold": 0.09488364012756507,
          "backwards_tp": false,
          "ddown_factor": 0.5910715891697058,
          "ema_span_0": 963.2094058506888,
          "ema_span_1": 456.04319599533534,
          "enabled": true,
          "initial_eprice_ema_dist": 0.009186821819447818,
          "initial_qty_pct": 0.04209330430815246,
          "markup_range": 0.0198429215161047,
          "min_markup": 0.009531585981366617,
          "n_close_orders": 4,
          "rentry_pprice_dist": 0.009713571428317644,
          "rentry_pprice_dist_wallet_exposure_weighting": 9.947180081206419,
          "wallet_exposure_limit": 1},
 "short": {"auto_unstuck_delay_minutes": 56.05545851724022,
           "auto_unstuck_ema_dist": -0.023660091311329234,
           "auto_unstuck_qty_pct": 0.0898833844774426,
           "auto_unstuck_wallet_exposure_threshold": 0.5146224579305376,
           "backwards_tp": false,
           "ddown_factor": 0.587880895796886,
           "ema_span_0": 1075.4116205722196,
           "ema_span_1": 354.30072172767007,
           "enabled": false,
           "initial_eprice_ema_dist": -0.019375950225474017,
           "initial_qty_pct": 0.04413228208890607,
           "markup_range": 0.006280664418766919,
           "min_markup": 0.005624916514838897,
           "n_close_orders": 5,
           "rentry_pprice_dist": 0.02957813780573022,
           "rentry_pprice_dist_wallet_exposure_weighting": 8.52670022242982,
           "wallet_exposure_limit": 1.0}}