{"config_name": "recursive_grid_LINKUSDT_366days",
 "logging_level": 0,
 "long": {"auto_unstuck_delay_minutes": 900.633666645959,
          "auto_unstuck_ema_dist": 0.0027186473136398877,
          "auto_unstuck_qty_pct": 0.015743090175412817,
          "auto_unstuck_wallet_exposure_threshold": 0.06744374473022893,
          "backwards_tp": false,
          "ddown_factor": 0.924558915288038,
          "ema_span_0": 2090.6005680834405,
          "ema_span_1": 1494.888557251458,
          "enabled": true,
          "initial_eprice_ema_dist": -0.00970022721897279,
          "initial_qty_pct": 0.05044647557523853,
          "markup_range": 0.019348508996171687,
          "min_markup": 0.011834940228418817,
          "n_close_orders": 8,
          "rentry_pprice_dist": 0.028257301735955552,
          "rentry_pprice_dist_wallet_exposure_weighting": 0.5451214771737353,
          "wallet_exposure_limit": 1.0},
 "short": {"auto_unstuck_delay_minutes": 0.0,
           "auto_unstuck_ema_dist": 0.0,
           "auto_unstuck_qty_pct": 0.0,
           "auto_unstuck_wallet_exposure_threshold": 0.0,
           "backwards_tp": false,
           "ddown_factor": 1.4499402402209236,
           "ema_span_0": 1284.0446474355806,
           "ema_span_1": 559.4665728428731,
           "enabled": false,
           "initial_eprice_ema_dist": -0.00344730023875437,
           "initial_qty_pct": 0.006882919449992548,
           "markup_range": 0.004160151258594536,
           "min_markup": 0.007357374350291626,
           "n_close_orders": 8,
           "rentry_pprice_dist": 0.02171443270647971,
           "rentry_pprice_dist_wallet_exposure_weighting": 3.887876730558157,
           "wallet_exposure_limit": 1.0}}