{"config_name": "recursive_grid_MATICUSDT_1126days",
 "logging_level": 0,
 "long": {"auto_unstuck_delay_minutes": 0.0,
          "auto_unstuck_ema_dist": 0.0,
          "auto_unstuck_qty_pct": 0.0,
          "auto_unstuck_wallet_exposure_threshold": 0.0,
          "backwards_tp": false,
          "ddown_factor": 0.5298953119548937,
          "ema_span_0": 1271.2930586144478,
          "ema_span_1": 1136.8307649679982,
          "enabled": true,
          "initial_eprice_ema_dist": 0.09961851152443815,
          "initial_qty_pct": 0.04,
          "markup_range": 0.04266323324771294,
          "min_markup": 0.03,
          "n_close_orders": 2,
          "rentry_pprice_dist": 0.042511418937355605,
          "rentry_pprice_dist_wallet_exposure_weighting": 15.621984966471377,
          "wallet_exposure_limit": 1.0},
 "short": {"auto_unstuck_delay_minutes": 8.667719664968924,
           "auto_unstuck_ema_dist": -0.09599271958953481,
           "auto_unstuck_qty_pct": 0.043304221850249215,
           "auto_unstuck_wallet_exposure_threshold": 0.5619706111917723,
           "backwards_tp": false,
           "ddown_factor": 1.1382555473849747,
           "ema_span_0": 1095.9068725181098,
           "ema_span_1": 31.845390714843912,
           "enabled": false,
           "initial_eprice_ema_dist": -0.08330977119696079,
           "initial_qty_pct": 0.01706528647914493,
           "markup_range": 0.037893899347019915,
           "min_markup": 0.003285083605123869,
           "n_close_orders": 4,
           "rentry_pprice_dist": 0.037461535146082595,
           "rentry_pprice_dist_wallet_exposure_weighting": 5.150683665924129,
           "wallet_exposure_limit": 1.0}}