{"config_name": "recursive_grid_BNBUSDT_366days",
 "logging_level": 0,
 "long": {"auto_unstuck_delay_minutes": 923.6122652690054,
          "auto_unstuck_ema_dist": 0.0011135196493119333,
          "auto_unstuck_qty_pct": 0.017344700784663023,
          "auto_unstuck_wallet_exposure_threshold": 0.1694122460114149,
          "backwards_tp": false,
          "ddown_factor": 1.3407097711718963,
          "ema_span_0": 2198.7401747966856,
          "ema_span_1": 1300.5235705494051,
          "enabled": true,
          "initial_eprice_ema_dist": -0.002137517037997901,
          "initial_qty_pct": 0.042118659184804924,
          "markup_range": 0.012859309759211623,
          "min_markup": 0.005083499521553815,
          "n_close_orders": 2,
          "rentry_pprice_dist": 0.023156064532243472,
          "rentry_pprice_dist_wallet_exposure_weighting": 1.922598186395563,
          "wallet_exposure_limit": 1},
 "short": {"auto_unstuck_delay_minutes": 0.0,
           "auto_unstuck_ema_dist": 0.0,
           "auto_unstuck_qty_pct": 0.0,
           "auto_unstuck_wallet_exposure_threshold": 0.0,
           "backwards_tp": false,
           "ddown_factor": 0.6540439075518688,
           "ema_span_0": 610.7484307522927,
           "ema_span_1": 946.2272803213658,
           "enabled": false,
           "initial_eprice_ema_dist": -0.009647482414609412,
           "initial_qty_pct": 0.009195018865071984,
           "markup_range": 0.00726907351986944,
           "min_markup": 0.008922871559773428,
           "n_close_orders": 3,
           "rentry_pprice_dist": 0.005038392551890933,
           "rentry_pprice_dist_wallet_exposure_weighting": 0.3488948794823665,
           "wallet_exposure_limit": 1.0}}