{"config_name": "recursive_grid_MNTUSDT_301days",
 "logging_level": 0,
 "long": {"auto_unstuck_delay_minutes": 0,
          "auto_unstuck_ema_dist": 0,
          "auto_unstuck_qty_pct": 0,
          "auto_unstuck_wallet_exposure_threshold": 0.0,
          "backwards_tp": false,
          "ddown_factor": 0.5345171608705783,
          "ema_span_0": 1323.6763716550915,
          "ema_span_1": 1399.946410961538,
          "enabled": true,
          "initial_eprice_ema_dist": 0.015665362489854003,
          "initial_qty_pct": 0.04,
          "markup_range": 0.030746943739808855,
          "min_markup": 0.03,
          "n_close_orders": 2,
          "rentry_pprice_dist": 0.022667924217771356,
          "rentry_pprice_dist_wallet_exposure_weighting": 10.736833783479137,
          "wallet_exposure_limit": 1},
 "short": {"auto_unstuck_delay_minutes": 1244.6388040009497,
           "auto_unstuck_ema_dist": -0.01429414801430337,
           "auto_unstuck_qty_pct": 0.07707702172537871,
           "auto_unstuck_wallet_exposure_threshold": 0.40583735720470704,
           "backwards_tp": false,
           "ddown_factor": 1.1666464617444094,
           "ema_span_0": 57.133287033113874,
           "ema_span_1": 504.41599103630585,
           "enabled": false,
           "initial_eprice_ema_dist": -0.013279793817681435,
           "initial_qty_pct": 0.03656234267513733,
           "markup_range": 0.005559822565681609,
           "min_markup": 0.003392878530929502,
           "n_close_orders": 5,
           "rentry_pprice_dist": 0.03043869729486189,
           "rentry_pprice_dist_wallet_exposure_weighting": 3.1987117351332506,
           "wallet_exposure_limit": 1.0}}