{"config_name": "recursive_grid_ADAUSDT_365days",
 "logging_level": 0,
 "long": {"auto_unstuck_delay_minutes": 1116.635188203249,
          "auto_unstuck_ema_dist": 0.012004539397315358,
          "auto_unstuck_qty_pct": 0.011789051913748155,
          "auto_unstuck_wallet_exposure_threshold": 0.08242315995216681,
          "backwards_tp": true,
          "ddown_factor": 0.4900801650321117,
          "ema_span_0": 2369.1707887078537,
          "ema_span_1": 2330.8536730727496,
          "enabled": true,
          "initial_eprice_ema_dist": -0.002855294491082844,
          "initial_qty_pct": 0.030707867317070137,
          "markup_range": 0.015138339736123824,
          "min_markup": 0.011600750943215643,
          "n_close_orders": 2,
          "rentry_pprice_dist": 0.04787887998648163,
          "rentry_pprice_dist_wallet_exposure_weighting": 3.861519943508728,
          "wallet_exposure_limit": 1},
 "short": {"auto_unstuck_delay_minutes": 0.0,
           "auto_unstuck_ema_dist": 0.0,
           "auto_unstuck_qty_pct": 0.0,
           "auto_unstuck_wallet_exposure_threshold": 0.0,
           "backwards_tp": true,
           "ddown_factor": 1.4992487765936697,
           "ema_span_0": 1120.6699375613289,
           "ema_span_1": 486.9523104426437,
           "enabled": false,
           "initial_eprice_ema_dist": -0.0049559723910989825,
           "initial_qty_pct": 0.0191831118049423,
           "markup_range": 0.007237683477068926,
           "min_markup": 0.0033909271662953813,
           "n_close_orders": 4,
           "rentry_pprice_dist": 0.03529203470053384,
           "rentry_pprice_dist_wallet_exposure_weighting": 0.5161006153547434,
           "wallet_exposure_limit": 1.0}}