{"config_name": "recursive_grid_UNIUSDT_454days",
 "logging_level": 0,
 "long": {"auto_unstuck_delay_minutes": 1351.33480321576,
          "auto_unstuck_ema_dist": 0.006578392681793258,
          "auto_unstuck_qty_pct": 0.01,
          "auto_unstuck_wallet_exposure_threshold": 0.05188778958986419,
          "backwards_tp": false,
          "ddown_factor": 0.6971264210793034,
          "ema_span_0": 615.9422489268826,
          "ema_span_1": 473.79849902163,
          "enabled": true,
          "initial_eprice_ema_dist": 0.008591497692964009,
          "initial_qty_pct": 0.05,
          "markup_range": 0.06,
          "min_markup": 0.007568682411164351,
          "n_close_orders": 4,
          "rentry_pprice_dist": 0.05614194409772098,
          "rentry_pprice_dist_wallet_exposure_weighting": 1.404525209714452,
          "wallet_exposure_limit": 1},
 "short": {"auto_unstuck_delay_minutes": 792.9505654713026,
           "auto_unstuck_ema_dist": -0.0481027132077204,
           "auto_unstuck_qty_pct": 0.09955077828641985,
           "auto_unstuck_wallet_exposure_threshold": 0.21907588320666227,
           "backwards_tp": true,
           "ddown_factor": 0.45306008432605405,
           "ema_span_0": 542.4097741875366,
           "ema_span_1": 838.051816283444,
           "enabled": false,
           "initial_eprice_ema_dist": -0.010294465615447085,
           "initial_qty_pct": 0.016453862411105517,
           "markup_range": 0.05205931225499384,
           "min_markup": 0.004604147962573131,
           "n_close_orders": 9,
           "rentry_pprice_dist": 0.045767085639589894,
           "rentry_pprice_dist_wallet_exposure_weighting": 14.72710182550606,
           "wallet_exposure_limit": 1.0}}