{"config_name": "recursive_grid_TIAUSDT_121days",
 "logging_level": 0,
 "long": {"auto_unstuck_delay_minutes": 1313.389024776123,
          "auto_unstuck_ema_dist": -0.07023358596088498,
          "auto_unstuck_qty_pct": 0.08247769745217014,
          "auto_unstuck_wallet_exposure_threshold": 0.07317200323462714,
          "backwards_tp": false,
          "ddown_factor": 1.396086283585011,
          "ema_span_0": 804.8069812745647,
          "ema_span_1": 650.6625165191326,
          "enabled": true,
          "initial_eprice_ema_dist": 0.001593717265861317,
          "initial_qty_pct": 0.09612177455542155,
          "markup_range": 0.016719611403972975,
          "min_markup": 0.03,
          "n_close_orders": 5,
          "rentry_pprice_dist": 0.044089210333045886,
          "rentry_pprice_dist_wallet_exposure_weighting": 1.1555999894286269,
          "wallet_exposure_limit": 1},
 "short": {"auto_unstuck_delay_minutes": 0.0,
           "auto_unstuck_ema_dist": 0.0,
           "auto_unstuck_qty_pct": 0.0,
           "auto_unstuck_wallet_exposure_threshold": 0.0,
           "backwards_tp": false,
           "ddown_factor": 0.6485215361764568,
           "ema_span_0": 752.2534247370088,
           "ema_span_1": 436.50366219230693,
           "enabled": false,
           "initial_eprice_ema_dist": -0.008535338158687825,
           "initial_qty_pct": 0.009638629562728557,
           "markup_range": 0.0010707572784761045,
           "min_markup": 0.00794555245384445,
           "n_close_orders": 11,
           "rentry_pprice_dist": 0.031885058377375965,
           "rentry_pprice_dist_wallet_exposure_weighting": 2.5737710509923035,
           "wallet_exposure_limit": 1.0}}