{"config_name": "recursive_grid_UNIUSDT_454days",
 "logging_level": 0,
 "long": {"auto_unstuck_delay_minutes": 519.7813929806492,
          "auto_unstuck_ema_dist": -0.03508178955933634,
          "auto_unstuck_qty_pct": 0.01,
          "auto_unstuck_wallet_exposure_threshold": 0.09495385593515634,
          "backwards_tp": false,
          "ddown_factor": 1.0376967451529941,
          "ema_span_0": 872.5412045768874,
          "ema_span_1": 762.3565421781686,
          "enabled": true,
          "initial_eprice_ema_dist": 0.008933802033419041,
          "initial_qty_pct": 0.05,
          "markup_range": 0.037772094328786095,
          "min_markup": 0.007624611481515303,
          "n_close_orders": 4,
          "rentry_pprice_dist": 0.030861664118702864,
          "rentry_pprice_dist_wallet_exposure_weighting": 2.193010036696946,
          "wallet_exposure_limit": 1.0},
 "short": {"auto_unstuck_delay_minutes": 814.2275230549621,
           "auto_unstuck_ema_dist": -0.0016332700072436424,
           "auto_unstuck_qty_pct": 0.03573646114900429,
           "auto_unstuck_wallet_exposure_threshold": 0.24930706241891487,
           "backwards_tp": true,
           "ddown_factor": 0.692673225287427,
           "ema_span_0": 1336.2201904424558,
           "ema_span_1": 100.01126541428394,
           "enabled": false,
           "initial_eprice_ema_dist": -0.04561212917711935,
           "initial_qty_pct": 0.022235128645662815,
           "markup_range": 0.04974322248394722,
           "min_markup": 0.005617424506893242,
           "n_close_orders": 3,
           "rentry_pprice_dist": 0.0163462918787444,
           "rentry_pprice_dist_wallet_exposure_weighting": 6.167036325423743,
           "wallet_exposure_limit": 1.0}}