{"config_name": "recursive_grid_BNBUSDT_366days",
 "logging_level": 0,
 "long": {"auto_unstuck_delay_minutes": 240.33132559213058,
          "auto_unstuck_ema_dist": -0.02516554783289248,
          "auto_unstuck_qty_pct": 0.02304453715297971,
          "auto_unstuck_wallet_exposure_threshold": 0.1570586888003868,
          "backwards_tp": false,
          "ddown_factor": 1.06648233651744,
          "ema_span_0": 2440,
          "ema_span_1": 16.429202120727457,
          "enabled": true,
          "initial_eprice_ema_dist": 0.003,
          "initial_qty_pct": 0.03570127891730977,
          "markup_range": 0.01314734294922024,
          "min_markup": 0.006787140808081292,
          "n_close_orders": 9,
          "rentry_pprice_dist": 0.02383653188277662,
          "rentry_pprice_dist_wallet_exposure_weighting": 2.13829575610833,
          "wallet_exposure_limit": 1},
 "short": {"auto_unstuck_delay_minutes": 0.0,
           "auto_unstuck_ema_dist": 0.0,
           "auto_unstuck_qty_pct": 0.0,
           "auto_unstuck_wallet_exposure_threshold": 0.0,
           "backwards_tp": false,
           "ddown_factor": 0.6540439075518688,
           "ema_span_0": 610.7484307522927,
           "ema_span_1": 946.2272803213658,
           "enabled": false,
           "initial_eprice_ema_dist": -0.009647482414609412,
           "initial_qty_pct": 0.009195018865071984,
           "markup_range": 0.00726907351986944,
           "min_markup": 0.008922871559773428,
           "n_close_orders": 3,
           "rentry_pprice_dist": 0.005038392551890933,
           "rentry_pprice_dist_wallet_exposure_weighting": 0.3488948794823665,
           "wallet_exposure_limit": 1.0}}