{"config_name": "recursive_grid_UNIUSDT_454days",
 "logging_level": 0,
 "long": {"auto_unstuck_delay_minutes": 1205.760859350411,
          "auto_unstuck_ema_dist": 0.008271409076276718,
          "auto_unstuck_qty_pct": 0.01,
          "auto_unstuck_wallet_exposure_threshold": 0.07792039486677474,
          "backwards_tp": false,
          "ddown_factor": 0.9318982577187753,
          "ema_span_0": 471.87592687266095,
          "ema_span_1": 810.3033451636365,
          "enabled": true,
          "initial_eprice_ema_dist": 0.0072886110372645955,
          "initial_qty_pct": 0.05,
          "markup_range": 0.06,
          "min_markup": 0.005882872866860425,
          "n_close_orders": 3,
          "rentry_pprice_dist": 0.0499485929627918,
          "rentry_pprice_dist_wallet_exposure_weighting": 2.0483012533037654,
          "wallet_exposure_limit": 1},
 "short": {"auto_unstuck_delay_minutes": 443.12041783122197,
           "auto_unstuck_ema_dist": -0.09943353505742558,
           "auto_unstuck_qty_pct": 0.0683613278345124,
           "auto_unstuck_wallet_exposure_threshold": 0.5745843364955882,
           "backwards_tp": true,
           "ddown_factor": 2.549128159938612,
           "ema_span_0": 377.2775445452745,
           "ema_span_1": 823.6647504985281,
           "enabled": false,
           "initial_eprice_ema_dist": -0.09630689882116246,
           "initial_qty_pct": 0.016065896528113802,
           "markup_range": 0.047727759431226466,
           "min_markup": 0.002324897257093182,
           "n_close_orders": 4,
           "rentry_pprice_dist": 0.011236295600628846,
           "rentry_pprice_dist_wallet_exposure_weighting": 4.074410114153009,
           "wallet_exposure_limit": 1.0}}