{"config_name": "recursive_grid_ATOMUSDT_156days",
 "logging_level": 0,
 "long": {"auto_unstuck_delay_minutes": 1187.3224491789074,
          "auto_unstuck_ema_dist": 0.0023968904051494488,
          "auto_unstuck_qty_pct": 0.01,
          "auto_unstuck_wallet_exposure_threshold": 0.08818330594022097,
          "backwards_tp": false,
          "ddown_factor": 0.47973086156229505,
          "ema_span_0": 50,
          "ema_span_1": 198.43275305781,
          "enabled": true,
          "initial_eprice_ema_dist": 0.009284803977294122,
          "initial_qty_pct": 0.04954398592573185,
          "markup_range": 0.04969628350542619,
          "min_markup": 0.009534779294990404,
          "n_close_orders": 6,
          "rentry_pprice_dist": 0.01853522894413869,
          "rentry_pprice_dist_wallet_exposure_weighting": 7.5506511346594225,
          "wallet_exposure_limit": 1},
 "short": {"auto_unstuck_delay_minutes": 688.1500267991163,
           "auto_unstuck_ema_dist": -0.07005565857264986,
           "auto_unstuck_qty_pct": 0.07924676819180976,
           "auto_unstuck_wallet_exposure_threshold": 0.4844634721315295,
           "backwards_tp": false,
           "ddown_factor": 2.725974301545023,
           "ema_span_0": 963.4144160212114,
           "ema_span_1": 1173.1183842076214,
           "enabled": false,
           "initial_eprice_ema_dist": -0.010645209872732028,
           "initial_qty_pct": 0.02406440987422119,
           "markup_range": 0.025917506474972544,
           "min_markup": 0.007008763333638654,
           "n_close_orders": 4,
           "rentry_pprice_dist": 0.02553076903722022,
           "rentry_pprice_dist_wallet_exposure_weighting": 5.796723358259756,
           "wallet_exposure_limit": 1.0}}