{"config_name": "recursive_grid_ONDOUSDT_121days",
 "logging_level": 0,
 "long": {"auto_unstuck_delay_minutes": 728.5243644643577,
          "auto_unstuck_ema_dist": -0.007138521901130221,
          "auto_unstuck_qty_pct": 0.01,
          "auto_unstuck_wallet_exposure_threshold": 0.07886083291115274,
          "backwards_tp": false,
          "ddown_factor": 0.45276934344055914,
          "ema_span_0": 1307.6098241396278,
          "ema_span_1": 1312.3100546517649,
          "enabled": true,
          "initial_eprice_ema_dist": -0.025954860622475096,
          "initial_qty_pct": 0.0429280275756127,
          "markup_range": 0.01,
          "min_markup": 0.01666463402597408,
          "n_close_orders": 8,
          "rentry_pprice_dist": 0.007080828989476625,
          "rentry_pprice_dist_wallet_exposure_weighting": 8.263009788101455,
          "wallet_exposure_limit": 1},
 "short": {"auto_unstuck_delay_minutes": 746.9307492042584,
           "auto_unstuck_ema_dist": -0.09960152140619113,
           "auto_unstuck_qty_pct": 0.07653035524198216,
           "auto_unstuck_wallet_exposure_threshold": 0.17242328358419004,
           "backwards_tp": false,
           "ddown_factor": 0.19975129926767174,
           "ema_span_0": 1264.1451550883219,
           "ema_span_1": 931.5233050660477,
           "enabled": false,
           "initial_eprice_ema_dist": -0.08045010872179455,
           "initial_qty_pct": 0.027358863195296526,
           "markup_range": 0.024523423683810736,
           "min_markup": 0.006145389639720598,
           "n_close_orders": 14,
           "rentry_pprice_dist": 0.011471835568562268,
           "rentry_pprice_dist_wallet_exposure_weighting": 3.9666686727589373,
           "wallet_exposure_limit": 1.0}}