{"config_name": "recursive_grid_ADAUSDT_365days",
 "logging_level": 0,
 "long": {"auto_unstuck_delay_minutes": 1086.5741733516452,
          "auto_unstuck_ema_dist": -0.05804601033232291,
          "auto_unstuck_qty_pct": 0.014251086950735764,
          "auto_unstuck_wallet_exposure_threshold": 0.12371628029496509,
          "backwards_tp": true,
          "ddown_factor": 0.6210995897520295,
          "ema_span_0": 1055.5751609154636,
          "ema_span_1": 1886.9252205556604,
          "enabled": true,
          "initial_eprice_ema_dist": -0.004354430240106969,
          "initial_qty_pct": 0.03919359504531396,
          "markup_range": 0.013544132232358641,
          "min_markup": 0.01140128037589579,
          "n_close_orders": 7,
          "rentry_pprice_dist": 0.033534747347746294,
          "rentry_pprice_dist_wallet_exposure_weighting": 7.750821091076825,
          "wallet_exposure_limit": 1},
 "short": {"auto_unstuck_delay_minutes": 0.0,
           "auto_unstuck_ema_dist": 0.0,
           "auto_unstuck_qty_pct": 0.0,
           "auto_unstuck_wallet_exposure_threshold": 0.0,
           "backwards_tp": true,
           "ddown_factor": 1.4992487765936697,
           "ema_span_0": 1120.6699375613289,
           "ema_span_1": 486.9523104426437,
           "enabled": false,
           "initial_eprice_ema_dist": -0.0049559723910989825,
           "initial_qty_pct": 0.0191831118049423,
           "markup_range": 0.007237683477068926,
           "min_markup": 0.0033909271662953813,
           "n_close_orders": 4,
           "rentry_pprice_dist": 0.03529203470053384,
           "rentry_pprice_dist_wallet_exposure_weighting": 0.5161006153547434,
           "wallet_exposure_limit": 1.0}}