{"config_name": "recursive_grid_CROUSDT_156days",
 "logging_level": 0,
 "long": {"auto_unstuck_delay_minutes": 1245.05439996816,
          "auto_unstuck_ema_dist": -0.009645284661633335,
          "auto_unstuck_qty_pct": 0.01,
          "auto_unstuck_wallet_exposure_threshold": 0.07296714231656204,
          "backwards_tp": false,
          "ddown_factor": 0.5618710425817875,
          "ema_span_0": 1202.6613269119982,
          "ema_span_1": 1074.1315425891687,
          "enabled": true,
          "initial_eprice_ema_dist": 0.003550671635725967,
          "initial_qty_pct": 0.04670540812038698,
          "markup_range": 0.03516424761154019,
          "min_markup": 0.010909702995017596,
          "n_close_orders": 5,
          "rentry_pprice_dist": 0.00861957543006568,
          "rentry_pprice_dist_wallet_exposure_weighting": 8.109632678387948,
          "wallet_exposure_limit": 1},
 "short": {"auto_unstuck_delay_minutes": 843.2998863040926,
           "auto_unstuck_ema_dist": -0.016614029698291066,
           "auto_unstuck_qty_pct": 0.09459219095890833,
           "auto_unstuck_wallet_exposure_threshold": 0.37797799284247524,
           "backwards_tp": false,
           "ddown_factor": 1.5447159687889727,
           "ema_span_0": 408.88403324767614,
           "ema_span_1": 865.5941718029112,
           "enabled": false,
           "initial_eprice_ema_dist": -0.09521856823620752,
           "initial_qty_pct": 0.043202410564163025,
           "markup_range": 0.05425577453906109,
           "min_markup": 0.004662431063840858,
           "n_close_orders": 6,
           "rentry_pprice_dist": 0.0051800553973862335,
           "rentry_pprice_dist_wallet_exposure_weighting": 17.603301190348976,
           "wallet_exposure_limit": 1.0}}