{"config_name": "recursive_grid_NEARUSDT_143days",
 "logging_level": 0,
 "long": {"auto_unstuck_delay_minutes": 1221.6401402157132,
          "auto_unstuck_ema_dist": -0.008932872508563028,
          "auto_unstuck_qty_pct": 0.01,
          "auto_unstuck_wallet_exposure_threshold": 0.07428168313088539,
          "backwards_tp": false,
          "ddown_factor": 0.4417191937845528,
          "ema_span_0": 1299.016447469233,
          "ema_span_1": 1402.476386651528,
          "enabled": true,
          "initial_eprice_ema_dist": -0.002768244069175654,
          "initial_qty_pct": 0.047174031626703986,
          "markup_range": 0.018452045239011734,
          "min_markup": 0.039860093826511296,
          "n_close_orders": 7,
          "rentry_pprice_dist": 0.011592725391519869,
          "rentry_pprice_dist_wallet_exposure_weighting": 8.055374300297242,
          "wallet_exposure_limit": 1},
 "short": {"auto_unstuck_delay_minutes": 1256.4049162749163,
           "auto_unstuck_ema_dist": -0.008885258150433298,
           "auto_unstuck_qty_pct": 0.08861934257343142,
           "auto_unstuck_wallet_exposure_threshold": 0.22398256040717018,
           "backwards_tp": false,
           "ddown_factor": 1.7960749976988652,
           "ema_span_0": 546.9873906637304,
           "ema_span_1": 961.5621560582806,
           "enabled": false,
           "initial_eprice_ema_dist": -0.0151708450252407,
           "initial_qty_pct": 0.020779557425273425,
           "markup_range": 0.040890941718154654,
           "min_markup": 0.007599245996605035,
           "n_close_orders": 3,
           "rentry_pprice_dist": 0.039687042558399936,
           "rentry_pprice_dist_wallet_exposure_weighting": 16.798107770157554,
           "wallet_exposure_limit": 1.0}}