{"config_name": "recursive_grid_1000PEPEUSDT_302days",
 "logging_level": 0,
 "long": {"auto_unstuck_delay_minutes": 799.4216005474783,
          "auto_unstuck_ema_dist": -0.04547551257911022,
          "auto_unstuck_qty_pct": 0.05143320459986383,
          "auto_unstuck_wallet_exposure_threshold": 0.17078871919290892,
          "backwards_tp": true,
          "ddown_factor": 0.656052203396589,
          "ema_span_0": 1799.5661929873745,
          "ema_span_1": 2336.1266906705446,
          "enabled": true,
          "initial_eprice_ema_dist": 0.0004800051863555893,
          "initial_qty_pct": 0.03321904651289111,
          "markup_range": 0.013200654967666295,
          "min_markup": 0.009281188070113116,
          "n_close_orders": 4,
          "rentry_pprice_dist": 0.054988205681144896,
          "rentry_pprice_dist_wallet_exposure_weighting": 0.6241739250849634,
          "wallet_exposure_limit": 1},
 "short": {"auto_unstuck_delay_minutes": 0.0,
           "auto_unstuck_ema_dist": 0.0,
           "auto_unstuck_qty_pct": 0.0,
           "auto_unstuck_wallet_exposure_threshold": 0.0,
           "backwards_tp": true,
           "ddown_factor": 2.9413865223598616,
           "ema_span_0": 538.5981665511546,
           "ema_span_1": 1108.5474938913449,
           "enabled": false,
           "initial_eprice_ema_dist": -0.007544647968307877,
           "initial_qty_pct": 0.005630707629971903,
           "markup_range": 0.007849989801947704,
           "min_markup": 0.002886512520615967,
           "n_close_orders": 12,
           "rentry_pprice_dist": 0.02370898684653415,
           "rentry_pprice_dist_wallet_exposure_weighting": 5.476756734494871,
           "wallet_exposure_limit": 1.0}}