{"config_name": "recursive_grid_NEARUSDT_143days",
 "logging_level": 0,
 "long": {"auto_unstuck_delay_minutes": 557.4982191215196,
          "auto_unstuck_ema_dist": 0.019247521037588783,
          "auto_unstuck_qty_pct": 0.01,
          "auto_unstuck_wallet_exposure_threshold": 0.051795752827119054,
          "backwards_tp": false,
          "ddown_factor": 0.39000932596003424,
          "ema_span_0": 377.10159561945267,
          "ema_span_1": 253.7465195618634,
          "enabled": true,
          "initial_eprice_ema_dist": 0.016077544405536527,
          "initial_qty_pct": 0.043693523545794,
          "markup_range": 0.018454727982224296,
          "min_markup": 0.014766191968437065,
          "n_close_orders": 5,
          "rentry_pprice_dist": 0.008154959476483719,
          "rentry_pprice_dist_wallet_exposure_weighting": 13.515758657953807,
          "wallet_exposure_limit": 1},
 "short": {"auto_unstuck_delay_minutes": 745.8252956700879,
           "auto_unstuck_ema_dist": -0.0052196552881292185,
           "auto_unstuck_qty_pct": 0.011741406401093814,
           "auto_unstuck_wallet_exposure_threshold": 0.6937436887730419,
           "backwards_tp": false,
           "ddown_factor": 2.87940475689839,
           "ema_span_0": 261.1253800890839,
           "ema_span_1": 1345.700314925086,
           "enabled": false,
           "initial_eprice_ema_dist": -0.016709712019111617,
           "initial_qty_pct": 0.041210016437977434,
           "markup_range": 0.04886128100244518,
           "min_markup": 0.0014384935385901168,
           "n_close_orders": 4,
           "rentry_pprice_dist": 0.011290367588424829,
           "rentry_pprice_dist_wallet_exposure_weighting": 7.109720949550176,
           "wallet_exposure_limit": 1.0}}