{"config_name": "recursive_grid_SOLUSDT_454days",
 "logging_level": 0,
 "long": {"auto_unstuck_delay_minutes": 1219.8929331119077,
          "auto_unstuck_ema_dist": -0.046756066840087,
          "auto_unstuck_qty_pct": 0.01,
          "auto_unstuck_wallet_exposure_threshold": 0.06611877648340025,
          "backwards_tp": false,
          "ddown_factor": 1.952416082466859,
          "ema_span_0": 404.71417742530286,
          "ema_span_1": 680.8937811672265,
          "enabled": true,
          "initial_eprice_ema_dist": 0.0021916055766411507,
          "initial_qty_pct": 0.05,
          "markup_range": 0.017174001463006495,
          "min_markup": 0.01,
          "n_close_orders": 6,
          "rentry_pprice_dist": 0.02155450705070024,
          "rentry_pprice_dist_wallet_exposure_weighting": 3.9209553838768856,
          "wallet_exposure_limit": 1},
 "short": {"auto_unstuck_delay_minutes": 306.2403295431051,
           "auto_unstuck_ema_dist": -0.03344310595206143,
           "auto_unstuck_qty_pct": 0.06934767446611562,
           "auto_unstuck_wallet_exposure_threshold": 0.6917202404920686,
           "backwards_tp": true,
           "ddown_factor": 0.7276618837648733,
           "ema_span_0": 1220.6308621003923,
           "ema_span_1": 550.4367816717079,
           "enabled": false,
           "initial_eprice_ema_dist": -0.027422340521513405,
           "initial_qty_pct": 0.04960902149173701,
           "markup_range": 0.0391892168247237,
           "min_markup": 0.00826898169606588,
           "n_close_orders": 13,
           "rentry_pprice_dist": 0.02914277390198628,
           "rentry_pprice_dist_wallet_exposure_weighting": 17.67182379242598,
           "wallet_exposure_limit": 1.0}}