{"config_name": "recursive_grid_BTCUSDT_143days",
 "logging_level": 0,
 "long": {"auto_unstuck_delay_minutes": 1235.156452844736,
          "auto_unstuck_ema_dist": -0.0338429414024291,
          "auto_unstuck_qty_pct": 0.01,
          "auto_unstuck_wallet_exposure_threshold": 0.07095255252520993,
          "backwards_tp": false,
          "ddown_factor": 0.4796289928817714,
          "ema_span_0": 746.0805350167675,
          "ema_span_1": 785.1915831564969,
          "enabled": true,
          "initial_eprice_ema_dist": -0.002216725649985785,
          "initial_qty_pct": 0.032202944124953226,
          "markup_range": 0.022492579360736373,
          "min_markup": 0.015295037501326143,
          "n_close_orders": 6,
          "rentry_pprice_dist": 0.005,
          "rentry_pprice_dist_wallet_exposure_weighting": 8.923852259841125,
          "wallet_exposure_limit": 1},
 "short": {"auto_unstuck_delay_minutes": 1395.7597327743001,
           "auto_unstuck_ema_dist": -0.03207265346471663,
           "auto_unstuck_qty_pct": 0.011072723338255522,
           "auto_unstuck_wallet_exposure_threshold": 0.23024269139554862,
           "backwards_tp": false,
           "ddown_factor": 2.8705981045279807,
           "ema_span_0": 429.6787267715112,
           "ema_span_1": 29.359744684151984,
           "enabled": false,
           "initial_eprice_ema_dist": -0.04079952736811494,
           "initial_qty_pct": 0.04609190869679133,
           "markup_range": 0.0009327320942892747,
           "min_markup": 0.00938629324193824,
           "n_close_orders": 4,
           "rentry_pprice_dist": 0.044269683188226897,
           "rentry_pprice_dist_wallet_exposure_weighting": 12.850341201780493,
           "wallet_exposure_limit": 1.0}}