{"config_name": "recursive_grid_BTCUSDT_143days",
 "logging_level": 0,
 "long": {"auto_unstuck_delay_minutes": 888.785829172137,
          "auto_unstuck_ema_dist": -0.01586680420397729,
          "auto_unstuck_qty_pct": 0.01,
          "auto_unstuck_wallet_exposure_threshold": 0.09600975237984015,
          "backwards_tp": false,
          "ddown_factor": 0.478580021154957,
          "ema_span_0": 568.9736293598544,
          "ema_span_1": 346.78764223077644,
          "enabled": true,
          "initial_eprice_ema_dist": -0.019809274152570673,
          "initial_qty_pct": 0.039716587093643126,
          "markup_range": 0.04680758671406675,
          "min_markup": 0.02911173199212554,
          "n_close_orders": 5,
          "rentry_pprice_dist": 0.03243565899162318,
          "rentry_pprice_dist_wallet_exposure_weighting": 11.55762875965829,
          "wallet_exposure_limit": 1.0},
 "short": {"auto_unstuck_delay_minutes": 154.74370359471578,
           "auto_unstuck_ema_dist": -0.047584930299366925,
           "auto_unstuck_qty_pct": 0.031458541161412064,
           "auto_unstuck_wallet_exposure_threshold": 0.10461954694383646,
           "backwards_tp": false,
           "ddown_factor": 1.9910075071733206,
           "ema_span_0": 589.3204035608089,
           "ema_span_1": 331.03708430758167,
           "enabled": false,
           "initial_eprice_ema_dist": -0.016734476236461834,
           "initial_qty_pct": 0.028952378434987255,
           "markup_range": 0.03639593608911676,
           "min_markup": 0.0058505769424050755,
           "n_close_orders": 12,
           "rentry_pprice_dist": 0.019167907652509825,
           "rentry_pprice_dist_wallet_exposure_weighting": 16.029801312488168,
           "wallet_exposure_limit": 1.0}}