{"config_name": "recursive_grid_NEARUSDT_454days",
 "logging_level": 0,
 "long": {"auto_unstuck_delay_minutes": 1132.3676598996985,
          "auto_unstuck_ema_dist": 0.026203880579636005,
          "auto_unstuck_qty_pct": 0.01,
          "auto_unstuck_wallet_exposure_threshold": 0.051557615412977986,
          "backwards_tp": false,
          "ddown_factor": 1.242519703766797,
          "ema_span_0": 708.2930326884157,
          "ema_span_1": 697.612259629545,
          "enabled": true,
          "initial_eprice_ema_dist": 0.006938442204264398,
          "initial_qty_pct": 0.05,
          "markup_range": 0.05838304402266074,
          "min_markup": 0.008349699341610574,
          "n_close_orders": 6,
          "rentry_pprice_dist": 0.02349072770357988,
          "rentry_pprice_dist_wallet_exposure_weighting": 0.9688740663584341,
          "wallet_exposure_limit": 1},
 "short": {"auto_unstuck_delay_minutes": 101.06273487558211,
           "auto_unstuck_ema_dist": -0.03162277974247994,
           "auto_unstuck_qty_pct": 0.07143430044716259,
           "auto_unstuck_wallet_exposure_threshold": 0.7480021486906051,
           "backwards_tp": true,
           "ddown_factor": 1.628985582995495,
           "ema_span_0": 1430.2953091880713,
           "ema_span_1": 1260.5157576981214,
           "enabled": false,
           "initial_eprice_ema_dist": -0.026441636657617118,
           "initial_qty_pct": 0.02880229867752871,
           "markup_range": 0.024512658907546715,
           "min_markup": 0.008304928677275631,
           "n_close_orders": 9,
           "rentry_pprice_dist": 0.011769441101407981,
           "rentry_pprice_dist_wallet_exposure_weighting": 9.455152626173692,
           "wallet_exposure_limit": 1.0}}