{"config_name": "recursive_grid_MATICUSDT_366days",
 "logging_level": 0,
 "long": {"auto_unstuck_delay_minutes": 1177.803352971157,
          "auto_unstuck_ema_dist": -0.04079652215511729,
          "auto_unstuck_qty_pct": 0.010387762478773557,
          "auto_unstuck_wallet_exposure_threshold": 0.1353956353934109,
          "backwards_tp": false,
          "ddown_factor": 2.5510977222426843,
          "ema_span_0": 10,
          "ema_span_1": 1141.189786339399,
          "enabled": true,
          "initial_eprice_ema_dist": 0.0029801155053294968,
          "initial_qty_pct": 0.07117961265178559,
          "markup_range": 0.009278642766887788,
          "min_markup": 0.005529434123226323,
          "n_close_orders": 8,
          "rentry_pprice_dist": 0.03834488318074845,
          "rentry_pprice_dist_wallet_exposure_weighting": 0.16989463225869272,
          "wallet_exposure_limit": 1},
 "short": {"auto_unstuck_delay_minutes": 0.0,
           "auto_unstuck_ema_dist": 0.0,
           "auto_unstuck_qty_pct": 0.0,
           "auto_unstuck_wallet_exposure_threshold": 0.0,
           "backwards_tp": false,
           "ddown_factor": 2.3742091195721122,
           "ema_span_0": 1174.7267614069315,
           "ema_span_1": 662.6281157843064,
           "enabled": false,
           "initial_eprice_ema_dist": -0.0028596608426172294,
           "initial_qty_pct": 0.018884631557469216,
           "markup_range": 0.008498951999536713,
           "min_markup": 0.005667917716721432,
           "n_close_orders": 6,
           "rentry_pprice_dist": 0.043235043395461976,
           "rentry_pprice_dist_wallet_exposure_weighting": 6.615230630064643,
           "wallet_exposure_limit": 1.0}}