{"config_name": "recursive_grid_RLCUSDT_374days",
 "logging_level": 0,
 "long": {"auto_unstuck_delay_minutes": 500,
          "auto_unstuck_ema_dist": -0.009570239161879743,
          "auto_unstuck_qty_pct": 0.01,
          "auto_unstuck_wallet_exposure_threshold": 0.03731849814341462,
          "backwards_tp": false,
          "ddown_factor": 1.913771446550696,
          "ema_span_0": 563.7776782619634,
          "ema_span_1": 572.7829560557186,
          "enabled": true,
          "initial_eprice_ema_dist": 0.0002787697242067945,
          "initial_qty_pct": 0.05,
          "markup_range": 0.05898217960166842,
          "min_markup": 0.009821161593356944,
          "n_close_orders": 7,
          "rentry_pprice_dist": 0.025503898214240754,
          "rentry_pprice_dist_wallet_exposure_weighting": 3.380636430158408,
          "wallet_exposure_limit": 1.0},
 "short": {"auto_unstuck_delay_minutes": 921.8294579400211,
           "auto_unstuck_ema_dist": -0.007199867783161201,
           "auto_unstuck_qty_pct": 0.015369753457122695,
           "auto_unstuck_wallet_exposure_threshold": 0.7563957298779103,
           "backwards_tp": true,
           "ddown_factor": 0.1255862619282034,
           "ema_span_0": 458.7927981836347,
           "ema_span_1": 965.266668214364,
           "enabled": false,
           "initial_eprice_ema_dist": -0.07013088040484211,
           "initial_qty_pct": 0.029858089426311712,
           "markup_range": 0.034068879876935715,
           "min_markup": 0.0057531055588019575,
           "n_close_orders": 5,
           "rentry_pprice_dist": 0.024274473077255266,
           "rentry_pprice_dist_wallet_exposure_weighting": 18.503217301070393,
           "wallet_exposure_limit": 1.0}}