{"config_name": "recursive_grid_ONDOUSDT_120days",
 "logging_level": 0,
 "long": {"auto_unstuck_delay_minutes": 1271.7438562811326,
          "auto_unstuck_ema_dist": 0.03753174228464794,
          "auto_unstuck_qty_pct": 0.01,
          "auto_unstuck_wallet_exposure_threshold": 0.0810234541730289,
          "backwards_tp": false,
          "ddown_factor": 1.4049665385698324,
          "ema_span_0": 1166.5078146522512,
          "ema_span_1": 874.8219963346477,
          "enabled": true,
          "initial_eprice_ema_dist": 0.01730217657039453,
          "initial_qty_pct": 0.046014547452385764,
          "markup_range": 0.010280606984170685,
          "min_markup": 0.020513206750880794,
          "n_close_orders": 6,
          "rentry_pprice_dist": 0.006273059000766732,
          "rentry_pprice_dist_wallet_exposure_weighting": 10.111148270620477,
          "wallet_exposure_limit": 1},
 "short": {"auto_unstuck_delay_minutes": 931.5681452897549,
           "auto_unstuck_ema_dist": -0.060448870925511974,
           "auto_unstuck_qty_pct": 0.03275229317463598,
           "auto_unstuck_wallet_exposure_threshold": 0.3045306729849798,
           "backwards_tp": false,
           "ddown_factor": 1.4180120880761025,
           "ema_span_0": 254.85895736810875,
           "ema_span_1": 381.3872481863926,
           "enabled": false,
           "initial_eprice_ema_dist": -0.05442937268882203,
           "initial_qty_pct": 0.044082963734806704,
           "markup_range": 0.04701086211815222,
           "min_markup": 0.008479139559142056,
           "n_close_orders": 9,
           "rentry_pprice_dist": 0.010559019382431829,
           "rentry_pprice_dist_wallet_exposure_weighting": 0.43750407331195174,
           "wallet_exposure_limit": 1.0}}