{"config_name": "recursive_grid_RONUSDT_114days",
 "logging_level": 0,
 "long": {"auto_unstuck_delay_minutes": 0,
          "auto_unstuck_ema_dist": 0,
          "auto_unstuck_qty_pct": 0,
          "auto_unstuck_wallet_exposure_threshold": 0.0,
          "backwards_tp": false,
          "ddown_factor": 0.42986943627382324,
          "ema_span_0": 1416.1446235821795,
          "ema_span_1": 998.2122718927558,
          "enabled": true,
          "initial_eprice_ema_dist": -0.0063864896017408425,
          "initial_qty_pct": 0.04,
          "markup_range": 0.03050233941931739,
          "min_markup": 0.010843465643093266,
          "n_close_orders": 2,
          "rentry_pprice_dist": 0.0151982014457921,
          "rentry_pprice_dist_wallet_exposure_weighting": 10.840148393195918,
          "wallet_exposure_limit": 1},
 "short": {"auto_unstuck_delay_minutes": 507.6023108162923,
           "auto_unstuck_ema_dist": -0.019351366399753545,
           "auto_unstuck_qty_pct": 0.08721766802724568,
           "auto_unstuck_wallet_exposure_threshold": 0.7307042314077727,
           "backwards_tp": false,
           "ddown_factor": 0.5723679388335322,
           "ema_span_0": 1344.3503157503135,
           "ema_span_1": 1346.1989105915889,
           "enabled": false,
           "initial_eprice_ema_dist": -0.0346329185422638,
           "initial_qty_pct": 0.043323578090035154,
           "markup_range": 0.03763661529954491,
           "min_markup": 0.006926807623301,
           "n_close_orders": 14,
           "rentry_pprice_dist": 0.03698403556574758,
           "rentry_pprice_dist_wallet_exposure_weighting": 0.15403374444510565,
           "wallet_exposure_limit": 1.0}}