{"config_name": "recursive_grid_RNDRUSDT_365days",
 "logging_level": 0,
 "long": {"auto_unstuck_delay_minutes": 974.3289572710828,
          "auto_unstuck_ema_dist": -0.09642163015777493,
          "auto_unstuck_qty_pct": 0.03366272817868533,
          "auto_unstuck_wallet_exposure_threshold": 0.17489459851503636,
          "backwards_tp": false,
          "ddown_factor": 1.0337726027581362,
          "ema_span_0": 1569.6871448895834,
          "ema_span_1": 1530.8996514129187,
          "enabled": true,
          "initial_eprice_ema_dist": -0.014104297051609649,
          "initial_qty_pct": 0.02964321322274378,
          "markup_range": 0.021920567487834854,
          "min_markup": 0.007356333441535379,
          "n_close_orders": 3,
          "rentry_pprice_dist": 0.03298764016977025,
          "rentry_pprice_dist_wallet_exposure_weighting": 1.7582904050540307,
          "wallet_exposure_limit": 1},
 "short": {"auto_unstuck_delay_minutes": 1280.5358548658273,
           "auto_unstuck_ema_dist": -0.003596435854335514,
           "auto_unstuck_qty_pct": 0.02948602950631571,
           "auto_unstuck_wallet_exposure_threshold": 0.011452626616616746,
           "backwards_tp": false,
           "ddown_factor": 1.384483599640053,
           "ema_span_0": 627.1743157209777,
           "ema_span_1": 570.362903218301,
           "enabled": false,
           "initial_eprice_ema_dist": -0.0007017458252892728,
           "initial_qty_pct": 0.019964146584033764,
           "markup_range": 0.007127096797808172,
           "min_markup": 0.04925489476220043,
           "n_close_orders": 12,
           "rentry_pprice_dist": 0.038814096449309166,
           "rentry_pprice_dist_wallet_exposure_weighting": 4.9021789277013905,
           "wallet_exposure_limit": 1.0}}