{"config_name": "recursive_grid_SEIUSDT_302days",
 "logging_level": 0,
 "long": {"auto_unstuck_delay_minutes": 0.0,
          "auto_unstuck_ema_dist": 0.0,
          "auto_unstuck_qty_pct": 0.0,
          "auto_unstuck_wallet_exposure_threshold": 0.0,
          "backwards_tp": false,
          "ddown_factor": 0.449650361256814,
          "ema_span_0": 651.6302477357398,
          "ema_span_1": 159.9974178980488,
          "enabled": true,
          "initial_eprice_ema_dist": 0.053749578639820855,
          "initial_qty_pct": 0.04,
          "markup_range": 0.027658920872972975,
          "min_markup": 0.009837335174726814,
          "n_close_orders": 2,
          "rentry_pprice_dist": 0.039523260858500164,
          "rentry_pprice_dist_wallet_exposure_weighting": 10.977906129053233,
          "wallet_exposure_limit": 1.0},
 "short": {"auto_unstuck_delay_minutes": 399.5540151197552,
           "auto_unstuck_ema_dist": -0.05689920732769043,
           "auto_unstuck_qty_pct": 0.05039292757892883,
           "auto_unstuck_wallet_exposure_threshold": 0.6495634562648858,
           "backwards_tp": false,
           "ddown_factor": 1.0450296983165068,
           "ema_span_0": 989.4565384297576,
           "ema_span_1": 1276.0692210446302,
           "enabled": false,
           "initial_eprice_ema_dist": -0.08986245836929128,
           "initial_qty_pct": 0.016937470102594082,
           "markup_range": 0.014765722330402091,
           "min_markup": 0.0049302800524545914,
           "n_close_orders": 4,
           "rentry_pprice_dist": 0.04291929173190038,
           "rentry_pprice_dist_wallet_exposure_weighting": 13.926583884613333,
           "wallet_exposure_limit": 1.0}}