{"config_name": "recursive_grid_TRXUSDT_366days",
 "logging_level": 0,
 "long": {"auto_unstuck_delay_minutes": 1358.0313248655618,
          "auto_unstuck_ema_dist": 0.002523612501606832,
          "auto_unstuck_qty_pct": 0.01,
          "auto_unstuck_wallet_exposure_threshold": 0.17960641718059456,
          "backwards_tp": false,
          "ddown_factor": 0.772310199485089,
          "ema_span_0": 1148.213506857806,
          "ema_span_1": 1749.254003915648,
          "enabled": true,
          "initial_eprice_ema_dist": 0.0021984129547351285,
          "initial_qty_pct": 0.04452445130734687,
          "markup_range": 0.02,
          "min_markup": 0.009951437904920538,
          "n_close_orders": 9,
          "rentry_pprice_dist": 0.010457581727625405,
          "rentry_pprice_dist_wallet_exposure_weighting": 2.7858826324916333,
          "wallet_exposure_limit": 1},
 "short": {"auto_unstuck_delay_minutes": 0.0,
           "auto_unstuck_ema_dist": 0.0,
           "auto_unstuck_qty_pct": 0.0,
           "auto_unstuck_wallet_exposure_threshold": 0.0,
           "backwards_tp": false,
           "ddown_factor": 1.4280686797522915,
           "ema_span_0": 1200.8612620034746,
           "ema_span_1": 1126.5923949844646,
           "enabled": false,
           "initial_eprice_ema_dist": -0.00977137817903238,
           "initial_qty_pct": 0.01982499664340248,
           "markup_range": 0.004208003931421268,
           "min_markup": 0.008963790455721331,
           "n_close_orders": 2,
           "rentry_pprice_dist": 0.01259417320143491,
           "rentry_pprice_dist_wallet_exposure_weighting": 2.313588343784474,
           "wallet_exposure_limit": 1.0}}