{"config_name": "recursive_grid_ARBUSDT_156days",
 "logging_level": 0,
 "long": {"auto_unstuck_delay_minutes": 1085.47277216455,
          "auto_unstuck_ema_dist": -9.079175684052754e-05,
          "auto_unstuck_qty_pct": 0.01,
          "auto_unstuck_wallet_exposure_threshold": 0.038840047503183546,
          "backwards_tp": false,
          "ddown_factor": 0.40030036329116025,
          "ema_span_0": 205.4801239797466,
          "ema_span_1": 302.9875327402075,
          "enabled": true,
          "initial_eprice_ema_dist": 0.009562955533579104,
          "initial_qty_pct": 0.04370690040237742,
          "markup_range": 0.011573003959297388,
          "min_markup": 0.011586136087947174,
          "n_close_orders": 8,
          "rentry_pprice_dist": 0.015731320962615696,
          "rentry_pprice_dist_wallet_exposure_weighting": 8.881964851376935,
          "wallet_exposure_limit": 1},
 "short": {"auto_unstuck_delay_minutes": 607.3130276754537,
           "auto_unstuck_ema_dist": -0.0874258224893109,
           "auto_unstuck_qty_pct": 0.07109808037247396,
           "auto_unstuck_wallet_exposure_threshold": 0.8094532465091712,
           "backwards_tp": false,
           "ddown_factor": 2.4758735684645043,
           "ema_span_0": 1035.1072448044717,
           "ema_span_1": 742.4732513453189,
           "enabled": false,
           "initial_eprice_ema_dist": -0.009336352148569801,
           "initial_qty_pct": 0.013910932491963336,
           "markup_range": 0.024363387867789108,
           "min_markup": 0.0016947372572414239,
           "n_close_orders": 7,
           "rentry_pprice_dist": 0.042597154413726905,
           "rentry_pprice_dist_wallet_exposure_weighting": 19.055794928822166,
           "wallet_exposure_limit": 1.0}}