{"config_name": "recursive_grid_NEARUSDT_143days",
 "logging_level": 0,
 "long": {"auto_unstuck_delay_minutes": 1435.0554304563834,
          "auto_unstuck_ema_dist": 0.045220507976849046,
          "auto_unstuck_qty_pct": 0.01,
          "auto_unstuck_wallet_exposure_threshold": 0.035634989673059475,
          "backwards_tp": false,
          "ddown_factor": 0.31168451852066875,
          "ema_span_0": 731.3218997159335,
          "ema_span_1": 1154.96006703303,
          "enabled": true,
          "initial_eprice_ema_dist": 0.012319680263796536,
          "initial_qty_pct": 0.043094568533795015,
          "markup_range": 0.04414281834620613,
          "min_markup": 0.03015015336511484,
          "n_close_orders": 6,
          "rentry_pprice_dist": 0.008363196894449929,
          "rentry_pprice_dist_wallet_exposure_weighting": 11.512956139533532,
          "wallet_exposure_limit": 1},
 "short": {"auto_unstuck_delay_minutes": 293.43089655738737,
           "auto_unstuck_ema_dist": -0.057878661623562394,
           "auto_unstuck_qty_pct": 0.09968201804453715,
           "auto_unstuck_wallet_exposure_threshold": 0.7778588548535579,
           "backwards_tp": false,
           "ddown_factor": 2.4070638458537674,
           "ema_span_0": 1139.755532476588,
           "ema_span_1": 1035.908485697652,
           "enabled": false,
           "initial_eprice_ema_dist": -0.09501365952012772,
           "initial_qty_pct": 0.04766666805274793,
           "markup_range": 0.0188132576402593,
           "min_markup": 0.003973145426587571,
           "n_close_orders": 4,
           "rentry_pprice_dist": 0.027708529178146285,
           "rentry_pprice_dist_wallet_exposure_weighting": 7.934535852621687,
           "wallet_exposure_limit": 1.0}}