{"config_name": "recursive_grid_UNIUSDT_366days",
 "logging_level": 0,
 "long": {"auto_unstuck_delay_minutes": 84.87468914199492,
          "auto_unstuck_ema_dist": -0.0983856374915278,
          "auto_unstuck_qty_pct": 0.09009964902375411,
          "auto_unstuck_wallet_exposure_threshold": 0.18749055766822043,
          "backwards_tp": false,
          "ddown_factor": 0.4377315411335705,
          "ema_span_0": 1466.071367697373,
          "ema_span_1": 1600.6274083853693,
          "enabled": true,
          "initial_eprice_ema_dist": -0.007999405874951205,
          "initial_qty_pct": 0.03299870304674731,
          "markup_range": 0.016336810765528082,
          "min_markup": 0.009510143272003183,
          "n_close_orders": 8,
          "rentry_pprice_dist": 0.030681435675936546,
          "rentry_pprice_dist_wallet_exposure_weighting": 1.3108050496342647,
          "wallet_exposure_limit": 1},
 "short": {"auto_unstuck_delay_minutes": 0.0,
           "auto_unstuck_ema_dist": 0.0,
           "auto_unstuck_qty_pct": 0.0,
           "auto_unstuck_wallet_exposure_threshold": 0.0,
           "backwards_tp": false,
           "ddown_factor": 2.3787934394637906,
           "ema_span_0": 1076.846014620964,
           "ema_span_1": 1024.247288156383,
           "enabled": false,
           "initial_eprice_ema_dist": 0.001871049839930852,
           "initial_qty_pct": 0.017498559806249817,
           "markup_range": 0.002345308037182926,
           "min_markup": 0.006869283579151534,
           "n_close_orders": 9,
           "rentry_pprice_dist": 0.017047931978606174,
           "rentry_pprice_dist_wallet_exposure_weighting": 5.090527871970252,
           "wallet_exposure_limit": 1.0}}