{"config_name": "recursive_grid_1000RATSUSDT_150days",
 "logging_level": 0,
 "long": {"auto_unstuck_delay_minutes": 747.2938992658186,
          "auto_unstuck_ema_dist": 0.01717393567451339,
          "auto_unstuck_qty_pct": 0.01,
          "auto_unstuck_wallet_exposure_threshold": 0.08124791522740824,
          "backwards_tp": false,
          "ddown_factor": 0.4204976062983186,
          "ema_span_0": 345.9440428130847,
          "ema_span_1": 336.26391487769433,
          "enabled": true,
          "initial_eprice_ema_dist": 0.027193927132737498,
          "initial_qty_pct": 0.049969576744858586,
          "markup_range": 0.03338773549756312,
          "min_markup": 0.010192192916851061,
          "n_close_orders": 7,
          "rentry_pprice_dist": 0.012935973238968675,
          "rentry_pprice_dist_wallet_exposure_weighting": 12.360377268991378,
          "wallet_exposure_limit": 1},
 "short": {"auto_unstuck_delay_minutes": 1360.1871386456592,
           "auto_unstuck_ema_dist": -0.06927422122336344,
           "auto_unstuck_qty_pct": 0.05019421503923562,
           "auto_unstuck_wallet_exposure_threshold": 0.457128800197129,
           "backwards_tp": false,
           "ddown_factor": 0.8784698660815821,
           "ema_span_0": 436.8921891939446,
           "ema_span_1": 429.84444865634623,
           "enabled": false,
           "initial_eprice_ema_dist": -0.03998287944382739,
           "initial_qty_pct": 0.013075361404183704,
           "markup_range": 0.014765867558989593,
           "min_markup": 0.008847089280597478,
           "n_close_orders": 11,
           "rentry_pprice_dist": 0.036275150613565205,
           "rentry_pprice_dist_wallet_exposure_weighting": 5.913364018903091,
           "wallet_exposure_limit": 1.0}}