{"config_name": "recursive_grid_1000PEPEUSDT_143days",
 "logging_level": 0,
 "long": {"auto_unstuck_delay_minutes": 597.0742632598683,
          "auto_unstuck_ema_dist": 0.011235494556601826,
          "auto_unstuck_qty_pct": 0.01,
          "auto_unstuck_wallet_exposure_threshold": 0.03595552648089407,
          "backwards_tp": false,
          "ddown_factor": 0.3347502841020348,
          "ema_span_0": 712.3258715297719,
          "ema_span_1": 679.4282555819923,
          "enabled": true,
          "initial_eprice_ema_dist": 0.018144029555448585,
          "initial_qty_pct": 0.04891969563423671,
          "markup_range": 0.05,
          "min_markup": 0.026113121253805018,
          "n_close_orders": 5,
          "rentry_pprice_dist": 0.019808029915263762,
          "rentry_pprice_dist_wallet_exposure_weighting": 7.511316378067875,
          "wallet_exposure_limit": 1.0},
 "short": {"auto_unstuck_delay_minutes": 1033.0911898110517,
           "auto_unstuck_ema_dist": -0.05488840634011946,
           "auto_unstuck_qty_pct": 0.05051378849584331,
           "auto_unstuck_wallet_exposure_threshold": 0.3408199635291018,
           "backwards_tp": false,
           "ddown_factor": 2.382663727720917,
           "ema_span_0": 759.8726243405748,
           "ema_span_1": 1397.322817011371,
           "enabled": false,
           "initial_eprice_ema_dist": -0.05667230773318629,
           "initial_qty_pct": 0.025759925141916627,
           "markup_range": 0.009933994497659734,
           "min_markup": 0.009798840926493857,
           "n_close_orders": 2,
           "rentry_pprice_dist": 0.036740967016899856,
           "rentry_pprice_dist_wallet_exposure_weighting": 11.133381318194768,
           "wallet_exposure_limit": 1.0}}