{"config_name": "recursive_grid_THETAUSDT_454days",
 "logging_level": 0,
 "long": {"auto_unstuck_delay_minutes": 1201.8397762900638,
          "auto_unstuck_ema_dist": 0.0028295992611673104,
          "auto_unstuck_qty_pct": 0.01,
          "auto_unstuck_wallet_exposure_threshold": 0.03357586177857774,
          "backwards_tp": false,
          "ddown_factor": 1.4696905261809052,
          "ema_span_0": 548.9762966033735,
          "ema_span_1": 510.6896742037871,
          "enabled": true,
          "initial_eprice_ema_dist": 0.007630977229232405,
          "initial_qty_pct": 0.05,
          "markup_range": 0.02996766147050887,
          "min_markup": 0.01,
          "n_close_orders": 7,
          "rentry_pprice_dist": 0.03365101024886059,
          "rentry_pprice_dist_wallet_exposure_weighting": 1.0195496095953993,
          "wallet_exposure_limit": 1},
 "short": {"auto_unstuck_delay_minutes": 747.6875470644916,
           "auto_unstuck_ema_dist": -0.03647671808105345,
           "auto_unstuck_qty_pct": 0.017731392956992744,
           "auto_unstuck_wallet_exposure_threshold": 0.874226971643638,
           "backwards_tp": true,
           "ddown_factor": 0.77689023901107,
           "ema_span_0": 515.4141470804689,
           "ema_span_1": 929.4552982733261,
           "enabled": false,
           "initial_eprice_ema_dist": -0.018101980148277783,
           "initial_qty_pct": 0.02754944618742443,
           "markup_range": 0.009416435347275105,
           "min_markup": 0.004868944734717941,
           "n_close_orders": 12,
           "rentry_pprice_dist": 0.03951960251438479,
           "rentry_pprice_dist_wallet_exposure_weighting": 1.7514519948562612,
           "wallet_exposure_limit": 1.0}}