{"config_name": "recursive_grid_MINAUSDT_798days",
 "logging_level": 0,
 "long": {"auto_unstuck_delay_minutes": 0,
          "auto_unstuck_ema_dist": 0,
          "auto_unstuck_qty_pct": 0,
          "auto_unstuck_wallet_exposure_threshold": 0.0,
          "backwards_tp": false,
          "ddown_factor": 0.504642726496184,
          "ema_span_0": 914.6917707465774,
          "ema_span_1": 907.6984690149199,
          "enabled": true,
          "initial_eprice_ema_dist": 0.008830178066511688,
          "initial_qty_pct": 0.04,
          "markup_range": 0.03897112812262556,
          "min_markup": 0.008,
          "n_close_orders": 2,
          "rentry_pprice_dist": 0.021236835780969923,
          "rentry_pprice_dist_wallet_exposure_weighting": 8.505588623638639,
          "wallet_exposure_limit": 1},
 "short": {"auto_unstuck_delay_minutes": 788.5139544063117,
           "auto_unstuck_ema_dist": -0.04742036232968268,
           "auto_unstuck_qty_pct": 0.021135396838302647,
           "auto_unstuck_wallet_exposure_threshold": 0.7825868833833962,
           "backwards_tp": false,
           "ddown_factor": 2.498545057899229,
           "ema_span_0": 1005.0169196870169,
           "ema_span_1": 35.203901975468156,
           "enabled": false,
           "initial_eprice_ema_dist": -0.06024712873883848,
           "initial_qty_pct": 0.048011460660572026,
           "markup_range": 0.009839998446127138,
           "min_markup": 0.004689956750122762,
           "n_close_orders": 15,
           "rentry_pprice_dist": 0.027875442766195614,
           "rentry_pprice_dist_wallet_exposure_weighting": 4.302506711514393,
           "wallet_exposure_limit": 1.0}}