{"config_name": "recursive_grid_1000BONKUSDT_143days",
 "logging_level": 0,
 "long": {"auto_unstuck_delay_minutes": 1362.205893454304,
          "auto_unstuck_ema_dist": 0.00029004316589390823,
          "auto_unstuck_qty_pct": 0.01,
          "auto_unstuck_wallet_exposure_threshold": 0.07174926771670004,
          "backwards_tp": false,
          "ddown_factor": 0.5219463219576412,
          "ema_span_0": 166.3818683832161,
          "ema_span_1": 247.5125705989734,
          "enabled": true,
          "initial_eprice_ema_dist": 0.024645853096349802,
          "initial_qty_pct": 0.041310304920054525,
          "markup_range": 0.0474446364478898,
          "min_markup": 0.022306139916563363,
          "n_close_orders": 6,
          "rentry_pprice_dist": 0.013816732385030677,
          "rentry_pprice_dist_wallet_exposure_weighting": 9.087138064401366,
          "wallet_exposure_limit": 1},
 "short": {"auto_unstuck_delay_minutes": 194.40497169208612,
           "auto_unstuck_ema_dist": -0.07813791246885068,
           "auto_unstuck_qty_pct": 0.021104861940780973,
           "auto_unstuck_wallet_exposure_threshold": 0.8458554080366228,
           "backwards_tp": false,
           "ddown_factor": 0.8450779538623407,
           "ema_span_0": 829.8908735508383,
           "ema_span_1": 121.67128942581898,
           "enabled": false,
           "initial_eprice_ema_dist": -0.03044053951645069,
           "initial_qty_pct": 0.048569266774872305,
           "markup_range": 0.00024102218018966503,
           "min_markup": 0.004469461917201916,
           "n_close_orders": 3,
           "rentry_pprice_dist": 0.03936413519611553,
           "rentry_pprice_dist_wallet_exposure_weighting": 8.451540045919383,
           "wallet_exposure_limit": 1.0}}