{"config_name": "recursive_grid_BCHUSDT_156days",
 "logging_level": 0,
 "long": {"auto_unstuck_delay_minutes": 757.3414674113485,
          "auto_unstuck_ema_dist": 0.03002603309426168,
          "auto_unstuck_qty_pct": 0.01,
          "auto_unstuck_wallet_exposure_threshold": 0.0889869493530881,
          "backwards_tp": false,
          "ddown_factor": 0.41321232364986926,
          "ema_span_0": 1134.3206348595843,
          "ema_span_1": 975.5219820648239,
          "enabled": true,
          "initial_eprice_ema_dist": 0.020954854124952144,
          "initial_qty_pct": 0.0340829084385351,
          "markup_range": 0.0396795100535108,
          "min_markup": 0.020000037472637743,
          "n_close_orders": 8,
          "rentry_pprice_dist": 0.020646495390273027,
          "rentry_pprice_dist_wallet_exposure_weighting": 8.20975170382875,
          "wallet_exposure_limit": 1.0},
 "short": {"auto_unstuck_delay_minutes": 779.1191264441713,
           "auto_unstuck_ema_dist": -0.06885919211507062,
           "auto_unstuck_qty_pct": 0.03779869352927811,
           "auto_unstuck_wallet_exposure_threshold": 0.5475773155739955,
           "backwards_tp": false,
           "ddown_factor": 2.0289247575996754,
           "ema_span_0": 1038.7549755457378,
           "ema_span_1": 257.3642461811215,
           "enabled": false,
           "initial_eprice_ema_dist": -0.04678118763664732,
           "initial_qty_pct": 0.02805541897458526,
           "markup_range": 0.020582676850603335,
           "min_markup": 0.007668757697161004,
           "n_close_orders": 10,
           "rentry_pprice_dist": 0.04474369852271739,
           "rentry_pprice_dist_wallet_exposure_weighting": 15.958902673470252,
           "wallet_exposure_limit": 1.0}}