{"config_name": "recursive_grid_TONUSDT_212days",
 "logging_level": 0,
 "long": {"auto_unstuck_delay_minutes": 1348.2964362692094,
          "auto_unstuck_ema_dist": 0.006997264355801301,
          "auto_unstuck_qty_pct": 0.01,
          "auto_unstuck_wallet_exposure_threshold": 0.04242216145877572,
          "backwards_tp": false,
          "ddown_factor": 2,
          "ema_span_0": 428.42902818960954,
          "ema_span_1": 452.10528412647636,
          "enabled": true,
          "initial_eprice_ema_dist": 0.005669786667316679,
          "initial_qty_pct": 0.05,
          "markup_range": 0.05391912394571728,
          "min_markup": 0.008239094677564477,
          "n_close_orders": 5,
          "rentry_pprice_dist": 0.02276427817647032,
          "rentry_pprice_dist_wallet_exposure_weighting": 0.6507779574652494,
          "wallet_exposure_limit": 1},
 "short": {"auto_unstuck_delay_minutes": 1182.743447282725,
           "auto_unstuck_ema_dist": -0.03590397468140474,
           "auto_unstuck_qty_pct": 0.06681304839555653,
           "auto_unstuck_wallet_exposure_threshold": 0.36009062748562437,
           "backwards_tp": true,
           "ddown_factor": 2.9181879824563945,
           "ema_span_0": 530.6933752148831,
           "ema_span_1": 96.60574836621365,
           "enabled": false,
           "initial_eprice_ema_dist": -0.058062146606805046,
           "initial_qty_pct": 0.04508346341298849,
           "markup_range": 0.04939449079814134,
           "min_markup": 0.00466505118649931,
           "n_close_orders": 3,
           "rentry_pprice_dist": 0.038132910469198436,
           "rentry_pprice_dist_wallet_exposure_weighting": 11.490601887477288,
           "wallet_exposure_limit": 1.0}}