{"config_name": "recursive_grid_1000RATSUSDT_150days",
 "logging_level": 0,
 "long": {"auto_unstuck_delay_minutes": 1200.5304380672906,
          "auto_unstuck_ema_dist": 0.03792049120059491,
          "auto_unstuck_qty_pct": 0.01,
          "auto_unstuck_wallet_exposure_threshold": 0.0763411902373361,
          "backwards_tp": false,
          "ddown_factor": 0.4981310586595425,
          "ema_span_0": 429.090130453534,
          "ema_span_1": 1136.147929037061,
          "enabled": true,
          "initial_eprice_ema_dist": 0.03029259394643992,
          "initial_qty_pct": 0.047565681830249895,
          "markup_range": 0.04103344406649055,
          "min_markup": 0.010877493059998088,
          "n_close_orders": 6,
          "rentry_pprice_dist": 0.029833617877097655,
          "rentry_pprice_dist_wallet_exposure_weighting": 7.9064085831747635,
          "wallet_exposure_limit": 1},
 "short": {"auto_unstuck_delay_minutes": 577.3174841899137,
           "auto_unstuck_ema_dist": -0.05909018989709343,
           "auto_unstuck_qty_pct": 0.028728126964538338,
           "auto_unstuck_wallet_exposure_threshold": 0.40419495221420343,
           "backwards_tp": false,
           "ddown_factor": 1.8364953700693831,
           "ema_span_0": 858.1413681653618,
           "ema_span_1": 955.449522472653,
           "enabled": false,
           "initial_eprice_ema_dist": -0.06987654236600699,
           "initial_qty_pct": 0.021768455935533608,
           "markup_range": 0.00652559506086138,
           "min_markup": 0.0026425866019735003,
           "n_close_orders": 3,
           "rentry_pprice_dist": 0.04960747702402761,
           "rentry_pprice_dist_wallet_exposure_weighting": 4.550917263843077,
           "wallet_exposure_limit": 1.0}}