{"config_name": "recursive_grid_ORDIUSDT_143days",
 "logging_level": 0,
 "long": {"auto_unstuck_delay_minutes": 1349.4835097414682,
          "auto_unstuck_ema_dist": 0.00211584568811779,
          "auto_unstuck_qty_pct": 0.01,
          "auto_unstuck_wallet_exposure_threshold": 0.08739598296357301,
          "backwards_tp": false,
          "ddown_factor": 0.6,
          "ema_span_0": 570.952408904659,
          "ema_span_1": 711.4430363570845,
          "enabled": true,
          "initial_eprice_ema_dist": 0.021787762637793542,
          "initial_qty_pct": 0.049322614333318804,
          "markup_range": 0.043672017930717504,
          "min_markup": 0.017466374765047768,
          "n_close_orders": 4,
          "rentry_pprice_dist": 0.019969615569429507,
          "rentry_pprice_dist_wallet_exposure_weighting": 8.229670279456428,
          "wallet_exposure_limit": 1},
 "short": {"auto_unstuck_delay_minutes": 149.19441915879608,
           "auto_unstuck_ema_dist": -0.04713617980428102,
           "auto_unstuck_qty_pct": 0.07544736012851785,
           "auto_unstuck_wallet_exposure_threshold": 0.31928271401848685,
           "backwards_tp": false,
           "ddown_factor": 2.3991216370709547,
           "ema_span_0": 377.1877562220284,
           "ema_span_1": 1108.3864610419196,
           "enabled": false,
           "initial_eprice_ema_dist": -0.09969620661984037,
           "initial_qty_pct": 0.02186961130244687,
           "markup_range": 0.0431121666251007,
           "min_markup": 0.007229140403066053,
           "n_close_orders": 6,
           "rentry_pprice_dist": 0.02340325843104479,
           "rentry_pprice_dist_wallet_exposure_weighting": 7.960803026567255,
           "wallet_exposure_limit": 1.0}}