{"config_name": "recursive_grid_TAOUSDT_51days",
 "logging_level": 0,
 "long": {"auto_unstuck_delay_minutes": 710.2937146187433,
          "auto_unstuck_ema_dist": -0.01859796974608599,
          "auto_unstuck_qty_pct": 0.07802835912350786,
          "auto_unstuck_wallet_exposure_threshold": 0.13003627472277654,
          "backwards_tp": true,
          "ddown_factor": 1.4554850709441767,
          "ema_span_0": 1796.4124940302431,
          "ema_span_1": 1412.1796385255102,
          "enabled": true,
          "initial_eprice_ema_dist": -0.0023899301346033495,
          "initial_qty_pct": 0.08484339844320772,
          "markup_range": 0.026431900624828666,
          "min_markup": 0.012071286237896392,
          "n_close_orders": 2,
          "rentry_pprice_dist": 0.033237885323735825,
          "rentry_pprice_dist_wallet_exposure_weighting": 0.1,
          "wallet_exposure_limit": 1},
 "short": {"auto_unstuck_delay_minutes": 0.0,
           "auto_unstuck_ema_dist": 0.0,
           "auto_unstuck_qty_pct": 0.0,
           "auto_unstuck_wallet_exposure_threshold": 0.0,
           "backwards_tp": true,
           "ddown_factor": 0.5074079925913878,
           "ema_span_0": 1308.805667392613,
           "ema_span_1": 873.8236701885439,
           "enabled": false,
           "initial_eprice_ema_dist": 0.0028938701685295685,
           "initial_qty_pct": 0.01310480033137642,
           "markup_range": 0.00141439926205564,
           "min_markup": 0.008262585859295651,
           "n_close_orders": 2,
           "rentry_pprice_dist": 0.005406369363614899,
           "rentry_pprice_dist_wallet_exposure_weighting": 3.6994207336743417,
           "wallet_exposure_limit": 1.0}}