{"config_name": "recursive_grid_GRTUSDT_454days",
 "logging_level": 0,
 "long": {"auto_unstuck_delay_minutes": 1304.2274510373372,
          "auto_unstuck_ema_dist": -0.015391953247172234,
          "auto_unstuck_qty_pct": 0.01,
          "auto_unstuck_wallet_exposure_threshold": 0.08325908944585121,
          "backwards_tp": false,
          "ddown_factor": 1.6329504191694757,
          "ema_span_0": 830.8442784682987,
          "ema_span_1": 678.5969827429333,
          "enabled": true,
          "initial_eprice_ema_dist": 0.006374516637991026,
          "initial_qty_pct": 0.05,
          "markup_range": 0.058019977844615205,
          "min_markup": 0.0038498464927245266,
          "n_close_orders": 6,
          "rentry_pprice_dist": 0.020953897902206923,
          "rentry_pprice_dist_wallet_exposure_weighting": 4.18360736775244,
          "wallet_exposure_limit": 1.0},
 "short": {"auto_unstuck_delay_minutes": 1426.0513618894167,
           "auto_unstuck_ema_dist": 0.0016258147026520509,
           "auto_unstuck_qty_pct": 0.03348697687385464,
           "auto_unstuck_wallet_exposure_threshold": 0.6220412181055633,
           "backwards_tp": true,
           "ddown_factor": 2.36558827865136,
           "ema_span_0": 297.7695761194618,
           "ema_span_1": 49.89901602929684,
           "enabled": false,
           "initial_eprice_ema_dist": -0.09098274555271854,
           "initial_qty_pct": 0.049367764465004994,
           "markup_range": 0.031120112959186888,
           "min_markup": 0.00807904980695244,
           "n_close_orders": 6,
           "rentry_pprice_dist": 0.02952549366185081,
           "rentry_pprice_dist_wallet_exposure_weighting": 1.5448261271600017,
           "wallet_exposure_limit": 1.0}}