{"config_name": "recursive_grid_STXUSDT_923days",
 "logging_level": 0,
 "long": {"auto_unstuck_delay_minutes": 0.0,
          "auto_unstuck_ema_dist": 0.0,
          "auto_unstuck_qty_pct": 0.0,
          "auto_unstuck_wallet_exposure_threshold": 0.0,
          "backwards_tp": false,
          "ddown_factor": 0.5045634886758604,
          "ema_span_0": 132.36082085478668,
          "ema_span_1": 811.0360684801775,
          "enabled": true,
          "initial_eprice_ema_dist": 0.06097985680007764,
          "initial_qty_pct": 0.04,
          "markup_range": 0.017313116896455316,
          "min_markup": 0.023072521281613037,
          "n_close_orders": 3,
          "rentry_pprice_dist": 0.023595429206301338,
          "rentry_pprice_dist_wallet_exposure_weighting": 9.001982231134987,
          "wallet_exposure_limit": 1.0},
 "short": {"auto_unstuck_delay_minutes": 368.7772594633048,
           "auto_unstuck_ema_dist": -0.07138955236714814,
           "auto_unstuck_qty_pct": 0.08132581258752528,
           "auto_unstuck_wallet_exposure_threshold": 0.6179366490113322,
           "backwards_tp": false,
           "ddown_factor": 0.7141409341125922,
           "ema_span_0": 1054.013461106816,
           "ema_span_1": 1394.79736220869,
           "enabled": false,
           "initial_eprice_ema_dist": -0.09437887514414263,
           "initial_qty_pct": 0.014433725351476686,
           "markup_range": 0.0165605771236328,
           "min_markup": 0.0060725370283764716,
           "n_close_orders": 6,
           "rentry_pprice_dist": 0.012801121703359203,
           "rentry_pprice_dist_wallet_exposure_weighting": 4.360802428633863,
           "wallet_exposure_limit": 1.0}}