{"config_name": "recursive_grid_GTCUSDT_926days",
 "logging_level": 0,
 "long": {"auto_unstuck_delay_minutes": 0,
          "auto_unstuck_ema_dist": 0,
          "auto_unstuck_qty_pct": 0,
          "auto_unstuck_wallet_exposure_threshold": 0.0,
          "backwards_tp": false,
          "ddown_factor": 0.5329263313553723,
          "ema_span_0": 536.1531692505038,
          "ema_span_1": 824.0809199677395,
          "enabled": true,
          "initial_eprice_ema_dist": 0.03738826271497277,
          "initial_qty_pct": 0.04,
          "markup_range": 0.029783579411654135,
          "min_markup": 0.027550527632884427,
          "n_close_orders": 2,
          "rentry_pprice_dist": 0.036450849949077074,
          "rentry_pprice_dist_wallet_exposure_weighting": 11.823824904707056,
          "wallet_exposure_limit": 1},
 "short": {"auto_unstuck_delay_minutes": 1408.973897694671,
           "auto_unstuck_ema_dist": -0.07833892643104172,
           "auto_unstuck_qty_pct": 0.02280889435829289,
           "auto_unstuck_wallet_exposure_threshold": 0.13285010319960727,
           "backwards_tp": false,
           "ddown_factor": 0.4460183687173124,
           "ema_span_0": 1150.4201030388165,
           "ema_span_1": 640.6356723945653,
           "enabled": false,
           "initial_eprice_ema_dist": -0.002493230745203953,
           "initial_qty_pct": 0.04584174737573327,
           "markup_range": 0.008922328970175784,
           "min_markup": 0.006570298881433066,
           "n_close_orders": 8,
           "rentry_pprice_dist": 0.0360943166653708,
           "rentry_pprice_dist_wallet_exposure_weighting": 8.48297166834332,
           "wallet_exposure_limit": 1.0}}