{"config_name": "recursive_grid_BCHUSDT_156days",
 "logging_level": 0,
 "long": {"auto_unstuck_delay_minutes": 1140.5360452528748,
          "auto_unstuck_ema_dist": -0.025326996007701122,
          "auto_unstuck_qty_pct": 0.01,
          "auto_unstuck_wallet_exposure_threshold": 0.0969351702188051,
          "backwards_tp": false,
          "ddown_factor": 0.37214249668725424,
          "ema_span_0": 1393.2725450397359,
          "ema_span_1": 1244.5543293919402,
          "enabled": true,
          "initial_eprice_ema_dist": 0.00675143606701279,
          "initial_qty_pct": 0.03204618238156865,
          "markup_range": 0.0458234320537429,
          "min_markup": 0.011249456935138184,
          "n_close_orders": 8,
          "rentry_pprice_dist": 0.01982856819756837,
          "rentry_pprice_dist_wallet_exposure_weighting": 8.249365330149935,
          "wallet_exposure_limit": 1},
 "short": {"auto_unstuck_delay_minutes": 645.8444824376568,
           "auto_unstuck_ema_dist": -0.02311252961801258,
           "auto_unstuck_qty_pct": 0.03763177012694195,
           "auto_unstuck_wallet_exposure_threshold": 0.4380455080406632,
           "backwards_tp": false,
           "ddown_factor": 0.4556445103722495,
           "ema_span_0": 592.6059942408783,
           "ema_span_1": 683.7773909507694,
           "enabled": false,
           "initial_eprice_ema_dist": -0.0914834733547644,
           "initial_qty_pct": 0.02104703530499292,
           "markup_range": 0.0527040936668601,
           "min_markup": 0.0030450491815187516,
           "n_close_orders": 9,
           "rentry_pprice_dist": 0.02158437673110298,
           "rentry_pprice_dist_wallet_exposure_weighting": 0.6664662583681169,
           "wallet_exposure_limit": 1.0}}