{"config_name": "recursive_grid_STXUSDT_923days",
 "logging_level": 0,
 "long": {"auto_unstuck_delay_minutes": 0,
          "auto_unstuck_ema_dist": 0,
          "auto_unstuck_qty_pct": 0,
          "auto_unstuck_wallet_exposure_threshold": 0.0,
          "backwards_tp": false,
          "ddown_factor": 0.5640910048040207,
          "ema_span_0": 1255.1651445921343,
          "ema_span_1": 1139.5618969846441,
          "enabled": true,
          "initial_eprice_ema_dist": 0.01749537266947969,
          "initial_qty_pct": 0.04,
          "markup_range": 0.03185856938057164,
          "min_markup": 0.01052684129068117,
          "n_close_orders": 3,
          "rentry_pprice_dist": 0.028363235251137674,
          "rentry_pprice_dist_wallet_exposure_weighting": 10.422329333223999,
          "wallet_exposure_limit": 1},
 "short": {"auto_unstuck_delay_minutes": 359.401744243083,
           "auto_unstuck_ema_dist": -0.07322593473421844,
           "auto_unstuck_qty_pct": 0.08519552394265814,
           "auto_unstuck_wallet_exposure_threshold": 0.47421564442389363,
           "backwards_tp": false,
           "ddown_factor": 1.4320879086161549,
           "ema_span_0": 84.68257162396519,
           "ema_span_1": 676.3473646594639,
           "enabled": false,
           "initial_eprice_ema_dist": -0.04178818380570829,
           "initial_qty_pct": 0.020686392022652093,
           "markup_range": 0.009214556975395416,
           "min_markup": 0.0028682856998704463,
           "n_close_orders": 11,
           "rentry_pprice_dist": 0.04266401688316334,
           "rentry_pprice_dist_wallet_exposure_weighting": 7.605935419247174,
           "wallet_exposure_limit": 1.0}}