{"config_name": "recursive_grid_ENAUSDT_50days",
 "logging_level": 0,
 "long": {"auto_unstuck_delay_minutes": 673.8592902475468,
          "auto_unstuck_ema_dist": 0.004037309376370049,
          "auto_unstuck_qty_pct": 0.01,
          "auto_unstuck_wallet_exposure_threshold": 0.03607723266321108,
          "backwards_tp": false,
          "ddown_factor": 0.8688370842369779,
          "ema_span_0": 514.2826741716809,
          "ema_span_1": 1409.510250705353,
          "enabled": true,
          "initial_eprice_ema_dist": 0.01761739647608229,
          "initial_qty_pct": 0.04922976119372926,
          "markup_range": 0.026180070416218754,
          "min_markup": 0.03759040389107392,
          "n_close_orders": 4,
          "rentry_pprice_dist": 0.017794612582947133,
          "rentry_pprice_dist_wallet_exposure_weighting": 11.605239085835597,
          "wallet_exposure_limit": 1.0},
 "short": {"auto_unstuck_delay_minutes": 1161.1047945204202,
           "auto_unstuck_ema_dist": -0.05382083603612957,
           "auto_unstuck_qty_pct": 0.06097026459961223,
           "auto_unstuck_wallet_exposure_threshold": 0.36353058189637366,
           "backwards_tp": false,
           "ddown_factor": 2.507761175791656,
           "ema_span_0": 239.0205271103357,
           "ema_span_1": 643.2610484204758,
           "enabled": false,
           "initial_eprice_ema_dist": -0.043971466402913134,
           "initial_qty_pct": 0.021227543871812145,
           "markup_range": 0.010801416932981435,
           "min_markup": 0.005739284955040641,
           "n_close_orders": 3,
           "rentry_pprice_dist": 0.005142363348761225,
           "rentry_pprice_dist_wallet_exposure_weighting": 14.012735851332561,
           "wallet_exposure_limit": 1.0}}