{"config_name": "recursive_grid_PEOPLEUSDT_143days",
 "logging_level": 0,
 "long": {"auto_unstuck_delay_minutes": 1314.5219926016798,
          "auto_unstuck_ema_dist": 0.01496396345783653,
          "auto_unstuck_qty_pct": 0.01,
          "auto_unstuck_wallet_exposure_threshold": 0.061712418730564614,
          "backwards_tp": false,
          "ddown_factor": 0.33472602115657235,
          "ema_span_0": 1136.2071788584692,
          "ema_span_1": 245.60861805407023,
          "enabled": true,
          "initial_eprice_ema_dist": 0.025344473206293523,
          "initial_qty_pct": 0.04631565236353232,
          "markup_range": 0.04127610869530426,
          "min_markup": 0.010002433041859177,
          "n_close_orders": 4,
          "rentry_pprice_dist": 0.028660686075569475,
          "rentry_pprice_dist_wallet_exposure_weighting": 9.149793016213957,
          "wallet_exposure_limit": 1.0},
 "short": {"auto_unstuck_delay_minutes": 576.8489060251804,
           "auto_unstuck_ema_dist": -0.022277129446000993,
           "auto_unstuck_qty_pct": 0.0707435005288802,
           "auto_unstuck_wallet_exposure_threshold": 0.6494015329498973,
           "backwards_tp": false,
           "ddown_factor": 1.2567510064444574,
           "ema_span_0": 692.7390693484829,
           "ema_span_1": 1019.2382830687463,
           "enabled": false,
           "initial_eprice_ema_dist": -0.09340270444654451,
           "initial_qty_pct": 0.03637978193753483,
           "markup_range": 0.03667440368510416,
           "min_markup": 0.005625459077597732,
           "n_close_orders": 2,
           "rentry_pprice_dist": 0.0065628817648475295,
           "rentry_pprice_dist_wallet_exposure_weighting": 16.528585368944913,
           "wallet_exposure_limit": 1.0}}