{"config_name": "recursive_grid_1000RATSUSDT_143days",
 "logging_level": 0,
 "long": {"auto_unstuck_delay_minutes": 890.9179202308676,
          "auto_unstuck_ema_dist": 0.04907077647106066,
          "auto_unstuck_qty_pct": 0.01,
          "auto_unstuck_wallet_exposure_threshold": 0.07671203853143535,
          "backwards_tp": false,
          "ddown_factor": 0.4822897925119726,
          "ema_span_0": 946.4782135993585,
          "ema_span_1": 694.4603916359915,
          "enabled": true,
          "initial_eprice_ema_dist": 0.028604883884683775,
          "initial_qty_pct": 0.03521540388479599,
          "markup_range": 0.040098761304261286,
          "min_markup": 0.01035690240883629,
          "n_close_orders": 4,
          "rentry_pprice_dist": 0.029556430164731484,
          "rentry_pprice_dist_wallet_exposure_weighting": 8.16748095741957,
          "wallet_exposure_limit": 1},
 "short": {"auto_unstuck_delay_minutes": 809.8759915977076,
           "auto_unstuck_ema_dist": -0.07917018174831589,
           "auto_unstuck_qty_pct": 0.04166367011293895,
           "auto_unstuck_wallet_exposure_threshold": 0.5091774294159291,
           "backwards_tp": false,
           "ddown_factor": 1.2978839644354283,
           "ema_span_0": 1241.39781540244,
           "ema_span_1": 129.74696709521842,
           "enabled": false,
           "initial_eprice_ema_dist": -0.03459433352997815,
           "initial_qty_pct": 0.04889064266707738,
           "markup_range": 0.010889977218756761,
           "min_markup": 0.0015704831716647253,
           "n_close_orders": 14,
           "rentry_pprice_dist": 0.011083455336321687,
           "rentry_pprice_dist_wallet_exposure_weighting": 0.33256484418993315,
           "wallet_exposure_limit": 1.0}}