{"config_name": "recursive_grid_XLMUSDT_156days",
 "logging_level": 0,
 "long": {"auto_unstuck_delay_minutes": 902.1640185737374,
          "auto_unstuck_ema_dist": -0.024256790526055682,
          "auto_unstuck_qty_pct": 0.01,
          "auto_unstuck_wallet_exposure_threshold": 0.032720103239750435,
          "backwards_tp": false,
          "ddown_factor": 0.49381705368730455,
          "ema_span_0": 841.7740751623205,
          "ema_span_1": 1083.5786697992728,
          "enabled": true,
          "initial_eprice_ema_dist": 0.008203876844513215,
          "initial_qty_pct": 0.048805789997561654,
          "markup_range": 0.013317769381404328,
          "min_markup": 0.009765204143529228,
          "n_close_orders": 8,
          "rentry_pprice_dist": 0.006862658378105383,
          "rentry_pprice_dist_wallet_exposure_weighting": 11.276707692990538,
          "wallet_exposure_limit": 1.0},
 "short": {"auto_unstuck_delay_minutes": 46.18253800914581,
           "auto_unstuck_ema_dist": -0.08330440295279662,
           "auto_unstuck_qty_pct": 0.09759546258521745,
           "auto_unstuck_wallet_exposure_threshold": 0.3272362493508998,
           "backwards_tp": false,
           "ddown_factor": 2.1025859511253193,
           "ema_span_0": 879.9124482801453,
           "ema_span_1": 1274.1130011475495,
           "enabled": false,
           "initial_eprice_ema_dist": -0.035850271530440514,
           "initial_qty_pct": 0.0224190532391396,
           "markup_range": 0.02817772524400801,
           "min_markup": 0.005641471862529242,
           "n_close_orders": 11,
           "rentry_pprice_dist": 0.00844349124699198,
           "rentry_pprice_dist_wallet_exposure_weighting": 15.621764412633294,
           "wallet_exposure_limit": 1.0}}