{"config_name": "recursive_grid_ZKUSDT_39days",
 "logging_level": 0,
 "long": {"auto_unstuck_delay_minutes": 0.0,
          "auto_unstuck_ema_dist": 0.0,
          "auto_unstuck_qty_pct": 0.0,
          "auto_unstuck_wallet_exposure_threshold": 0.0,
          "backwards_tp": false,
          "ddown_factor": 0.40564258765530936,
          "ema_span_0": 459.2318657835479,
          "ema_span_1": 1338.9177405704058,
          "enabled": true,
          "initial_eprice_ema_dist": -0.017651900494942627,
          "initial_qty_pct": 0.04,
          "markup_range": 0.048479603201133176,
          "min_markup": 0.03,
          "n_close_orders": 2,
          "rentry_pprice_dist": 0.030376793852857582,
          "rentry_pprice_dist_wallet_exposure_weighting": 15.522815307514321,
          "wallet_exposure_limit": 1.0},
 "short": {"auto_unstuck_delay_minutes": 422.4866653783703,
           "auto_unstuck_ema_dist": -0.046461152408152046,
           "auto_unstuck_qty_pct": 0.09922266197293836,
           "auto_unstuck_wallet_exposure_threshold": 0.5054255674209224,
           "backwards_tp": false,
           "ddown_factor": 0.9366044372594874,
           "ema_span_0": 1255.806998598071,
           "ema_span_1": 1180.5892028816713,
           "enabled": false,
           "initial_eprice_ema_dist": -0.07619697056086328,
           "initial_qty_pct": 0.02872722108647765,
           "markup_range": 0.05905469529746557,
           "min_markup": 0.008178541010235536,
           "n_close_orders": 7,
           "rentry_pprice_dist": 0.02357952140690601,
           "rentry_pprice_dist_wallet_exposure_weighting": 4.583543851591621,
           "wallet_exposure_limit": 1.0}}