{"config_name": "recursive_grid_GRTUSDT_143days",
 "logging_level": 0,
 "long": {"auto_unstuck_delay_minutes": 1357.9951776720598,
          "auto_unstuck_ema_dist": 0.01363781409885352,
          "auto_unstuck_qty_pct": 0.01,
          "auto_unstuck_wallet_exposure_threshold": 0.07825340361623599,
          "backwards_tp": false,
          "ddown_factor": 0.526847850198344,
          "ema_span_0": 747.3440871481507,
          "ema_span_1": 344.7933945691743,
          "enabled": true,
          "initial_eprice_ema_dist": 0.010446268596451251,
          "initial_qty_pct": 0.04198047079455681,
          "markup_range": 0.03611714687845741,
          "min_markup": 0.013593917088448168,
          "n_close_orders": 6,
          "rentry_pprice_dist": 0.02173508475937218,
          "rentry_pprice_dist_wallet_exposure_weighting": 7.7243935636013825,
          "wallet_exposure_limit": 1},
 "short": {"auto_unstuck_delay_minutes": 762.6946702508469,
           "auto_unstuck_ema_dist": -0.05714080019028732,
           "auto_unstuck_qty_pct": 0.04814422940131451,
           "auto_unstuck_wallet_exposure_threshold": 0.26502680401728473,
           "backwards_tp": false,
           "ddown_factor": 2.2033740926429424,
           "ema_span_0": 1235.8321362399358,
           "ema_span_1": 265.8654869194079,
           "enabled": false,
           "initial_eprice_ema_dist": -0.05820973312177543,
           "initial_qty_pct": 0.04714087493293591,
           "markup_range": 0.0022016517006541057,
           "min_markup": 0.008149460132594048,
           "n_close_orders": 6,
           "rentry_pprice_dist": 0.03065494607123572,
           "rentry_pprice_dist_wallet_exposure_weighting": 5.982061485576229,
           "wallet_exposure_limit": 1.0}}