{"config_name": "recursive_grid_LRCUSDT_454days",
 "logging_level": 0,
 "long": {"auto_unstuck_delay_minutes": 1154.527173858072,
          "auto_unstuck_ema_dist": -0.002935402195464901,
          "auto_unstuck_qty_pct": 0.01,
          "auto_unstuck_wallet_exposure_threshold": 0.03432413526472942,
          "backwards_tp": false,
          "ddown_factor": 0.8784440162737057,
          "ema_span_0": 469.71930462321404,
          "ema_span_1": 403.9253208424915,
          "enabled": true,
          "initial_eprice_ema_dist": 0.0029808916487106874,
          "initial_qty_pct": 0.05,
          "markup_range": 0.05077469062438189,
          "min_markup": 0.009345529230108736,
          "n_close_orders": 7,
          "rentry_pprice_dist": 0.02999983917455757,
          "rentry_pprice_dist_wallet_exposure_weighting": 0.8383459850046852,
          "wallet_exposure_limit": 1},
 "short": {"auto_unstuck_delay_minutes": 82.47027931415059,
           "auto_unstuck_ema_dist": -0.016667301171142304,
           "auto_unstuck_qty_pct": 0.08047239638240339,
           "auto_unstuck_wallet_exposure_threshold": 0.8854246687609825,
           "backwards_tp": true,
           "ddown_factor": 1.5469022420162513,
           "ema_span_0": 1399.345117376453,
           "ema_span_1": 1212.5929274126688,
           "enabled": false,
           "initial_eprice_ema_dist": -0.009728928792039501,
           "initial_qty_pct": 0.030159576151571006,
           "markup_range": 0.029077456960708573,
           "min_markup": 0.006673831535563994,
           "n_close_orders": 8,
           "rentry_pprice_dist": 0.010690486718254802,
           "rentry_pprice_dist_wallet_exposure_weighting": 2.608708055371023,
           "wallet_exposure_limit": 1.0}}