{"config_name": "recursive_grid_SAFEUSDT_44days",
 "logging_level": 0,
 "long": {"auto_unstuck_delay_minutes": 0,
          "auto_unstuck_ema_dist": 0,
          "auto_unstuck_qty_pct": 0,
          "auto_unstuck_wallet_exposure_threshold": 0.0,
          "backwards_tp": false,
          "ddown_factor": 0.4666989595221121,
          "ema_span_0": 955.0736573930787,
          "ema_span_1": 822.281627922447,
          "enabled": true,
          "initial_eprice_ema_dist": 0.009628294147056148,
          "initial_qty_pct": 0.04,
          "markup_range": 0.02998640436320077,
          "min_markup": 0.012628934727722084,
          "n_close_orders": 3,
          "rentry_pprice_dist": 0.005034746723783025,
          "rentry_pprice_dist_wallet_exposure_weighting": 8.967837525497591,
          "wallet_exposure_limit": 1},
 "short": {"auto_unstuck_delay_minutes": 1029.6657586772324,
           "auto_unstuck_ema_dist": -0.0002609518249121201,
           "auto_unstuck_qty_pct": 0.0270466642328551,
           "auto_unstuck_wallet_exposure_threshold": 0.615776821101724,
           "backwards_tp": false,
           "ddown_factor": 2.672546523823938,
           "ema_span_0": 764.8856491593085,
           "ema_span_1": 1365.981296569416,
           "enabled": false,
           "initial_eprice_ema_dist": -0.004153217428467193,
           "initial_qty_pct": 0.034470270020134024,
           "markup_range": 0.05384451043796984,
           "min_markup": 0.006669185535340341,
           "n_close_orders": 15,
           "rentry_pprice_dist": 0.01636691295540851,
           "rentry_pprice_dist_wallet_exposure_weighting": 14.006196446072037,
           "wallet_exposure_limit": 1.0}}