{"config_name": "recursive_grid_BTCUSDT_143days",
 "logging_level": 0,
 "long": {"auto_unstuck_delay_minutes": 1293.1826235297744,
          "auto_unstuck_ema_dist": -0.046550792973848176,
          "auto_unstuck_qty_pct": 0.01,
          "auto_unstuck_wallet_exposure_threshold": 0.08946023999572959,
          "backwards_tp": false,
          "ddown_factor": 0.5139340302725401,
          "ema_span_0": 705.4563627215675,
          "ema_span_1": 787.670499356499,
          "enabled": true,
          "initial_eprice_ema_dist": -0.0005433852005136494,
          "initial_qty_pct": 0.03295415102201712,
          "markup_range": 0.012603837026483556,
          "min_markup": 0.014039821964573276,
          "n_close_orders": 6,
          "rentry_pprice_dist": 0.007302499131901897,
          "rentry_pprice_dist_wallet_exposure_weighting": 8.705039613593666,
          "wallet_exposure_limit": 1},
 "short": {"auto_unstuck_delay_minutes": 1395.7597327743001,
           "auto_unstuck_ema_dist": -0.03207265346471663,
           "auto_unstuck_qty_pct": 0.011072723338255522,
           "auto_unstuck_wallet_exposure_threshold": 0.23024269139554862,
           "backwards_tp": false,
           "ddown_factor": 2.8705981045279807,
           "ema_span_0": 429.6787267715112,
           "ema_span_1": 29.359744684151984,
           "enabled": false,
           "initial_eprice_ema_dist": -0.04079952736811494,
           "initial_qty_pct": 0.04609190869679133,
           "markup_range": 0.0009327320942892747,
           "min_markup": 0.00938629324193824,
           "n_close_orders": 4,
           "rentry_pprice_dist": 0.044269683188226897,
           "rentry_pprice_dist_wallet_exposure_weighting": 12.850341201780493,
           "wallet_exposure_limit": 1.0}}