{"config_name": "recursive_grid_SNXUSDT_454days",
 "logging_level": 0,
 "long": {"auto_unstuck_delay_minutes": 981.2589393515731,
          "auto_unstuck_ema_dist": -0.04639705347929808,
          "auto_unstuck_qty_pct": 0.01,
          "auto_unstuck_wallet_exposure_threshold": 0.07734464518675616,
          "backwards_tp": false,
          "ddown_factor": 1.0677832513545065,
          "ema_span_0": 491.23232408496074,
          "ema_span_1": 839.9385587513542,
          "enabled": true,
          "initial_eprice_ema_dist": 0.0026809612308002374,
          "initial_qty_pct": 0.05,
          "markup_range": 0.03126551590099849,
          "min_markup": 0.006851513291000578,
          "n_close_orders": 3,
          "rentry_pprice_dist": 0.025584599189663985,
          "rentry_pprice_dist_wallet_exposure_weighting": 1.3097233492115705,
          "wallet_exposure_limit": 1},
 "short": {"auto_unstuck_delay_minutes": 485.8659986028425,
           "auto_unstuck_ema_dist": -0.07872678147044804,
           "auto_unstuck_qty_pct": 0.055744349712331887,
           "auto_unstuck_wallet_exposure_threshold": 0.12397674175290625,
           "backwards_tp": true,
           "ddown_factor": 2.2652342515309014,
           "ema_span_0": 1434.1825573640333,
           "ema_span_1": 131.49496341444686,
           "enabled": false,
           "initial_eprice_ema_dist": -0.07790321486766733,
           "initial_qty_pct": 0.03796055843364073,
           "markup_range": 0.010777774349707926,
           "min_markup": 0.006889065470053186,
           "n_close_orders": 13,
           "rentry_pprice_dist": 0.013973150288066897,
           "rentry_pprice_dist_wallet_exposure_weighting": 19.221674654752608,
           "wallet_exposure_limit": 1.0}}