{"config_name": "recursive_grid_PEOPLEUSDT_143days",
 "logging_level": 0,
 "long": {"auto_unstuck_delay_minutes": 939.079660219425,
          "auto_unstuck_ema_dist": 0.021075016884362682,
          "auto_unstuck_qty_pct": 0.01,
          "auto_unstuck_wallet_exposure_threshold": 0.061712418730564614,
          "backwards_tp": false,
          "ddown_factor": 0.44437526257901333,
          "ema_span_0": 1340.9368924491043,
          "ema_span_1": 727.3788095098412,
          "enabled": true,
          "initial_eprice_ema_dist": 0.015249259157852572,
          "initial_qty_pct": 0.04730128018729156,
          "markup_range": 0.040080537583627826,
          "min_markup": 0.01242439189555962,
          "n_close_orders": 4,
          "rentry_pprice_dist": 0.030594814593793696,
          "rentry_pprice_dist_wallet_exposure_weighting": 9.84306867637591,
          "wallet_exposure_limit": 1},
 "short": {"auto_unstuck_delay_minutes": 886.8068618373925,
           "auto_unstuck_ema_dist": -0.022584108846084527,
           "auto_unstuck_qty_pct": 0.020135173788903657,
           "auto_unstuck_wallet_exposure_threshold": 0.3487749305373843,
           "backwards_tp": false,
           "ddown_factor": 1.644021615607863,
           "ema_span_0": 558.1873455666798,
           "ema_span_1": 136.5851393784765,
           "enabled": false,
           "initial_eprice_ema_dist": -0.05988097861905122,
           "initial_qty_pct": 0.013995833820021968,
           "markup_range": 0.05817820715803126,
           "min_markup": 0.008846843661304334,
           "n_close_orders": 2,
           "rentry_pprice_dist": 0.014424357914820114,
           "rentry_pprice_dist_wallet_exposure_weighting": 13.090673322509275,
           "wallet_exposure_limit": 1.0}}