{"config_name": "recursive_grid_ADAUSDT_156days",
 "logging_level": 0,
 "long": {"auto_unstuck_delay_minutes": 898.4383654089073,
          "auto_unstuck_ema_dist": -0.023896537170650753,
          "auto_unstuck_qty_pct": 0.01,
          "auto_unstuck_wallet_exposure_threshold": 0.0659439566482962,
          "backwards_tp": false,
          "ddown_factor": 0.40159891995078056,
          "ema_span_0": 587.3725184880536,
          "ema_span_1": 854.8185879222553,
          "enabled": true,
          "initial_eprice_ema_dist": 0.007575026314259194,
          "initial_qty_pct": 0.030549714358487124,
          "markup_range": 0.03075720402550943,
          "min_markup": 0.008,
          "n_close_orders": 6,
          "rentry_pprice_dist": 0.009911449748713086,
          "rentry_pprice_dist_wallet_exposure_weighting": 14.68130190087708,
          "wallet_exposure_limit": 1},
 "short": {"auto_unstuck_delay_minutes": 479.6797691985959,
           "auto_unstuck_ema_dist": -0.08710151967804078,
           "auto_unstuck_qty_pct": 0.01520812966841771,
           "auto_unstuck_wallet_exposure_threshold": 0.26053989821692114,
           "backwards_tp": false,
           "ddown_factor": 1.283482139626185,
           "ema_span_0": 321.36422591486576,
           "ema_span_1": 479.76302424974324,
           "enabled": false,
           "initial_eprice_ema_dist": -0.07239794421125972,
           "initial_qty_pct": 0.023279528026427382,
           "markup_range": 0.026691962508997375,
           "min_markup": 0.0035772174523038915,
           "n_close_orders": 8,
           "rentry_pprice_dist": 0.04533603060063565,
           "rentry_pprice_dist_wallet_exposure_weighting": 3.002545320880712,
           "wallet_exposure_limit": 1.0}}