{"config_name": "recursive_grid_XMRUSDT_454days",
 "logging_level": 0,
 "long": {"auto_unstuck_delay_minutes": 1041.6496639331328,
          "auto_unstuck_ema_dist": -0.022977453632905185,
          "auto_unstuck_qty_pct": 0.01,
          "auto_unstuck_wallet_exposure_threshold": 0.04957764125597092,
          "backwards_tp": false,
          "ddown_factor": 1.392931532911494,
          "ema_span_0": 714.2585426688024,
          "ema_span_1": 706.4386066834585,
          "enabled": true,
          "initial_eprice_ema_dist": 0.007223446554823025,
          "initial_qty_pct": 0.05,
          "markup_range": 0.04617965932619204,
          "min_markup": 0.0034900293633782693,
          "n_close_orders": 4,
          "rentry_pprice_dist": 0.03356021095447918,
          "rentry_pprice_dist_wallet_exposure_weighting": 2.233284294567877,
          "wallet_exposure_limit": 1},
 "short": {"auto_unstuck_delay_minutes": 643.2701551254507,
           "auto_unstuck_ema_dist": -0.03904302017902055,
           "auto_unstuck_qty_pct": 0.03265399849826458,
           "auto_unstuck_wallet_exposure_threshold": 0.7245058531172811,
           "backwards_tp": true,
           "ddown_factor": 0.9871863283643908,
           "ema_span_0": 1077.6169791150116,
           "ema_span_1": 610.3458721275616,
           "enabled": false,
           "initial_eprice_ema_dist": -0.05664696099163873,
           "initial_qty_pct": 0.01261690151398295,
           "markup_range": 0.024211195216640738,
           "min_markup": 0.003931713413694502,
           "n_close_orders": 5,
           "rentry_pprice_dist": 0.02271922539112989,
           "rentry_pprice_dist_wallet_exposure_weighting": 0.5311479409100461,
           "wallet_exposure_limit": 1.0}}