{"config_name": "recursive_grid_FILUSDT_1126days",
 "logging_level": 0,
 "long": {"auto_unstuck_delay_minutes": 0,
          "auto_unstuck_ema_dist": 0,
          "auto_unstuck_qty_pct": 0,
          "auto_unstuck_wallet_exposure_threshold": 0.0,
          "backwards_tp": false,
          "ddown_factor": 0.5916466973947057,
          "ema_span_0": 572.8059690439584,
          "ema_span_1": 396.29238902729463,
          "enabled": true,
          "initial_eprice_ema_dist": 0.035280040030703605,
          "initial_qty_pct": 0.04,
          "markup_range": 0.048324430994262486,
          "min_markup": 0.03,
          "n_close_orders": 2,
          "rentry_pprice_dist": 0.04563336633596498,
          "rentry_pprice_dist_wallet_exposure_weighting": 9.186950413392202,
          "wallet_exposure_limit": 1},
 "short": {"auto_unstuck_delay_minutes": 99.61156287600346,
           "auto_unstuck_ema_dist": -0.07571238707658269,
           "auto_unstuck_qty_pct": 0.028371299082782693,
           "auto_unstuck_wallet_exposure_threshold": 0.4212501165284972,
           "backwards_tp": false,
           "ddown_factor": 0.8244467993039826,
           "ema_span_0": 1230.8614559084992,
           "ema_span_1": 517.7495283180326,
           "enabled": false,
           "initial_eprice_ema_dist": -0.01546309499125266,
           "initial_qty_pct": 0.028821909633436615,
           "markup_range": 0.05494107192987711,
           "min_markup": 0.009045378167389248,
           "n_close_orders": 14,
           "rentry_pprice_dist": 0.03600343203308077,
           "rentry_pprice_dist_wallet_exposure_weighting": 7.926643512946812,
           "wallet_exposure_limit": 1.0}}