{"config_name": "recursive_grid_MKRUSDT_454days",
 "logging_level": 0,
 "long": {"auto_unstuck_delay_minutes": 905.7302647455317,
          "auto_unstuck_ema_dist": 0.0014690496869714104,
          "auto_unstuck_qty_pct": 0.01,
          "auto_unstuck_wallet_exposure_threshold": 0.0771849064214723,
          "backwards_tp": false,
          "ddown_factor": 2,
          "ema_span_0": 1232.647862719928,
          "ema_span_1": 627.0666528024179,
          "enabled": true,
          "initial_eprice_ema_dist": 0.004631850504347399,
          "initial_qty_pct": 0.05,
          "markup_range": 0.05167802971220437,
          "min_markup": 0.007942945148635354,
          "n_close_orders": 7,
          "rentry_pprice_dist": 0.02,
          "rentry_pprice_dist_wallet_exposure_weighting": 1.2401407020736606,
          "wallet_exposure_limit": 1.0},
 "short": {"auto_unstuck_delay_minutes": 1407.9467514748155,
           "auto_unstuck_ema_dist": -0.03367753883276203,
           "auto_unstuck_qty_pct": 0.06633161830711179,
           "auto_unstuck_wallet_exposure_threshold": 0.1347274671526625,
           "backwards_tp": true,
           "ddown_factor": 0.36717018865346973,
           "ema_span_0": 1021.2303993924972,
           "ema_span_1": 557.0233163829515,
           "enabled": false,
           "initial_eprice_ema_dist": -0.06367077191199,
           "initial_qty_pct": 0.01052873238219946,
           "markup_range": 0.00693451829870509,
           "min_markup": 0.005653544997892089,
           "n_close_orders": 14,
           "rentry_pprice_dist": 0.03350562883080744,
           "rentry_pprice_dist_wallet_exposure_weighting": 4.97734302289246,
           "wallet_exposure_limit": 1.0}}