{"config_name": "recursive_grid_BNBUSDT_366days",
 "logging_level": 0,
 "long": {"auto_unstuck_delay_minutes": 784.3969726542666,
          "auto_unstuck_ema_dist": -0.0036427735271947646,
          "auto_unstuck_qty_pct": 0.019146928002087373,
          "auto_unstuck_wallet_exposure_threshold": 0.1574671648031693,
          "backwards_tp": false,
          "ddown_factor": 1.3663260941553994,
          "ema_span_0": 2338.8801300609384,
          "ema_span_1": 1260.3454433964746,
          "enabled": true,
          "initial_eprice_ema_dist": -0.002123798353026168,
          "initial_qty_pct": 0.04029832423114485,
          "markup_range": 0.018452406541052405,
          "min_markup": 0.005,
          "n_close_orders": 2,
          "rentry_pprice_dist": 0.022691634247798884,
          "rentry_pprice_dist_wallet_exposure_weighting": 2.016505903162221,
          "wallet_exposure_limit": 1},
 "short": {"auto_unstuck_delay_minutes": 0.0,
           "auto_unstuck_ema_dist": 0.0,
           "auto_unstuck_qty_pct": 0.0,
           "auto_unstuck_wallet_exposure_threshold": 0.0,
           "backwards_tp": false,
           "ddown_factor": 0.6540439075518688,
           "ema_span_0": 610.7484307522927,
           "ema_span_1": 946.2272803213658,
           "enabled": false,
           "initial_eprice_ema_dist": -0.009647482414609412,
           "initial_qty_pct": 0.009195018865071984,
           "markup_range": 0.00726907351986944,
           "min_markup": 0.008922871559773428,
           "n_close_orders": 3,
           "rentry_pprice_dist": 0.005038392551890933,
           "rentry_pprice_dist_wallet_exposure_weighting": 0.3488948794823665,
           "wallet_exposure_limit": 1.0}}