{"config_name": "recursive_grid_MYROUSDT_71days",
 "logging_level": 0,
 "long": {"auto_unstuck_delay_minutes": 1175.528719881514,
          "auto_unstuck_ema_dist": -0.05,
          "auto_unstuck_qty_pct": 0.01,
          "auto_unstuck_wallet_exposure_threshold": 0.07568305443899596,
          "backwards_tp": false,
          "ddown_factor": 1.3746031901412663,
          "ema_span_0": 573.6243583166963,
          "ema_span_1": 445.8543579886543,
          "enabled": true,
          "initial_eprice_ema_dist": 0.01,
          "initial_qty_pct": 0.05,
          "markup_range": 0.022192331258522442,
          "min_markup": 0.003957884862328702,
          "n_close_orders": 3,
          "rentry_pprice_dist": 0.06600215909624658,
          "rentry_pprice_dist_wallet_exposure_weighting": 4.425642661005587,
          "wallet_exposure_limit": 1},
 "short": {"auto_unstuck_delay_minutes": 88.41007916037167,
           "auto_unstuck_ema_dist": -0.05892602338925163,
           "auto_unstuck_qty_pct": 0.04052738253269788,
           "auto_unstuck_wallet_exposure_threshold": 0.34657129518693736,
           "backwards_tp": true,
           "ddown_factor": 2.5815455836164287,
           "ema_span_0": 656.1809577311161,
           "ema_span_1": 909.8455153447862,
           "enabled": false,
           "initial_eprice_ema_dist": -0.07221678482897617,
           "initial_qty_pct": 0.03283077772901896,
           "markup_range": 0.022349305077151677,
           "min_markup": 0.007744797483159931,
           "n_close_orders": 5,
           "rentry_pprice_dist": 0.032217489269615616,
           "rentry_pprice_dist_wallet_exposure_weighting": 14.885628601643726,
           "wallet_exposure_limit": 1.0}}