{"config_name": "recursive_grid_ENAUSDT_50days",
 "logging_level": 0,
 "long": {"auto_unstuck_delay_minutes": 1160.4069293806042,
          "auto_unstuck_ema_dist": 0.04968229555613996,
          "auto_unstuck_qty_pct": 0.01,
          "auto_unstuck_wallet_exposure_threshold": 0.04897221915060289,
          "backwards_tp": false,
          "ddown_factor": 0.3551152362714814,
          "ema_span_0": 413.125268475292,
          "ema_span_1": 208.47545592935816,
          "enabled": true,
          "initial_eprice_ema_dist": -0.028370946327943986,
          "initial_qty_pct": 0.04605968582964359,
          "markup_range": 0.042480947378412494,
          "min_markup": 0.04,
          "n_close_orders": 6,
          "rentry_pprice_dist": 0.018715195807119597,
          "rentry_pprice_dist_wallet_exposure_weighting": 9.287158777163187,
          "wallet_exposure_limit": 1},
 "short": {"auto_unstuck_delay_minutes": 1111.563126246075,
           "auto_unstuck_ema_dist": -0.0014478659469499555,
           "auto_unstuck_qty_pct": 0.06410524077549092,
           "auto_unstuck_wallet_exposure_threshold": 0.6389444101737765,
           "backwards_tp": false,
           "ddown_factor": 2.1352432207962,
           "ema_span_0": 1284.2265439869002,
           "ema_span_1": 1215.454894016602,
           "enabled": false,
           "initial_eprice_ema_dist": -0.05939272308467219,
           "initial_qty_pct": 0.04318955723787889,
           "markup_range": 0.04894075917106339,
           "min_markup": 0.005214311148458703,
           "n_close_orders": 11,
           "rentry_pprice_dist": 0.009021124749460086,
           "rentry_pprice_dist_wallet_exposure_weighting": 18.268969022882754,
           "wallet_exposure_limit": 1.0}}