{"config_name": "recursive_grid_ONDOUSDT_120days",
 "logging_level": 0,
 "long": {"auto_unstuck_delay_minutes": 635.1052994854424,
          "auto_unstuck_ema_dist": -0.03499926500266183,
          "auto_unstuck_qty_pct": 0.01,
          "auto_unstuck_wallet_exposure_threshold": 0.03935026101706347,
          "backwards_tp": false,
          "ddown_factor": 0.5478245761105851,
          "ema_span_0": 683.2236599691332,
          "ema_span_1": 818.5337035879422,
          "enabled": true,
          "initial_eprice_ema_dist": 0.018506743298994675,
          "initial_qty_pct": 0.032616559516340154,
          "markup_range": 0.020545281119172774,
          "min_markup": 0.03366618299646976,
          "n_close_orders": 6,
          "rentry_pprice_dist": 0.014793949568654652,
          "rentry_pprice_dist_wallet_exposure_weighting": 1.7947217691406603,
          "wallet_exposure_limit": 1.0},
 "short": {"auto_unstuck_delay_minutes": 793.4118889060419,
           "auto_unstuck_ema_dist": -0.0728718233349445,
           "auto_unstuck_qty_pct": 0.04712758322962561,
           "auto_unstuck_wallet_exposure_threshold": 0.8910141594236505,
           "backwards_tp": false,
           "ddown_factor": 0.884532620370823,
           "ema_span_0": 1034.8510645263648,
           "ema_span_1": 714.7990097555801,
           "enabled": false,
           "initial_eprice_ema_dist": -0.09163170160489585,
           "initial_qty_pct": 0.03628006959161364,
           "markup_range": 0.05356339963952065,
           "min_markup": 0.008044841246925326,
           "n_close_orders": 10,
           "rentry_pprice_dist": 0.028036410265655846,
           "rentry_pprice_dist_wallet_exposure_weighting": 8.450742926851284,
           "wallet_exposure_limit": 1.0}}