{"config_name": "recursive_grid_SAFEUSDT_44days",
 "logging_level": 0,
 "long": {"auto_unstuck_delay_minutes": 0.0,
          "auto_unstuck_ema_dist": 0.0,
          "auto_unstuck_qty_pct": 0.0,
          "auto_unstuck_wallet_exposure_threshold": 0.0,
          "backwards_tp": false,
          "ddown_factor": 0.49918343155622874,
          "ema_span_0": 314.8132332359548,
          "ema_span_1": 576.61160066083,
          "enabled": true,
          "initial_eprice_ema_dist": 0.053670040234023275,
          "initial_qty_pct": 0.04,
          "markup_range": 0.03283967049527927,
          "min_markup": 0.02172586351503552,
          "n_close_orders": 4,
          "rentry_pprice_dist": 0.008434474483434248,
          "rentry_pprice_dist_wallet_exposure_weighting": 10.447499503205458,
          "wallet_exposure_limit": 1.0},
 "short": {"auto_unstuck_delay_minutes": 573.2392798421638,
           "auto_unstuck_ema_dist": -0.02785510783346022,
           "auto_unstuck_qty_pct": 0.07840955216728895,
           "auto_unstuck_wallet_exposure_threshold": 0.12421369350701301,
           "backwards_tp": false,
           "ddown_factor": 0.2428928593975024,
           "ema_span_0": 340.2419546984675,
           "ema_span_1": 645.9310165279611,
           "enabled": false,
           "initial_eprice_ema_dist": -0.06607268634176505,
           "initial_qty_pct": 0.021407298528552235,
           "markup_range": 0.057945179492036356,
           "min_markup": 0.00804344249783491,
           "n_close_orders": 12,
           "rentry_pprice_dist": 0.03329838955390429,
           "rentry_pprice_dist_wallet_exposure_weighting": 12.221629055782003,
           "wallet_exposure_limit": 1.0}}