{"config_name": "recursive_grid_IMXUSDT_454days",
 "logging_level": 0,
 "long": {"auto_unstuck_delay_minutes": 1364.5644651800606,
          "auto_unstuck_ema_dist": -0.008741598324338554,
          "auto_unstuck_qty_pct": 0.01,
          "auto_unstuck_wallet_exposure_threshold": 0.041876691310069936,
          "backwards_tp": false,
          "ddown_factor": 1.9312234953018013,
          "ema_span_0": 1088.13290382573,
          "ema_span_1": 1113.8532646850776,
          "enabled": true,
          "initial_eprice_ema_dist": 0.00861262253729279,
          "initial_qty_pct": 0.05,
          "markup_range": 0.054532214549838136,
          "min_markup": 0.00810339456954458,
          "n_close_orders": 6,
          "rentry_pprice_dist": 0.02501446602125713,
          "rentry_pprice_dist_wallet_exposure_weighting": 1.1611549623506847,
          "wallet_exposure_limit": 1},
 "short": {"auto_unstuck_delay_minutes": 472.50835021964036,
           "auto_unstuck_ema_dist": -0.03679537958239934,
           "auto_unstuck_qty_pct": 0.035386270587743976,
           "auto_unstuck_wallet_exposure_threshold": 0.48416203985830664,
           "backwards_tp": true,
           "ddown_factor": 1.452679243956578,
           "ema_span_0": 255.08573731597522,
           "ema_span_1": 474.00919261863254,
           "enabled": false,
           "initial_eprice_ema_dist": -0.05147292967983243,
           "initial_qty_pct": 0.025069459571812683,
           "markup_range": 0.0049732333175355106,
           "min_markup": 0.0037999247811041146,
           "n_close_orders": 9,
           "rentry_pprice_dist": 0.026801425241816435,
           "rentry_pprice_dist_wallet_exposure_weighting": 10.177113617878819,
           "wallet_exposure_limit": 1.0}}