{"config_name": "recursive_grid_BTCUSDT_454days",
 "logging_level": 0,
 "long": {"auto_unstuck_delay_minutes": 1031.29823921397,
          "auto_unstuck_ema_dist": -0.008011083336904009,
          "auto_unstuck_qty_pct": 0.01,
          "auto_unstuck_wallet_exposure_threshold": 0.08975763199561622,
          "backwards_tp": false,
          "ddown_factor": 1.9714129631245578,
          "ema_span_0": 587.5364541931946,
          "ema_span_1": 569.206011229755,
          "enabled": true,
          "initial_eprice_ema_dist": 0.0066806631893962035,
          "initial_qty_pct": 0.05,
          "markup_range": 0.04488748204434215,
          "min_markup": 0.002588664448231703,
          "n_close_orders": 4,
          "rentry_pprice_dist": 0.022938996214825265,
          "rentry_pprice_dist_wallet_exposure_weighting": 1.282701940027906,
          "wallet_exposure_limit": 1},
 "short": {"auto_unstuck_delay_minutes": 560.9987692507445,
           "auto_unstuck_ema_dist": -0.08959026533269586,
           "auto_unstuck_qty_pct": 0.0744877022575887,
           "auto_unstuck_wallet_exposure_threshold": 0.2085339162618631,
           "backwards_tp": true,
           "ddown_factor": 1.4336209255135386,
           "ema_span_0": 894.4883380895342,
           "ema_span_1": 1335.0074347539362,
           "enabled": false,
           "initial_eprice_ema_dist": -0.052369391203675814,
           "initial_qty_pct": 0.013607462274062043,
           "markup_range": 0.02024321609947475,
           "min_markup": 0.00122502121977186,
           "n_close_orders": 7,
           "rentry_pprice_dist": 0.008837217459905495,
           "rentry_pprice_dist_wallet_exposure_weighting": 17.127618834043442,
           "wallet_exposure_limit": 1.0}}