{"config_name": "recursive_grid_BTCUSDT_366days",
 "logging_level": 0,
 "long": {"auto_unstuck_delay_minutes": 333.2844376634098,
          "auto_unstuck_ema_dist": -0.00034294385033846464,
          "auto_unstuck_qty_pct": 0.038978660041756236,
          "auto_unstuck_wallet_exposure_threshold": 0.1805765969955732,
          "backwards_tp": false,
          "ddown_factor": 2.7457372055990352,
          "ema_span_0": 824.8408458871551,
          "ema_span_1": 1857.2423018142083,
          "enabled": true,
          "initial_eprice_ema_dist": -0.005283838428514072,
          "initial_qty_pct": 0.06117855059257618,
          "markup_range": 0.018528772787869633,
          "min_markup": 0.011507776325436612,
          "n_close_orders": 8,
          "rentry_pprice_dist": 0.011254403459117705,
          "rentry_pprice_dist_wallet_exposure_weighting": 3.7121961420924716,
          "wallet_exposure_limit": 1.0},
 "short": {"auto_unstuck_delay_minutes": 0.0,
           "auto_unstuck_ema_dist": 0.0,
           "auto_unstuck_qty_pct": 0.0,
           "auto_unstuck_wallet_exposure_threshold": 0.0,
           "backwards_tp": false,
           "ddown_factor": 2.2656563442009583,
           "ema_span_0": 406.3631060196427,
           "ema_span_1": 866.3664309555702,
           "enabled": false,
           "initial_eprice_ema_dist": -0.004891858787944569,
           "initial_qty_pct": 0.015560781463691473,
           "markup_range": 0.004173076433949002,
           "min_markup": 0.003194032583111366,
           "n_close_orders": 10,
           "rentry_pprice_dist": 0.027427639861096108,
           "rentry_pprice_dist_wallet_exposure_weighting": 2.3324515786181648,
           "wallet_exposure_limit": 1.0}}