{"config_name": "recursive_grid_NEOUSDT_150days",
 "logging_level": 0,
 "long": {"auto_unstuck_delay_minutes": 1076.4310414137424,
          "auto_unstuck_ema_dist": 0.01259762785742693,
          "auto_unstuck_qty_pct": 0.01,
          "auto_unstuck_wallet_exposure_threshold": 0.04995212609301988,
          "backwards_tp": false,
          "ddown_factor": 0.5425439769303155,
          "ema_span_0": 921.5657148491405,
          "ema_span_1": 1040.8694523284832,
          "enabled": true,
          "initial_eprice_ema_dist": 0.003951205373324776,
          "initial_qty_pct": 0.04510851611314664,
          "markup_range": 0.03610479523726238,
          "min_markup": 0.018956164464337504,
          "n_close_orders": 7,
          "rentry_pprice_dist": 0.010029873007720742,
          "rentry_pprice_dist_wallet_exposure_weighting": 7.789285272643144,
          "wallet_exposure_limit": 1},
 "short": {"auto_unstuck_delay_minutes": 812.0277727727536,
           "auto_unstuck_ema_dist": -0.0460663869834209,
           "auto_unstuck_qty_pct": 0.09032183537424389,
           "auto_unstuck_wallet_exposure_threshold": 0.3701766292796539,
           "backwards_tp": false,
           "ddown_factor": 2.1180815880527244,
           "ema_span_0": 601.4987575579071,
           "ema_span_1": 1224.3694625305334,
           "enabled": false,
           "initial_eprice_ema_dist": -0.04809584067542963,
           "initial_qty_pct": 0.03081056390299173,
           "markup_range": 0.00634495299737321,
           "min_markup": 0.0021689065104254805,
           "n_close_orders": 3,
           "rentry_pprice_dist": 0.043817074870179516,
           "rentry_pprice_dist_wallet_exposure_weighting": 2.6095731435052527,
           "wallet_exposure_limit": 1.0}}