{"config_name": "recursive_grid_1000FLOKIUSDT_366days",
 "logging_level": 0,
 "long": {"auto_unstuck_delay_minutes": 891.2931040656504,
          "auto_unstuck_ema_dist": -0.044262465482532036,
          "auto_unstuck_qty_pct": 0.03576552180342771,
          "auto_unstuck_wallet_exposure_threshold": 0.09844584172901798,
          "backwards_tp": false,
          "ddown_factor": 0.29390430728125455,
          "ema_span_0": 780.7296299222372,
          "ema_span_1": 340.5523489221786,
          "enabled": true,
          "initial_eprice_ema_dist": -0.0014307479567047185,
          "initial_qty_pct": 0.043663815860590656,
          "markup_range": 0.006063327020207639,
          "min_markup": 0.00698522099246225,
          "n_close_orders": 5,
          "rentry_pprice_dist": 0.04158162603489534,
          "rentry_pprice_dist_wallet_exposure_weighting": 1.351889516734607,
          "wallet_exposure_limit": 1},
 "short": {"auto_unstuck_delay_minutes": 0.0,
           "auto_unstuck_ema_dist": 0.0,
           "auto_unstuck_qty_pct": 0.0,
           "auto_unstuck_wallet_exposure_threshold": 0.0,
           "backwards_tp": false,
           "ddown_factor": 1.4294895146278366,
           "ema_span_0": 458.43930272933903,
           "ema_span_1": 696.4815489595107,
           "enabled": false,
           "initial_eprice_ema_dist": -0.005060106443990981,
           "initial_qty_pct": 0.019285295756545126,
           "markup_range": 0.005641498617916606,
           "min_markup": 0.0010339453589271125,
           "n_close_orders": 14,
           "rentry_pprice_dist": 0.023465394798686957,
           "rentry_pprice_dist_wallet_exposure_weighting": 5.180422666551566,
           "wallet_exposure_limit": 1.0}}