{"config_name": "recursive_grid_FTMUSDT_143days",
 "logging_level": 0,
 "long": {"auto_unstuck_delay_minutes": 1398.7202487774807,
          "auto_unstuck_ema_dist": 0.020448893041449014,
          "auto_unstuck_qty_pct": 0.01,
          "auto_unstuck_wallet_exposure_threshold": 0.07426691957096142,
          "backwards_tp": false,
          "ddown_factor": 0.4030563744274623,
          "ema_span_0": 100,
          "ema_span_1": 376.9707070086441,
          "enabled": true,
          "initial_eprice_ema_dist": 0.004631200212696725,
          "initial_qty_pct": 0.0495368798770321,
          "markup_range": 0.040982451470690406,
          "min_markup": 0.01020930596033168,
          "n_close_orders": 5,
          "rentry_pprice_dist": 0.01917476511870719,
          "rentry_pprice_dist_wallet_exposure_weighting": 7.7733791506835335,
          "wallet_exposure_limit": 1},
 "short": {"auto_unstuck_delay_minutes": 1237.5262815595797,
           "auto_unstuck_ema_dist": -0.08488608865585769,
           "auto_unstuck_qty_pct": 0.013552625104818927,
           "auto_unstuck_wallet_exposure_threshold": 0.16240366324753464,
           "backwards_tp": false,
           "ddown_factor": 2.9663932391587076,
           "ema_span_0": 768.6627949050284,
           "ema_span_1": 731.5844997234407,
           "enabled": false,
           "initial_eprice_ema_dist": -0.018513766815923496,
           "initial_qty_pct": 0.048972173655732476,
           "markup_range": 0.031165278740902563,
           "min_markup": 0.0020170350842987433,
           "n_close_orders": 7,
           "rentry_pprice_dist": 0.04284853085916019,
           "rentry_pprice_dist_wallet_exposure_weighting": 13.949473007276733,
           "wallet_exposure_limit": 1.0}}