{"config_name": "recursive_grid_UNIUSDT_365days",
 "logging_level": 0,
 "long": {"auto_unstuck_delay_minutes": 951.5902426664384,
          "auto_unstuck_ema_dist": -0.08801333701049917,
          "auto_unstuck_qty_pct": 0.034072005837873176,
          "auto_unstuck_wallet_exposure_threshold": 0.14135713826917654,
          "backwards_tp": true,
          "ddown_factor": 0.5837160635422554,
          "ema_span_0": 1527.7492712281096,
          "ema_span_1": 264.288833260137,
          "enabled": true,
          "initial_eprice_ema_dist": -0.0038963213057590356,
          "initial_qty_pct": 0.09736350325030656,
          "markup_range": 0.04481025140997231,
          "min_markup": 0.006864223767874566,
          "n_close_orders": 5,
          "rentry_pprice_dist": 0.017776313753942865,
          "rentry_pprice_dist_wallet_exposure_weighting": 4.658102119755324,
          "wallet_exposure_limit": 1.0},
 "short": {"auto_unstuck_delay_minutes": 0.0,
           "auto_unstuck_ema_dist": 0.0,
           "auto_unstuck_qty_pct": 0.0,
           "auto_unstuck_wallet_exposure_threshold": 0.0,
           "backwards_tp": true,
           "ddown_factor": 0.8012782234663149,
           "ema_span_0": 653.0579385047442,
           "ema_span_1": 920.0860681462059,
           "enabled": false,
           "initial_eprice_ema_dist": -0.006061507528095652,
           "initial_qty_pct": 0.013426302523324822,
           "markup_range": 0.005738233424406983,
           "min_markup": 0.0036881183965872355,
           "n_close_orders": 15,
           "rentry_pprice_dist": 0.012921518299890994,
           "rentry_pprice_dist_wallet_exposure_weighting": 7.680377058267591,
           "wallet_exposure_limit": 1.0}}