{"config_name": "recursive_grid_1000PEPEUSDT_143days",
 "logging_level": 0,
 "long": {"auto_unstuck_delay_minutes": 1128.87275330948,
          "auto_unstuck_ema_dist": 0.03679251235835192,
          "auto_unstuck_qty_pct": 0.01,
          "auto_unstuck_wallet_exposure_threshold": 0.032847863525445754,
          "backwards_tp": false,
          "ddown_factor": 0.5002703288117581,
          "ema_span_0": 1120.7538942197953,
          "ema_span_1": 889.8943112898689,
          "enabled": true,
          "initial_eprice_ema_dist": 0.00938361371547869,
          "initial_qty_pct": 0.04074750481526812,
          "markup_range": 0.04316550483993052,
          "min_markup": 0.012025795905834653,
          "n_close_orders": 6,
          "rentry_pprice_dist": 0.025479851009047195,
          "rentry_pprice_dist_wallet_exposure_weighting": 8.886816914858194,
          "wallet_exposure_limit": 1.0},
 "short": {"auto_unstuck_delay_minutes": 390.79557749327745,
           "auto_unstuck_ema_dist": -0.09798693905303392,
           "auto_unstuck_qty_pct": 0.08179857771317184,
           "auto_unstuck_wallet_exposure_threshold": 0.15483790015982893,
           "backwards_tp": false,
           "ddown_factor": 1.532828122825612,
           "ema_span_0": 243.6986890715161,
           "ema_span_1": 333.7042583109376,
           "enabled": false,
           "initial_eprice_ema_dist": -0.037699477704269395,
           "initial_qty_pct": 0.036325964260974286,
           "markup_range": 0.017900795330914668,
           "min_markup": 0.004062637205701608,
           "n_close_orders": 7,
           "rentry_pprice_dist": 0.016769655807355406,
           "rentry_pprice_dist_wallet_exposure_weighting": 3.196519080832454,
           "wallet_exposure_limit": 1.0}}