{"config_name": "recursive_grid_INJUSDT_365days",
 "logging_level": 0,
 "long": {"auto_unstuck_delay_minutes": 1014.7495760582682,
          "auto_unstuck_ema_dist": -0.0029418143933649388,
          "auto_unstuck_qty_pct": 0.0601795051242294,
          "auto_unstuck_wallet_exposure_threshold": 0.1548141245875837,
          "backwards_tp": false,
          "ddown_factor": 1.652319749293768,
          "ema_span_0": 719.3406806002139,
          "ema_span_1": 510.6200622246904,
          "enabled": true,
          "initial_eprice_ema_dist": -0.060951854026226604,
          "initial_qty_pct": 0.02253479611359143,
          "markup_range": 0.02179145023853883,
          "min_markup": 0.036906421882810174,
          "n_close_orders": 5,
          "rentry_pprice_dist": 0.03732614201678661,
          "rentry_pprice_dist_wallet_exposure_weighting": 4.895130952584572,
          "wallet_exposure_limit": 1.0},
 "short": {"auto_unstuck_delay_minutes": 207.47770320372175,
           "auto_unstuck_ema_dist": -0.02832413985994192,
           "auto_unstuck_qty_pct": 0.027323969664171797,
           "auto_unstuck_wallet_exposure_threshold": 0.17576217881033976,
           "backwards_tp": false,
           "ddown_factor": 0.12496275066058504,
           "ema_span_0": 732.3333854570462,
           "ema_span_1": 1197.3453735857572,
           "enabled": false,
           "initial_eprice_ema_dist": -0.0001794306084573101,
           "initial_qty_pct": 0.015500541818083878,
           "markup_range": 0.002908870381568294,
           "min_markup": 0.029081126155287122,
           "n_close_orders": 12,
           "rentry_pprice_dist": 0.02922851981078355,
           "rentry_pprice_dist_wallet_exposure_weighting": 6.832299625775263,
           "wallet_exposure_limit": 1.0}}