{"config_name": "recursive_grid_SHIB1000USDT_454days",
 "logging_level": 0,
 "long": {"auto_unstuck_delay_minutes": 664.4482499713268,
          "auto_unstuck_ema_dist": -0.002862876093981802,
          "auto_unstuck_qty_pct": 0.01,
          "auto_unstuck_wallet_exposure_threshold": 0.03010023312236296,
          "backwards_tp": false,
          "ddown_factor": 1.2955926852898794,
          "ema_span_0": 987.4215372616934,
          "ema_span_1": 1178.6733455265107,
          "enabled": true,
          "initial_eprice_ema_dist": 0.0005034027188786605,
          "initial_qty_pct": 0.05,
          "markup_range": 0.04141152761036915,
          "min_markup": 0.005961335066171225,
          "n_close_orders": 5,
          "rentry_pprice_dist": 0.023019789922792338,
          "rentry_pprice_dist_wallet_exposure_weighting": 1.288360026775811,
          "wallet_exposure_limit": 1},
 "short": {"auto_unstuck_delay_minutes": 132.84206732050615,
           "auto_unstuck_ema_dist": -0.013155145486640582,
           "auto_unstuck_qty_pct": 0.09588236159981092,
           "auto_unstuck_wallet_exposure_threshold": 0.5473157457580116,
           "backwards_tp": true,
           "ddown_factor": 1.6786454475012251,
           "ema_span_0": 620.6747949684323,
           "ema_span_1": 1424.2120378059915,
           "enabled": false,
           "initial_eprice_ema_dist": -0.05158097701655098,
           "initial_qty_pct": 0.030504692969878136,
           "markup_range": 0.043588753209615506,
           "min_markup": 0.0011172204217051874,
           "n_close_orders": 13,
           "rentry_pprice_dist": 0.008891567017457318,
           "rentry_pprice_dist_wallet_exposure_weighting": 15.170335560224071,
           "wallet_exposure_limit": 1.0}}