{"config_name": "recursive_grid_TIAUSDT_121days",
 "logging_level": 0,
 "long": {"auto_unstuck_delay_minutes": 1051.3003257180994,
          "auto_unstuck_ema_dist": -0.045093194389467114,
          "auto_unstuck_qty_pct": 0.08824062296903117,
          "auto_unstuck_wallet_exposure_threshold": 0.14572679701481814,
          "backwards_tp": false,
          "ddown_factor": 1.3271761458479834,
          "ema_span_0": 770.5778593821417,
          "ema_span_1": 770.0800607048914,
          "enabled": true,
          "initial_eprice_ema_dist": -0.003100998913503024,
          "initial_qty_pct": 0.09142900545646769,
          "markup_range": 0.017977095644169546,
          "min_markup": 0.03,
          "n_close_orders": 7,
          "rentry_pprice_dist": 0.04300345004265261,
          "rentry_pprice_dist_wallet_exposure_weighting": 1.4216059614159113,
          "wallet_exposure_limit": 1},
 "short": {"auto_unstuck_delay_minutes": 0.0,
           "auto_unstuck_ema_dist": 0.0,
           "auto_unstuck_qty_pct": 0.0,
           "auto_unstuck_wallet_exposure_threshold": 0.0,
           "backwards_tp": false,
           "ddown_factor": 0.6485215361764568,
           "ema_span_0": 752.2534247370088,
           "ema_span_1": 436.50366219230693,
           "enabled": false,
           "initial_eprice_ema_dist": -0.008535338158687825,
           "initial_qty_pct": 0.009638629562728557,
           "markup_range": 0.0010707572784761045,
           "min_markup": 0.00794555245384445,
           "n_close_orders": 11,
           "rentry_pprice_dist": 0.031885058377375965,
           "rentry_pprice_dist_wallet_exposure_weighting": 2.5737710509923035,
           "wallet_exposure_limit": 1.0}}