{"config_name": "recursive_grid_MKRUSDT_454days",
 "logging_level": 0,
 "long": {"auto_unstuck_delay_minutes": 1278.3253535799267,
          "auto_unstuck_ema_dist": 0.0015141657795954416,
          "auto_unstuck_qty_pct": 0.01,
          "auto_unstuck_wallet_exposure_threshold": 0.0806105886154184,
          "backwards_tp": false,
          "ddown_factor": 1.8798359889675071,
          "ema_span_0": 635.6781349421985,
          "ema_span_1": 865.5312516894617,
          "enabled": true,
          "initial_eprice_ema_dist": 0.00408296728367368,
          "initial_qty_pct": 0.05,
          "markup_range": 0.04496925592803868,
          "min_markup": 0.007202397712649995,
          "n_close_orders": 6,
          "rentry_pprice_dist": 0.024996739220563124,
          "rentry_pprice_dist_wallet_exposure_weighting": 1.668404249094912,
          "wallet_exposure_limit": 1.0},
 "short": {"auto_unstuck_delay_minutes": 685.0708745610941,
           "auto_unstuck_ema_dist": -0.0626592945201882,
           "auto_unstuck_qty_pct": 0.09105867175316783,
           "auto_unstuck_wallet_exposure_threshold": 0.21382125908274263,
           "backwards_tp": true,
           "ddown_factor": 0.6845393368104677,
           "ema_span_0": 1111.061199945089,
           "ema_span_1": 832.3886979713525,
           "enabled": false,
           "initial_eprice_ema_dist": -0.09422256241968915,
           "initial_qty_pct": 0.015429507122543665,
           "markup_range": 0.01887057626702959,
           "min_markup": 0.006395795167059546,
           "n_close_orders": 10,
           "rentry_pprice_dist": 0.02024186360055292,
           "rentry_pprice_dist_wallet_exposure_weighting": 1.0172594765896625,
           "wallet_exposure_limit": 1.0}}