{"config_name": "recursive_grid_ONDOUSDT_120days",
 "logging_level": 0,
 "long": {"auto_unstuck_delay_minutes": 788.2717768243213,
          "auto_unstuck_ema_dist": 0.0049787253057012384,
          "auto_unstuck_qty_pct": 0.01,
          "auto_unstuck_wallet_exposure_threshold": 0.07177390101566658,
          "backwards_tp": false,
          "ddown_factor": 1.3602784962922672,
          "ema_span_0": 432.13820932716993,
          "ema_span_1": 1258.2914668771969,
          "enabled": true,
          "initial_eprice_ema_dist": 0.01653274089060466,
          "initial_qty_pct": 0.032916799124838206,
          "markup_range": 0.03877975922024092,
          "min_markup": 0.03848368566168424,
          "n_close_orders": 7,
          "rentry_pprice_dist": 0.012673096128265192,
          "rentry_pprice_dist_wallet_exposure_weighting": 5.159227950969113,
          "wallet_exposure_limit": 1},
 "short": {"auto_unstuck_delay_minutes": 1178.433173274699,
           "auto_unstuck_ema_dist": -0.011116043749170856,
           "auto_unstuck_qty_pct": 0.05687690540581981,
           "auto_unstuck_wallet_exposure_threshold": 0.49564061174558594,
           "backwards_tp": false,
           "ddown_factor": 2.2651484331407534,
           "ema_span_0": 939.8081214030552,
           "ema_span_1": 69.26764769747473,
           "enabled": false,
           "initial_eprice_ema_dist": -0.052354540425183484,
           "initial_qty_pct": 0.036717723605509886,
           "markup_range": 0.025919694675510172,
           "min_markup": 0.003373012950907538,
           "n_close_orders": 10,
           "rentry_pprice_dist": 0.025762706793842433,
           "rentry_pprice_dist_wallet_exposure_weighting": 12.79259172375927,
           "wallet_exposure_limit": 1.0}}