{"config_name": "recursive_grid_BCHUSDT_156days",
 "logging_level": 0,
 "long": {"auto_unstuck_delay_minutes": 1119.2802902526764,
          "auto_unstuck_ema_dist": 0.010746628936173064,
          "auto_unstuck_qty_pct": 0.01,
          "auto_unstuck_wallet_exposure_threshold": 0.09931581463750955,
          "backwards_tp": false,
          "ddown_factor": 0.3705689407930425,
          "ema_span_0": 1401.930016808709,
          "ema_span_1": 1246.8228894189824,
          "enabled": true,
          "initial_eprice_ema_dist": 0.006637243156971469,
          "initial_qty_pct": 0.03205574040323815,
          "markup_range": 0.04590648163307042,
          "min_markup": 0.011356519790653224,
          "n_close_orders": 7,
          "rentry_pprice_dist": 0.01982856819756837,
          "rentry_pprice_dist_wallet_exposure_weighting": 8.177370792034715,
          "wallet_exposure_limit": 1},
 "short": {"auto_unstuck_delay_minutes": 645.8444824376568,
           "auto_unstuck_ema_dist": -0.02311252961801258,
           "auto_unstuck_qty_pct": 0.03763177012694195,
           "auto_unstuck_wallet_exposure_threshold": 0.4380455080406632,
           "backwards_tp": false,
           "ddown_factor": 0.4556445103722495,
           "ema_span_0": 592.6059942408783,
           "ema_span_1": 683.7773909507694,
           "enabled": false,
           "initial_eprice_ema_dist": -0.0914834733547644,
           "initial_qty_pct": 0.02104703530499292,
           "markup_range": 0.0527040936668601,
           "min_markup": 0.0030450491815187516,
           "n_close_orders": 9,
           "rentry_pprice_dist": 0.02158437673110298,
           "rentry_pprice_dist_wallet_exposure_weighting": 0.6664662583681169,
           "wallet_exposure_limit": 1.0}}