{"config_name": "recursive_grid_FTMUSDT_143days",
 "logging_level": 0,
 "long": {"auto_unstuck_delay_minutes": 1208.4090954724716,
          "auto_unstuck_ema_dist": 0.04335167647964079,
          "auto_unstuck_qty_pct": 0.01,
          "auto_unstuck_wallet_exposure_threshold": 0.06410145095068415,
          "backwards_tp": false,
          "ddown_factor": 0.4329279318167243,
          "ema_span_0": 468.8976718648066,
          "ema_span_1": 762.5944208530266,
          "enabled": true,
          "initial_eprice_ema_dist": 0.01140237311090335,
          "initial_qty_pct": 0.03638508921250971,
          "markup_range": 0.02850645336157226,
          "min_markup": 0.011561430364528082,
          "n_close_orders": 6,
          "rentry_pprice_dist": 0.023381454447363247,
          "rentry_pprice_dist_wallet_exposure_weighting": 9.447666443145557,
          "wallet_exposure_limit": 1},
 "short": {"auto_unstuck_delay_minutes": 808.2685531237399,
           "auto_unstuck_ema_dist": -0.0789017912401266,
           "auto_unstuck_qty_pct": 0.03439681651749597,
           "auto_unstuck_wallet_exposure_threshold": 0.7689940222853293,
           "backwards_tp": false,
           "ddown_factor": 1.0761275359641502,
           "ema_span_0": 611.2380421782547,
           "ema_span_1": 293.3509734414066,
           "enabled": false,
           "initial_eprice_ema_dist": -0.07423835111985813,
           "initial_qty_pct": 0.0321864134825639,
           "markup_range": 0.05074326750082689,
           "min_markup": 0.00877326438224969,
           "n_close_orders": 15,
           "rentry_pprice_dist": 0.013435383950088177,
           "rentry_pprice_dist_wallet_exposure_weighting": 2.686453550179184,
           "wallet_exposure_limit": 1.0}}