{"config_name": "recursive_grid_LTCUSDT_143days",
 "logging_level": 0,
 "long": {"auto_unstuck_delay_minutes": 809.0458137009817,
          "auto_unstuck_ema_dist": -0.023422686323630496,
          "auto_unstuck_qty_pct": 0.01,
          "auto_unstuck_wallet_exposure_threshold": 0.05695526132776571,
          "backwards_tp": false,
          "ddown_factor": 0.48937944929433347,
          "ema_span_0": 1244.9102348901256,
          "ema_span_1": 216.11877490008655,
          "enabled": true,
          "initial_eprice_ema_dist": 0.0055075722302428175,
          "initial_qty_pct": 0.04857827026175554,
          "markup_range": 0.04427230990859742,
          "min_markup": 0.009863768973636697,
          "n_close_orders": 7,
          "rentry_pprice_dist": 0.012038195242330102,
          "rentry_pprice_dist_wallet_exposure_weighting": 7.5,
          "wallet_exposure_limit": 1},
 "short": {"auto_unstuck_delay_minutes": 16.37748958331791,
           "auto_unstuck_ema_dist": -0.0011935947977192302,
           "auto_unstuck_qty_pct": 0.012422783040596803,
           "auto_unstuck_wallet_exposure_threshold": 0.7814101466895225,
           "backwards_tp": false,
           "ddown_factor": 0.3324959974974227,
           "ema_span_0": 47.90697619672531,
           "ema_span_1": 377.67676565991496,
           "enabled": false,
           "initial_eprice_ema_dist": -0.09433296090467162,
           "initial_qty_pct": 0.039324418528617164,
           "markup_range": 0.039887351937662865,
           "min_markup": 0.007816843233154649,
           "n_close_orders": 13,
           "rentry_pprice_dist": 0.006226661674064283,
           "rentry_pprice_dist_wallet_exposure_weighting": 16.685843180155263,
           "wallet_exposure_limit": 1.0}}