{"config_name": "recursive_grid_CAKEUSDT_147days",
 "logging_level": 0,
 "long": {"auto_unstuck_delay_minutes": 1144.5730100179208,
          "auto_unstuck_ema_dist": 0.00829236610126459,
          "auto_unstuck_qty_pct": 0.01,
          "auto_unstuck_wallet_exposure_threshold": 0.04654952797101411,
          "backwards_tp": false,
          "ddown_factor": 0.829845303871561,
          "ema_span_0": 904.2432454558799,
          "ema_span_1": 1013.1211377397116,
          "enabled": true,
          "initial_eprice_ema_dist": 0.007814516226690096,
          "initial_qty_pct": 0.05,
          "markup_range": 0.05297721391723077,
          "min_markup": 0.004401972946572692,
          "n_close_orders": 7,
          "rentry_pprice_dist": 0.027756880247559606,
          "rentry_pprice_dist_wallet_exposure_weighting": 2.099478396505677,
          "wallet_exposure_limit": 1.0},
 "short": {"auto_unstuck_delay_minutes": 242.20198561949567,
           "auto_unstuck_ema_dist": -0.09853156592444455,
           "auto_unstuck_qty_pct": 0.03550687041625766,
           "auto_unstuck_wallet_exposure_threshold": 0.46928477670194035,
           "backwards_tp": true,
           "ddown_factor": 2.4966607649062205,
           "ema_span_0": 131.6909246747853,
           "ema_span_1": 570.3661409213357,
           "enabled": false,
           "initial_eprice_ema_dist": -0.0033130997975474447,
           "initial_qty_pct": 0.0291558944954714,
           "markup_range": 0.04127696037590065,
           "min_markup": 0.007471077883566336,
           "n_close_orders": 3,
           "rentry_pprice_dist": 0.00626000934243739,
           "rentry_pprice_dist_wallet_exposure_weighting": 8.367701184878257,
           "wallet_exposure_limit": 1.0}}