{"config_name": "recursive_grid_TRXUSDT_1062days",
 "logging_level": 0,
 "long": {"auto_unstuck_delay_minutes": 0.0,
          "auto_unstuck_ema_dist": 0.0,
          "auto_unstuck_qty_pct": 0.0,
          "auto_unstuck_wallet_exposure_threshold": 0.0,
          "backwards_tp": false,
          "ddown_factor": 0.4586830039903616,
          "ema_span_0": 153.57416797372395,
          "ema_span_1": 1204.4501645891278,
          "enabled": true,
          "initial_eprice_ema_dist": 0.04265165230479401,
          "initial_qty_pct": 0.04,
          "markup_range": 0.047800382148144006,
          "min_markup": 0.03,
          "n_close_orders": 4,
          "rentry_pprice_dist": 0.04125675976701623,
          "rentry_pprice_dist_wallet_exposure_weighting": 8.729439176303652,
          "wallet_exposure_limit": 1.0},
 "short": {"auto_unstuck_delay_minutes": 156.7299288867132,
           "auto_unstuck_ema_dist": -0.09834482490959551,
           "auto_unstuck_qty_pct": 0.0685391456714407,
           "auto_unstuck_wallet_exposure_threshold": 0.3350208283654431,
           "backwards_tp": false,
           "ddown_factor": 1.0913055490187364,
           "ema_span_0": 382.9998682014936,
           "ema_span_1": 781.1763081167326,
           "enabled": false,
           "initial_eprice_ema_dist": -0.014205169037889015,
           "initial_qty_pct": 0.02202298943343414,
           "markup_range": 0.017307553848932615,
           "min_markup": 0.004959869787347649,
           "n_close_orders": 14,
           "rentry_pprice_dist": 0.02154591805922909,
           "rentry_pprice_dist_wallet_exposure_weighting": 11.813617359389257,
           "wallet_exposure_limit": 1.0}}