{"config_name": "recursive_grid_BCHUSDT_454days",
 "logging_level": 0,
 "long": {"auto_unstuck_delay_minutes": 1033.4775081765392,
          "auto_unstuck_ema_dist": -0.026424096983130186,
          "auto_unstuck_qty_pct": 0.01,
          "auto_unstuck_wallet_exposure_threshold": 0.03319053788345039,
          "backwards_tp": false,
          "ddown_factor": 0.9949143865055993,
          "ema_span_0": 501.27681230904363,
          "ema_span_1": 1124.7588547241298,
          "enabled": true,
          "initial_eprice_ema_dist": 0.003788694484195133,
          "initial_qty_pct": 0.05,
          "markup_range": 0.05031810888704042,
          "min_markup": 0.0073197881476211885,
          "n_close_orders": 6,
          "rentry_pprice_dist": 0.03603906367221428,
          "rentry_pprice_dist_wallet_exposure_weighting": 1.7421022568697944,
          "wallet_exposure_limit": 1.0},
 "short": {"auto_unstuck_delay_minutes": 943.0372402662141,
           "auto_unstuck_ema_dist": -0.018613360730524456,
           "auto_unstuck_qty_pct": 0.09814052983451745,
           "auto_unstuck_wallet_exposure_threshold": 0.7683807943179821,
           "backwards_tp": true,
           "ddown_factor": 0.1392411448836467,
           "ema_span_0": 1059.117204290948,
           "ema_span_1": 1389.0748555282846,
           "enabled": false,
           "initial_eprice_ema_dist": -0.08908693150832213,
           "initial_qty_pct": 0.029273702306130807,
           "markup_range": 0.03537019110573396,
           "min_markup": 0.0011398152429517004,
           "n_close_orders": 10,
           "rentry_pprice_dist": 0.04806770424623925,
           "rentry_pprice_dist_wallet_exposure_weighting": 19.217439532254556,
           "wallet_exposure_limit": 1.0}}