{"config_name": "recursive_grid_1000RATSUSDT_150days",
 "logging_level": 0,
 "long": {"auto_unstuck_delay_minutes": 556.4136958825926,
          "auto_unstuck_ema_dist": -0.007761226093248676,
          "auto_unstuck_qty_pct": 0.01,
          "auto_unstuck_wallet_exposure_threshold": 0.089982642654487,
          "backwards_tp": false,
          "ddown_factor": 0.4848273005417677,
          "ema_span_0": 1065.8076677940298,
          "ema_span_1": 370.9117601820622,
          "enabled": true,
          "initial_eprice_ema_dist": 0.026622265484085958,
          "initial_qty_pct": 0.03870185266357809,
          "markup_range": 0.03146713355597655,
          "min_markup": 0.00826040918168448,
          "n_close_orders": 4,
          "rentry_pprice_dist": 0.013901458299929522,
          "rentry_pprice_dist_wallet_exposure_weighting": 11.705177600316068,
          "wallet_exposure_limit": 1.0},
 "short": {"auto_unstuck_delay_minutes": 278.94869280313975,
           "auto_unstuck_ema_dist": -0.06698823161188763,
           "auto_unstuck_qty_pct": 0.012895170388225241,
           "auto_unstuck_wallet_exposure_threshold": 0.4092430631575362,
           "backwards_tp": false,
           "ddown_factor": 0.8905379403473709,
           "ema_span_0": 259.2639086349442,
           "ema_span_1": 1277.6926171070215,
           "enabled": false,
           "initial_eprice_ema_dist": 4.13157908897982e-05,
           "initial_qty_pct": 0.036453698464765844,
           "markup_range": 0.053511506713623355,
           "min_markup": 0.002337255651788119,
           "n_close_orders": 11,
           "rentry_pprice_dist": 0.049323834205442264,
           "rentry_pprice_dist_wallet_exposure_weighting": 13.162888731051565,
           "wallet_exposure_limit": 1.0}}