{"config_name": "recursive_grid_ONDOUSDT_120days",
 "logging_level": 0,
 "long": {"auto_unstuck_delay_minutes": 1290.3437924064483,
          "auto_unstuck_ema_dist": -0.04184293511380552,
          "auto_unstuck_qty_pct": 0.01,
          "auto_unstuck_wallet_exposure_threshold": 0.07224573310634362,
          "backwards_tp": false,
          "ddown_factor": 1.144015193631987,
          "ema_span_0": 977.3069354647333,
          "ema_span_1": 892.1996603653225,
          "enabled": true,
          "initial_eprice_ema_dist": 0.021839471287440574,
          "initial_qty_pct": 0.03808695395560963,
          "markup_range": 0.02545375834986748,
          "min_markup": 0.039931377852226974,
          "n_close_orders": 6,
          "rentry_pprice_dist": 0.013457812074848073,
          "rentry_pprice_dist_wallet_exposure_weighting": 4.472963419241304,
          "wallet_exposure_limit": 1},
 "short": {"auto_unstuck_delay_minutes": 1285.1021795164186,
           "auto_unstuck_ema_dist": -0.09684916031657972,
           "auto_unstuck_qty_pct": 0.024436960092453032,
           "auto_unstuck_wallet_exposure_threshold": 0.3734101975932339,
           "backwards_tp": false,
           "ddown_factor": 2.40095887170053,
           "ema_span_0": 591.4295964286756,
           "ema_span_1": 389.7062975913077,
           "enabled": false,
           "initial_eprice_ema_dist": -0.09375189122503871,
           "initial_qty_pct": 0.026814279952684247,
           "markup_range": 0.041246457714131324,
           "min_markup": 0.008532723654849904,
           "n_close_orders": 10,
           "rentry_pprice_dist": 0.0463180449225907,
           "rentry_pprice_dist_wallet_exposure_weighting": 9.071918027809708,
           "wallet_exposure_limit": 1.0}}