{"config_name": "recursive_grid_1000BONKUSDT_366days",
 "logging_level": 0,
 "long": {"auto_unstuck_delay_minutes": 1000.5471934400763,
          "auto_unstuck_ema_dist": -0.013541559460166414,
          "auto_unstuck_qty_pct": 0.09856370910865142,
          "auto_unstuck_wallet_exposure_threshold": 0.13488892378121495,
          "backwards_tp": true,
          "ddown_factor": 0.12494435429191998,
          "ema_span_0": 1643.4738656342872,
          "ema_span_1": 1680.9662502800813,
          "enabled": true,
          "initial_eprice_ema_dist": -0.0010379338607696298,
          "initial_qty_pct": 0.03,
          "markup_range": 0.013231235505215152,
          "min_markup": 0.0060905492443436154,
          "n_close_orders": 2,
          "rentry_pprice_dist": 0.05834278691539572,
          "rentry_pprice_dist_wallet_exposure_weighting": 0.927402387779904,
          "wallet_exposure_limit": 1},
 "short": {"auto_unstuck_delay_minutes": 0.0,
           "auto_unstuck_ema_dist": 0.0,
           "auto_unstuck_qty_pct": 0.0,
           "auto_unstuck_wallet_exposure_threshold": 0.0,
           "backwards_tp": true,
           "ddown_factor": 0.5799899750338222,
           "ema_span_0": 1136.5864713272258,
           "ema_span_1": 451.8470117628922,
           "enabled": false,
           "initial_eprice_ema_dist": -0.0007336111520818058,
           "initial_qty_pct": 0.008819854903578377,
           "markup_range": 7.310516097271958e-05,
           "min_markup": 0.003149168077261098,
           "n_close_orders": 4,
           "rentry_pprice_dist": 0.005386490665082268,
           "rentry_pprice_dist_wallet_exposure_weighting": 7.1765379441075785,
           "wallet_exposure_limit": 1.0}}