{"config_name": "recursive_grid_BCHUSDT_156days",
 "logging_level": 0,
 "long": {"auto_unstuck_delay_minutes": 1332.3734980609338,
          "auto_unstuck_ema_dist": -0.03535086175330593,
          "auto_unstuck_qty_pct": 0.01,
          "auto_unstuck_wallet_exposure_threshold": 0.0617890485920184,
          "backwards_tp": false,
          "ddown_factor": 0.3326208635157104,
          "ema_span_0": 1431.66387902123,
          "ema_span_1": 1268.1678412346246,
          "enabled": true,
          "initial_eprice_ema_dist": 0.005968193536132808,
          "initial_qty_pct": 0.03163249079765084,
          "markup_range": 0.04490472591303157,
          "min_markup": 0.009438312814523776,
          "n_close_orders": 6,
          "rentry_pprice_dist": 0.017278791924855163,
          "rentry_pprice_dist_wallet_exposure_weighting": 8.503686286475261,
          "wallet_exposure_limit": 1},
 "short": {"auto_unstuck_delay_minutes": 607.2129391577433,
           "auto_unstuck_ema_dist": -0.09903026447538964,
           "auto_unstuck_qty_pct": 0.06231178789945651,
           "auto_unstuck_wallet_exposure_threshold": 0.7738251077994351,
           "backwards_tp": false,
           "ddown_factor": 1.214270004810154,
           "ema_span_0": 918.4392455879722,
           "ema_span_1": 1378.260508578758,
           "enabled": false,
           "initial_eprice_ema_dist": -0.026975531452237952,
           "initial_qty_pct": 0.03718358182258551,
           "markup_range": 0.033863416577390996,
           "min_markup": 0.002879137963947712,
           "n_close_orders": 8,
           "rentry_pprice_dist": 0.017977947805123316,
           "rentry_pprice_dist_wallet_exposure_weighting": 16.222716562911515,
           "wallet_exposure_limit": 1.0}}