{"config_name": "recursive_grid_SOLUSDT_365days",
 "logging_level": 0,
 "long": {"auto_unstuck_delay_minutes": 1203.2168346113149,
          "auto_unstuck_ema_dist": -0.012120498225317449,
          "auto_unstuck_qty_pct": 0.09447983337364689,
          "auto_unstuck_wallet_exposure_threshold": 0.4662899108065358,
          "backwards_tp": false,
          "ddown_factor": 2.597605796442613,
          "ema_span_0": 1387.9906511163804,
          "ema_span_1": 417.1679056249374,
          "enabled": true,
          "initial_eprice_ema_dist": -0.07394692900132736,
          "initial_qty_pct": 0.02553831027809687,
          "markup_range": 0.019173160971254214,
          "min_markup": 0.0061048165768109895,
          "n_close_orders": 9,
          "rentry_pprice_dist": 0.024872381908695965,
          "rentry_pprice_dist_wallet_exposure_weighting": 4.921655835338512,
          "wallet_exposure_limit": 1},
 "short": {"auto_unstuck_delay_minutes": 54.47804847189333,
           "auto_unstuck_ema_dist": -0.02387279738144321,
           "auto_unstuck_qty_pct": 0.05870611330250031,
           "auto_unstuck_wallet_exposure_threshold": 0.12956403248016135,
           "backwards_tp": false,
           "ddown_factor": 0.48065351984806826,
           "ema_span_0": 778.4712310968457,
           "ema_span_1": 609.6486653319446,
           "enabled": false,
           "initial_eprice_ema_dist": -0.0011110954389513122,
           "initial_qty_pct": 0.013967643368357256,
           "markup_range": 0.00029738495159690624,
           "min_markup": 0.039182963725099676,
           "n_close_orders": 3,
           "rentry_pprice_dist": 0.051936591815844244,
           "rentry_pprice_dist_wallet_exposure_weighting": 1.9976913932544833,
           "wallet_exposure_limit": 1.0}}