{"config_name": "recursive_grid_FILUSDT_366days",
 "logging_level": 0,
 "long": {"auto_unstuck_delay_minutes": 1015.6137762512725,
          "auto_unstuck_ema_dist": -0.008978662454920114,
          "auto_unstuck_qty_pct": 0.01766178468589809,
          "auto_unstuck_wallet_exposure_threshold": 0.17445681839030738,
          "backwards_tp": true,
          "ddown_factor": 0.10405312121793886,
          "ema_span_0": 536.8828380878113,
          "ema_span_1": 2383.7294722027223,
          "enabled": true,
          "initial_eprice_ema_dist": 0.002934290379465755,
          "initial_qty_pct": 0.04389774131847157,
          "markup_range": 0.011032898005105811,
          "min_markup": 0.005,
          "n_close_orders": 5,
          "rentry_pprice_dist": 0.03874949138049566,
          "rentry_pprice_dist_wallet_exposure_weighting": 0.90487781389536,
          "wallet_exposure_limit": 1},
 "short": {"auto_unstuck_delay_minutes": 0.0,
           "auto_unstuck_ema_dist": 0.0,
           "auto_unstuck_qty_pct": 0.0,
           "auto_unstuck_wallet_exposure_threshold": 0.0,
           "backwards_tp": true,
           "ddown_factor": 1.6824523204128234,
           "ema_span_0": 916.0231710244044,
           "ema_span_1": 836.9110033268739,
           "enabled": false,
           "initial_eprice_ema_dist": -0.004768720324268288,
           "initial_qty_pct": 0.008690717100900577,
           "markup_range": 0.002692700815281428,
           "min_markup": 0.0021524224234247638,
           "n_close_orders": 14,
           "rentry_pprice_dist": 0.03249922857117164,
           "rentry_pprice_dist_wallet_exposure_weighting": 5.42310509305121,
           "wallet_exposure_limit": 1.0}}