{"config_name": "recursive_grid_APTUSDT_365days",
 "logging_level": 0,
 "long": {"auto_unstuck_delay_minutes": 1369.969712504635,
          "auto_unstuck_ema_dist": 0.025258081426696638,
          "auto_unstuck_qty_pct": 0.01238442132349041,
          "auto_unstuck_wallet_exposure_threshold": 0.035768799359816465,
          "backwards_tp": true,
          "ddown_factor": 0.1,
          "ema_span_0": 848.9910884546384,
          "ema_span_1": 849.1584799057159,
          "enabled": true,
          "initial_eprice_ema_dist": -0.0008094955006805675,
          "initial_qty_pct": 0.04514311223522725,
          "markup_range": 0.013494029901578069,
          "min_markup": 0.007631069366428467,
          "n_close_orders": 2,
          "rentry_pprice_dist": 0.05042803602287259,
          "rentry_pprice_dist_wallet_exposure_weighting": 1.169186083305996,
          "wallet_exposure_limit": 1.0},
 "short": {"auto_unstuck_delay_minutes": 0.0,
           "auto_unstuck_ema_dist": 0.0,
           "auto_unstuck_qty_pct": 0.0,
           "auto_unstuck_wallet_exposure_threshold": 0.0,
           "backwards_tp": true,
           "ddown_factor": 2.1108911184447225,
           "ema_span_0": 827.6496136386202,
           "ema_span_1": 420.09044210855706,
           "enabled": false,
           "initial_eprice_ema_dist": -0.005134745958736565,
           "initial_qty_pct": 0.01832758442363604,
           "markup_range": 0.0018410091713101041,
           "min_markup": 0.004334236174535827,
           "n_close_orders": 9,
           "rentry_pprice_dist": 0.009255837435813756,
           "rentry_pprice_dist_wallet_exposure_weighting": 4.3157637213903355,
           "wallet_exposure_limit": 1.0}}