{"config_name": "recursive_grid_ROSEUSDT_454days",
 "logging_level": 0,
 "long": {"auto_unstuck_delay_minutes": 714.257495892693,
          "auto_unstuck_ema_dist": -0.046492485724302604,
          "auto_unstuck_qty_pct": 0.01,
          "auto_unstuck_wallet_exposure_threshold": 0.09369839767500991,
          "backwards_tp": false,
          "ddown_factor": 1.8438892334280976,
          "ema_span_0": 1226.6894946515386,
          "ema_span_1": 1316.9972343361142,
          "enabled": true,
          "initial_eprice_ema_dist": 0.0060497510410262145,
          "initial_qty_pct": 0.05,
          "markup_range": 0.052128431115501896,
          "min_markup": 0.008571892775184338,
          "n_close_orders": 4,
          "rentry_pprice_dist": 0.022307593187732965,
          "rentry_pprice_dist_wallet_exposure_weighting": 1.0293324212957666,
          "wallet_exposure_limit": 1},
 "short": {"auto_unstuck_delay_minutes": 87.35438929272007,
           "auto_unstuck_ema_dist": -0.055094215017325955,
           "auto_unstuck_qty_pct": 0.048105290689155096,
           "auto_unstuck_wallet_exposure_threshold": 0.704610380949422,
           "backwards_tp": true,
           "ddown_factor": 1.3826779457042933,
           "ema_span_0": 765.7998721020073,
           "ema_span_1": 1062.5706440097035,
           "enabled": false,
           "initial_eprice_ema_dist": -0.007091294519843361,
           "initial_qty_pct": 0.04502300169914208,
           "markup_range": 0.014800076270281253,
           "min_markup": 0.003930647062065763,
           "n_close_orders": 6,
           "rentry_pprice_dist": 0.018583401106832622,
           "rentry_pprice_dist_wallet_exposure_weighting": 13.940903188117563,
           "wallet_exposure_limit": 1.0}}