{"config_name": "recursive_grid_STXUSDT_365days",
 "logging_level": 0,
 "long": {"auto_unstuck_delay_minutes": 1286.1945884757483,
          "auto_unstuck_ema_dist": -0.04225745999067838,
          "auto_unstuck_qty_pct": 0.09346230477244898,
          "auto_unstuck_wallet_exposure_threshold": 0.15718508602725195,
          "backwards_tp": true,
          "ddown_factor": 0.1,
          "ema_span_0": 634.2552813563046,
          "ema_span_1": 10,
          "enabled": true,
          "initial_eprice_ema_dist": -0.006087949187003978,
          "initial_qty_pct": 0.04653655027071315,
          "markup_range": 0.01589259987228052,
          "min_markup": 0.009408150982624553,
          "n_close_orders": 2,
          "rentry_pprice_dist": 0.024209574949203214,
          "rentry_pprice_dist_wallet_exposure_weighting": 2.3953786989910215,
          "wallet_exposure_limit": 1},
 "short": {"auto_unstuck_delay_minutes": 0.0,
           "auto_unstuck_ema_dist": 0.0,
           "auto_unstuck_qty_pct": 0.0,
           "auto_unstuck_wallet_exposure_threshold": 0.0,
           "backwards_tp": true,
           "ddown_factor": 2.4032230620013384,
           "ema_span_0": 973.256510285513,
           "ema_span_1": 1280.8660458412724,
           "enabled": false,
           "initial_eprice_ema_dist": -0.00023484711833117976,
           "initial_qty_pct": 0.009289527438232779,
           "markup_range": 0.00015746861856138494,
           "min_markup": 0.007440128664534605,
           "n_close_orders": 6,
           "rentry_pprice_dist": 0.04026327319132493,
           "rentry_pprice_dist_wallet_exposure_weighting": 3.0546524148840652,
           "wallet_exposure_limit": 1.0}}