{"config_name": "recursive_grid_TRXUSDT_1016days",
 "logging_level": 0,
 "long": {"auto_unstuck_delay_minutes": 0,
          "auto_unstuck_ema_dist": 0.0,
          "auto_unstuck_qty_pct": 0,
          "auto_unstuck_wallet_exposure_threshold": 0.0,
          "backwards_tp": false,
          "ddown_factor": 0.5990197399066114,
          "ema_span_0": 1311.3352237010404,
          "ema_span_1": 1320.5469410224441,
          "enabled": true,
          "initial_eprice_ema_dist": 0.006841956786485769,
          "initial_qty_pct": 0.04,
          "markup_range": 0.012400103100666854,
          "min_markup": 0.010715049113441483,
          "n_close_orders": 3,
          "rentry_pprice_dist": 0.01703620125105196,
          "rentry_pprice_dist_wallet_exposure_weighting": 10.9366777412359,
          "wallet_exposure_limit": 1},
 "short": {"auto_unstuck_delay_minutes": 1271.2886522005804,
           "auto_unstuck_ema_dist": -0.09937654967079833,
           "auto_unstuck_qty_pct": 0.02384945864369671,
           "auto_unstuck_wallet_exposure_threshold": 0.23805819258663405,
           "backwards_tp": false,
           "ddown_factor": 0.9434083765376419,
           "ema_span_0": 1242.3566591245174,
           "ema_span_1": 160.2864032339321,
           "enabled": false,
           "initial_eprice_ema_dist": -0.019620324193818692,
           "initial_qty_pct": 0.03977637995033209,
           "markup_range": 0.021360381443184823,
           "min_markup": 0.00270716959716713,
           "n_close_orders": 11,
           "rentry_pprice_dist": 0.011625603508356007,
           "rentry_pprice_dist_wallet_exposure_weighting": 16.83370285792736,
           "wallet_exposure_limit": 1.0}}