{"config_name": "recursive_grid_UNIUSDT_1183days",
 "logging_level": 0,
 "long": {"auto_unstuck_delay_minutes": 0,
          "auto_unstuck_ema_dist": 0,
          "auto_unstuck_qty_pct": 0,
          "auto_unstuck_wallet_exposure_threshold": 0.0,
          "backwards_tp": false,
          "ddown_factor": 0.5292686905627665,
          "ema_span_0": 1416.8971746152056,
          "ema_span_1": 1337.2782490840739,
          "enabled": true,
          "initial_eprice_ema_dist": 0.04165637339292033,
          "initial_qty_pct": 0.04,
          "markup_range": 0.029516629534791977,
          "min_markup": 0.008361377835245832,
          "n_close_orders": 3,
          "rentry_pprice_dist": 0.03276412138076966,
          "rentry_pprice_dist_wallet_exposure_weighting": 10.965169775607892,
          "wallet_exposure_limit": 1},
 "short": {"auto_unstuck_delay_minutes": 1156.8087841941303,
           "auto_unstuck_ema_dist": -0.04611398206408962,
           "auto_unstuck_qty_pct": 0.0473545966679098,
           "auto_unstuck_wallet_exposure_threshold": 0.787671448844262,
           "backwards_tp": false,
           "ddown_factor": 1.9593964243958437,
           "ema_span_0": 165.27929651084239,
           "ema_span_1": 378.30480410119503,
           "enabled": false,
           "initial_eprice_ema_dist": -0.06677869584031038,
           "initial_qty_pct": 0.04945610506903073,
           "markup_range": 0.04203103097257312,
           "min_markup": 0.007058366125636273,
           "n_close_orders": 12,
           "rentry_pprice_dist": 0.03312387685719185,
           "rentry_pprice_dist_wallet_exposure_weighting": 16.10468602203362,
           "wallet_exposure_limit": 1.0}}