{"config_name": "recursive_grid_IMXUSDT_156days",
 "logging_level": 0,
 "long": {"auto_unstuck_delay_minutes": 1253.1289654867387,
          "auto_unstuck_ema_dist": -0.007589904178031473,
          "auto_unstuck_qty_pct": 0.01,
          "auto_unstuck_wallet_exposure_threshold": 0.05005568223546861,
          "backwards_tp": false,
          "ddown_factor": 0.3164193715878049,
          "ema_span_0": 1285.6156807145328,
          "ema_span_1": 141.89995059752874,
          "enabled": true,
          "initial_eprice_ema_dist": 0.011619642220615276,
          "initial_qty_pct": 0.032737319171410886,
          "markup_range": 0.028726878058702797,
          "min_markup": 0.048823600101274234,
          "n_close_orders": 6,
          "rentry_pprice_dist": 0.03766065258673494,
          "rentry_pprice_dist_wallet_exposure_weighting": 8.626045653317831,
          "wallet_exposure_limit": 1.0},
 "short": {"auto_unstuck_delay_minutes": 612.105693442926,
           "auto_unstuck_ema_dist": -0.037248112192609456,
           "auto_unstuck_qty_pct": 0.05394822486361764,
           "auto_unstuck_wallet_exposure_threshold": 0.7937810170526599,
           "backwards_tp": false,
           "ddown_factor": 2.1049978786359715,
           "ema_span_0": 53.0810056919683,
           "ema_span_1": 912.7523229669907,
           "enabled": false,
           "initial_eprice_ema_dist": -0.09614382573366877,
           "initial_qty_pct": 0.030610428318351084,
           "markup_range": 0.0544011565460355,
           "min_markup": 0.006306079614839299,
           "n_close_orders": 16,
           "rentry_pprice_dist": 0.013086368667869545,
           "rentry_pprice_dist_wallet_exposure_weighting": 11.836044125421658,
           "wallet_exposure_limit": 1.0}}