{"config_name": "recursive_grid_MKRUSDT_848days",
 "logging_level": 0,
 "long": {"auto_unstuck_delay_minutes": 0.0,
          "auto_unstuck_ema_dist": 0,
          "auto_unstuck_qty_pct": 0,
          "auto_unstuck_wallet_exposure_threshold": 0.0,
          "backwards_tp": false,
          "ddown_factor": 0.5482457548324444,
          "ema_span_0": 356.0338617227579,
          "ema_span_1": 1280.651993294042,
          "enabled": true,
          "initial_eprice_ema_dist": 0.026703157413665385,
          "initial_qty_pct": 0.04,
          "markup_range": 0.016212318392397514,
          "min_markup": 0.010054640775132467,
          "n_close_orders": 4,
          "rentry_pprice_dist": 0.01777569164393847,
          "rentry_pprice_dist_wallet_exposure_weighting": 9.109210187209467,
          "wallet_exposure_limit": 1},
 "short": {"auto_unstuck_delay_minutes": 831.969345891877,
           "auto_unstuck_ema_dist": -0.032861778631141286,
           "auto_unstuck_qty_pct": 0.09536716238418343,
           "auto_unstuck_wallet_exposure_threshold": 0.34304995476416456,
           "backwards_tp": false,
           "ddown_factor": 0.5011613364445339,
           "ema_span_0": 931.9066376246725,
           "ema_span_1": 120.6870504225999,
           "enabled": false,
           "initial_eprice_ema_dist": -0.021134629402300875,
           "initial_qty_pct": 0.037670027305788924,
           "markup_range": 0.001958927951404288,
           "min_markup": 0.0037654264033115566,
           "n_close_orders": 15,
           "rentry_pprice_dist": 0.04434351998918669,
           "rentry_pprice_dist_wallet_exposure_weighting": 6.248275807765342,
           "wallet_exposure_limit": 1.0}}