{"config_name": "recursive_grid_SAFEUSDT_44days",
 "logging_level": 0,
 "long": {"auto_unstuck_delay_minutes": 0.0,
          "auto_unstuck_ema_dist": 0.0,
          "auto_unstuck_qty_pct": 0.0,
          "auto_unstuck_wallet_exposure_threshold": 0.0,
          "backwards_tp": false,
          "ddown_factor": 0.43613085529426043,
          "ema_span_0": 898.7071891488214,
          "ema_span_1": 194.6355013786172,
          "enabled": true,
          "initial_eprice_ema_dist": 0.01283423142073259,
          "initial_qty_pct": 0.04,
          "markup_range": 0.013168886842141781,
          "min_markup": 0.008035226515031774,
          "n_close_orders": 2,
          "rentry_pprice_dist": 0.030699093672801533,
          "rentry_pprice_dist_wallet_exposure_weighting": 9.23417403872616,
          "wallet_exposure_limit": 1.0},
 "short": {"auto_unstuck_delay_minutes": 1014.2807370062748,
           "auto_unstuck_ema_dist": -0.05381960019159273,
           "auto_unstuck_qty_pct": 0.09820957783940998,
           "auto_unstuck_wallet_exposure_threshold": 0.19117249564838518,
           "backwards_tp": false,
           "ddown_factor": 2.070560210255368,
           "ema_span_0": 762.1711574114988,
           "ema_span_1": 71.61445257347738,
           "enabled": false,
           "initial_eprice_ema_dist": -0.03286725250914925,
           "initial_qty_pct": 0.03874957183739584,
           "markup_range": 0.03737618183340138,
           "min_markup": 0.005037856270527914,
           "n_close_orders": 13,
           "rentry_pprice_dist": 0.02084004969747787,
           "rentry_pprice_dist_wallet_exposure_weighting": 8.294316442173571,
           "wallet_exposure_limit": 1.0}}