{"config_name": "recursive_grid_ONDOUSDT_120days",
 "logging_level": 0,
 "long": {"auto_unstuck_delay_minutes": 808.7251949186638,
          "auto_unstuck_ema_dist": 0.005451636330494919,
          "auto_unstuck_qty_pct": 0.01,
          "auto_unstuck_wallet_exposure_threshold": 0.07377021814464205,
          "backwards_tp": false,
          "ddown_factor": 1.1383235016472635,
          "ema_span_0": 1211.938216988396,
          "ema_span_1": 870.6310547019929,
          "enabled": true,
          "initial_eprice_ema_dist": 0.018579654216012296,
          "initial_qty_pct": 0.030472230400955945,
          "markup_range": 0.015673500615708314,
          "min_markup": 0.02041266736321248,
          "n_close_orders": 4,
          "rentry_pprice_dist": 0.012540013547857777,
          "rentry_pprice_dist_wallet_exposure_weighting": 0.6943188347461935,
          "wallet_exposure_limit": 1},
 "short": {"auto_unstuck_delay_minutes": 278.2226600888321,
           "auto_unstuck_ema_dist": -0.04672357858397202,
           "auto_unstuck_qty_pct": 0.041149468242710596,
           "auto_unstuck_wallet_exposure_threshold": 0.8756436430597941,
           "backwards_tp": false,
           "ddown_factor": 2.4108040149776424,
           "ema_span_0": 67.57443837860126,
           "ema_span_1": 296.00673089552686,
           "enabled": false,
           "initial_eprice_ema_dist": -0.012204196533249584,
           "initial_qty_pct": 0.029273348023648865,
           "markup_range": 0.03567966501909114,
           "min_markup": 0.0021017639050746424,
           "n_close_orders": 14,
           "rentry_pprice_dist": 0.022266658778993264,
           "rentry_pprice_dist_wallet_exposure_weighting": 17.434451665573892,
           "wallet_exposure_limit": 1.0}}