{"config_name": "recursive_grid_BTCUSDT_143days",
 "logging_level": 0,
 "long": {"auto_unstuck_delay_minutes": 610.8610729720258,
          "auto_unstuck_ema_dist": -0.030680221175007284,
          "auto_unstuck_qty_pct": 0.01,
          "auto_unstuck_wallet_exposure_threshold": 0.09077743050966053,
          "backwards_tp": false,
          "ddown_factor": 0.33023177269514276,
          "ema_span_0": 1025.7461539827368,
          "ema_span_1": 142.28497914398412,
          "enabled": true,
          "initial_eprice_ema_dist": -0.0031086302267276412,
          "initial_qty_pct": 0.048513743237364904,
          "markup_range": 0.010649414890013382,
          "min_markup": 0.008068834677041692,
          "n_close_orders": 5,
          "rentry_pprice_dist": 0.009512162538627125,
          "rentry_pprice_dist_wallet_exposure_weighting": 9.082116512732387,
          "wallet_exposure_limit": 1},
 "short": {"auto_unstuck_delay_minutes": 1395.7597327743001,
           "auto_unstuck_ema_dist": -0.03207265346471663,
           "auto_unstuck_qty_pct": 0.011072723338255522,
           "auto_unstuck_wallet_exposure_threshold": 0.23024269139554862,
           "backwards_tp": false,
           "ddown_factor": 2.8705981045279807,
           "ema_span_0": 429.6787267715112,
           "ema_span_1": 29.359744684151984,
           "enabled": false,
           "initial_eprice_ema_dist": -0.04079952736811494,
           "initial_qty_pct": 0.04609190869679133,
           "markup_range": 0.0009327320942892747,
           "min_markup": 0.00938629324193824,
           "n_close_orders": 4,
           "rentry_pprice_dist": 0.044269683188226897,
           "rentry_pprice_dist_wallet_exposure_weighting": 12.850341201780493,
           "wallet_exposure_limit": 1.0}}