{"config_name": "recursive_grid_APTUSDT_454days",
 "logging_level": 0,
 "long": {"auto_unstuck_delay_minutes": 924.8040442863812,
          "auto_unstuck_ema_dist": -0.02519393530177289,
          "auto_unstuck_qty_pct": 0.01,
          "auto_unstuck_wallet_exposure_threshold": 0.037321583564195515,
          "backwards_tp": false,
          "ddown_factor": 1.1721381351250926,
          "ema_span_0": 542.1855417144626,
          "ema_span_1": 456.1869698164447,
          "enabled": true,
          "initial_eprice_ema_dist": 0.006819286099718445,
          "initial_qty_pct": 0.05,
          "markup_range": 0.04752654233038648,
          "min_markup": 0.007028743704886292,
          "n_close_orders": 3,
          "rentry_pprice_dist": 0.03497063538278149,
          "rentry_pprice_dist_wallet_exposure_weighting": 2.436953507375727,
          "wallet_exposure_limit": 1},
 "short": {"auto_unstuck_delay_minutes": 604.1100870156276,
           "auto_unstuck_ema_dist": -0.03402277063422529,
           "auto_unstuck_qty_pct": 0.03548203192679263,
           "auto_unstuck_wallet_exposure_threshold": 0.7670164669360456,
           "backwards_tp": true,
           "ddown_factor": 1.0017867006795222,
           "ema_span_0": 657.4515705170796,
           "ema_span_1": 386.93881200253065,
           "enabled": false,
           "initial_eprice_ema_dist": -0.024202268138446018,
           "initial_qty_pct": 0.016979240570608272,
           "markup_range": 0.013915679355340615,
           "min_markup": 0.006910335924566761,
           "n_close_orders": 16,
           "rentry_pprice_dist": 0.01167019652345879,
           "rentry_pprice_dist_wallet_exposure_weighting": 14.604426704886059,
           "wallet_exposure_limit": 1.0}}