{"config_name": "recursive_grid_UNIUSDT_365days",
 "logging_level": 0,
 "long": {"auto_unstuck_delay_minutes": 893.5246331555777,
          "auto_unstuck_ema_dist": -0.09070630801137874,
          "auto_unstuck_qty_pct": 0.09349275565242869,
          "auto_unstuck_wallet_exposure_threshold": 0.02793953310714565,
          "backwards_tp": true,
          "ddown_factor": 0.12162209032445417,
          "ema_span_0": 1940.599569163758,
          "ema_span_1": 843.431920921203,
          "enabled": true,
          "initial_eprice_ema_dist": -0.002072663090325933,
          "initial_qty_pct": 0.08561026327512697,
          "markup_range": 0.022113483380445147,
          "min_markup": 0.01696561078649081,
          "n_close_orders": 6,
          "rentry_pprice_dist": 0.053838679408326914,
          "rentry_pprice_dist_wallet_exposure_weighting": 4.74994464966859,
          "wallet_exposure_limit": 1.0},
 "short": {"auto_unstuck_delay_minutes": 0.0,
           "auto_unstuck_ema_dist": 0.0,
           "auto_unstuck_qty_pct": 0.0,
           "auto_unstuck_wallet_exposure_threshold": 0.0,
           "backwards_tp": true,
           "ddown_factor": 0.25457653643653627,
           "ema_span_0": 717.3541335397548,
           "ema_span_1": 1308.7035263217049,
           "enabled": false,
           "initial_eprice_ema_dist": -0.009906103006888028,
           "initial_qty_pct": 0.012494660462728346,
           "markup_range": 0.004095165784268329,
           "min_markup": 0.004566700129351256,
           "n_close_orders": 10,
           "rentry_pprice_dist": 0.054057688408647685,
           "rentry_pprice_dist_wallet_exposure_weighting": 8.891305405341226,
           "wallet_exposure_limit": 1.0}}