{"config_name": "recursive_grid_FILUSDT_366days",
 "logging_level": 0,
 "long": {"auto_unstuck_delay_minutes": 1354.8773059165067,
          "auto_unstuck_ema_dist": -0.05889065554451174,
          "auto_unstuck_qty_pct": 0.06475354228625574,
          "auto_unstuck_wallet_exposure_threshold": 0.09520514122927218,
          "backwards_tp": false,
          "ddown_factor": 0.3885096919211495,
          "ema_span_0": 1345.0116810334737,
          "ema_span_1": 1200.2773870193298,
          "enabled": true,
          "initial_eprice_ema_dist": -0.005333959714503774,
          "initial_qty_pct": 0.03864571765652305,
          "markup_range": 0.019891661498497096,
          "min_markup": 0.0069377248645216185,
          "n_close_orders": 9,
          "rentry_pprice_dist": 0.026194743600835135,
          "rentry_pprice_dist_wallet_exposure_weighting": 2.753125993419873,
          "wallet_exposure_limit": 1},
 "short": {"auto_unstuck_delay_minutes": 0.0,
           "auto_unstuck_ema_dist": 0.0,
           "auto_unstuck_qty_pct": 0.0,
           "auto_unstuck_wallet_exposure_threshold": 0.0,
           "backwards_tp": false,
           "ddown_factor": 2.1770924855575586,
           "ema_span_0": 503.94140531614164,
           "ema_span_1": 996.4447941464967,
           "enabled": false,
           "initial_eprice_ema_dist": 0.00213116325867628,
           "initial_qty_pct": 0.005995307351790334,
           "markup_range": 0.004354281128546235,
           "min_markup": 0.008471821418188604,
           "n_close_orders": 2,
           "rentry_pprice_dist": 0.005139487805066149,
           "rentry_pprice_dist_wallet_exposure_weighting": 6.689719734700208,
           "wallet_exposure_limit": 1.0}}