{"config_name": "recursive_grid_INJUSDT_365days",
 "logging_level": 0,
 "long": {"auto_unstuck_delay_minutes": 379.1637540094126,
          "auto_unstuck_ema_dist": -0.08885268761543869,
          "auto_unstuck_qty_pct": 0.015816293769207963,
          "auto_unstuck_wallet_exposure_threshold": 0.6975810432628028,
          "backwards_tp": false,
          "ddown_factor": 0.9017291501286037,
          "ema_span_0": 1301.699784303918,
          "ema_span_1": 892.7642493330048,
          "enabled": true,
          "initial_eprice_ema_dist": -0.012933258070441295,
          "initial_qty_pct": 0.020993436269492433,
          "markup_range": 0.004295231871010653,
          "min_markup": 0.007787211848205874,
          "n_close_orders": 7,
          "rentry_pprice_dist": 0.02050222302905587,
          "rentry_pprice_dist_wallet_exposure_weighting": 5.177022441058167,
          "wallet_exposure_limit": 1},
 "short": {"auto_unstuck_delay_minutes": 32.14548067639825,
           "auto_unstuck_ema_dist": -0.099241501930292,
           "auto_unstuck_qty_pct": 0.09593031172128913,
           "auto_unstuck_wallet_exposure_threshold": 0.13689636919241396,
           "backwards_tp": false,
           "ddown_factor": 0.73296449504991,
           "ema_span_0": 792.1283239233674,
           "ema_span_1": 789.2886666613737,
           "enabled": false,
           "initial_eprice_ema_dist": -0.004859922354545928,
           "initial_qty_pct": 0.013088256293292282,
           "markup_range": 0.00941636970563485,
           "min_markup": 0.03134777420408856,
           "n_close_orders": 7,
           "rentry_pprice_dist": 0.041606965304503744,
           "rentry_pprice_dist_wallet_exposure_weighting": 0.9314675830894562,
           "wallet_exposure_limit": 1.0}}