{"config_name": "recursive_grid_ONDOUSDT_121days",
 "logging_level": 0,
 "long": {"auto_unstuck_delay_minutes": 1327.832197691766,
          "auto_unstuck_ema_dist": -0.04340166837596431,
          "auto_unstuck_qty_pct": 0.01,
          "auto_unstuck_wallet_exposure_threshold": 0.0925294919319373,
          "backwards_tp": false,
          "ddown_factor": 0.4609232627065557,
          "ema_span_0": 1185.805788517879,
          "ema_span_1": 1413.3007776228137,
          "enabled": true,
          "initial_eprice_ema_dist": -0.021536244144478876,
          "initial_qty_pct": 0.03889691389608512,
          "markup_range": 0.05,
          "min_markup": 0.023373015266627648,
          "n_close_orders": 6,
          "rentry_pprice_dist": 0.008910902149021467,
          "rentry_pprice_dist_wallet_exposure_weighting": 7.8496143170224775,
          "wallet_exposure_limit": 1},
 "short": {"auto_unstuck_delay_minutes": 1349.641734725735,
           "auto_unstuck_ema_dist": -0.09116952171083645,
           "auto_unstuck_qty_pct": 0.03733182142187227,
           "auto_unstuck_wallet_exposure_threshold": 0.5639881283794524,
           "backwards_tp": false,
           "ddown_factor": 2.6254881086755635,
           "ema_span_0": 1004.52748256924,
           "ema_span_1": 599.6834030644482,
           "enabled": false,
           "initial_eprice_ema_dist": -0.06140970566659536,
           "initial_qty_pct": 0.03605727597021578,
           "markup_range": 0.029539394526608066,
           "min_markup": 0.007585011633746766,
           "n_close_orders": 6,
           "rentry_pprice_dist": 0.017587389485003477,
           "rentry_pprice_dist_wallet_exposure_weighting": 17.0836800563349,
           "wallet_exposure_limit": 1.0}}