{"config_name": "recursive_grid_ALTUSDT_185days",
 "logging_level": 0,
 "long": {"auto_unstuck_delay_minutes": 0,
          "auto_unstuck_ema_dist": 0,
          "auto_unstuck_qty_pct": 0,
          "auto_unstuck_wallet_exposure_threshold": 0.0,
          "backwards_tp": false,
          "ddown_factor": 0.5079358912858717,
          "ema_span_0": 1193.1914021982031,
          "ema_span_1": 496.21611138318025,
          "enabled": true,
          "initial_eprice_ema_dist": 0.032469605935841334,
          "initial_qty_pct": 0.04,
          "markup_range": 0.049732477478893485,
          "min_markup": 0.03,
          "n_close_orders": 3,
          "rentry_pprice_dist": 0.023862810321049227,
          "rentry_pprice_dist_wallet_exposure_weighting": 9.345454189522599,
          "wallet_exposure_limit": 1},
 "short": {"auto_unstuck_delay_minutes": 921.7751430780874,
           "auto_unstuck_ema_dist": -0.026769837766182872,
           "auto_unstuck_qty_pct": 0.012620151164827804,
           "auto_unstuck_wallet_exposure_threshold": 0.6707484480442542,
           "backwards_tp": false,
           "ddown_factor": 0.7364273528337786,
           "ema_span_0": 239.0498305426021,
           "ema_span_1": 951.2674338507469,
           "enabled": false,
           "initial_eprice_ema_dist": -0.06093140804761653,
           "initial_qty_pct": 0.03676294432883457,
           "markup_range": 0.057503548022870714,
           "min_markup": 0.007836735510061693,
           "n_close_orders": 4,
           "rentry_pprice_dist": 0.0149736272375094,
           "rentry_pprice_dist_wallet_exposure_weighting": 8.86578659424494,
           "wallet_exposure_limit": 1.0}}