{"config_name": "recursive_grid_LTCUSDT_453days",
 "logging_level": 0,
 "long": {"auto_unstuck_delay_minutes": 868.4388140265578,
          "auto_unstuck_ema_dist": 0.0029408059973833013,
          "auto_unstuck_qty_pct": 0.01,
          "auto_unstuck_wallet_exposure_threshold": 0.04795571230082176,
          "backwards_tp": false,
          "ddown_factor": 1.683070136239251,
          "ema_span_0": 669.4822020468342,
          "ema_span_1": 1105.6427614217428,
          "enabled": true,
          "initial_eprice_ema_dist": 0.008089032560210582,
          "initial_qty_pct": 0.05,
          "markup_range": 0.053916689696920775,
          "min_markup": 0.009366890525469664,
          "n_close_orders": 6,
          "rentry_pprice_dist": 0.023498571112351513,
          "rentry_pprice_dist_wallet_exposure_weighting": 1.4109073603708742,
          "wallet_exposure_limit": 1},
 "short": {"auto_unstuck_delay_minutes": 434.23523639747026,
           "auto_unstuck_ema_dist": -0.08628300087100305,
           "auto_unstuck_qty_pct": 0.051132444294054065,
           "auto_unstuck_wallet_exposure_threshold": 0.6855758691793956,
           "backwards_tp": true,
           "ddown_factor": 1.7543578687117616,
           "ema_span_0": 982.1955048642066,
           "ema_span_1": 953.8617057335175,
           "enabled": false,
           "initial_eprice_ema_dist": -0.04524026314069085,
           "initial_qty_pct": 0.04397651871557724,
           "markup_range": 0.010278201510986238,
           "min_markup": 0.006239901938842639,
           "n_close_orders": 16,
           "rentry_pprice_dist": 0.0293704102037571,
           "rentry_pprice_dist_wallet_exposure_weighting": 11.726000059162764,
           "wallet_exposure_limit": 1.0}}