{"config_name": "recursive_grid_ICPUSDT_156days",
 "logging_level": 0,
 "long": {"auto_unstuck_delay_minutes": 1144.2745541000788,
          "auto_unstuck_ema_dist": 0.0021017263291085077,
          "auto_unstuck_qty_pct": 0.01,
          "auto_unstuck_wallet_exposure_threshold": 0.07606311106783874,
          "backwards_tp": false,
          "ddown_factor": 0.5921562838998355,
          "ema_span_0": 686.1851428274451,
          "ema_span_1": 1400.161169652204,
          "enabled": true,
          "initial_eprice_ema_dist": 0.005358548663841072,
          "initial_qty_pct": 0.04682769499876018,
          "markup_range": 0.011798160930769137,
          "min_markup": 0.010817140963596428,
          "n_close_orders": 7,
          "rentry_pprice_dist": 0.007365742727466346,
          "rentry_pprice_dist_wallet_exposure_weighting": 10.32184872231043,
          "wallet_exposure_limit": 1.0},
 "short": {"auto_unstuck_delay_minutes": 991.1404202620168,
           "auto_unstuck_ema_dist": -0.0724680759007759,
           "auto_unstuck_qty_pct": 0.0798251002210539,
           "auto_unstuck_wallet_exposure_threshold": 0.8689315575850277,
           "backwards_tp": false,
           "ddown_factor": 1.392527901679063,
           "ema_span_0": 217.36032875162272,
           "ema_span_1": 1315.8388965612698,
           "enabled": false,
           "initial_eprice_ema_dist": -0.030773992844113557,
           "initial_qty_pct": 0.02788662939973989,
           "markup_range": 0.041025717606193314,
           "min_markup": 0.004562422605404058,
           "n_close_orders": 6,
           "rentry_pprice_dist": 0.023585337928451355,
           "rentry_pprice_dist_wallet_exposure_weighting": 16.961771752194977,
           "wallet_exposure_limit": 1.0}}