{"config_name": "recursive_grid_1000RATSUSDT_150days",
 "logging_level": 0,
 "long": {"auto_unstuck_delay_minutes": 1345.351602092262,
          "auto_unstuck_ema_dist": 0.01573178387003169,
          "auto_unstuck_qty_pct": 0.01,
          "auto_unstuck_wallet_exposure_threshold": 0.09575242586041012,
          "backwards_tp": false,
          "ddown_factor": 0.48220978564750183,
          "ema_span_0": 158.4753265664696,
          "ema_span_1": 279.55656205248874,
          "enabled": true,
          "initial_eprice_ema_dist": 0.022624329718644642,
          "initial_qty_pct": 0.04337196481392179,
          "markup_range": 0.04663348385542887,
          "min_markup": 0.011625826622479362,
          "n_close_orders": 7,
          "rentry_pprice_dist": 0.01364534459013931,
          "rentry_pprice_dist_wallet_exposure_weighting": 11.674690123121362,
          "wallet_exposure_limit": 1},
 "short": {"auto_unstuck_delay_minutes": 278.94869280313975,
           "auto_unstuck_ema_dist": -0.06698823161188763,
           "auto_unstuck_qty_pct": 0.012895170388225241,
           "auto_unstuck_wallet_exposure_threshold": 0.4092430631575362,
           "backwards_tp": false,
           "ddown_factor": 0.8905379403473709,
           "ema_span_0": 259.2639086349442,
           "ema_span_1": 1277.6926171070215,
           "enabled": false,
           "initial_eprice_ema_dist": 4.13157908897982e-05,
           "initial_qty_pct": 0.036453698464765844,
           "markup_range": 0.053511506713623355,
           "min_markup": 0.002337255651788119,
           "n_close_orders": 11,
           "rentry_pprice_dist": 0.049323834205442264,
           "rentry_pprice_dist_wallet_exposure_weighting": 13.162888731051565,
           "wallet_exposure_limit": 1.0}}