{"config_name": "recursive_grid_NEARUSDT_142days",
 "logging_level": 0,
 "long": {"auto_unstuck_delay_minutes": 1416.8143009694984,
          "auto_unstuck_ema_dist": 0.009118442989733945,
          "auto_unstuck_qty_pct": 0.01,
          "auto_unstuck_wallet_exposure_threshold": 0.05281798521469876,
          "backwards_tp": false,
          "ddown_factor": 0.3,
          "ema_span_0": 567.8426859724365,
          "ema_span_1": 640.442730491319,
          "enabled": true,
          "initial_eprice_ema_dist": 0.00747212400298348,
          "initial_qty_pct": 0.04961264213329237,
          "markup_range": 0.03148007045577626,
          "min_markup": 0.04,
          "n_close_orders": 5,
          "rentry_pprice_dist": 0.010451882863694157,
          "rentry_pprice_dist_wallet_exposure_weighting": 9.660702623419555,
          "wallet_exposure_limit": 1},
 "short": {"auto_unstuck_delay_minutes": 484.6929814652801,
           "auto_unstuck_ema_dist": -0.08367276554648623,
           "auto_unstuck_qty_pct": 0.04297659898062163,
           "auto_unstuck_wallet_exposure_threshold": 0.5734572940637823,
           "backwards_tp": false,
           "ddown_factor": 0.6338071614727946,
           "ema_span_0": 774.8549764820448,
           "ema_span_1": 326.5124961696057,
           "enabled": false,
           "initial_eprice_ema_dist": -0.09996118233581897,
           "initial_qty_pct": 0.04667371760255261,
           "markup_range": 0.022807207339873237,
           "min_markup": 0.005664624307562645,
           "n_close_orders": 14,
           "rentry_pprice_dist": 0.028146370978378996,
           "rentry_pprice_dist_wallet_exposure_weighting": 6.390533027895651,
           "wallet_exposure_limit": 1.0}}