{"config_name": "recursive_grid_CAKEUSDT_147days",
 "logging_level": 0,
 "long": {"auto_unstuck_delay_minutes": 862.3332387993282,
          "auto_unstuck_ema_dist": -0.031979423655396584,
          "auto_unstuck_qty_pct": 0.01,
          "auto_unstuck_wallet_exposure_threshold": 0.08446701668827844,
          "backwards_tp": false,
          "ddown_factor": 1.7099844831761717,
          "ema_span_0": 900.1149202177685,
          "ema_span_1": 907.4016644266674,
          "enabled": true,
          "initial_eprice_ema_dist": 0.008210225142788956,
          "initial_qty_pct": 0.05,
          "markup_range": 0.020127910872394007,
          "min_markup": 0.01,
          "n_close_orders": 6,
          "rentry_pprice_dist": 0.022916098134838917,
          "rentry_pprice_dist_wallet_exposure_weighting": 1.7286219919956936,
          "wallet_exposure_limit": 1},
 "short": {"auto_unstuck_delay_minutes": 471.82977820982245,
           "auto_unstuck_ema_dist": -0.0008664518381637232,
           "auto_unstuck_qty_pct": 0.021416661878322918,
           "auto_unstuck_wallet_exposure_threshold": 0.2193041570412591,
           "backwards_tp": true,
           "ddown_factor": 0.1681648587500488,
           "ema_span_0": 48.04540380558085,
           "ema_span_1": 1264.0856620242503,
           "enabled": false,
           "initial_eprice_ema_dist": -0.02290615428217685,
           "initial_qty_pct": 0.04258476285443481,
           "markup_range": 0.023474012183304683,
           "min_markup": 0.009251908056569277,
           "n_close_orders": 13,
           "rentry_pprice_dist": 0.03133290392259209,
           "rentry_pprice_dist_wallet_exposure_weighting": 7.849540412321758,
           "wallet_exposure_limit": 1.0}}