{"config_name": "recursive_grid_ETHUSDT_143days",
 "logging_level": 0,
 "long": {"auto_unstuck_delay_minutes": 606.3681012989632,
          "auto_unstuck_ema_dist": -0.022704410277638865,
          "auto_unstuck_qty_pct": 0.01,
          "auto_unstuck_wallet_exposure_threshold": 0.030672334081818443,
          "backwards_tp": false,
          "ddown_factor": 0.364742002549221,
          "ema_span_0": 396.75360047328286,
          "ema_span_1": 403.14951919419406,
          "enabled": true,
          "initial_eprice_ema_dist": 0.005277712667594914,
          "initial_qty_pct": 0.040605750657848314,
          "markup_range": 0.030658445194887765,
          "min_markup": 0.012232913357426569,
          "n_close_orders": 5,
          "rentry_pprice_dist": 0.015429555915934801,
          "rentry_pprice_dist_wallet_exposure_weighting": 9.636705052645876,
          "wallet_exposure_limit": 1.0},
 "short": {"auto_unstuck_delay_minutes": 966.6912281311598,
           "auto_unstuck_ema_dist": -0.0498181002448265,
           "auto_unstuck_qty_pct": 0.06422076318809881,
           "auto_unstuck_wallet_exposure_threshold": 0.8285094523095139,
           "backwards_tp": false,
           "ddown_factor": 0.4744800889017061,
           "ema_span_0": 457.851567825241,
           "ema_span_1": 636.5295817479833,
           "enabled": false,
           "initial_eprice_ema_dist": -0.03314490951850918,
           "initial_qty_pct": 0.021406911600190218,
           "markup_range": 0.036655172402526894,
           "min_markup": 0.008070059622191782,
           "n_close_orders": 9,
           "rentry_pprice_dist": 0.04175271779579023,
           "rentry_pprice_dist_wallet_exposure_weighting": 4.344785152593198,
           "wallet_exposure_limit": 1.0}}