{"config_name": "recursive_grid_ROSEUSDT_454days",
 "logging_level": 0,
 "long": {"auto_unstuck_delay_minutes": 1421.4617565666192,
          "auto_unstuck_ema_dist": -0.030430406304545188,
          "auto_unstuck_qty_pct": 0.01,
          "auto_unstuck_wallet_exposure_threshold": 0.094993449884128,
          "backwards_tp": false,
          "ddown_factor": 1.660130272483509,
          "ema_span_0": 1440,
          "ema_span_1": 1438.3374077112278,
          "enabled": true,
          "initial_eprice_ema_dist": 0.009649967725179892,
          "initial_qty_pct": 0.05,
          "markup_range": 0.055719695050241554,
          "min_markup": 0.007080234783881297,
          "n_close_orders": 7,
          "rentry_pprice_dist": 0.02,
          "rentry_pprice_dist_wallet_exposure_weighting": 1.0049042861631028,
          "wallet_exposure_limit": 1},
 "short": {"auto_unstuck_delay_minutes": 997.3086660912584,
           "auto_unstuck_ema_dist": -0.06731009287883502,
           "auto_unstuck_qty_pct": 0.04351972134939767,
           "auto_unstuck_wallet_exposure_threshold": 0.45434716096726346,
           "backwards_tp": true,
           "ddown_factor": 2.1817514297217087,
           "ema_span_0": 1011.5211124721367,
           "ema_span_1": 523.0902491134643,
           "enabled": false,
           "initial_eprice_ema_dist": -0.028199514075989016,
           "initial_qty_pct": 0.027438688741747416,
           "markup_range": 0.05473830134017414,
           "min_markup": 0.006687489879515891,
           "n_close_orders": 13,
           "rentry_pprice_dist": 0.024505018969802575,
           "rentry_pprice_dist_wallet_exposure_weighting": 11.417938538159607,
           "wallet_exposure_limit": 1.0}}