{"config_name": "recursive_grid_XMRUSDT_926days",
 "logging_level": 0,
 "long": {"auto_unstuck_delay_minutes": 0,
          "auto_unstuck_ema_dist": 0,
          "auto_unstuck_qty_pct": 0,
          "auto_unstuck_wallet_exposure_threshold": 0.0,
          "backwards_tp": false,
          "ddown_factor": 0.47885174588902224,
          "ema_span_0": 1078.89858218053,
          "ema_span_1": 1071.4393128861109,
          "enabled": true,
          "initial_eprice_ema_dist": 0.02228155319822246,
          "initial_qty_pct": 0.04,
          "markup_range": 0.043103505009471264,
          "min_markup": 0.03,
          "n_close_orders": 2,
          "rentry_pprice_dist": 0.023973242333062274,
          "rentry_pprice_dist_wallet_exposure_weighting": 12.2638454319195,
          "wallet_exposure_limit": 1},
 "short": {"auto_unstuck_delay_minutes": 967.5122127374456,
           "auto_unstuck_ema_dist": -0.06565196375973403,
           "auto_unstuck_qty_pct": 0.08874316219873844,
           "auto_unstuck_wallet_exposure_threshold": 0.6431285599543273,
           "backwards_tp": false,
           "ddown_factor": 2.9080343192075175,
           "ema_span_0": 426.43689513770727,
           "ema_span_1": 1191.8441833326099,
           "enabled": false,
           "initial_eprice_ema_dist": -0.0387274565098563,
           "initial_qty_pct": 0.010975547757290802,
           "markup_range": 0.051438311449422805,
           "min_markup": 0.006756569560643648,
           "n_close_orders": 3,
           "rentry_pprice_dist": 0.03563143149148295,
           "rentry_pprice_dist_wallet_exposure_weighting": 3.0807107376280385,
           "wallet_exposure_limit": 1.0}}