{"config_name": "recursive_grid_SANDUSDT_955days",
 "logging_level": 0,
 "long": {"auto_unstuck_delay_minutes": 0.0,
          "auto_unstuck_ema_dist": 0.0,
          "auto_unstuck_qty_pct": 0.0,
          "auto_unstuck_wallet_exposure_threshold": 0.0,
          "backwards_tp": false,
          "ddown_factor": 0.5064365824847495,
          "ema_span_0": 749.242839705996,
          "ema_span_1": 86.34636642152086,
          "enabled": true,
          "initial_eprice_ema_dist": 0.0866902364671723,
          "initial_qty_pct": 0.04,
          "markup_range": 0.028280696944075846,
          "min_markup": 0.011819522173651582,
          "n_close_orders": 4,
          "rentry_pprice_dist": 0.026372996967609953,
          "rentry_pprice_dist_wallet_exposure_weighting": 10.030245237245847,
          "wallet_exposure_limit": 1.0},
 "short": {"auto_unstuck_delay_minutes": 748.9259470595002,
           "auto_unstuck_ema_dist": -0.058604159684998255,
           "auto_unstuck_qty_pct": 0.07137386507556429,
           "auto_unstuck_wallet_exposure_threshold": 0.6068958398816144,
           "backwards_tp": false,
           "ddown_factor": 2.9805777574286165,
           "ema_span_0": 917.3790408514272,
           "ema_span_1": 669.6081762778416,
           "enabled": false,
           "initial_eprice_ema_dist": -0.05683794963697024,
           "initial_qty_pct": 0.037064452965160005,
           "markup_range": 0.035804520425918855,
           "min_markup": 0.008937897526736155,
           "n_close_orders": 12,
           "rentry_pprice_dist": 0.028360823330470405,
           "rentry_pprice_dist_wallet_exposure_weighting": 12.48668275234965,
           "wallet_exposure_limit": 1.0}}