{"config_name": "recursive_grid_NEARUSDT_142days",
 "logging_level": 0,
 "long": {"auto_unstuck_delay_minutes": 828.821374196389,
          "auto_unstuck_ema_dist": -0.023729772434851516,
          "auto_unstuck_qty_pct": 0.01,
          "auto_unstuck_wallet_exposure_threshold": 0.07740387343991717,
          "backwards_tp": false,
          "ddown_factor": 1.3704529944803516,
          "ema_span_0": 808.4501420629347,
          "ema_span_1": 1376.1133205806577,
          "enabled": true,
          "initial_eprice_ema_dist": 0.014477052703215655,
          "initial_qty_pct": 0.03751690012629132,
          "markup_range": 0.028548930094912522,
          "min_markup": 0.01051081496309607,
          "n_close_orders": 4,
          "rentry_pprice_dist": 0.024594707967254794,
          "rentry_pprice_dist_wallet_exposure_weighting": 13.739182467598171,
          "wallet_exposure_limit": 1.0},
 "short": {"auto_unstuck_delay_minutes": 607.0272369090876,
           "auto_unstuck_ema_dist": -0.06529364177656752,
           "auto_unstuck_qty_pct": 0.0957833911247911,
           "auto_unstuck_wallet_exposure_threshold": 0.633232435519653,
           "backwards_tp": false,
           "ddown_factor": 2.801117557846797,
           "ema_span_0": 1099.5432788297185,
           "ema_span_1": 737.9529232742819,
           "enabled": false,
           "initial_eprice_ema_dist": -0.04477550599469537,
           "initial_qty_pct": 0.03750101252265227,
           "markup_range": 0.005511136551002111,
           "min_markup": 0.006148900280732689,
           "n_close_orders": 9,
           "rentry_pprice_dist": 0.04118598385846083,
           "rentry_pprice_dist_wallet_exposure_weighting": 16.97262367868634,
           "wallet_exposure_limit": 1.0}}