{"config_name": "recursive_grid_XLMUSDT_1063days",
 "logging_level": 0,
 "long": {"auto_unstuck_delay_minutes": 0,
          "auto_unstuck_ema_dist": 0,
          "auto_unstuck_qty_pct": 0,
          "auto_unstuck_wallet_exposure_threshold": 0.0,
          "backwards_tp": false,
          "ddown_factor": 0.40139129152331804,
          "ema_span_0": 512.6283896545938,
          "ema_span_1": 461.9904888490984,
          "enabled": true,
          "initial_eprice_ema_dist": 0.02647810422876443,
          "initial_qty_pct": 0.04,
          "markup_range": 0.040247477990713876,
          "min_markup": 0.03,
          "n_close_orders": 4,
          "rentry_pprice_dist": 0.020140005420048162,
          "rentry_pprice_dist_wallet_exposure_weighting": 11.085386021504027,
          "wallet_exposure_limit": 1},
 "short": {"auto_unstuck_delay_minutes": 23.381498636774182,
           "auto_unstuck_ema_dist": -0.09045047985872098,
           "auto_unstuck_qty_pct": 0.032414580718923884,
           "auto_unstuck_wallet_exposure_threshold": 0.8426926695127747,
           "backwards_tp": false,
           "ddown_factor": 2.0167186856910475,
           "ema_span_0": 152.15847272028762,
           "ema_span_1": 191.14996576580623,
           "enabled": false,
           "initial_eprice_ema_dist": -0.0686532908401718,
           "initial_qty_pct": 0.038006292415444475,
           "markup_range": 0.015028568319476635,
           "min_markup": 0.0024561503046075786,
           "n_close_orders": 13,
           "rentry_pprice_dist": 0.005980918429593772,
           "rentry_pprice_dist_wallet_exposure_weighting": 3.761401136971523,
           "wallet_exposure_limit": 1.0}}