{"config_name": "recursive_grid_MKRUSDT_848days",
 "logging_level": 0,
 "long": {"auto_unstuck_delay_minutes": 0.0,
          "auto_unstuck_ema_dist": 0.0,
          "auto_unstuck_qty_pct": 0.0,
          "auto_unstuck_wallet_exposure_threshold": 0.0,
          "backwards_tp": false,
          "ddown_factor": 0.5391480393312111,
          "ema_span_0": 1211.773469442326,
          "ema_span_1": 1139.722667681177,
          "enabled": true,
          "initial_eprice_ema_dist": 0.01457060020757213,
          "initial_qty_pct": 0.04,
          "markup_range": 0.012877901611754125,
          "min_markup": 0.027779802978564277,
          "n_close_orders": 4,
          "rentry_pprice_dist": 0.012769090895206755,
          "rentry_pprice_dist_wallet_exposure_weighting": 11.123459074054416,
          "wallet_exposure_limit": 1.0},
 "short": {"auto_unstuck_delay_minutes": 62.7005016847689,
           "auto_unstuck_ema_dist": -0.018147865202313485,
           "auto_unstuck_qty_pct": 0.01526603168168663,
           "auto_unstuck_wallet_exposure_threshold": 0.41590581018819595,
           "backwards_tp": false,
           "ddown_factor": 2.1110006454374433,
           "ema_span_0": 733.6822544360617,
           "ema_span_1": 1307.732138536004,
           "enabled": false,
           "initial_eprice_ema_dist": -0.06820433124813238,
           "initial_qty_pct": 0.01992703311819759,
           "markup_range": 0.00039487212025943294,
           "min_markup": 0.006740790484970555,
           "n_close_orders": 3,
           "rentry_pprice_dist": 0.027793382119860523,
           "rentry_pprice_dist_wallet_exposure_weighting": 0.047910713867145294,
           "wallet_exposure_limit": 1.0}}