{"config_name": "recursive_grid_XRPUSDT_143days",
 "logging_level": 0,
 "long": {"auto_unstuck_delay_minutes": 908.2199352139914,
          "auto_unstuck_ema_dist": -0.05,
          "auto_unstuck_qty_pct": 0.01,
          "auto_unstuck_wallet_exposure_threshold": 0.05903670109409373,
          "backwards_tp": false,
          "ddown_factor": 0.47224581923732856,
          "ema_span_0": 617.8433991065683,
          "ema_span_1": 309.8554812063693,
          "enabled": true,
          "initial_eprice_ema_dist": 0.017229701397601216,
          "initial_qty_pct": 0.046352178291232234,
          "markup_range": 0.02056100783538066,
          "min_markup": 0.02350319075935562,
          "n_close_orders": 6,
          "rentry_pprice_dist": 0.0184514261371084,
          "rentry_pprice_dist_wallet_exposure_weighting": 7.762884591168988,
          "wallet_exposure_limit": 1.0},
 "short": {"auto_unstuck_delay_minutes": 762.6737656941099,
           "auto_unstuck_ema_dist": -0.037012751847685404,
           "auto_unstuck_qty_pct": 0.09065261308064294,
           "auto_unstuck_wallet_exposure_threshold": 0.38574024487326275,
           "backwards_tp": false,
           "ddown_factor": 2.6844583377505686,
           "ema_span_0": 431.9482621696812,
           "ema_span_1": 402.5730128836418,
           "enabled": false,
           "initial_eprice_ema_dist": -0.07913045041978861,
           "initial_qty_pct": 0.044889016248383005,
           "markup_range": 0.05936381555827387,
           "min_markup": 0.0042560325189110355,
           "n_close_orders": 6,
           "rentry_pprice_dist": 0.04772692886037662,
           "rentry_pprice_dist_wallet_exposure_weighting": 5.905236868383206,
           "wallet_exposure_limit": 1.0}}