{"config_name": "recursive_grid_ARBUSDT_156days",
 "logging_level": 0,
 "long": {"auto_unstuck_delay_minutes": 1018.2050308076182,
          "auto_unstuck_ema_dist": 0.021895725197659324,
          "auto_unstuck_qty_pct": 0.01,
          "auto_unstuck_wallet_exposure_threshold": 0.06918552822068992,
          "backwards_tp": false,
          "ddown_factor": 0.4429445498248651,
          "ema_span_0": 369.26443677835584,
          "ema_span_1": 251.07819422503513,
          "enabled": true,
          "initial_eprice_ema_dist": 0.008304974310560164,
          "initial_qty_pct": 0.04342202003483014,
          "markup_range": 0.010084036562440378,
          "min_markup": 0.013114564641997555,
          "n_close_orders": 8,
          "rentry_pprice_dist": 0.01578986609788965,
          "rentry_pprice_dist_wallet_exposure_weighting": 8.817233976637812,
          "wallet_exposure_limit": 1.0},
 "short": {"auto_unstuck_delay_minutes": 845.1168701411669,
           "auto_unstuck_ema_dist": -0.03267601176465379,
           "auto_unstuck_qty_pct": 0.037373390541771065,
           "auto_unstuck_wallet_exposure_threshold": 0.7621169657014563,
           "backwards_tp": false,
           "ddown_factor": 2.374898659593782,
           "ema_span_0": 110.6481621094284,
           "ema_span_1": 444.44242343457705,
           "enabled": false,
           "initial_eprice_ema_dist": -0.005734719185937362,
           "initial_qty_pct": 0.034661082170387755,
           "markup_range": 0.02580972993392769,
           "min_markup": 0.00710243280813447,
           "n_close_orders": 13,
           "rentry_pprice_dist": 0.021780909161860557,
           "rentry_pprice_dist_wallet_exposure_weighting": 12.076975432550745,
           "wallet_exposure_limit": 1.0}}