{"config_name": "recursive_grid_UNIUSDT_366days",
 "logging_level": 0,
 "long": {"auto_unstuck_delay_minutes": 83.72117437309406,
          "auto_unstuck_ema_dist": -0.03110876627630084,
          "auto_unstuck_qty_pct": 0.028391933110610848,
          "auto_unstuck_wallet_exposure_threshold": 0.17674092612303768,
          "backwards_tp": false,
          "ddown_factor": 0.31040484095166293,
          "ema_span_0": 915.6452466557682,
          "ema_span_1": 2351.199922935913,
          "enabled": true,
          "initial_eprice_ema_dist": -0.0021614647885354384,
          "initial_qty_pct": 0.06256760968348817,
          "markup_range": 0.002999121860769334,
          "min_markup": 0.017779149517468926,
          "n_close_orders": 3,
          "rentry_pprice_dist": 0.04026923050178648,
          "rentry_pprice_dist_wallet_exposure_weighting": 0.2534777098846662,
          "wallet_exposure_limit": 1.0},
 "short": {"auto_unstuck_delay_minutes": 0.0,
           "auto_unstuck_ema_dist": 0.0,
           "auto_unstuck_qty_pct": 0.0,
           "auto_unstuck_wallet_exposure_threshold": 0.0,
           "backwards_tp": false,
           "ddown_factor": 1.9246251798642953,
           "ema_span_0": 947.2059735149347,
           "ema_span_1": 970.214444775277,
           "enabled": false,
           "initial_eprice_ema_dist": -0.004657911110290077,
           "initial_qty_pct": 0.01935043196507685,
           "markup_range": 0.0064884656915623245,
           "min_markup": 0.004216010249844819,
           "n_close_orders": 10,
           "rentry_pprice_dist": 0.048910998906914235,
           "rentry_pprice_dist_wallet_exposure_weighting": 1.6844263487978144,
           "wallet_exposure_limit": 1.0}}