{"config_name": "recursive_grid_LRCUSDT_991days",
 "logging_level": 0,
 "long": {"auto_unstuck_delay_minutes": 0,
          "auto_unstuck_ema_dist": 0,
          "auto_unstuck_qty_pct": 0,
          "auto_unstuck_wallet_exposure_threshold": 0.0,
          "backwards_tp": false,
          "ddown_factor": 0.49250049610965874,
          "ema_span_0": 1440,
          "ema_span_1": 1080.1747339924007,
          "enabled": true,
          "initial_eprice_ema_dist": 0.04123250821327781,
          "initial_qty_pct": 0.04,
          "markup_range": 0.03374006932316424,
          "min_markup": 0.03,
          "n_close_orders": 2,
          "rentry_pprice_dist": 0.03226982286644044,
          "rentry_pprice_dist_wallet_exposure_weighting": 10.172910849361774,
          "wallet_exposure_limit": 1},
 "short": {"auto_unstuck_delay_minutes": 1406.2266075923337,
           "auto_unstuck_ema_dist": -0.03103436450337166,
           "auto_unstuck_qty_pct": 0.036511418405315445,
           "auto_unstuck_wallet_exposure_threshold": 0.3601177707497397,
           "backwards_tp": false,
           "ddown_factor": 2.197090214864476,
           "ema_span_0": 1101.4601944902206,
           "ema_span_1": 168.56420170137625,
           "enabled": false,
           "initial_eprice_ema_dist": -0.09947199305425453,
           "initial_qty_pct": 0.01460602022722022,
           "markup_range": 0.02709056467161527,
           "min_markup": 0.008436402641804078,
           "n_close_orders": 12,
           "rentry_pprice_dist": 0.04164065391812763,
           "rentry_pprice_dist_wallet_exposure_weighting": 14.120502547686746,
           "wallet_exposure_limit": 1.0}}