{"config_name": "recursive_grid_STXUSDT_969days",
 "logging_level": 0,
 "long": {"auto_unstuck_delay_minutes": 0,
          "auto_unstuck_ema_dist": 0,
          "auto_unstuck_qty_pct": 0,
          "auto_unstuck_wallet_exposure_threshold": 0.0,
          "backwards_tp": false,
          "ddown_factor": 0.5866522513163835,
          "ema_span_0": 1180.0012674122975,
          "ema_span_1": 1309.617916862442,
          "enabled": true,
          "initial_eprice_ema_dist": 0.03476404076141453,
          "initial_qty_pct": 0.04,
          "markup_range": 0.03784830039582863,
          "min_markup": 0.03,
          "n_close_orders": 3,
          "rentry_pprice_dist": 0.04224244759509597,
          "rentry_pprice_dist_wallet_exposure_weighting": 8.719693522355046,
          "wallet_exposure_limit": 1},
 "short": {"auto_unstuck_delay_minutes": 183.83432169750682,
           "auto_unstuck_ema_dist": -0.06613233161563521,
           "auto_unstuck_qty_pct": 0.0320498029995589,
           "auto_unstuck_wallet_exposure_threshold": 0.8944622503165258,
           "backwards_tp": false,
           "ddown_factor": 2.2346175149353296,
           "ema_span_0": 1061.0235977596005,
           "ema_span_1": 642.0334601207418,
           "enabled": false,
           "initial_eprice_ema_dist": -0.07683803299469782,
           "initial_qty_pct": 0.024002448261869327,
           "markup_range": 0.04240661972260128,
           "min_markup": 0.007548843346373267,
           "n_close_orders": 5,
           "rentry_pprice_dist": 0.03335957115053981,
           "rentry_pprice_dist_wallet_exposure_weighting": 18.646196123193985,
           "wallet_exposure_limit": 1.0}}