{"config_name": "recursive_grid_1000BONKUSDT_449days",
 "logging_level": 0,
 "long": {"auto_unstuck_delay_minutes": 839.1835668137932,
          "auto_unstuck_ema_dist": -0.011569678007041319,
          "auto_unstuck_qty_pct": 0.01,
          "auto_unstuck_wallet_exposure_threshold": 0.05215076865315173,
          "backwards_tp": false,
          "ddown_factor": 1.131516310464435,
          "ema_span_0": 558.5186755806502,
          "ema_span_1": 1385.2955569848305,
          "enabled": true,
          "initial_eprice_ema_dist": 0.006992810139215089,
          "initial_qty_pct": 0.05,
          "markup_range": 0.050492590062885916,
          "min_markup": 0.0025923655654346797,
          "n_close_orders": 6,
          "rentry_pprice_dist": 0.05328904421760294,
          "rentry_pprice_dist_wallet_exposure_weighting": 2.610297685598397,
          "wallet_exposure_limit": 1},
 "short": {"auto_unstuck_delay_minutes": 868.9712077497994,
           "auto_unstuck_ema_dist": -0.023519944117145974,
           "auto_unstuck_qty_pct": 0.09091738169175141,
           "auto_unstuck_wallet_exposure_threshold": 0.8602162888887459,
           "backwards_tp": true,
           "ddown_factor": 2.702569292668896,
           "ema_span_0": 77.66619956925172,
           "ema_span_1": 576.6024482077696,
           "enabled": false,
           "initial_eprice_ema_dist": -0.07462230348238298,
           "initial_qty_pct": 0.03444535561073985,
           "markup_range": 0.01791032891302155,
           "min_markup": 0.006667439998317866,
           "n_close_orders": 11,
           "rentry_pprice_dist": 0.014451437080255269,
           "rentry_pprice_dist_wallet_exposure_weighting": 7.4057228430308015,
           "wallet_exposure_limit": 1.0}}