{"config_name": "recursive_grid_XLMUSDT_156days",
 "logging_level": 0,
 "long": {"auto_unstuck_delay_minutes": 546.9996095010869,
          "auto_unstuck_ema_dist": -0.023843576101309424,
          "auto_unstuck_qty_pct": 0.01,
          "auto_unstuck_wallet_exposure_threshold": 0.046883176277706766,
          "backwards_tp": false,
          "ddown_factor": 0.5067551523217364,
          "ema_span_0": 672.6394780629064,
          "ema_span_1": 1004.5300570713501,
          "enabled": true,
          "initial_eprice_ema_dist": 0.007301433384474443,
          "initial_qty_pct": 0.04849386627185179,
          "markup_range": 0.01209354605207582,
          "min_markup": 0.008930235341561957,
          "n_close_orders": 4,
          "rentry_pprice_dist": 0.008530166268327186,
          "rentry_pprice_dist_wallet_exposure_weighting": 8.498085181339908,
          "wallet_exposure_limit": 1},
 "short": {"auto_unstuck_delay_minutes": 254.73580244581956,
           "auto_unstuck_ema_dist": -0.04154182667595226,
           "auto_unstuck_qty_pct": 0.0155535021358107,
           "auto_unstuck_wallet_exposure_threshold": 0.8738030788598822,
           "backwards_tp": false,
           "ddown_factor": 1.022564746019298,
           "ema_span_0": 978.2764824808817,
           "ema_span_1": 802.5024080537569,
           "enabled": false,
           "initial_eprice_ema_dist": -0.021169720014509993,
           "initial_qty_pct": 0.04124759395491548,
           "markup_range": 0.043590528005391226,
           "min_markup": 0.007091171358861819,
           "n_close_orders": 15,
           "rentry_pprice_dist": 0.020204562310163328,
           "rentry_pprice_dist_wallet_exposure_weighting": 13.747601384237228,
           "wallet_exposure_limit": 1.0}}