{"config_name": "recursive_grid_ORDIUSDT_143days",
 "logging_level": 0,
 "long": {"auto_unstuck_delay_minutes": 977.6595534543013,
          "auto_unstuck_ema_dist": 0.02995361589990994,
          "auto_unstuck_qty_pct": 0.01,
          "auto_unstuck_wallet_exposure_threshold": 0.052681126319910176,
          "backwards_tp": false,
          "ddown_factor": 0.505401042805296,
          "ema_span_0": 591.4553741925939,
          "ema_span_1": 406.9183752131805,
          "enabled": true,
          "initial_eprice_ema_dist": 0.012414507538488339,
          "initial_qty_pct": 0.04829506659270568,
          "markup_range": 0.03668224501907261,
          "min_markup": 0.00886916864901858,
          "n_close_orders": 8,
          "rentry_pprice_dist": 0.015893253519091054,
          "rentry_pprice_dist_wallet_exposure_weighting": 9.370421267167293,
          "wallet_exposure_limit": 1},
 "short": {"auto_unstuck_delay_minutes": 160.36928709606113,
           "auto_unstuck_ema_dist": -0.061136068591297346,
           "auto_unstuck_qty_pct": 0.019611419354194477,
           "auto_unstuck_wallet_exposure_threshold": 0.7654973628516429,
           "backwards_tp": false,
           "ddown_factor": 1.7381241632598805,
           "ema_span_0": 1316.6411803583526,
           "ema_span_1": 265.66493797572724,
           "enabled": false,
           "initial_eprice_ema_dist": -0.09650370753114365,
           "initial_qty_pct": 0.03289010549856585,
           "markup_range": 0.009311426499095153,
           "min_markup": 0.0066490768945076445,
           "n_close_orders": 2,
           "rentry_pprice_dist": 0.023533145730577413,
           "rentry_pprice_dist_wallet_exposure_weighting": 16.85824272497179,
           "wallet_exposure_limit": 1.0}}