{"config_name": "recursive_grid_HBARUSDT_454days",
 "logging_level": 0,
 "long": {"auto_unstuck_delay_minutes": 1393.454491325968,
          "auto_unstuck_ema_dist": -0.0023935900806562813,
          "auto_unstuck_qty_pct": 0.01,
          "auto_unstuck_wallet_exposure_threshold": 0.035603431820398004,
          "backwards_tp": false,
          "ddown_factor": 1.6499236430891822,
          "ema_span_0": 1277.2609253491319,
          "ema_span_1": 1219.8758009621633,
          "enabled": true,
          "initial_eprice_ema_dist": 0.007327032615457978,
          "initial_qty_pct": 0.05,
          "markup_range": 0.019654625127473967,
          "min_markup": 0.0091801491814652,
          "n_close_orders": 6,
          "rentry_pprice_dist": 0.03314530310273386,
          "rentry_pprice_dist_wallet_exposure_weighting": 2.0024392669229014,
          "wallet_exposure_limit": 1.0},
 "short": {"auto_unstuck_delay_minutes": 502.35825217803074,
           "auto_unstuck_ema_dist": -0.052491666077423574,
           "auto_unstuck_qty_pct": 0.07587045630133624,
           "auto_unstuck_wallet_exposure_threshold": 0.2805638158251985,
           "backwards_tp": true,
           "ddown_factor": 2.753922056153203,
           "ema_span_0": 1306.3730145794423,
           "ema_span_1": 1124.6146381453239,
           "enabled": false,
           "initial_eprice_ema_dist": -0.01097320808526843,
           "initial_qty_pct": 0.01576643026360531,
           "markup_range": 0.04768753157919739,
           "min_markup": 0.004950116862747865,
           "n_close_orders": 5,
           "rentry_pprice_dist": 0.04201256000873271,
           "rentry_pprice_dist_wallet_exposure_weighting": 7.651147841217039,
           "wallet_exposure_limit": 1.0}}