{"config_name": "recursive_grid_UNIUSDT_454days",
 "logging_level": 0,
 "long": {"auto_unstuck_delay_minutes": 980.7188253023228,
          "auto_unstuck_ema_dist": -0.012540075169754103,
          "auto_unstuck_qty_pct": 0.01,
          "auto_unstuck_wallet_exposure_threshold": 0.07703935588037522,
          "backwards_tp": false,
          "ddown_factor": 0.5244353544647975,
          "ema_span_0": 1021.9404927144243,
          "ema_span_1": 731.2517951901897,
          "enabled": true,
          "initial_eprice_ema_dist": 0.005384162979299914,
          "initial_qty_pct": 0.05,
          "markup_range": 0.038470438040752154,
          "min_markup": 0.0020755109856776,
          "n_close_orders": 5,
          "rentry_pprice_dist": 0.059861837606754315,
          "rentry_pprice_dist_wallet_exposure_weighting": 1.4465837957171128,
          "wallet_exposure_limit": 1},
 "short": {"auto_unstuck_delay_minutes": 792.9505654713026,
           "auto_unstuck_ema_dist": -0.0481027132077204,
           "auto_unstuck_qty_pct": 0.09955077828641985,
           "auto_unstuck_wallet_exposure_threshold": 0.21907588320666227,
           "backwards_tp": true,
           "ddown_factor": 0.45306008432605405,
           "ema_span_0": 542.4097741875366,
           "ema_span_1": 838.051816283444,
           "enabled": false,
           "initial_eprice_ema_dist": -0.010294465615447085,
           "initial_qty_pct": 0.016453862411105517,
           "markup_range": 0.05205931225499384,
           "min_markup": 0.004604147962573131,
           "n_close_orders": 9,
           "rentry_pprice_dist": 0.045767085639589894,
           "rentry_pprice_dist_wallet_exposure_weighting": 14.72710182550606,
           "wallet_exposure_limit": 1.0}}