{"config_name": "recursive_grid_KASUSDT_156days",
 "logging_level": 0,
 "long": {"auto_unstuck_delay_minutes": 1268.2546772546189,
          "auto_unstuck_ema_dist": -0.0069101636648294384,
          "auto_unstuck_qty_pct": 0.01,
          "auto_unstuck_wallet_exposure_threshold": 0.0809506866488732,
          "backwards_tp": false,
          "ddown_factor": 0.31042499172540833,
          "ema_span_0": 1323.4308193211364,
          "ema_span_1": 1298.887313998956,
          "enabled": true,
          "initial_eprice_ema_dist": 0.010623724154783201,
          "initial_qty_pct": 0.048751447717135674,
          "markup_range": 0.02225074177811146,
          "min_markup": 0.030903514393003685,
          "n_close_orders": 5,
          "rentry_pprice_dist": 0.03274450079332208,
          "rentry_pprice_dist_wallet_exposure_weighting": 10.285368432366745,
          "wallet_exposure_limit": 1.0},
 "short": {"auto_unstuck_delay_minutes": 183.2872220951956,
           "auto_unstuck_ema_dist": -0.0188930381339798,
           "auto_unstuck_qty_pct": 0.08965745015498423,
           "auto_unstuck_wallet_exposure_threshold": 0.7615297358136737,
           "backwards_tp": false,
           "ddown_factor": 1.8625194703228838,
           "ema_span_0": 430.51503725037577,
           "ema_span_1": 543.6341590705291,
           "enabled": false,
           "initial_eprice_ema_dist": -0.0966495683772621,
           "initial_qty_pct": 0.045240283095861034,
           "markup_range": 0.041999474919538295,
           "min_markup": 0.009926820497363771,
           "n_close_orders": 4,
           "rentry_pprice_dist": 0.010442638726246678,
           "rentry_pprice_dist_wallet_exposure_weighting": 16.024367548426557,
           "wallet_exposure_limit": 1.0}}