{"config_name": "recursive_grid_BCHUSDT_156days",
 "logging_level": 0,
 "long": {"auto_unstuck_delay_minutes": 1290.7595940051256,
          "auto_unstuck_ema_dist": -0.023150695357677654,
          "auto_unstuck_qty_pct": 0.01,
          "auto_unstuck_wallet_exposure_threshold": 0.0616171749925846,
          "backwards_tp": false,
          "ddown_factor": 0.3834226390540656,
          "ema_span_0": 765.6271362198744,
          "ema_span_1": 1396.5659900433225,
          "enabled": true,
          "initial_eprice_ema_dist": 0.0058178789234135135,
          "initial_qty_pct": 0.03028210636363,
          "markup_range": 0.044331834042538064,
          "min_markup": 0.010147514155724173,
          "n_close_orders": 5,
          "rentry_pprice_dist": 0.026698048555482967,
          "rentry_pprice_dist_wallet_exposure_weighting": 7.559792591896622,
          "wallet_exposure_limit": 1},
 "short": {"auto_unstuck_delay_minutes": 137.9668889466336,
           "auto_unstuck_ema_dist": -0.00661073996959137,
           "auto_unstuck_qty_pct": 0.04291040303047651,
           "auto_unstuck_wallet_exposure_threshold": 0.30741455787969596,
           "backwards_tp": false,
           "ddown_factor": 1.8088229423552553,
           "ema_span_0": 934.875461264404,
           "ema_span_1": 71.38404603654666,
           "enabled": false,
           "initial_eprice_ema_dist": -0.01970911920858362,
           "initial_qty_pct": 0.039150575729242826,
           "markup_range": 0.005980411249473976,
           "min_markup": 0.008327458758202611,
           "n_close_orders": 14,
           "rentry_pprice_dist": 0.015039961007412388,
           "rentry_pprice_dist_wallet_exposure_weighting": 13.560413585836322,
           "wallet_exposure_limit": 1.0}}