{"config_name": "recursive_grid_FILUSDT_156days",
 "logging_level": 0,
 "long": {"auto_unstuck_delay_minutes": 1336.4566612934557,
          "auto_unstuck_ema_dist": -0.03872340485199365,
          "auto_unstuck_qty_pct": 0.01,
          "auto_unstuck_wallet_exposure_threshold": 0.08162539310310249,
          "backwards_tp": false,
          "ddown_factor": 0.48339665443476765,
          "ema_span_0": 332.4878559069703,
          "ema_span_1": 460.76137004983485,
          "enabled": true,
          "initial_eprice_ema_dist": 0.015569796129735379,
          "initial_qty_pct": 0.03542941408739975,
          "markup_range": 0.020196630994424772,
          "min_markup": 0.008431090399795338,
          "n_close_orders": 7,
          "rentry_pprice_dist": 0.03702461126004108,
          "rentry_pprice_dist_wallet_exposure_weighting": 12.854880101198106,
          "wallet_exposure_limit": 1},
 "short": {"auto_unstuck_delay_minutes": 728.4797741126531,
           "auto_unstuck_ema_dist": -0.08543114208760068,
           "auto_unstuck_qty_pct": 0.06189944580186109,
           "auto_unstuck_wallet_exposure_threshold": 0.4506781269123641,
           "backwards_tp": false,
           "ddown_factor": 0.2309855372462189,
           "ema_span_0": 829.8462401870786,
           "ema_span_1": 1222.0451950498525,
           "enabled": false,
           "initial_eprice_ema_dist": -0.006061314335008533,
           "initial_qty_pct": 0.048538901764044344,
           "markup_range": 0.03707354725707201,
           "min_markup": 0.002612488701144702,
           "n_close_orders": 9,
           "rentry_pprice_dist": 0.03662050508053376,
           "rentry_pprice_dist_wallet_exposure_weighting": 10.823328198097478,
           "wallet_exposure_limit": 1.0}}