{"config_name": "recursive_grid_AGIXUSDT_325days",
 "logging_level": 0,
 "long": {"auto_unstuck_delay_minutes": 215.1541534013758,
          "auto_unstuck_ema_dist": 0.005009941547415111,
          "auto_unstuck_qty_pct": 0.08051965386677838,
          "auto_unstuck_wallet_exposure_threshold": 0.11326206192394532,
          "backwards_tp": false,
          "ddown_factor": 0.6350075006848576,
          "ema_span_0": 526.3051088711035,
          "ema_span_1": 186.91283685556277,
          "enabled": true,
          "initial_eprice_ema_dist": 0.0015325331017878182,
          "initial_qty_pct": 0.049959546147599544,
          "markup_range": 0.027449884318335345,
          "min_markup": 0.009739134359554424,
          "n_close_orders": 7,
          "rentry_pprice_dist": 0.04788505706024575,
          "rentry_pprice_dist_wallet_exposure_weighting": 1.2137303100357997,
          "wallet_exposure_limit": 1},
 "short": {"auto_unstuck_delay_minutes": 1213.276691620011,
           "auto_unstuck_ema_dist": -0.07606961151352064,
           "auto_unstuck_qty_pct": 0.0838195387779762,
           "auto_unstuck_wallet_exposure_threshold": 0.12406672770475619,
           "backwards_tp": false,
           "ddown_factor": 0.5555822481662996,
           "ema_span_0": 661.0264959871715,
           "ema_span_1": 585.5086120465154,
           "enabled": false,
           "initial_eprice_ema_dist": -0.00965609040740079,
           "initial_qty_pct": 0.01888551263188076,
           "markup_range": 0.0009136377614002633,
           "min_markup": 0.04993991771891392,
           "n_close_orders": 15,
           "rentry_pprice_dist": 0.04857968221763191,
           "rentry_pprice_dist_wallet_exposure_weighting": 3.1103704476420093,
           "wallet_exposure_limit": 1.0}}