{"config_name": "recursive_grid_ATOMUSDT_156days",
 "logging_level": 0,
 "long": {"auto_unstuck_delay_minutes": 769.3339561125088,
          "auto_unstuck_ema_dist": 0.019937883193739153,
          "auto_unstuck_qty_pct": 0.01,
          "auto_unstuck_wallet_exposure_threshold": 0.05292394564251778,
          "backwards_tp": false,
          "ddown_factor": 0.3943601969100291,
          "ema_span_0": 125.74055170910746,
          "ema_span_1": 149.6774325930602,
          "enabled": true,
          "initial_eprice_ema_dist": 0.009709222604046976,
          "initial_qty_pct": 0.03261466342667443,
          "markup_range": 0.014202671090895933,
          "min_markup": 0.008934204616077015,
          "n_close_orders": 4,
          "rentry_pprice_dist": 0.023647600740156684,
          "rentry_pprice_dist_wallet_exposure_weighting": 7.5,
          "wallet_exposure_limit": 1},
 "short": {"auto_unstuck_delay_minutes": 30.562948338704217,
           "auto_unstuck_ema_dist": -0.01995251757816606,
           "auto_unstuck_qty_pct": 0.044967747182238185,
           "auto_unstuck_wallet_exposure_threshold": 0.845776949537311,
           "backwards_tp": false,
           "ddown_factor": 2.3852495098641464,
           "ema_span_0": 1288.2531336521463,
           "ema_span_1": 1414.4001526506495,
           "enabled": false,
           "initial_eprice_ema_dist": -0.06005727147370614,
           "initial_qty_pct": 0.01290667792528161,
           "markup_range": 0.02893020820907707,
           "min_markup": 0.009279046334724362,
           "n_close_orders": 10,
           "rentry_pprice_dist": 0.01916559859538936,
           "rentry_pprice_dist_wallet_exposure_weighting": 9.132246562100994,
           "wallet_exposure_limit": 1.0}}