{"config_name": "recursive_grid_BNBUSDT_156days",
 "logging_level": 0,
 "long": {"auto_unstuck_delay_minutes": 1199.2575661208634,
          "auto_unstuck_ema_dist": -0.023630476301950993,
          "auto_unstuck_qty_pct": 0.01,
          "auto_unstuck_wallet_exposure_threshold": 0.07370303591921543,
          "backwards_tp": false,
          "ddown_factor": 0.5434556881522875,
          "ema_span_0": 457.26741698575904,
          "ema_span_1": 648.9643389658166,
          "enabled": true,
          "initial_eprice_ema_dist": -0.036080148839630496,
          "initial_qty_pct": 0.047474270415556616,
          "markup_range": 0.014180644240623748,
          "min_markup": 0.016604295091927828,
          "n_close_orders": 6,
          "rentry_pprice_dist": 0.005,
          "rentry_pprice_dist_wallet_exposure_weighting": 7.705539092489936,
          "wallet_exposure_limit": 1},
 "short": {"auto_unstuck_delay_minutes": 295.1968005537932,
           "auto_unstuck_ema_dist": -0.05023577018925732,
           "auto_unstuck_qty_pct": 0.014330791310847978,
           "auto_unstuck_wallet_exposure_threshold": 0.42419811880523406,
           "backwards_tp": false,
           "ddown_factor": 0.9772859111341357,
           "ema_span_0": 171.12221382425489,
           "ema_span_1": 223.99146289474322,
           "enabled": false,
           "initial_eprice_ema_dist": -0.06176433760049295,
           "initial_qty_pct": 0.029992288766913955,
           "markup_range": 0.043372589116570805,
           "min_markup": 0.0016426257751055023,
           "n_close_orders": 10,
           "rentry_pprice_dist": 0.014393028045995605,
           "rentry_pprice_dist_wallet_exposure_weighting": 19.550725839893165,
           "wallet_exposure_limit": 1.0}}