{"config_name": "recursive_grid_ENAUSDT_50days",
 "logging_level": 0,
 "long": {"auto_unstuck_delay_minutes": 864.6905466776707,
          "auto_unstuck_ema_dist": 0.05,
          "auto_unstuck_qty_pct": 0.01,
          "auto_unstuck_wallet_exposure_threshold": 0.052056049834011284,
          "backwards_tp": false,
          "ddown_factor": 0.5293320924145045,
          "ema_span_0": 438.17006302804515,
          "ema_span_1": 467.17522165887755,
          "enabled": true,
          "initial_eprice_ema_dist": 0.004357584225104674,
          "initial_qty_pct": 0.048165857813867057,
          "markup_range": 0.039818384133839,
          "min_markup": 0.04,
          "n_close_orders": 6,
          "rentry_pprice_dist": 0.026829096559813997,
          "rentry_pprice_dist_wallet_exposure_weighting": 6.8631696934957995,
          "wallet_exposure_limit": 1},
 "short": {"auto_unstuck_delay_minutes": 385.37723687168915,
           "auto_unstuck_ema_dist": -0.010253648882137409,
           "auto_unstuck_qty_pct": 0.022583349062373685,
           "auto_unstuck_wallet_exposure_threshold": 0.10779058376069549,
           "backwards_tp": false,
           "ddown_factor": 1.4510806505223235,
           "ema_span_0": 470.3777380541645,
           "ema_span_1": 1396.064980131131,
           "enabled": false,
           "initial_eprice_ema_dist": -0.0014277892083170152,
           "initial_qty_pct": 0.013993185111889694,
           "markup_range": 0.04479022541697334,
           "min_markup": 0.00925323648986701,
           "n_close_orders": 3,
           "rentry_pprice_dist": 0.005205523917662268,
           "rentry_pprice_dist_wallet_exposure_weighting": 14.053025423603206,
           "wallet_exposure_limit": 1.0}}