{"config_name": "recursive_grid_ONDOUSDT_120days",
 "logging_level": 0,
 "long": {"auto_unstuck_delay_minutes": 1010.2152699458218,
          "auto_unstuck_ema_dist": 0.0065903136388751685,
          "auto_unstuck_qty_pct": 0.01,
          "auto_unstuck_wallet_exposure_threshold": 0.06468814619293978,
          "backwards_tp": false,
          "ddown_factor": 1.1871446882019148,
          "ema_span_0": 1003.2610925854723,
          "ema_span_1": 787.0952739717671,
          "enabled": true,
          "initial_eprice_ema_dist": 0.009225316508287706,
          "initial_qty_pct": 0.041778161767503486,
          "markup_range": 0.012530264924477584,
          "min_markup": 0.037110895885529106,
          "n_close_orders": 5,
          "rentry_pprice_dist": 0.01427394788533555,
          "rentry_pprice_dist_wallet_exposure_weighting": 4.860998693395062,
          "wallet_exposure_limit": 1},
 "short": {"auto_unstuck_delay_minutes": 1285.1021795164186,
           "auto_unstuck_ema_dist": -0.09684916031657972,
           "auto_unstuck_qty_pct": 0.024436960092453032,
           "auto_unstuck_wallet_exposure_threshold": 0.3734101975932339,
           "backwards_tp": false,
           "ddown_factor": 2.40095887170053,
           "ema_span_0": 591.4295964286756,
           "ema_span_1": 389.7062975913077,
           "enabled": false,
           "initial_eprice_ema_dist": -0.09375189122503871,
           "initial_qty_pct": 0.026814279952684247,
           "markup_range": 0.041246457714131324,
           "min_markup": 0.008532723654849904,
           "n_close_orders": 10,
           "rentry_pprice_dist": 0.0463180449225907,
           "rentry_pprice_dist_wallet_exposure_weighting": 9.071918027809708,
           "wallet_exposure_limit": 1.0}}