{"config_name": "recursive_grid_CAKEUSDT_147days",
 "logging_level": 0,
 "long": {"auto_unstuck_delay_minutes": 517.2915210930811,
          "auto_unstuck_ema_dist": -0.04329073618111683,
          "auto_unstuck_qty_pct": 0.01,
          "auto_unstuck_wallet_exposure_threshold": 0.08757729994482119,
          "backwards_tp": false,
          "ddown_factor": 0.5916599585158688,
          "ema_span_0": 859.7801889437563,
          "ema_span_1": 871.2195632856854,
          "enabled": true,
          "initial_eprice_ema_dist": 0.005341955777834651,
          "initial_qty_pct": 0.05,
          "markup_range": 0.05253067110282992,
          "min_markup": 0.008919718798953622,
          "n_close_orders": 5,
          "rentry_pprice_dist": 0.0267385048429655,
          "rentry_pprice_dist_wallet_exposure_weighting": 4.681942034129246,
          "wallet_exposure_limit": 1.0},
 "short": {"auto_unstuck_delay_minutes": 542.0938935914195,
           "auto_unstuck_ema_dist": -0.0882516142580872,
           "auto_unstuck_qty_pct": 0.049314357665650815,
           "auto_unstuck_wallet_exposure_threshold": 0.11202283292968707,
           "backwards_tp": true,
           "ddown_factor": 0.2278538848334971,
           "ema_span_0": 1023.8307502193387,
           "ema_span_1": 1069.429933380859,
           "enabled": false,
           "initial_eprice_ema_dist": -0.0911524244669156,
           "initial_qty_pct": 0.011043971046251832,
           "markup_range": 0.045206375935100976,
           "min_markup": 0.003247375379813399,
           "n_close_orders": 15,
           "rentry_pprice_dist": 0.014687002152164636,
           "rentry_pprice_dist_wallet_exposure_weighting": 10.740221954496665,
           "wallet_exposure_limit": 1.0}}