{"config_name": "recursive_grid_ONDOUSDT_120days",
 "logging_level": 0,
 "long": {"auto_unstuck_delay_minutes": 1423.176304263588,
          "auto_unstuck_ema_dist": -0.01021431598096472,
          "auto_unstuck_qty_pct": 0.01,
          "auto_unstuck_wallet_exposure_threshold": 0.07401264383150524,
          "backwards_tp": false,
          "ddown_factor": 1.0905509973307637,
          "ema_span_0": 1200.6911238810849,
          "ema_span_1": 840.9425978613677,
          "enabled": true,
          "initial_eprice_ema_dist": 0.018404140381748986,
          "initial_qty_pct": 0.03850686077745577,
          "markup_range": 0.017873605189936855,
          "min_markup": 0.02093249179505502,
          "n_close_orders": 4,
          "rentry_pprice_dist": 0.013579513926325733,
          "rentry_pprice_dist_wallet_exposure_weighting": 0.5,
          "wallet_exposure_limit": 1},
 "short": {"auto_unstuck_delay_minutes": 278.2226600888321,
           "auto_unstuck_ema_dist": -0.04672357858397202,
           "auto_unstuck_qty_pct": 0.041149468242710596,
           "auto_unstuck_wallet_exposure_threshold": 0.8756436430597941,
           "backwards_tp": false,
           "ddown_factor": 2.4108040149776424,
           "ema_span_0": 67.57443837860126,
           "ema_span_1": 296.00673089552686,
           "enabled": false,
           "initial_eprice_ema_dist": -0.012204196533249584,
           "initial_qty_pct": 0.029273348023648865,
           "markup_range": 0.03567966501909114,
           "min_markup": 0.0021017639050746424,
           "n_close_orders": 14,
           "rentry_pprice_dist": 0.022266658778993264,
           "rentry_pprice_dist_wallet_exposure_weighting": 17.434451665573892,
           "wallet_exposure_limit": 1.0}}