{"config_name": "recursive_grid_MANTAUSDT_71days",
 "logging_level": 0,
 "long": {"auto_unstuck_delay_minutes": 718.4385441012885,
          "auto_unstuck_ema_dist": -0.021822891978793148,
          "auto_unstuck_qty_pct": 0.01,
          "auto_unstuck_wallet_exposure_threshold": 0.0967976590502651,
          "backwards_tp": false,
          "ddown_factor": 1.9897315185421935,
          "ema_span_0": 473.503668737297,
          "ema_span_1": 769.608737352709,
          "enabled": true,
          "initial_eprice_ema_dist": 0.0058810456380667606,
          "initial_qty_pct": 0.05,
          "markup_range": 0.030813035588817945,
          "min_markup": 0.002707107278778196,
          "n_close_orders": 5,
          "rentry_pprice_dist": 0.05429464564503639,
          "rentry_pprice_dist_wallet_exposure_weighting": 1.8902865381238572,
          "wallet_exposure_limit": 1.0},
 "short": {"auto_unstuck_delay_minutes": 326.24126356442144,
           "auto_unstuck_ema_dist": -0.0670519745754306,
           "auto_unstuck_qty_pct": 0.053470817943215745,
           "auto_unstuck_wallet_exposure_threshold": 0.8818370857598816,
           "backwards_tp": true,
           "ddown_factor": 2.9407112475839283,
           "ema_span_0": 1105.4505638253227,
           "ema_span_1": 1066.4681956398022,
           "enabled": false,
           "initial_eprice_ema_dist": -0.03226644753980337,
           "initial_qty_pct": 0.034248423440388726,
           "markup_range": 0.018897280335666605,
           "min_markup": 0.006929154644357934,
           "n_close_orders": 15,
           "rentry_pprice_dist": 0.005474888259977785,
           "rentry_pprice_dist_wallet_exposure_weighting": 11.417381853496611,
           "wallet_exposure_limit": 1.0}}