{"config_name": "recursive_grid_CAKEUSDT_147days",
 "logging_level": 0,
 "long": {"auto_unstuck_delay_minutes": 693.0561219415125,
          "auto_unstuck_ema_dist": -0.037852139091063726,
          "auto_unstuck_qty_pct": 0.01,
          "auto_unstuck_wallet_exposure_threshold": 0.04277910243257623,
          "backwards_tp": false,
          "ddown_factor": 1.1436079428876493,
          "ema_span_0": 1236.7754591339099,
          "ema_span_1": 934.0208474121154,
          "enabled": true,
          "initial_eprice_ema_dist": 0.008153436485754574,
          "initial_qty_pct": 0.05,
          "markup_range": 0.020766676205656122,
          "min_markup": 0.005602938329315585,
          "n_close_orders": 6,
          "rentry_pprice_dist": 0.021238830476818238,
          "rentry_pprice_dist_wallet_exposure_weighting": 1.0326598289717874,
          "wallet_exposure_limit": 1},
 "short": {"auto_unstuck_delay_minutes": 242.20198561949567,
           "auto_unstuck_ema_dist": -0.09853156592444455,
           "auto_unstuck_qty_pct": 0.03550687041625766,
           "auto_unstuck_wallet_exposure_threshold": 0.46928477670194035,
           "backwards_tp": true,
           "ddown_factor": 2.4966607649062205,
           "ema_span_0": 131.6909246747853,
           "ema_span_1": 570.3661409213357,
           "enabled": false,
           "initial_eprice_ema_dist": -0.0033130997975474447,
           "initial_qty_pct": 0.0291558944954714,
           "markup_range": 0.04127696037590065,
           "min_markup": 0.007471077883566336,
           "n_close_orders": 3,
           "rentry_pprice_dist": 0.00626000934243739,
           "rentry_pprice_dist_wallet_exposure_weighting": 8.367701184878257,
           "wallet_exposure_limit": 1.0}}