{"config_name": "recursive_grid_INJUSDT_365days",
 "logging_level": 0,
 "long": {"auto_unstuck_delay_minutes": 892.6909680120176,
          "auto_unstuck_ema_dist": -0.027267656271998682,
          "auto_unstuck_qty_pct": 0.027078484470096892,
          "auto_unstuck_wallet_exposure_threshold": 0.6409568460995744,
          "backwards_tp": false,
          "ddown_factor": 1.0438317968713549,
          "ema_span_0": 563.5132465813856,
          "ema_span_1": 433.49637775519426,
          "enabled": true,
          "initial_eprice_ema_dist": 0.014723910884326124,
          "initial_qty_pct": 0.041990537004609474,
          "markup_range": 0.021097742496786757,
          "min_markup": 0.01870855116413698,
          "n_close_orders": 4,
          "rentry_pprice_dist": 0.024342270245417425,
          "rentry_pprice_dist_wallet_exposure_weighting": 3.5978285644077412,
          "wallet_exposure_limit": 1.0},
 "short": {"auto_unstuck_delay_minutes": 32.14548067639825,
           "auto_unstuck_ema_dist": -0.099241501930292,
           "auto_unstuck_qty_pct": 0.09593031172128913,
           "auto_unstuck_wallet_exposure_threshold": 0.13689636919241396,
           "backwards_tp": false,
           "ddown_factor": 0.73296449504991,
           "ema_span_0": 792.1283239233674,
           "ema_span_1": 789.2886666613737,
           "enabled": false,
           "initial_eprice_ema_dist": -0.004859922354545928,
           "initial_qty_pct": 0.013088256293292282,
           "markup_range": 0.00941636970563485,
           "min_markup": 0.03134777420408856,
           "n_close_orders": 7,
           "rentry_pprice_dist": 0.041606965304503744,
           "rentry_pprice_dist_wallet_exposure_weighting": 0.9314675830894562,
           "wallet_exposure_limit": 1.0}}