{"config_name": "recursive_grid_BNBUSDT_156days",
 "logging_level": 0,
 "long": {"auto_unstuck_delay_minutes": 1434.8004306331923,
          "auto_unstuck_ema_dist": -0.024176801655246907,
          "auto_unstuck_qty_pct": 0.01,
          "auto_unstuck_wallet_exposure_threshold": 0.04977703647409188,
          "backwards_tp": false,
          "ddown_factor": 0.5065151636572368,
          "ema_span_0": 757.6012684473501,
          "ema_span_1": 989.1450106259251,
          "enabled": true,
          "initial_eprice_ema_dist": -0.03508163188924038,
          "initial_qty_pct": 0.049448788857605376,
          "markup_range": 0.01,
          "min_markup": 0.02033488124101366,
          "n_close_orders": 6,
          "rentry_pprice_dist": 0.005227724313789147,
          "rentry_pprice_dist_wallet_exposure_weighting": 7.529801995680965,
          "wallet_exposure_limit": 1},
 "short": {"auto_unstuck_delay_minutes": 1303.0829273686495,
           "auto_unstuck_ema_dist": -0.008113814485626439,
           "auto_unstuck_qty_pct": 0.056186780308158844,
           "auto_unstuck_wallet_exposure_threshold": 0.377322157963475,
           "backwards_tp": false,
           "ddown_factor": 0.9165041045147114,
           "ema_span_0": 416.1185891041307,
           "ema_span_1": 1251.0635286730708,
           "enabled": false,
           "initial_eprice_ema_dist": -0.06163469565846309,
           "initial_qty_pct": 0.017454204110446358,
           "markup_range": 0.027209433496388897,
           "min_markup": 0.004160219521670233,
           "n_close_orders": 13,
           "rentry_pprice_dist": 0.022617798946285857,
           "rentry_pprice_dist_wallet_exposure_weighting": 19.785005647329662,
           "wallet_exposure_limit": 1.0}}