{"config_name": "recursive_grid_ARUSDT_156days",
 "logging_level": 0,
 "long": {"auto_unstuck_delay_minutes": 1121.02264601701,
          "auto_unstuck_ema_dist": 0.03164352131213808,
          "auto_unstuck_qty_pct": 0.01,
          "auto_unstuck_wallet_exposure_threshold": 0.06477413743527194,
          "backwards_tp": false,
          "ddown_factor": 0.6,
          "ema_span_0": 397.2476346492724,
          "ema_span_1": 848.5558327239738,
          "enabled": true,
          "initial_eprice_ema_dist": 0.0076666473612003625,
          "initial_qty_pct": 0.048378424653914495,
          "markup_range": 0.04928039983833874,
          "min_markup": 0.010579584426638608,
          "n_close_orders": 4,
          "rentry_pprice_dist": 0.01174574056387543,
          "rentry_pprice_dist_wallet_exposure_weighting": 9.499091209398598,
          "wallet_exposure_limit": 1},
 "short": {"auto_unstuck_delay_minutes": 208.75752402858896,
           "auto_unstuck_ema_dist": -0.04530252745848789,
           "auto_unstuck_qty_pct": 0.024952848577418228,
           "auto_unstuck_wallet_exposure_threshold": 0.36357392854865034,
           "backwards_tp": false,
           "ddown_factor": 2.59255148166627,
           "ema_span_0": 976.7412160947105,
           "ema_span_1": 1340.6579972435732,
           "enabled": false,
           "initial_eprice_ema_dist": -0.08487986590209684,
           "initial_qty_pct": 0.039976294206154325,
           "markup_range": 0.05392295743914391,
           "min_markup": 0.008782635450081585,
           "n_close_orders": 15,
           "rentry_pprice_dist": 0.04893625791661271,
           "rentry_pprice_dist_wallet_exposure_weighting": 19.79003171256082,
           "wallet_exposure_limit": 1.0}}