{"config_name": "recursive_grid_BNBUSDT_156days",
 "logging_level": 0,
 "long": {"auto_unstuck_delay_minutes": 997.5931272107916,
          "auto_unstuck_ema_dist": -0.011231578692696541,
          "auto_unstuck_qty_pct": 0.01,
          "auto_unstuck_wallet_exposure_threshold": 0.06990375721826565,
          "backwards_tp": false,
          "ddown_factor": 0.5240548161826943,
          "ema_span_0": 1090.173876129431,
          "ema_span_1": 137.73016370770762,
          "enabled": true,
          "initial_eprice_ema_dist": -0.03775766757042716,
          "initial_qty_pct": 0.048361689902650856,
          "markup_range": 0.010206829275376184,
          "min_markup": 0.017334955993725275,
          "n_close_orders": 4,
          "rentry_pprice_dist": 0.005,
          "rentry_pprice_dist_wallet_exposure_weighting": 7.5,
          "wallet_exposure_limit": 1},
 "short": {"auto_unstuck_delay_minutes": 215.96458103740912,
           "auto_unstuck_ema_dist": -0.0836697278203557,
           "auto_unstuck_qty_pct": 0.01760798391512585,
           "auto_unstuck_wallet_exposure_threshold": 0.7546419761418842,
           "backwards_tp": false,
           "ddown_factor": 0.21810520049158497,
           "ema_span_0": 1315.9305888111212,
           "ema_span_1": 695.7748414281054,
           "enabled": false,
           "initial_eprice_ema_dist": -0.034322536089238895,
           "initial_qty_pct": 0.03878032043601546,
           "markup_range": 0.0002555068540139049,
           "min_markup": 0.006303586123617621,
           "n_close_orders": 13,
           "rentry_pprice_dist": 0.0205633713694089,
           "rentry_pprice_dist_wallet_exposure_weighting": 10.69398693272801,
           "wallet_exposure_limit": 1.0}}