{"config_name": "recursive_grid_1000RATSUSDT_143days",
 "logging_level": 0,
 "long": {"auto_unstuck_delay_minutes": 1048.496809742844,
          "auto_unstuck_ema_dist": -0.024768229355709354,
          "auto_unstuck_qty_pct": 0.01,
          "auto_unstuck_wallet_exposure_threshold": 0.09964295888908375,
          "backwards_tp": false,
          "ddown_factor": 0.376361024474726,
          "ema_span_0": 255.37192696666202,
          "ema_span_1": 248.46341009341478,
          "enabled": true,
          "initial_eprice_ema_dist": 0.02336191962203011,
          "initial_qty_pct": 0.04916562128367541,
          "markup_range": 0.04096177291179995,
          "min_markup": 0.010448737619351788,
          "n_close_orders": 7,
          "rentry_pprice_dist": 0.014975011734107853,
          "rentry_pprice_dist_wallet_exposure_weighting": 11.300897929188444,
          "wallet_exposure_limit": 1},
 "short": {"auto_unstuck_delay_minutes": 746.743429702792,
           "auto_unstuck_ema_dist": -0.0873842449037789,
           "auto_unstuck_qty_pct": 0.06079797051689596,
           "auto_unstuck_wallet_exposure_threshold": 0.18968371256722305,
           "backwards_tp": false,
           "ddown_factor": 1.439733825723779,
           "ema_span_0": 940.3576583364788,
           "ema_span_1": 998.6010389352432,
           "enabled": false,
           "initial_eprice_ema_dist": -0.08932860884646943,
           "initial_qty_pct": 0.04990765925403567,
           "markup_range": 0.05076573412287133,
           "min_markup": 0.0013050207201315122,
           "n_close_orders": 2,
           "rentry_pprice_dist": 0.02171307745480318,
           "rentry_pprice_dist_wallet_exposure_weighting": 8.10272535225985,
           "wallet_exposure_limit": 1.0}}