{"config_name": "recursive_grid_LTCUSDT_143days",
 "logging_level": 0,
 "long": {"auto_unstuck_delay_minutes": 1390.5414640815868,
          "auto_unstuck_ema_dist": 0.007281452325876216,
          "auto_unstuck_qty_pct": 0.01,
          "auto_unstuck_wallet_exposure_threshold": 0.062038788213062274,
          "backwards_tp": false,
          "ddown_factor": 0.4248324770591534,
          "ema_span_0": 984.0106983986152,
          "ema_span_1": 1199.2652211510567,
          "enabled": true,
          "initial_eprice_ema_dist": -0.00173661614988642,
          "initial_qty_pct": 0.03997776067971313,
          "markup_range": 0.014273686554860356,
          "min_markup": 0.010904376289693755,
          "n_close_orders": 7,
          "rentry_pprice_dist": 0.011782012911291289,
          "rentry_pprice_dist_wallet_exposure_weighting": 8.19322421593964,
          "wallet_exposure_limit": 1},
 "short": {"auto_unstuck_delay_minutes": 362.26770527981256,
           "auto_unstuck_ema_dist": -0.07455282968453275,
           "auto_unstuck_qty_pct": 0.035719660381431935,
           "auto_unstuck_wallet_exposure_threshold": 0.23903600042547712,
           "backwards_tp": false,
           "ddown_factor": 0.29447559417987385,
           "ema_span_0": 1376.8078963872306,
           "ema_span_1": 830.6927847149141,
           "enabled": false,
           "initial_eprice_ema_dist": -0.09015333383536821,
           "initial_qty_pct": 0.027896618258659106,
           "markup_range": 0.047962831089768516,
           "min_markup": 0.008091034529213533,
           "n_close_orders": 9,
           "rentry_pprice_dist": 0.006800514887850903,
           "rentry_pprice_dist_wallet_exposure_weighting": 1.6518268311569773,
           "wallet_exposure_limit": 1.0}}