{"config_name": "recursive_grid_XRPUSDT_143days",
 "logging_level": 0,
 "long": {"auto_unstuck_delay_minutes": 797.128342750867,
          "auto_unstuck_ema_dist": 0.013471001903663626,
          "auto_unstuck_qty_pct": 0.01,
          "auto_unstuck_wallet_exposure_threshold": 0.047353078314304166,
          "backwards_tp": false,
          "ddown_factor": 0.46191799748478846,
          "ema_span_0": 528.1388480167303,
          "ema_span_1": 1409.9775647646961,
          "enabled": true,
          "initial_eprice_ema_dist": 0.02373079941758989,
          "initial_qty_pct": 0.04930542929767008,
          "markup_range": 0.01493967318525297,
          "min_markup": 0.036889382876881135,
          "n_close_orders": 4,
          "rentry_pprice_dist": 0.030013699369588986,
          "rentry_pprice_dist_wallet_exposure_weighting": 12.236547155613813,
          "wallet_exposure_limit": 1.0},
 "short": {"auto_unstuck_delay_minutes": 400.2877647018825,
           "auto_unstuck_ema_dist": -0.07428069914126745,
           "auto_unstuck_qty_pct": 0.026741117351501004,
           "auto_unstuck_wallet_exposure_threshold": 0.24613511110754926,
           "backwards_tp": false,
           "ddown_factor": 2.5699372099049285,
           "ema_span_0": 1411.382068052967,
           "ema_span_1": 437.1446408668423,
           "enabled": false,
           "initial_eprice_ema_dist": -0.04496537357133086,
           "initial_qty_pct": 0.01480352673067474,
           "markup_range": 0.030691576977904384,
           "min_markup": 0.007514081875280399,
           "n_close_orders": 5,
           "rentry_pprice_dist": 0.014173940675727529,
           "rentry_pprice_dist_wallet_exposure_weighting": 12.32231918467032,
           "wallet_exposure_limit": 1.0}}