{"config_name": "recursive_grid_TRXUSDT_366days",
 "logging_level": 0,
 "long": {"auto_unstuck_delay_minutes": 987.252003283859,
          "auto_unstuck_ema_dist": 0.002195658234703163,
          "auto_unstuck_qty_pct": 0.08430618948958131,
          "auto_unstuck_wallet_exposure_threshold": 0.04260857777469128,
          "backwards_tp": false,
          "ddown_factor": 1.086710142527985,
          "ema_span_0": 1396.4082911603593,
          "ema_span_1": 2382.064700466204,
          "enabled": true,
          "initial_eprice_ema_dist": 0.001321060556526761,
          "initial_qty_pct": 0.0570456336010753,
          "markup_range": 0.010221770327563164,
          "min_markup": 0.007472596734252713,
          "n_close_orders": 4,
          "rentry_pprice_dist": 0.006315716980646314,
          "rentry_pprice_dist_wallet_exposure_weighting": 0.33356458641757947,
          "wallet_exposure_limit": 1},
 "short": {"auto_unstuck_delay_minutes": 0.0,
           "auto_unstuck_ema_dist": 0.0,
           "auto_unstuck_qty_pct": 0.0,
           "auto_unstuck_wallet_exposure_threshold": 0.0,
           "backwards_tp": false,
           "ddown_factor": 1.079587395714913,
           "ema_span_0": 558.9250012714949,
           "ema_span_1": 1147.6896911465792,
           "enabled": false,
           "initial_eprice_ema_dist": -0.00859771567717981,
           "initial_qty_pct": 0.017219201353819425,
           "markup_range": 0.0077041847807395305,
           "min_markup": 0.005830117773195073,
           "n_close_orders": 5,
           "rentry_pprice_dist": 0.03397285133660175,
           "rentry_pprice_dist_wallet_exposure_weighting": 2.6082973382556522,
           "wallet_exposure_limit": 1.0}}