{"config_name": "recursive_grid_MINAUSDT_844days",
 "logging_level": 0,
 "long": {"auto_unstuck_delay_minutes": 0,
          "auto_unstuck_ema_dist": 0,
          "auto_unstuck_qty_pct": 0,
          "auto_unstuck_wallet_exposure_threshold": 0.0,
          "backwards_tp": false,
          "ddown_factor": 0.43635140798561184,
          "ema_span_0": 674.0041446046594,
          "ema_span_1": 591.4422889499834,
          "enabled": true,
          "initial_eprice_ema_dist": 0.03589012805124635,
          "initial_qty_pct": 0.04,
          "markup_range": 0.03,
          "min_markup": 0.03,
          "n_close_orders": 2,
          "rentry_pprice_dist": 0.026308210799345404,
          "rentry_pprice_dist_wallet_exposure_weighting": 9.645357233586255,
          "wallet_exposure_limit": 1},
 "short": {"auto_unstuck_delay_minutes": 890.1692710411292,
           "auto_unstuck_ema_dist": -0.05331648606077251,
           "auto_unstuck_qty_pct": 0.053424851553971954,
           "auto_unstuck_wallet_exposure_threshold": 0.32605688652455067,
           "backwards_tp": false,
           "ddown_factor": 0.9331490073086646,
           "ema_span_0": 1118.629216960132,
           "ema_span_1": 938.0539877452645,
           "enabled": false,
           "initial_eprice_ema_dist": -0.035201168663116816,
           "initial_qty_pct": 0.027596672760654528,
           "markup_range": 0.00888206409453799,
           "min_markup": 0.009601688922964414,
           "n_close_orders": 2,
           "rentry_pprice_dist": 0.03537882458788835,
           "rentry_pprice_dist_wallet_exposure_weighting": 11.283494073921057,
           "wallet_exposure_limit": 1.0}}