{"config_name": "recursive_grid_DOTUSDT_366days",
 "logging_level": 0,
 "long": {"auto_unstuck_delay_minutes": 164.3540675130154,
          "auto_unstuck_ema_dist": -0.0831883646631116,
          "auto_unstuck_qty_pct": 0.08273200517912957,
          "auto_unstuck_wallet_exposure_threshold": 0.0537485244104711,
          "backwards_tp": false,
          "ddown_factor": 1.6120565715512538,
          "ema_span_0": 2280.0791298508752,
          "ema_span_1": 749.4894243154981,
          "enabled": true,
          "initial_eprice_ema_dist": -0.009733550255916582,
          "initial_qty_pct": 0.033977486477998885,
          "markup_range": 0.018407249168701945,
          "min_markup": 0.006950797818047494,
          "n_close_orders": 5,
          "rentry_pprice_dist": 0.04881167299740873,
          "rentry_pprice_dist_wallet_exposure_weighting": 0.08131518508732105,
          "wallet_exposure_limit": 1},
 "short": {"auto_unstuck_delay_minutes": 0.0,
           "auto_unstuck_ema_dist": 0.0,
           "auto_unstuck_qty_pct": 0.0,
           "auto_unstuck_wallet_exposure_threshold": 0.0,
           "backwards_tp": false,
           "ddown_factor": 0.10225921837355695,
           "ema_span_0": 1074.0104282390234,
           "ema_span_1": 733.7972609328879,
           "enabled": false,
           "initial_eprice_ema_dist": -0.008776567724663321,
           "initial_qty_pct": 0.014420560033998608,
           "markup_range": 0.0035600846002980103,
           "min_markup": 0.004623010141147843,
           "n_close_orders": 7,
           "rentry_pprice_dist": 0.04824968626961322,
           "rentry_pprice_dist_wallet_exposure_weighting": 0.1703212774924654,
           "wallet_exposure_limit": 1.0}}