{"config_name": "recursive_grid_ETHUSDT_143days",
 "logging_level": 0,
 "long": {"auto_unstuck_delay_minutes": 645.7184362117036,
          "auto_unstuck_ema_dist": 0.01245095649672447,
          "auto_unstuck_qty_pct": 0.01,
          "auto_unstuck_wallet_exposure_threshold": 0.05225903984208565,
          "backwards_tp": false,
          "ddown_factor": 0.5225846663901216,
          "ema_span_0": 395.6334423590533,
          "ema_span_1": 648.1569563877804,
          "enabled": true,
          "initial_eprice_ema_dist": 0.004983572078419004,
          "initial_qty_pct": 0.035949805370170916,
          "markup_range": 0.036762787468793405,
          "min_markup": 0.00969625450203974,
          "n_close_orders": 8,
          "rentry_pprice_dist": 0.006061515333967228,
          "rentry_pprice_dist_wallet_exposure_weighting": 7.5,
          "wallet_exposure_limit": 1},
 "short": {"auto_unstuck_delay_minutes": 11.038070045344769,
           "auto_unstuck_ema_dist": -0.018687343905259793,
           "auto_unstuck_qty_pct": 0.02843646076536474,
           "auto_unstuck_wallet_exposure_threshold": 0.8339349961353284,
           "backwards_tp": false,
           "ddown_factor": 0.6749418940222401,
           "ema_span_0": 1326.2379865115413,
           "ema_span_1": 652.9770238239514,
           "enabled": false,
           "initial_eprice_ema_dist": -0.08048099991625993,
           "initial_qty_pct": 0.02044901418194235,
           "markup_range": 0.04388807111842519,
           "min_markup": 0.008219479243278292,
           "n_close_orders": 9,
           "rentry_pprice_dist": 0.03279599394668745,
           "rentry_pprice_dist_wallet_exposure_weighting": 18.89659134786249,
           "wallet_exposure_limit": 1.0}}