{"config_name": "recursive_grid_ADAUSDT_365days",
 "logging_level": 0,
 "long": {"auto_unstuck_delay_minutes": 1136.1360931324098,
          "auto_unstuck_ema_dist": -0.05022827053646434,
          "auto_unstuck_qty_pct": 0.0794913371784829,
          "auto_unstuck_wallet_exposure_threshold": 0.02763993407833808,
          "backwards_tp": true,
          "ddown_factor": 0.6545103951535489,
          "ema_span_0": 2027.4656212004002,
          "ema_span_1": 1535.5940901478605,
          "enabled": true,
          "initial_eprice_ema_dist": 0.0023964409952705245,
          "initial_qty_pct": 0.04338574509828117,
          "markup_range": 0.013905448366729065,
          "min_markup": 0.016639899490504203,
          "n_close_orders": 6,
          "rentry_pprice_dist": 0.05509442751731025,
          "rentry_pprice_dist_wallet_exposure_weighting": 9.95827698721674,
          "wallet_exposure_limit": 1},
 "short": {"auto_unstuck_delay_minutes": 0.0,
           "auto_unstuck_ema_dist": 0.0,
           "auto_unstuck_qty_pct": 0.0,
           "auto_unstuck_wallet_exposure_threshold": 0.0,
           "backwards_tp": true,
           "ddown_factor": 2.5157381469862963,
           "ema_span_0": 495.23466420515376,
           "ema_span_1": 816.6840968837402,
           "enabled": false,
           "initial_eprice_ema_dist": -0.00879934927386339,
           "initial_qty_pct": 0.012580159180758842,
           "markup_range": 0.004078195857259685,
           "min_markup": 0.0030660263592700754,
           "n_close_orders": 2,
           "rentry_pprice_dist": 0.04566781794129542,
           "rentry_pprice_dist_wallet_exposure_weighting": 5.642311130901746,
           "wallet_exposure_limit": 1.0}}