{"config_name": "recursive_grid_ARUSDT_156days",
 "logging_level": 0,
 "long": {"auto_unstuck_delay_minutes": 873.5080269621133,
          "auto_unstuck_ema_dist": -0.010754587394001924,
          "auto_unstuck_qty_pct": 0.01,
          "auto_unstuck_wallet_exposure_threshold": 0.05638954574461166,
          "backwards_tp": false,
          "ddown_factor": 0.5710431708973385,
          "ema_span_0": 1227.0877450898975,
          "ema_span_1": 1267.1770026228621,
          "enabled": true,
          "initial_eprice_ema_dist": -0.03677756122252893,
          "initial_qty_pct": 0.04738630788755614,
          "markup_range": 0.034808205980888414,
          "min_markup": 0.028754456002479348,
          "n_close_orders": 5,
          "rentry_pprice_dist": 0.016082793205047047,
          "rentry_pprice_dist_wallet_exposure_weighting": 7.6417430981255405,
          "wallet_exposure_limit": 1.0},
 "short": {"auto_unstuck_delay_minutes": 1293.0802577113382,
           "auto_unstuck_ema_dist": -0.07591293110683867,
           "auto_unstuck_qty_pct": 0.03215746476784774,
           "auto_unstuck_wallet_exposure_threshold": 0.548396708115108,
           "backwards_tp": false,
           "ddown_factor": 0.7909156781424179,
           "ema_span_0": 1060.275243665184,
           "ema_span_1": 955.8141941354078,
           "enabled": false,
           "initial_eprice_ema_dist": -0.06179541823012719,
           "initial_qty_pct": 0.04745995835364177,
           "markup_range": 0.01647044521856027,
           "min_markup": 0.009579119837440215,
           "n_close_orders": 14,
           "rentry_pprice_dist": 0.007769763465500819,
           "rentry_pprice_dist_wallet_exposure_weighting": 12.957885662901623,
           "wallet_exposure_limit": 1.0}}