{"config_name": "recursive_grid_RNDRUSDT_924days",
 "logging_level": 0,
 "long": {"auto_unstuck_delay_minutes": 0.0,
          "auto_unstuck_ema_dist": 0.0,
          "auto_unstuck_qty_pct": 0.0,
          "auto_unstuck_wallet_exposure_threshold": 0.0,
          "backwards_tp": false,
          "ddown_factor": 0.41584097009584275,
          "ema_span_0": 858.1197269663645,
          "ema_span_1": 1046.8290620889675,
          "enabled": true,
          "initial_eprice_ema_dist": 0.06142478916326044,
          "initial_qty_pct": 0.04,
          "markup_range": 0.039885776956388674,
          "min_markup": 0.014155147052846147,
          "n_close_orders": 4,
          "rentry_pprice_dist": 0.028264936516051987,
          "rentry_pprice_dist_wallet_exposure_weighting": 11.064604074793577,
          "wallet_exposure_limit": 1.0},
 "short": {"auto_unstuck_delay_minutes": 1245.3191478302022,
           "auto_unstuck_ema_dist": -0.09506133835137334,
           "auto_unstuck_qty_pct": 0.04013781557199874,
           "auto_unstuck_wallet_exposure_threshold": 0.8335715899514233,
           "backwards_tp": false,
           "ddown_factor": 2.6970803580137064,
           "ema_span_0": 1344.9197861527527,
           "ema_span_1": 470.4302256451865,
           "enabled": false,
           "initial_eprice_ema_dist": -0.009153633353333857,
           "initial_qty_pct": 0.03816155476351031,
           "markup_range": 0.04945720031986034,
           "min_markup": 0.0059947947935220566,
           "n_close_orders": 9,
           "rentry_pprice_dist": 0.03166074100864195,
           "rentry_pprice_dist_wallet_exposure_weighting": 9.961189120988479,
           "wallet_exposure_limit": 1.0}}