{"config_name": "recursive_grid_STXUSDT_454days",
 "logging_level": 0,
 "long": {"auto_unstuck_delay_minutes": 1431.617990735559,
          "auto_unstuck_ema_dist": -0.000809334166948155,
          "auto_unstuck_qty_pct": 0.01,
          "auto_unstuck_wallet_exposure_threshold": 0.07242924826546322,
          "backwards_tp": false,
          "ddown_factor": 1.3281724654628746,
          "ema_span_0": 606.8212504124981,
          "ema_span_1": 561.9913065208825,
          "enabled": true,
          "initial_eprice_ema_dist": 0.0024957560325284973,
          "initial_qty_pct": 0.05,
          "markup_range": 0.058121751943519755,
          "min_markup": 0.007384568425899104,
          "n_close_orders": 3,
          "rentry_pprice_dist": 0.02864117788169381,
          "rentry_pprice_dist_wallet_exposure_weighting": 1.0957254792005828,
          "wallet_exposure_limit": 1},
 "short": {"auto_unstuck_delay_minutes": 824.656282014059,
           "auto_unstuck_ema_dist": -0.021619081276813806,
           "auto_unstuck_qty_pct": 0.0979034402470775,
           "auto_unstuck_wallet_exposure_threshold": 0.7447852312692937,
           "backwards_tp": true,
           "ddown_factor": 1.3360381382651527,
           "ema_span_0": 487.33481409064836,
           "ema_span_1": 374.4864269337254,
           "enabled": false,
           "initial_eprice_ema_dist": -0.055282180533528597,
           "initial_qty_pct": 0.045958425670227794,
           "markup_range": 0.028597251971406886,
           "min_markup": 0.00833433532608355,
           "n_close_orders": 9,
           "rentry_pprice_dist": 0.026767866974339027,
           "rentry_pprice_dist_wallet_exposure_weighting": 14.908635229925018,
           "wallet_exposure_limit": 1.0}}