{"config_name": "recursive_grid_BTCUSDT_1459days",
 "logging_level": 0,
 "long": {"auto_unstuck_delay_minutes": 0.0,
          "auto_unstuck_ema_dist": 0.0,
          "auto_unstuck_qty_pct": 0.0,
          "auto_unstuck_wallet_exposure_threshold": 0.0,
          "backwards_tp": false,
          "ddown_factor": 0.43729356646576195,
          "ema_span_0": 1308.757449179688,
          "ema_span_1": 1310.3890112297902,
          "enabled": true,
          "initial_eprice_ema_dist": 0.043147053659007006,
          "initial_qty_pct": 0.04,
          "markup_range": 0.04632431533555967,
          "min_markup": 0.03,
          "n_close_orders": 3,
          "rentry_pprice_dist": 0.04163530781322925,
          "rentry_pprice_dist_wallet_exposure_weighting": 9.459198303133913,
          "wallet_exposure_limit": 1.0},
 "short": {"auto_unstuck_delay_minutes": 1290.9069067604344,
           "auto_unstuck_ema_dist": -0.022320104485199277,
           "auto_unstuck_qty_pct": 0.09987525344750367,
           "auto_unstuck_wallet_exposure_threshold": 0.42818289347279115,
           "backwards_tp": false,
           "ddown_factor": 0.3891929697393761,
           "ema_span_0": 1071.593276608414,
           "ema_span_1": 471.077292956982,
           "enabled": false,
           "initial_eprice_ema_dist": -0.034090279509452676,
           "initial_qty_pct": 0.0443788170748099,
           "markup_range": 0.014633081091012044,
           "min_markup": 0.004791222951441248,
           "n_close_orders": 4,
           "rentry_pprice_dist": 0.01135404664068464,
           "rentry_pprice_dist_wallet_exposure_weighting": 11.830073652113335,
           "wallet_exposure_limit": 1.0}}