{"config_name": "recursive_grid_1000PEPEUSDT_302days",
 "logging_level": 0,
 "long": {"auto_unstuck_delay_minutes": 823.9144371527361,
          "auto_unstuck_ema_dist": -0.018657841741455572,
          "auto_unstuck_qty_pct": 0.026738946681982123,
          "auto_unstuck_wallet_exposure_threshold": 0.0652845110874133,
          "backwards_tp": true,
          "ddown_factor": 0.34445744905866477,
          "ema_span_0": 896.2425388732378,
          "ema_span_1": 60.08215224777208,
          "enabled": true,
          "initial_eprice_ema_dist": -0.005921118579756423,
          "initial_qty_pct": 0.042684177860130734,
          "markup_range": 0.022252354613565485,
          "min_markup": 0.00815031806142378,
          "n_close_orders": 7,
          "rentry_pprice_dist": 0.041206710982830845,
          "rentry_pprice_dist_wallet_exposure_weighting": 9.758921993214605,
          "wallet_exposure_limit": 1},
 "short": {"auto_unstuck_delay_minutes": 0.0,
           "auto_unstuck_ema_dist": 0.0,
           "auto_unstuck_qty_pct": 0.0,
           "auto_unstuck_wallet_exposure_threshold": 0.0,
           "backwards_tp": true,
           "ddown_factor": 1.8073118807536188,
           "ema_span_0": 419.9513995868053,
           "ema_span_1": 436.7846419792698,
           "enabled": false,
           "initial_eprice_ema_dist": 0.0009253026890261671,
           "initial_qty_pct": 0.019249685712608672,
           "markup_range": 0.007566557942917773,
           "min_markup": 0.009830755352582089,
           "n_close_orders": 3,
           "rentry_pprice_dist": 0.011689099698706368,
           "rentry_pprice_dist_wallet_exposure_weighting": 7.839692121297914,
           "wallet_exposure_limit": 1.0}}