{"config_name": "recursive_grid_NEOUSDT_150days",
 "logging_level": 0,
 "long": {"auto_unstuck_delay_minutes": 1199.320687964035,
          "auto_unstuck_ema_dist": -0.04212651589753566,
          "auto_unstuck_qty_pct": 0.01,
          "auto_unstuck_wallet_exposure_threshold": 0.09809513428843232,
          "backwards_tp": false,
          "ddown_factor": 0.5409657669417122,
          "ema_span_0": 793.2269322680501,
          "ema_span_1": 444.6489587978083,
          "enabled": true,
          "initial_eprice_ema_dist": 0.009685122150195513,
          "initial_qty_pct": 0.03157438082252035,
          "markup_range": 0.038549011098750655,
          "min_markup": 0.009519002841764206,
          "n_close_orders": 5,
          "rentry_pprice_dist": 0.007431532389946271,
          "rentry_pprice_dist_wallet_exposure_weighting": 8.98303426464204,
          "wallet_exposure_limit": 1},
 "short": {"auto_unstuck_delay_minutes": 981.4133677653192,
           "auto_unstuck_ema_dist": -0.09562479003750922,
           "auto_unstuck_qty_pct": 0.027667209862287725,
           "auto_unstuck_wallet_exposure_threshold": 0.3349500407805204,
           "backwards_tp": false,
           "ddown_factor": 1.3130022419054863,
           "ema_span_0": 399.8519877214097,
           "ema_span_1": 1307.0115963490668,
           "enabled": false,
           "initial_eprice_ema_dist": -0.07371932836360837,
           "initial_qty_pct": 0.021987209458830783,
           "markup_range": 0.04747035532226725,
           "min_markup": 0.0038572730349809015,
           "n_close_orders": 8,
           "rentry_pprice_dist": 0.021598157847268307,
           "rentry_pprice_dist_wallet_exposure_weighting": 0.061330233486653896,
           "wallet_exposure_limit": 1.0}}