{"config_name": "recursive_grid_LINKUSDT_366days",
 "logging_level": 0,
 "long": {"auto_unstuck_delay_minutes": 1048.945376030975,
          "auto_unstuck_ema_dist": 0.0018695758836822828,
          "auto_unstuck_qty_pct": 0.013305071141674587,
          "auto_unstuck_wallet_exposure_threshold": 0.1212975352506024,
          "backwards_tp": false,
          "ddown_factor": 0.6234316168069826,
          "ema_span_0": 450.269033354593,
          "ema_span_1": 1505.0362509581319,
          "enabled": true,
          "initial_eprice_ema_dist": 0.0018282615187288802,
          "initial_qty_pct": 0.05352213826199105,
          "markup_range": 0.01669656531595326,
          "min_markup": 0.011780121544470827,
          "n_close_orders": 3,
          "rentry_pprice_dist": 0.022884708045632866,
          "rentry_pprice_dist_wallet_exposure_weighting": 1.0084622127268117,
          "wallet_exposure_limit": 1},
 "short": {"auto_unstuck_delay_minutes": 0.0,
           "auto_unstuck_ema_dist": 0.0,
           "auto_unstuck_qty_pct": 0.0,
           "auto_unstuck_wallet_exposure_threshold": 0.0,
           "backwards_tp": false,
           "ddown_factor": 2.630350587202918,
           "ema_span_0": 729.8059576223023,
           "ema_span_1": 644.6292111233718,
           "enabled": false,
           "initial_eprice_ema_dist": -0.0016095371274251358,
           "initial_qty_pct": 0.014592098608740646,
           "markup_range": 0.0033231813612561523,
           "min_markup": 0.003023276023421877,
           "n_close_orders": 12,
           "rentry_pprice_dist": 0.04453158882212612,
           "rentry_pprice_dist_wallet_exposure_weighting": 3.0825454103766097,
           "wallet_exposure_limit": 1.0}}