{"config_name": "recursive_grid_ORDIUSDT_143days",
 "logging_level": 0,
 "long": {"auto_unstuck_delay_minutes": 1237.560345184607,
          "auto_unstuck_ema_dist": 0.049637347432472716,
          "auto_unstuck_qty_pct": 0.01,
          "auto_unstuck_wallet_exposure_threshold": 0.07070141293234232,
          "backwards_tp": false,
          "ddown_factor": 0.6,
          "ema_span_0": 868.8502364321437,
          "ema_span_1": 175.63001228135144,
          "enabled": true,
          "initial_eprice_ema_dist": 0.013574607096636116,
          "initial_qty_pct": 0.05,
          "markup_range": 0.010744279926590595,
          "min_markup": 0.019247574124180128,
          "n_close_orders": 5,
          "rentry_pprice_dist": 0.020046005810362744,
          "rentry_pprice_dist_wallet_exposure_weighting": 9.053508573408278,
          "wallet_exposure_limit": 1},
 "short": {"auto_unstuck_delay_minutes": 1095.6162259283112,
           "auto_unstuck_ema_dist": -0.0724679900625595,
           "auto_unstuck_qty_pct": 0.08487102746533291,
           "auto_unstuck_wallet_exposure_threshold": 0.5177315006652164,
           "backwards_tp": false,
           "ddown_factor": 2.5851878083956676,
           "ema_span_0": 62.83905932586155,
           "ema_span_1": 378.73353190529957,
           "enabled": false,
           "initial_eprice_ema_dist": -0.0047501027711018,
           "initial_qty_pct": 0.041152603161086904,
           "markup_range": 0.044101082470680626,
           "min_markup": 0.004554454109832461,
           "n_close_orders": 15,
           "rentry_pprice_dist": 0.020673970206449753,
           "rentry_pprice_dist_wallet_exposure_weighting": 14.026055314789556,
           "wallet_exposure_limit": 1.0}}