{"config_name": "recursive_grid_SNXUSDT_454days",
 "logging_level": 0,
 "long": {"auto_unstuck_delay_minutes": 1175.2876499545664,
          "auto_unstuck_ema_dist": -0.05,
          "auto_unstuck_qty_pct": 0.01,
          "auto_unstuck_wallet_exposure_threshold": 0.06906390336984722,
          "backwards_tp": false,
          "ddown_factor": 1.0339177057503257,
          "ema_span_0": 656.489129938072,
          "ema_span_1": 407.3200182148708,
          "enabled": true,
          "initial_eprice_ema_dist": 0.00292404043053143,
          "initial_qty_pct": 0.05,
          "markup_range": 0.05366671286620643,
          "min_markup": 0.006905526690058105,
          "n_close_orders": 5,
          "rentry_pprice_dist": 0.025318516566875924,
          "rentry_pprice_dist_wallet_exposure_weighting": 0.9242145679041193,
          "wallet_exposure_limit": 1},
 "short": {"auto_unstuck_delay_minutes": 485.8659986028425,
           "auto_unstuck_ema_dist": -0.07872678147044804,
           "auto_unstuck_qty_pct": 0.055744349712331887,
           "auto_unstuck_wallet_exposure_threshold": 0.12397674175290625,
           "backwards_tp": true,
           "ddown_factor": 2.2652342515309014,
           "ema_span_0": 1434.1825573640333,
           "ema_span_1": 131.49496341444686,
           "enabled": false,
           "initial_eprice_ema_dist": -0.07790321486766733,
           "initial_qty_pct": 0.03796055843364073,
           "markup_range": 0.010777774349707926,
           "min_markup": 0.006889065470053186,
           "n_close_orders": 13,
           "rentry_pprice_dist": 0.013973150288066897,
           "rentry_pprice_dist_wallet_exposure_weighting": 19.221674654752608,
           "wallet_exposure_limit": 1.0}}