{"config_name": "recursive_grid_ENAUSDT_50days",
 "logging_level": 0,
 "long": {"auto_unstuck_delay_minutes": 1258.0499973836372,
          "auto_unstuck_ema_dist": 0.03567627471132703,
          "auto_unstuck_qty_pct": 0.01,
          "auto_unstuck_wallet_exposure_threshold": 0.08962686583571379,
          "backwards_tp": false,
          "ddown_factor": 0.4878721133931073,
          "ema_span_0": 546.4753346673436,
          "ema_span_1": 1269.8094059723721,
          "enabled": true,
          "initial_eprice_ema_dist": 0.023610487737035196,
          "initial_qty_pct": 0.03878879003359467,
          "markup_range": 0.030865702853696404,
          "min_markup": 0.039886493840185076,
          "n_close_orders": 5,
          "rentry_pprice_dist": 0.022711851164285656,
          "rentry_pprice_dist_wallet_exposure_weighting": 5.012070013568217,
          "wallet_exposure_limit": 1},
 "short": {"auto_unstuck_delay_minutes": 385.37723687168915,
           "auto_unstuck_ema_dist": -0.010253648882137409,
           "auto_unstuck_qty_pct": 0.022583349062373685,
           "auto_unstuck_wallet_exposure_threshold": 0.10779058376069549,
           "backwards_tp": false,
           "ddown_factor": 1.4510806505223235,
           "ema_span_0": 470.3777380541645,
           "ema_span_1": 1396.064980131131,
           "enabled": false,
           "initial_eprice_ema_dist": -0.0014277892083170152,
           "initial_qty_pct": 0.013993185111889694,
           "markup_range": 0.04479022541697334,
           "min_markup": 0.00925323648986701,
           "n_close_orders": 3,
           "rentry_pprice_dist": 0.005205523917662268,
           "rentry_pprice_dist_wallet_exposure_weighting": 14.053025423603206,
           "wallet_exposure_limit": 1.0}}