{"config_name": "recursive_grid_ZKUSDT_39days",
 "logging_level": 0,
 "long": {"auto_unstuck_delay_minutes": 0,
          "auto_unstuck_ema_dist": 0,
          "auto_unstuck_qty_pct": 0,
          "auto_unstuck_wallet_exposure_threshold": 0.0,
          "backwards_tp": false,
          "ddown_factor": 0.4925615245726286,
          "ema_span_0": 1281.408645238694,
          "ema_span_1": 1364.6891728343207,
          "enabled": true,
          "initial_eprice_ema_dist": -0.01800718173447245,
          "initial_qty_pct": 0.04,
          "markup_range": 0.030062841445800077,
          "min_markup": 0.03,
          "n_close_orders": 2,
          "rentry_pprice_dist": 0.020565628880078714,
          "rentry_pprice_dist_wallet_exposure_weighting": 9.124800815014396,
          "wallet_exposure_limit": 1},
 "short": {"auto_unstuck_delay_minutes": 183.7637805459897,
           "auto_unstuck_ema_dist": -0.012251401631878836,
           "auto_unstuck_qty_pct": 0.06973667164039744,
           "auto_unstuck_wallet_exposure_threshold": 0.8830361412614638,
           "backwards_tp": false,
           "ddown_factor": 2.4814672451642084,
           "ema_span_0": 900.0615326600876,
           "ema_span_1": 118.12563866252869,
           "enabled": false,
           "initial_eprice_ema_dist": -0.08074504759703073,
           "initial_qty_pct": 0.01965223987400504,
           "markup_range": 0.0425150390643395,
           "min_markup": 0.005521406535141911,
           "n_close_orders": 11,
           "rentry_pprice_dist": 0.04056722145471156,
           "rentry_pprice_dist_wallet_exposure_weighting": 12.74780413911833,
           "wallet_exposure_limit": 1.0}}