{"config_name": "recursive_grid_RNDRUSDT_454days",
 "logging_level": 0,
 "long": {"auto_unstuck_delay_minutes": 743.8929166062917,
          "auto_unstuck_ema_dist": -0.040221747679354714,
          "auto_unstuck_qty_pct": 0.01,
          "auto_unstuck_wallet_exposure_threshold": 0.08945903420650894,
          "backwards_tp": false,
          "ddown_factor": 1.2626090695692724,
          "ema_span_0": 686.4870217442902,
          "ema_span_1": 897.7088905908654,
          "enabled": true,
          "initial_eprice_ema_dist": 0.005565811390588934,
          "initial_qty_pct": 0.05,
          "markup_range": 0.04608509297994323,
          "min_markup": 0.006185634051913935,
          "n_close_orders": 7,
          "rentry_pprice_dist": 0.020452573260734436,
          "rentry_pprice_dist_wallet_exposure_weighting": 1.0973124016563154,
          "wallet_exposure_limit": 1},
 "short": {"auto_unstuck_delay_minutes": 736.4887394694921,
           "auto_unstuck_ema_dist": -0.010403405316074407,
           "auto_unstuck_qty_pct": 0.05942512263239161,
           "auto_unstuck_wallet_exposure_threshold": 0.17783156681467718,
           "backwards_tp": true,
           "ddown_factor": 2.0491395943610273,
           "ema_span_0": 720.0806951573651,
           "ema_span_1": 279.89005131684956,
           "enabled": false,
           "initial_eprice_ema_dist": -0.011624155709145462,
           "initial_qty_pct": 0.0155842225263268,
           "markup_range": 0.009675602437502404,
           "min_markup": 0.009737041218456883,
           "n_close_orders": 3,
           "rentry_pprice_dist": 0.02340188234521648,
           "rentry_pprice_dist_wallet_exposure_weighting": 13.170894521742175,
           "wallet_exposure_limit": 1.0}}