{"config_name": "recursive_grid_XLMUSDT_156days",
 "logging_level": 0,
 "long": {"auto_unstuck_delay_minutes": 507.59934663324606,
          "auto_unstuck_ema_dist": -0.03725034029646972,
          "auto_unstuck_qty_pct": 0.01,
          "auto_unstuck_wallet_exposure_threshold": 0.05536703488700196,
          "backwards_tp": false,
          "ddown_factor": 0.5821213535206524,
          "ema_span_0": 1312.3346158968607,
          "ema_span_1": 1213.54984168446,
          "enabled": true,
          "initial_eprice_ema_dist": 0.004986125281843642,
          "initial_qty_pct": 0.037843687733749624,
          "markup_range": 0.01452184310169263,
          "min_markup": 0.010067900066774075,
          "n_close_orders": 8,
          "rentry_pprice_dist": 0.009182130872506335,
          "rentry_pprice_dist_wallet_exposure_weighting": 7.5,
          "wallet_exposure_limit": 1},
 "short": {"auto_unstuck_delay_minutes": 1125.8970733767057,
           "auto_unstuck_ema_dist": -0.04474824679382534,
           "auto_unstuck_qty_pct": 0.08706199013110494,
           "auto_unstuck_wallet_exposure_threshold": 0.4132290239427133,
           "backwards_tp": false,
           "ddown_factor": 2.3162638871273713,
           "ema_span_0": 927.202829247002,
           "ema_span_1": 440.3671342119556,
           "enabled": false,
           "initial_eprice_ema_dist": 0.002060374174776003,
           "initial_qty_pct": 0.04561106834951519,
           "markup_range": 0.0172764218290415,
           "min_markup": 0.003069546903716104,
           "n_close_orders": 10,
           "rentry_pprice_dist": 0.010878751606583316,
           "rentry_pprice_dist_wallet_exposure_weighting": 19.43499708639245,
           "wallet_exposure_limit": 1.0}}