{"config_name": "recursive_grid_ETCUSDT_454days",
 "logging_level": 0,
 "long": {"auto_unstuck_delay_minutes": 1162.8107329785257,
          "auto_unstuck_ema_dist": -0.007024088232766214,
          "auto_unstuck_qty_pct": 0.01,
          "auto_unstuck_wallet_exposure_threshold": 0.07935577077042821,
          "backwards_tp": false,
          "ddown_factor": 1.3341754695381256,
          "ema_span_0": 938.8704219135085,
          "ema_span_1": 698.0756610851158,
          "enabled": true,
          "initial_eprice_ema_dist": 0.005397317740186799,
          "initial_qty_pct": 0.05,
          "markup_range": 0.047323114665016236,
          "min_markup": 0.005363509112734041,
          "n_close_orders": 5,
          "rentry_pprice_dist": 0.020463477092263628,
          "rentry_pprice_dist_wallet_exposure_weighting": 1.0060930934001446,
          "wallet_exposure_limit": 1},
 "short": {"auto_unstuck_delay_minutes": 1169.924717345096,
           "auto_unstuck_ema_dist": -0.052840301524978775,
           "auto_unstuck_qty_pct": 0.04450619564041342,
           "auto_unstuck_wallet_exposure_threshold": 0.15062966206109724,
           "backwards_tp": true,
           "ddown_factor": 0.8234094644127963,
           "ema_span_0": 1364.1141763888122,
           "ema_span_1": 261.37475237234565,
           "enabled": false,
           "initial_eprice_ema_dist": -0.09542087608935938,
           "initial_qty_pct": 0.01877589649828428,
           "markup_range": 0.00919171624957982,
           "min_markup": 0.0015377589829890276,
           "n_close_orders": 11,
           "rentry_pprice_dist": 0.02913767489693227,
           "rentry_pprice_dist_wallet_exposure_weighting": 7.739711858889928,
           "wallet_exposure_limit": 1.0}}