{"config_name": "recursive_grid_FILUSDT_366days",
 "logging_level": 0,
 "long": {"auto_unstuck_delay_minutes": 886.772046750054,
          "auto_unstuck_ema_dist": -0.08732371295132224,
          "auto_unstuck_qty_pct": 0.0910424415306242,
          "auto_unstuck_wallet_exposure_threshold": 0.015522590894661343,
          "backwards_tp": false,
          "ddown_factor": 0.37657938965024507,
          "ema_span_0": 1663.3561844413653,
          "ema_span_1": 2079.978759732073,
          "enabled": true,
          "initial_eprice_ema_dist": 0.002704388072739861,
          "initial_qty_pct": 0.04195550378720836,
          "markup_range": 0.02,
          "min_markup": 0.00978110011546232,
          "n_close_orders": 9,
          "rentry_pprice_dist": 0.036137670012011125,
          "rentry_pprice_dist_wallet_exposure_weighting": 0.6869730732913019,
          "wallet_exposure_limit": 1},
 "short": {"auto_unstuck_delay_minutes": 0.0,
           "auto_unstuck_ema_dist": 0.0,
           "auto_unstuck_qty_pct": 0.0,
           "auto_unstuck_wallet_exposure_threshold": 0.0,
           "backwards_tp": false,
           "ddown_factor": 0.5905987389664153,
           "ema_span_0": 560.727230264795,
           "ema_span_1": 1004.6936681286147,
           "enabled": false,
           "initial_eprice_ema_dist": 0.001782649052862328,
           "initial_qty_pct": 0.016662510527672238,
           "markup_range": 0.006162926399710979,
           "min_markup": 0.0071454703777809,
           "n_close_orders": 14,
           "rentry_pprice_dist": 0.012088853996012124,
           "rentry_pprice_dist_wallet_exposure_weighting": 1.4486513569685244,
           "wallet_exposure_limit": 1.0}}