{"config_name": "recursive_grid_ICPUSDT_156days",
 "logging_level": 0,
 "long": {"auto_unstuck_delay_minutes": 1288.531273095708,
          "auto_unstuck_ema_dist": -0.002567524169005097,
          "auto_unstuck_qty_pct": 0.01,
          "auto_unstuck_wallet_exposure_threshold": 0.04881535095028006,
          "backwards_tp": false,
          "ddown_factor": 0.4722740240853952,
          "ema_span_0": 1440,
          "ema_span_1": 656.7991492677155,
          "enabled": true,
          "initial_eprice_ema_dist": 0.005215865979276275,
          "initial_qty_pct": 0.048266866628504435,
          "markup_range": 0.04581781561630511,
          "min_markup": 0.01340423868479697,
          "n_close_orders": 4,
          "rentry_pprice_dist": 0.010399833568146414,
          "rentry_pprice_dist_wallet_exposure_weighting": 8.390057731032154,
          "wallet_exposure_limit": 1},
 "short": {"auto_unstuck_delay_minutes": 497.0958112914078,
           "auto_unstuck_ema_dist": -0.052087769582593604,
           "auto_unstuck_qty_pct": 0.09482001262381623,
           "auto_unstuck_wallet_exposure_threshold": 0.7838719965668847,
           "backwards_tp": false,
           "ddown_factor": 0.327495278922065,
           "ema_span_0": 1038.5503505939998,
           "ema_span_1": 379.36130234494584,
           "enabled": false,
           "initial_eprice_ema_dist": -0.003077444010075911,
           "initial_qty_pct": 0.0321143611366065,
           "markup_range": 0.05768493544640937,
           "min_markup": 0.009873976856082337,
           "n_close_orders": 16,
           "rentry_pprice_dist": 0.04568105231254946,
           "rentry_pprice_dist_wallet_exposure_weighting": 4.137083465310738,
           "wallet_exposure_limit": 1.0}}