{"config_name": "recursive_grid_10000LADYSUSDT_323days",
 "logging_level": 0,
 "long": {"auto_unstuck_delay_minutes": 1166.7158212648658,
          "auto_unstuck_ema_dist": -0.017300158612352737,
          "auto_unstuck_qty_pct": 0.01,
          "auto_unstuck_wallet_exposure_threshold": 0.034498982241078696,
          "backwards_tp": false,
          "ddown_factor": 1.2692536970814312,
          "ema_span_0": 859.0149077176009,
          "ema_span_1": 847.3752208935445,
          "enabled": true,
          "initial_eprice_ema_dist": 0.008163314109139131,
          "initial_qty_pct": 0.05,
          "markup_range": 0.021151223202759903,
          "min_markup": 0.008803755217269655,
          "n_close_orders": 5,
          "rentry_pprice_dist": 0.03447331438288214,
          "rentry_pprice_dist_wallet_exposure_weighting": 1.3250645124478477,
          "wallet_exposure_limit": 1},
 "short": {"auto_unstuck_delay_minutes": 14.628525539713909,
           "auto_unstuck_ema_dist": -0.0032963916548667954,
           "auto_unstuck_qty_pct": 0.0625312052461096,
           "auto_unstuck_wallet_exposure_threshold": 0.3183550999491474,
           "backwards_tp": true,
           "ddown_factor": 0.18559062574331692,
           "ema_span_0": 10.052159262261615,
           "ema_span_1": 225.0978486285087,
           "enabled": false,
           "initial_eprice_ema_dist": -0.005436625179233184,
           "initial_qty_pct": 0.03137625964485985,
           "markup_range": 0.05941148951128054,
           "min_markup": 0.0020014221119842215,
           "n_close_orders": 15,
           "rentry_pprice_dist": 0.01213489211001557,
           "rentry_pprice_dist_wallet_exposure_weighting": 12.371709665566007,
           "wallet_exposure_limit": 1.0}}