{"config_name": "recursive_grid_RNDRUSDT_454days",
 "logging_level": 0,
 "long": {"auto_unstuck_delay_minutes": 1371.8676077491602,
          "auto_unstuck_ema_dist": 0.025598295375080002,
          "auto_unstuck_qty_pct": 0.01,
          "auto_unstuck_wallet_exposure_threshold": 0.08304156233370719,
          "backwards_tp": false,
          "ddown_factor": 1.6258867554284353,
          "ema_span_0": 580.7524894444472,
          "ema_span_1": 665.791198755328,
          "enabled": true,
          "initial_eprice_ema_dist": 0.004892519458784962,
          "initial_qty_pct": 0.05,
          "markup_range": 0.05610971993823197,
          "min_markup": 0.0062760176429804155,
          "n_close_orders": 6,
          "rentry_pprice_dist": 0.023128077124890584,
          "rentry_pprice_dist_wallet_exposure_weighting": 2.8618912813196697,
          "wallet_exposure_limit": 1},
 "short": {"auto_unstuck_delay_minutes": 1020.1443929497686,
           "auto_unstuck_ema_dist": -0.0868601434854617,
           "auto_unstuck_qty_pct": 0.09623060195108246,
           "auto_unstuck_wallet_exposure_threshold": 0.43170869975267623,
           "backwards_tp": true,
           "ddown_factor": 0.6526887048196485,
           "ema_span_0": 1360.554183114574,
           "ema_span_1": 1169.1873642577807,
           "enabled": false,
           "initial_eprice_ema_dist": -0.08318674587970584,
           "initial_qty_pct": 0.028407067932256606,
           "markup_range": 0.011604789718925281,
           "min_markup": 0.009510730655337155,
           "n_close_orders": 3,
           "rentry_pprice_dist": 0.030892809193312585,
           "rentry_pprice_dist_wallet_exposure_weighting": 2.070169965061801,
           "wallet_exposure_limit": 1.0}}