{"config_name": "recursive_grid_ONDOUSDT_67days",
 "logging_level": 0,
 "long": {"auto_unstuck_delay_minutes": 1169.1186187202911,
          "auto_unstuck_ema_dist": -0.013214021669823786,
          "auto_unstuck_qty_pct": 0.01,
          "auto_unstuck_wallet_exposure_threshold": 0.048038820989366356,
          "backwards_tp": false,
          "ddown_factor": 0.9908168887188339,
          "ema_span_0": 464.9322979614186,
          "ema_span_1": 454.925864679176,
          "enabled": true,
          "initial_eprice_ema_dist": 0.0008420344068734032,
          "initial_qty_pct": 0.05,
          "markup_range": 0.04420609920449977,
          "min_markup": 0.008091481752686569,
          "n_close_orders": 3,
          "rentry_pprice_dist": 0.020093688500984613,
          "rentry_pprice_dist_wallet_exposure_weighting": 4.450837121486503,
          "wallet_exposure_limit": 1.0},
 "short": {"auto_unstuck_delay_minutes": 201.7827204704711,
           "auto_unstuck_ema_dist": -0.02953547029123535,
           "auto_unstuck_qty_pct": 0.08735177623861956,
           "auto_unstuck_wallet_exposure_threshold": 0.6884609339879767,
           "backwards_tp": true,
           "ddown_factor": 2.3156313484653026,
           "ema_span_0": 1111.0160992595509,
           "ema_span_1": 764.3684618787312,
           "enabled": false,
           "initial_eprice_ema_dist": -0.045348170752087816,
           "initial_qty_pct": 0.039624041494941545,
           "markup_range": 0.022580851472401763,
           "min_markup": 0.0019359590865585452,
           "n_close_orders": 12,
           "rentry_pprice_dist": 0.03732343605197352,
           "rentry_pprice_dist_wallet_exposure_weighting": 18.66828575464359,
           "wallet_exposure_limit": 1.0}}