{"config_name": "recursive_grid_ICPUSDT_453days",
 "logging_level": 0,
 "long": {"auto_unstuck_delay_minutes": 1174.736617867492,
          "auto_unstuck_ema_dist": -0.019563171311285512,
          "auto_unstuck_qty_pct": 0.01,
          "auto_unstuck_wallet_exposure_threshold": 0.09221491972765208,
          "backwards_tp": false,
          "ddown_factor": 1.6535493637832017,
          "ema_span_0": 565.6086574585249,
          "ema_span_1": 560.2811331547603,
          "enabled": true,
          "initial_eprice_ema_dist": 0.009968324079716309,
          "initial_qty_pct": 0.05,
          "markup_range": 0.02323554468805194,
          "min_markup": 0.008253946405257312,
          "n_close_orders": 5,
          "rentry_pprice_dist": 0.02137654195915084,
          "rentry_pprice_dist_wallet_exposure_weighting": 3.2493359881142188,
          "wallet_exposure_limit": 1.0},
 "short": {"auto_unstuck_delay_minutes": 1051.7099801323573,
           "auto_unstuck_ema_dist": -0.05531851991874928,
           "auto_unstuck_qty_pct": 0.02228099667251051,
           "auto_unstuck_wallet_exposure_threshold": 0.46619834584740616,
           "backwards_tp": true,
           "ddown_factor": 1.1890426990859206,
           "ema_span_0": 581.3438266988483,
           "ema_span_1": 917.593294110142,
           "enabled": false,
           "initial_eprice_ema_dist": -0.06280538514559184,
           "initial_qty_pct": 0.029934043232422144,
           "markup_range": 0.05371554392164226,
           "min_markup": 0.003299951951663799,
           "n_close_orders": 8,
           "rentry_pprice_dist": 0.027498677042311626,
           "rentry_pprice_dist_wallet_exposure_weighting": 17.084968102118502,
           "wallet_exposure_limit": 1.0}}