{"config_name": "recursive_grid_IMXUSDT_454days",
 "logging_level": 0,
 "long": {"auto_unstuck_delay_minutes": 1394.5865513492133,
          "auto_unstuck_ema_dist": -0.03682573767648724,
          "auto_unstuck_qty_pct": 0.01,
          "auto_unstuck_wallet_exposure_threshold": 0.04839135349286951,
          "backwards_tp": false,
          "ddown_factor": 1.7665956224166737,
          "ema_span_0": 1160.0566934498847,
          "ema_span_1": 1219.2811290141856,
          "enabled": true,
          "initial_eprice_ema_dist": 0.007396340383134283,
          "initial_qty_pct": 0.05,
          "markup_range": 0.053191198242748434,
          "min_markup": 0.0042076248710405766,
          "n_close_orders": 5,
          "rentry_pprice_dist": 0.026394255665606815,
          "rentry_pprice_dist_wallet_exposure_weighting": 0.8423430383269815,
          "wallet_exposure_limit": 1},
 "short": {"auto_unstuck_delay_minutes": 838.1862617437239,
           "auto_unstuck_ema_dist": -0.08367483169787017,
           "auto_unstuck_qty_pct": 0.051583867015040585,
           "auto_unstuck_wallet_exposure_threshold": 0.5779218767739224,
           "backwards_tp": true,
           "ddown_factor": 2.2199988511723348,
           "ema_span_0": 298.96280453681635,
           "ema_span_1": 149.11863815963386,
           "enabled": false,
           "initial_eprice_ema_dist": -0.07714077007751391,
           "initial_qty_pct": 0.02273893703648202,
           "markup_range": 0.04395103924035678,
           "min_markup": 0.0029662471894641696,
           "n_close_orders": 10,
           "rentry_pprice_dist": 0.023775828973903627,
           "rentry_pprice_dist_wallet_exposure_weighting": 6.157854931378948,
           "wallet_exposure_limit": 1.0}}