{"config_name": "recursive_grid_ARUSDT_156days",
 "logging_level": 0,
 "long": {"auto_unstuck_delay_minutes": 992.2446741811953,
          "auto_unstuck_ema_dist": -0.024049838876184202,
          "auto_unstuck_qty_pct": 0.01,
          "auto_unstuck_wallet_exposure_threshold": 0.03286259189319613,
          "backwards_tp": false,
          "ddown_factor": 0.47959988746401216,
          "ema_span_0": 480.12922151226,
          "ema_span_1": 238.45717074582234,
          "enabled": true,
          "initial_eprice_ema_dist": 0.01802797297580986,
          "initial_qty_pct": 0.039258949815164486,
          "markup_range": 0.031557906107897535,
          "min_markup": 0.008065638658535075,
          "n_close_orders": 5,
          "rentry_pprice_dist": 0.037834638120269826,
          "rentry_pprice_dist_wallet_exposure_weighting": 9.902300221890973,
          "wallet_exposure_limit": 1},
 "short": {"auto_unstuck_delay_minutes": 479.2628586173452,
           "auto_unstuck_ema_dist": 0.0016412195263645346,
           "auto_unstuck_qty_pct": 0.0398052757277265,
           "auto_unstuck_wallet_exposure_threshold": 0.6637435047711256,
           "backwards_tp": false,
           "ddown_factor": 0.7033218720774214,
           "ema_span_0": 1137.0230654800678,
           "ema_span_1": 1294.5322785772519,
           "enabled": false,
           "initial_eprice_ema_dist": -0.06685824504255958,
           "initial_qty_pct": 0.04332571274657843,
           "markup_range": 0.006421139346205613,
           "min_markup": 0.006919673192970777,
           "n_close_orders": 7,
           "rentry_pprice_dist": 0.028508607165665622,
           "rentry_pprice_dist_wallet_exposure_weighting": 14.504574827748835,
           "wallet_exposure_limit": 1.0}}