{"config_name": "recursive_grid_ARBUSDT_156days",
 "logging_level": 0,
 "long": {"auto_unstuck_delay_minutes": 1034.4404913788137,
          "auto_unstuck_ema_dist": 0.03137929950259705,
          "auto_unstuck_qty_pct": 0.01,
          "auto_unstuck_wallet_exposure_threshold": 0.049400869963531394,
          "backwards_tp": false,
          "ddown_factor": 0.3842599758076554,
          "ema_span_0": 313.78613301326084,
          "ema_span_1": 359.2724699628998,
          "enabled": true,
          "initial_eprice_ema_dist": 0.011779126966478818,
          "initial_qty_pct": 0.049407128650072275,
          "markup_range": 0.023762001510212696,
          "min_markup": 0.01141026829971693,
          "n_close_orders": 5,
          "rentry_pprice_dist": 0.015309890070101988,
          "rentry_pprice_dist_wallet_exposure_weighting": 9.235902383886824,
          "wallet_exposure_limit": 1},
 "short": {"auto_unstuck_delay_minutes": 25.846371092292923,
           "auto_unstuck_ema_dist": -0.06060922557563268,
           "auto_unstuck_qty_pct": 0.0964253902916642,
           "auto_unstuck_wallet_exposure_threshold": 0.34409876821041474,
           "backwards_tp": false,
           "ddown_factor": 2.1928763641135873,
           "ema_span_0": 460.5221116515615,
           "ema_span_1": 25.90856221519799,
           "enabled": false,
           "initial_eprice_ema_dist": -0.029658425040331587,
           "initial_qty_pct": 0.04400714573503721,
           "markup_range": 0.05038584374111121,
           "min_markup": 0.0027607505961341245,
           "n_close_orders": 5,
           "rentry_pprice_dist": 0.0281110726617291,
           "rentry_pprice_dist_wallet_exposure_weighting": 4.04563692713984,
           "wallet_exposure_limit": 1.0}}