{"config_name": "recursive_grid_ZRXUSDT_454days",
 "logging_level": 0,
 "long": {"auto_unstuck_delay_minutes": 1326.7698910881904,
          "auto_unstuck_ema_dist": 0.023191984386233683,
          "auto_unstuck_qty_pct": 0.01,
          "auto_unstuck_wallet_exposure_threshold": 0.06257485457920217,
          "backwards_tp": false,
          "ddown_factor": 1.9860207254281306,
          "ema_span_0": 566.2189312138914,
          "ema_span_1": 1389.9896155370038,
          "enabled": true,
          "initial_eprice_ema_dist": 0.00808933593160637,
          "initial_qty_pct": 0.05,
          "markup_range": 0.05977250901002007,
          "min_markup": 0.005241618038445002,
          "n_close_orders": 7,
          "rentry_pprice_dist": 0.06599873872303298,
          "rentry_pprice_dist_wallet_exposure_weighting": 0.5,
          "wallet_exposure_limit": 1},
 "short": {"auto_unstuck_delay_minutes": 1129.762079569981,
           "auto_unstuck_ema_dist": -0.08722784399063017,
           "auto_unstuck_qty_pct": 0.01207316564362344,
           "auto_unstuck_wallet_exposure_threshold": 0.1163162984192593,
           "backwards_tp": true,
           "ddown_factor": 2.056376907938322,
           "ema_span_0": 257.35532587332455,
           "ema_span_1": 716.8337220328496,
           "enabled": false,
           "initial_eprice_ema_dist": -0.040634773639506495,
           "initial_qty_pct": 0.022620392085890194,
           "markup_range": 0.026192702176271926,
           "min_markup": 0.0027818085313639548,
           "n_close_orders": 9,
           "rentry_pprice_dist": 0.04336937416597247,
           "rentry_pprice_dist_wallet_exposure_weighting": 17.46261916305447,
           "wallet_exposure_limit": 1.0}}