{"config_name": "recursive_grid_ADAUSDT_156days",
 "logging_level": 0,
 "long": {"auto_unstuck_delay_minutes": 1018.8152749688028,
          "auto_unstuck_ema_dist": 0.011181393996954204,
          "auto_unstuck_qty_pct": 0.01,
          "auto_unstuck_wallet_exposure_threshold": 0.03739735962215705,
          "backwards_tp": false,
          "ddown_factor": 0.34441084554402673,
          "ema_span_0": 1337.6120172723313,
          "ema_span_1": 641.2834649554225,
          "enabled": true,
          "initial_eprice_ema_dist": 0.016747608807526113,
          "initial_qty_pct": 0.03156167328068722,
          "markup_range": 0.011506997045328198,
          "min_markup": 0.014792428277210903,
          "n_close_orders": 4,
          "rentry_pprice_dist": 0.0340838030477992,
          "rentry_pprice_dist_wallet_exposure_weighting": 11.27515720768352,
          "wallet_exposure_limit": 1},
 "short": {"auto_unstuck_delay_minutes": 1394.3509666479986,
           "auto_unstuck_ema_dist": 0.0016309424683423335,
           "auto_unstuck_qty_pct": 0.07835410667583415,
           "auto_unstuck_wallet_exposure_threshold": 0.6575817241518511,
           "backwards_tp": false,
           "ddown_factor": 2.6761581485280326,
           "ema_span_0": 258.2943202768263,
           "ema_span_1": 1126.5378668231278,
           "enabled": false,
           "initial_eprice_ema_dist": 0.00034015048994649744,
           "initial_qty_pct": 0.016890991838491232,
           "markup_range": 0.0020717155442772817,
           "min_markup": 0.0018490285307831804,
           "n_close_orders": 9,
           "rentry_pprice_dist": 0.025367872023186595,
           "rentry_pprice_dist_wallet_exposure_weighting": 7.064009162996808,
           "wallet_exposure_limit": 1.0}}