{"config_name": "recursive_grid_TRXUSDT_366days",
 "logging_level": 0,
 "long": {"auto_unstuck_delay_minutes": 852.2992524423096,
          "auto_unstuck_ema_dist": -0.007938713100251685,
          "auto_unstuck_qty_pct": 0.01,
          "auto_unstuck_wallet_exposure_threshold": 0.19574226431971747,
          "backwards_tp": false,
          "ddown_factor": 0.3388370924764287,
          "ema_span_0": 1515.021275461539,
          "ema_span_1": 1052.1674571587102,
          "enabled": true,
          "initial_eprice_ema_dist": 0.001321060556526761,
          "initial_qty_pct": 0.03001762604872502,
          "markup_range": 0.015536898031240786,
          "min_markup": 0.007830825138396877,
          "n_close_orders": 3,
          "rentry_pprice_dist": 0.007875192097437953,
          "rentry_pprice_dist_wallet_exposure_weighting": 0.41942495949143477,
          "wallet_exposure_limit": 1},
 "short": {"auto_unstuck_delay_minutes": 0.0,
           "auto_unstuck_ema_dist": 0.0,
           "auto_unstuck_qty_pct": 0.0,
           "auto_unstuck_wallet_exposure_threshold": 0.0,
           "backwards_tp": false,
           "ddown_factor": 1.079587395714913,
           "ema_span_0": 558.9250012714949,
           "ema_span_1": 1147.6896911465792,
           "enabled": false,
           "initial_eprice_ema_dist": -0.00859771567717981,
           "initial_qty_pct": 0.017219201353819425,
           "markup_range": 0.0077041847807395305,
           "min_markup": 0.005830117773195073,
           "n_close_orders": 5,
           "rentry_pprice_dist": 0.03397285133660175,
           "rentry_pprice_dist_wallet_exposure_weighting": 2.6082973382556522,
           "wallet_exposure_limit": 1.0}}