{"config_name": "recursive_grid_BTCUSDT_142days",
 "logging_level": 0,
 "long": {"auto_unstuck_delay_minutes": 1271.693537708584,
          "auto_unstuck_ema_dist": -0.013695756559125187,
          "auto_unstuck_qty_pct": 0.01,
          "auto_unstuck_wallet_exposure_threshold": 0.059058230473745636,
          "backwards_tp": false,
          "ddown_factor": 0.5488757504175191,
          "ema_span_0": 661.3022627933171,
          "ema_span_1": 1054.2832492196908,
          "enabled": true,
          "initial_eprice_ema_dist": 0.0031801580412673344,
          "initial_qty_pct": 0.03843380561272391,
          "markup_range": 0.03447654676324705,
          "min_markup": 0.017354209287645247,
          "n_close_orders": 5,
          "rentry_pprice_dist": 0.013019953446053221,
          "rentry_pprice_dist_wallet_exposure_weighting": 2.542536529188558,
          "wallet_exposure_limit": 1},
 "short": {"auto_unstuck_delay_minutes": 948.6353519751915,
           "auto_unstuck_ema_dist": -0.09451493884415547,
           "auto_unstuck_qty_pct": 0.09391483669300991,
           "auto_unstuck_wallet_exposure_threshold": 0.7617075093631086,
           "backwards_tp": false,
           "ddown_factor": 2.0500132034595526,
           "ema_span_0": 350.2449812837902,
           "ema_span_1": 263.31700964678777,
           "enabled": false,
           "initial_eprice_ema_dist": -0.03494816342767587,
           "initial_qty_pct": 0.03224823713367532,
           "markup_range": 0.042438689489265644,
           "min_markup": 0.00465326008470429,
           "n_close_orders": 3,
           "rentry_pprice_dist": 0.01910001735330134,
           "rentry_pprice_dist_wallet_exposure_weighting": 9.192550134022957,
           "wallet_exposure_limit": 1.0}}