{"config_name": "recursive_grid_RNDRUSDT_924days",
 "logging_level": 0,
 "long": {"auto_unstuck_delay_minutes": 0,
          "auto_unstuck_ema_dist": 0,
          "auto_unstuck_qty_pct": 0,
          "auto_unstuck_wallet_exposure_threshold": 0.0,
          "backwards_tp": false,
          "ddown_factor": 0.4582693365597018,
          "ema_span_0": 1056.4236449676866,
          "ema_span_1": 1172.1304483845788,
          "enabled": true,
          "initial_eprice_ema_dist": 0.02015228139276359,
          "initial_qty_pct": 0.04,
          "markup_range": 0.03409610164023638,
          "min_markup": 0.008282754407015437,
          "n_close_orders": 3,
          "rentry_pprice_dist": 0.0242116354725738,
          "rentry_pprice_dist_wallet_exposure_weighting": 10.71306437294591,
          "wallet_exposure_limit": 1},
 "short": {"auto_unstuck_delay_minutes": 734.3882907232703,
           "auto_unstuck_ema_dist": 0.0022710555377698505,
           "auto_unstuck_qty_pct": 0.04689118976418799,
           "auto_unstuck_wallet_exposure_threshold": 0.6811610584266969,
           "backwards_tp": false,
           "ddown_factor": 1.744309840260044,
           "ema_span_0": 200.20737387110657,
           "ema_span_1": 57.37852055640491,
           "enabled": false,
           "initial_eprice_ema_dist": -0.059408636584002084,
           "initial_qty_pct": 0.046774915326657285,
           "markup_range": 0.03573203247663882,
           "min_markup": 0.008546566579227588,
           "n_close_orders": 2,
           "rentry_pprice_dist": 0.006793949306376099,
           "rentry_pprice_dist_wallet_exposure_weighting": 3.078433291833842,
           "wallet_exposure_limit": 1.0}}