{"config_name": "recursive_grid_ETHUSDT_143days",
 "logging_level": 0,
 "long": {"auto_unstuck_delay_minutes": 1015.9452665385431,
          "auto_unstuck_ema_dist": 0.004326273573958742,
          "auto_unstuck_qty_pct": 0.01,
          "auto_unstuck_wallet_exposure_threshold": 0.07251696729929309,
          "backwards_tp": false,
          "ddown_factor": 0.595135381746996,
          "ema_span_0": 985.7302986610654,
          "ema_span_1": 577.8102335818155,
          "enabled": true,
          "initial_eprice_ema_dist": 0.00498122392923812,
          "initial_qty_pct": 0.0459021522011859,
          "markup_range": 0.04503299196204126,
          "min_markup": 0.00913820581860355,
          "n_close_orders": 7,
          "rentry_pprice_dist": 0.006797406302452145,
          "rentry_pprice_dist_wallet_exposure_weighting": 8.346754826535632,
          "wallet_exposure_limit": 1},
 "short": {"auto_unstuck_delay_minutes": 643.3206736821519,
           "auto_unstuck_ema_dist": -0.0023741462202079844,
           "auto_unstuck_qty_pct": 0.024803860020233437,
           "auto_unstuck_wallet_exposure_threshold": 0.3101720844918796,
           "backwards_tp": false,
           "ddown_factor": 1.721017261784453,
           "ema_span_0": 1100.8698102670926,
           "ema_span_1": 771.2024155779557,
           "enabled": false,
           "initial_eprice_ema_dist": -0.05763811344036251,
           "initial_qty_pct": 0.04100124980040634,
           "markup_range": 0.04914225834058073,
           "min_markup": 0.0025985773007082312,
           "n_close_orders": 14,
           "rentry_pprice_dist": 0.007073016689187614,
           "rentry_pprice_dist_wallet_exposure_weighting": 10.527104015998274,
           "wallet_exposure_limit": 1.0}}