{"config_name": "recursive_grid_ETHUSDT_143days",
 "logging_level": 0,
 "long": {"auto_unstuck_delay_minutes": 756.3293098814588,
          "auto_unstuck_ema_dist": 0.011311369021121384,
          "auto_unstuck_qty_pct": 0.01,
          "auto_unstuck_wallet_exposure_threshold": 0.047570440063973804,
          "backwards_tp": false,
          "ddown_factor": 0.353139148194487,
          "ema_span_0": 822.0902614857788,
          "ema_span_1": 557.0036655362012,
          "enabled": true,
          "initial_eprice_ema_dist": -0.016981894902632168,
          "initial_qty_pct": 0.03448806167600914,
          "markup_range": 0.03551279325765876,
          "min_markup": 0.022023042913081145,
          "n_close_orders": 7,
          "rentry_pprice_dist": 0.01969575957109114,
          "rentry_pprice_dist_wallet_exposure_weighting": 14.028550003053095,
          "wallet_exposure_limit": 1.0},
 "short": {"auto_unstuck_delay_minutes": 966.6912281311598,
           "auto_unstuck_ema_dist": -0.0498181002448265,
           "auto_unstuck_qty_pct": 0.06422076318809881,
           "auto_unstuck_wallet_exposure_threshold": 0.8285094523095139,
           "backwards_tp": false,
           "ddown_factor": 0.4744800889017061,
           "ema_span_0": 457.851567825241,
           "ema_span_1": 636.5295817479833,
           "enabled": false,
           "initial_eprice_ema_dist": -0.03314490951850918,
           "initial_qty_pct": 0.021406911600190218,
           "markup_range": 0.036655172402526894,
           "min_markup": 0.008070059622191782,
           "n_close_orders": 9,
           "rentry_pprice_dist": 0.04175271779579023,
           "rentry_pprice_dist_wallet_exposure_weighting": 4.344785152593198,
           "wallet_exposure_limit": 1.0}}