{"config_name": "recursive_grid_LTCUSDT_1331days",
 "logging_level": 0,
 "long": {"auto_unstuck_delay_minutes": 0.0,
          "auto_unstuck_ema_dist": 0.0,
          "auto_unstuck_qty_pct": 0.0,
          "auto_unstuck_wallet_exposure_threshold": 0.0,
          "backwards_tp": false,
          "ddown_factor": 0.41744496434738176,
          "ema_span_0": 705.4159079565749,
          "ema_span_1": 1042.7884942115065,
          "enabled": true,
          "initial_eprice_ema_dist": 0.051091983209080594,
          "initial_qty_pct": 0.04,
          "markup_range": 0.030862582924726406,
          "min_markup": 0.008083745469020605,
          "n_close_orders": 2,
          "rentry_pprice_dist": 0.01219157664954797,
          "rentry_pprice_dist_wallet_exposure_weighting": 11.024605257961728,
          "wallet_exposure_limit": 1.0},
 "short": {"auto_unstuck_delay_minutes": 1154.7593427114366,
           "auto_unstuck_ema_dist": -0.030241090693739953,
           "auto_unstuck_qty_pct": 0.07015458595648862,
           "auto_unstuck_wallet_exposure_threshold": 0.7768192825707257,
           "backwards_tp": false,
           "ddown_factor": 1.4468667494486933,
           "ema_span_0": 417.01951837954505,
           "ema_span_1": 416.0544692478034,
           "enabled": false,
           "initial_eprice_ema_dist": -0.06277528923469004,
           "initial_qty_pct": 0.031449037360734795,
           "markup_range": 0.05999081646217082,
           "min_markup": 0.004504572953212077,
           "n_close_orders": 14,
           "rentry_pprice_dist": 0.019613967478242417,
           "rentry_pprice_dist_wallet_exposure_weighting": 3.9006224318415583,
           "wallet_exposure_limit": 1.0}}