{"config_name": "recursive_grid_MNTUSDT_156days",
 "logging_level": 0,
 "long": {"auto_unstuck_delay_minutes": 1281.3502830445582,
          "auto_unstuck_ema_dist": 0.0048870267147604765,
          "auto_unstuck_qty_pct": 0.01,
          "auto_unstuck_wallet_exposure_threshold": 0.09670740630446295,
          "backwards_tp": false,
          "ddown_factor": 0.4159158668755157,
          "ema_span_0": 612.3344049333258,
          "ema_span_1": 1229.4896215061872,
          "enabled": true,
          "initial_eprice_ema_dist": 0.01001070669806782,
          "initial_qty_pct": 0.03979270572091849,
          "markup_range": 0.03954090658667122,
          "min_markup": 0.009925142093044105,
          "n_close_orders": 7,
          "rentry_pprice_dist": 0.009477259587723611,
          "rentry_pprice_dist_wallet_exposure_weighting": 7.5,
          "wallet_exposure_limit": 1},
 "short": {"auto_unstuck_delay_minutes": 805.8196105261178,
           "auto_unstuck_ema_dist": 0.0005902801771045241,
           "auto_unstuck_qty_pct": 0.03739964831765906,
           "auto_unstuck_wallet_exposure_threshold": 0.2244852354563016,
           "backwards_tp": false,
           "ddown_factor": 1.905755060806862,
           "ema_span_0": 836.603718971637,
           "ema_span_1": 557.3881436166563,
           "enabled": false,
           "initial_eprice_ema_dist": -0.03286555795456933,
           "initial_qty_pct": 0.045244631427337416,
           "markup_range": 0.016871992612483788,
           "min_markup": 0.0037136892878423776,
           "n_close_orders": 15,
           "rentry_pprice_dist": 0.01518796301821472,
           "rentry_pprice_dist_wallet_exposure_weighting": 1.8267787718173434,
           "wallet_exposure_limit": 1.0}}