{"config_name": "recursive_grid_CROUSDT_156days",
 "logging_level": 0,
 "long": {"auto_unstuck_delay_minutes": 1198.4199153915633,
          "auto_unstuck_ema_dist": -0.024177306414487468,
          "auto_unstuck_qty_pct": 0.01,
          "auto_unstuck_wallet_exposure_threshold": 0.09420699461114856,
          "backwards_tp": false,
          "ddown_factor": 0.3167655010599361,
          "ema_span_0": 1174.0178472433056,
          "ema_span_1": 334.43467012039486,
          "enabled": true,
          "initial_eprice_ema_dist": 0.008125999616335216,
          "initial_qty_pct": 0.048159426250758794,
          "markup_range": 0.0397128850490481,
          "min_markup": 0.009499717606115964,
          "n_close_orders": 7,
          "rentry_pprice_dist": 0.007454004416578744,
          "rentry_pprice_dist_wallet_exposure_weighting": 11.078117475000456,
          "wallet_exposure_limit": 1},
 "short": {"auto_unstuck_delay_minutes": 312.93917716540295,
           "auto_unstuck_ema_dist": -0.032208856495721166,
           "auto_unstuck_qty_pct": 0.04547966317902037,
           "auto_unstuck_wallet_exposure_threshold": 0.2990934875521013,
           "backwards_tp": false,
           "ddown_factor": 0.35974348737629325,
           "ema_span_0": 807.4167575639657,
           "ema_span_1": 39.49028174165993,
           "enabled": false,
           "initial_eprice_ema_dist": -0.005774525068965308,
           "initial_qty_pct": 0.022576868957363754,
           "markup_range": 0.008295358349905855,
           "min_markup": 0.007676141146051506,
           "n_close_orders": 7,
           "rentry_pprice_dist": 0.027226230602029187,
           "rentry_pprice_dist_wallet_exposure_weighting": 0.6667444763210439,
           "wallet_exposure_limit": 1.0}}