{"config_name": "recursive_grid_BTCUSDT_143days",
 "logging_level": 0,
 "long": {"auto_unstuck_delay_minutes": 1372.2141873454539,
          "auto_unstuck_ema_dist": -0.031923508996478625,
          "auto_unstuck_qty_pct": 0.01,
          "auto_unstuck_wallet_exposure_threshold": 0.03570984370637248,
          "backwards_tp": false,
          "ddown_factor": 0.49029953794531417,
          "ema_span_0": 1416.9166561741897,
          "ema_span_1": 278.2501903241191,
          "enabled": true,
          "initial_eprice_ema_dist": -0.029581389614337372,
          "initial_qty_pct": 0.039214757976803905,
          "markup_range": 0.02055382027260792,
          "min_markup": 0.010178217425908829,
          "n_close_orders": 7,
          "rentry_pprice_dist": 0.007326608164798775,
          "rentry_pprice_dist_wallet_exposure_weighting": 9.344597821140924,
          "wallet_exposure_limit": 1},
 "short": {"auto_unstuck_delay_minutes": 268.2765702455306,
           "auto_unstuck_ema_dist": -0.056114063661895794,
           "auto_unstuck_qty_pct": 0.022402952113662656,
           "auto_unstuck_wallet_exposure_threshold": 0.4768469635244845,
           "backwards_tp": false,
           "ddown_factor": 2.3292190065158525,
           "ema_span_0": 1375.1088024544429,
           "ema_span_1": 158.66850332009525,
           "enabled": false,
           "initial_eprice_ema_dist": -0.058842996833542806,
           "initial_qty_pct": 0.014540147438261323,
           "markup_range": 0.030014431862985122,
           "min_markup": 0.007499023067356865,
           "n_close_orders": 12,
           "rentry_pprice_dist": 0.01362168926591199,
           "rentry_pprice_dist_wallet_exposure_weighting": 2.9172087469211716,
           "wallet_exposure_limit": 1.0}}