{"config_name": "recursive_grid_SNXUSDT_365days",
 "logging_level": 0,
 "long": {"auto_unstuck_delay_minutes": 1212.688496505465,
          "auto_unstuck_ema_dist": -0.02752419129449967,
          "auto_unstuck_qty_pct": 0.037773676514852035,
          "auto_unstuck_wallet_exposure_threshold": 0.3165322438360102,
          "backwards_tp": false,
          "ddown_factor": 0.9542579378095659,
          "ema_span_0": 210.6848375287994,
          "ema_span_1": 53.105422093519785,
          "enabled": true,
          "initial_eprice_ema_dist": 0.00886583712509126,
          "initial_qty_pct": 0.03283108513924709,
          "markup_range": 0.02820653485101012,
          "min_markup": 0.006365456272073157,
          "n_close_orders": 5,
          "rentry_pprice_dist": 0.020645274156939213,
          "rentry_pprice_dist_wallet_exposure_weighting": 0.5635473553922741,
          "wallet_exposure_limit": 1},
 "short": {"auto_unstuck_delay_minutes": 1007.4132670322894,
           "auto_unstuck_ema_dist": -0.08778456179552786,
           "auto_unstuck_qty_pct": 0.08128443290962198,
           "auto_unstuck_wallet_exposure_threshold": 0.0346072961060508,
           "backwards_tp": false,
           "ddown_factor": 1.136082303803642,
           "ema_span_0": 1102.5386543307786,
           "ema_span_1": 625.2906212053622,
           "enabled": false,
           "initial_eprice_ema_dist": -0.006568331223770874,
           "initial_qty_pct": 0.017406115405690818,
           "markup_range": 0.006205051367371035,
           "min_markup": 0.031716244871743696,
           "n_close_orders": 6,
           "rentry_pprice_dist": 0.010549623724911517,
           "rentry_pprice_dist_wallet_exposure_weighting": 5.538714669292158,
           "wallet_exposure_limit": 1.0}}