{"config_name": "recursive_grid_OPUSDT_365days",
 "logging_level": 0,
 "long": {"auto_unstuck_delay_minutes": 606.4265642688032,
          "auto_unstuck_ema_dist": 0.04721084871660976,
          "auto_unstuck_qty_pct": 0.047536055253116376,
          "auto_unstuck_wallet_exposure_threshold": 0.28375746780082745,
          "backwards_tp": false,
          "ddown_factor": 2.4788078439912113,
          "ema_span_0": 768.0258548152412,
          "ema_span_1": 672.7212634587916,
          "enabled": true,
          "initial_eprice_ema_dist": 0.009233866748575164,
          "initial_qty_pct": 0.033073558621382816,
          "markup_range": 0.013361393965541476,
          "min_markup": 0.006,
          "n_close_orders": 3,
          "rentry_pprice_dist": 0.047157505104582706,
          "rentry_pprice_dist_wallet_exposure_weighting": 0.9665900319554701,
          "wallet_exposure_limit": 1},
 "short": {"auto_unstuck_delay_minutes": 748.2871255067683,
           "auto_unstuck_ema_dist": -0.06445598573482295,
           "auto_unstuck_qty_pct": 0.06936285073719625,
           "auto_unstuck_wallet_exposure_threshold": 0.09038663684056417,
           "backwards_tp": false,
           "ddown_factor": 2.9118442558822992,
           "ema_span_0": 1223.8392141723268,
           "ema_span_1": 838.1142436289424,
           "enabled": false,
           "initial_eprice_ema_dist": 0.0026997492997877792,
           "initial_qty_pct": 0.019644309307604628,
           "markup_range": 0.0042247278894843665,
           "min_markup": 0.013563691916157684,
           "n_close_orders": 13,
           "rentry_pprice_dist": 0.052520549486540904,
           "rentry_pprice_dist_wallet_exposure_weighting": 3.3363406456247375,
           "wallet_exposure_limit": 1.0}}