{"config_name": "recursive_grid_SHIB1000USDT_365days",
 "logging_level": 0,
 "long": {"auto_unstuck_delay_minutes": 1033.4212437244705,
          "auto_unstuck_ema_dist": -0.017690778247385054,
          "auto_unstuck_qty_pct": 0.019774262336891644,
          "auto_unstuck_wallet_exposure_threshold": 0.6788206416283326,
          "backwards_tp": false,
          "ddown_factor": 0.6253112940521002,
          "ema_span_0": 1508.0185369762416,
          "ema_span_1": 458.3087023088547,
          "enabled": true,
          "initial_eprice_ema_dist": -0.1,
          "initial_qty_pct": 0.02354750529106174,
          "markup_range": 0.027480164935815603,
          "min_markup": 0.011299430486002047,
          "n_close_orders": 6,
          "rentry_pprice_dist": 0.0260026530461154,
          "rentry_pprice_dist_wallet_exposure_weighting": 0.33947197860117906,
          "wallet_exposure_limit": 1},
 "short": {"auto_unstuck_delay_minutes": 682.7997207023552,
           "auto_unstuck_ema_dist": -0.037493411141198155,
           "auto_unstuck_qty_pct": 0.041404422860620155,
           "auto_unstuck_wallet_exposure_threshold": 0.06679559315649107,
           "backwards_tp": false,
           "ddown_factor": 1.5230960969143237,
           "ema_span_0": 1096.9794805005215,
           "ema_span_1": 1198.0909816008402,
           "enabled": false,
           "initial_eprice_ema_dist": -0.007591811405131899,
           "initial_qty_pct": 0.014743875460641508,
           "markup_range": 0.004946534214637389,
           "min_markup": 0.01888949619127496,
           "n_close_orders": 12,
           "rentry_pprice_dist": 0.056249009746472386,
           "rentry_pprice_dist_wallet_exposure_weighting": 1.864477091095078,
           "wallet_exposure_limit": 1.0}}