{"config_name": "recursive_grid_NEARUSDT_454days",
 "logging_level": 0,
 "long": {"auto_unstuck_delay_minutes": 874.1599367886855,
          "auto_unstuck_ema_dist": -0.03236074917309584,
          "auto_unstuck_qty_pct": 0.01,
          "auto_unstuck_wallet_exposure_threshold": 0.05905036466807803,
          "backwards_tp": false,
          "ddown_factor": 1.8806410401544302,
          "ema_span_0": 544.4579498964547,
          "ema_span_1": 1143.2302763361786,
          "enabled": true,
          "initial_eprice_ema_dist": 0.008102501326625228,
          "initial_qty_pct": 0.05,
          "markup_range": 0.055663134118428055,
          "min_markup": 0.008875310928738712,
          "n_close_orders": 7,
          "rentry_pprice_dist": 0.031426572198087824,
          "rentry_pprice_dist_wallet_exposure_weighting": 0.5,
          "wallet_exposure_limit": 1.0},
 "short": {"auto_unstuck_delay_minutes": 1292.9162306769072,
           "auto_unstuck_ema_dist": -0.023318835884831246,
           "auto_unstuck_qty_pct": 0.06720234439696442,
           "auto_unstuck_wallet_exposure_threshold": 0.5806775628761088,
           "backwards_tp": true,
           "ddown_factor": 1.2165767789224429,
           "ema_span_0": 1310.9980409453976,
           "ema_span_1": 1112.8882252775204,
           "enabled": false,
           "initial_eprice_ema_dist": -0.019607833424166582,
           "initial_qty_pct": 0.033546584949872595,
           "markup_range": 0.04778531367860709,
           "min_markup": 0.003203181568029977,
           "n_close_orders": 5,
           "rentry_pprice_dist": 0.022710342963561808,
           "rentry_pprice_dist_wallet_exposure_weighting": 7.555450735372196,
           "wallet_exposure_limit": 1.0}}