{"config_name": "recursive_grid_THETAUSDT_365days",
 "logging_level": 0,
 "long": {"auto_unstuck_delay_minutes": 1440,
          "auto_unstuck_ema_dist": 0.007498453996971634,
          "auto_unstuck_qty_pct": 0.033628382571557563,
          "auto_unstuck_wallet_exposure_threshold": 0.3569437982305308,
          "backwards_tp": false,
          "ddown_factor": 1.6405954276719739,
          "ema_span_0": 28.869374282972327,
          "ema_span_1": 31.992126413558037,
          "enabled": true,
          "initial_eprice_ema_dist": 0.007576591424996596,
          "initial_qty_pct": 0.04241085911790655,
          "markup_range": 0.008576355308394528,
          "min_markup": 0.01251375255617838,
          "n_close_orders": 3,
          "rentry_pprice_dist": 0.028628435524596513,
          "rentry_pprice_dist_wallet_exposure_weighting": 2.068551377709521,
          "wallet_exposure_limit": 1},
 "short": {"auto_unstuck_delay_minutes": 296.5893232684992,
           "auto_unstuck_ema_dist": -0.08409830165215308,
           "auto_unstuck_qty_pct": 0.08924090258645064,
           "auto_unstuck_wallet_exposure_threshold": 0.18629926684755627,
           "backwards_tp": false,
           "ddown_factor": 2.580437349709099,
           "ema_span_0": 1316.3569278183338,
           "ema_span_1": 1067.8092733564304,
           "enabled": false,
           "initial_eprice_ema_dist": -0.0002302154945879372,
           "initial_qty_pct": 0.014907632872175888,
           "markup_range": 0.007988740896466834,
           "min_markup": 0.02608349045519623,
           "n_close_orders": 10,
           "rentry_pprice_dist": 0.022877612897517965,
           "rentry_pprice_dist_wallet_exposure_weighting": 2.7098936049894182,
           "wallet_exposure_limit": 1.0}}