{"config_name": "recursive_grid_ARUSDT_156days",
 "logging_level": 0,
 "long": {"auto_unstuck_delay_minutes": 615.041033811937,
          "auto_unstuck_ema_dist": -0.046420440490717224,
          "auto_unstuck_qty_pct": 0.01,
          "auto_unstuck_wallet_exposure_threshold": 0.09267903941317683,
          "backwards_tp": false,
          "ddown_factor": 0.39168368443615736,
          "ema_span_0": 1124.1880244038616,
          "ema_span_1": 281.61988270180314,
          "enabled": true,
          "initial_eprice_ema_dist": 0.03878466700119837,
          "initial_qty_pct": 0.042686936769833914,
          "markup_range": 0.021544210612200906,
          "min_markup": 0.05476668303808621,
          "n_close_orders": 7,
          "rentry_pprice_dist": 0.02663016944009451,
          "rentry_pprice_dist_wallet_exposure_weighting": 11.616240599865462,
          "wallet_exposure_limit": 1.0},
 "short": {"auto_unstuck_delay_minutes": 380.80852214688974,
           "auto_unstuck_ema_dist": -0.047069651199249676,
           "auto_unstuck_qty_pct": 0.060875043060693655,
           "auto_unstuck_wallet_exposure_threshold": 0.2857142477564543,
           "backwards_tp": false,
           "ddown_factor": 0.9712150927254398,
           "ema_span_0": 847.1065253184133,
           "ema_span_1": 455.42331705948857,
           "enabled": false,
           "initial_eprice_ema_dist": -0.07924167871563316,
           "initial_qty_pct": 0.030929556869741553,
           "markup_range": 0.0518412680183464,
           "min_markup": 0.0077093113159652634,
           "n_close_orders": 15,
           "rentry_pprice_dist": 0.03150311614389238,
           "rentry_pprice_dist_wallet_exposure_weighting": 7.716748314021922,
           "wallet_exposure_limit": 1.0}}