{"config_name": "recursive_grid_FILUSDT_156days",
 "logging_level": 0,
 "long": {"auto_unstuck_delay_minutes": 764.8116638780023,
          "auto_unstuck_ema_dist": -0.025212069989273847,
          "auto_unstuck_qty_pct": 0.01,
          "auto_unstuck_wallet_exposure_threshold": 0.04504833148899848,
          "backwards_tp": false,
          "ddown_factor": 0.3260891190813739,
          "ema_span_0": 164.47336834141998,
          "ema_span_1": 313.83307101139457,
          "enabled": true,
          "initial_eprice_ema_dist": 0.006782650413938137,
          "initial_qty_pct": 0.04991244671330896,
          "markup_range": 0.021572706392809456,
          "min_markup": 0.009450646667462691,
          "n_close_orders": 5,
          "rentry_pprice_dist": 0.024088359288780118,
          "rentry_pprice_dist_wallet_exposure_weighting": 14.441051418838903,
          "wallet_exposure_limit": 1},
 "short": {"auto_unstuck_delay_minutes": 701.8148927930812,
           "auto_unstuck_ema_dist": -0.03770277635905067,
           "auto_unstuck_qty_pct": 0.03527532374379968,
           "auto_unstuck_wallet_exposure_threshold": 0.1355009825011612,
           "backwards_tp": false,
           "ddown_factor": 1.1868113262510729,
           "ema_span_0": 555.0699493612325,
           "ema_span_1": 1009.3107906101045,
           "enabled": false,
           "initial_eprice_ema_dist": -0.008299952162601279,
           "initial_qty_pct": 0.033124317427226956,
           "markup_range": 0.052650540286347934,
           "min_markup": 0.0018828987770654702,
           "n_close_orders": 14,
           "rentry_pprice_dist": 0.04698480000676192,
           "rentry_pprice_dist_wallet_exposure_weighting": 7.379037607136518,
           "wallet_exposure_limit": 1.0}}