{"config_name": "recursive_grid_STXUSDT_923days",
 "logging_level": 0,
 "long": {"auto_unstuck_delay_minutes": 0,
          "auto_unstuck_ema_dist": 0.0,
          "auto_unstuck_qty_pct": 0,
          "auto_unstuck_wallet_exposure_threshold": 0.0,
          "backwards_tp": false,
          "ddown_factor": 0.5536204696400396,
          "ema_span_0": 1197.6606205087573,
          "ema_span_1": 1281.7471510924145,
          "enabled": true,
          "initial_eprice_ema_dist": 0.02083784084313837,
          "initial_qty_pct": 0.04,
          "markup_range": 0.03946230751660882,
          "min_markup": 0.00808789420847219,
          "n_close_orders": 3,
          "rentry_pprice_dist": 0.026801233659246793,
          "rentry_pprice_dist_wallet_exposure_weighting": 11.611991575080008,
          "wallet_exposure_limit": 1},
 "short": {"auto_unstuck_delay_minutes": 812.1104979877229,
           "auto_unstuck_ema_dist": -0.056613011717834755,
           "auto_unstuck_qty_pct": 0.010646595219689681,
           "auto_unstuck_wallet_exposure_threshold": 0.6305771504513032,
           "backwards_tp": false,
           "ddown_factor": 2.0743511196302635,
           "ema_span_0": 743.0993309167442,
           "ema_span_1": 365.15491902423526,
           "enabled": false,
           "initial_eprice_ema_dist": -0.05875102218733856,
           "initial_qty_pct": 0.030002865093273205,
           "markup_range": 0.055323843513913847,
           "min_markup": 0.006394490017078592,
           "n_close_orders": 10,
           "rentry_pprice_dist": 0.045211733184061874,
           "rentry_pprice_dist_wallet_exposure_weighting": 19.148308946195346,
           "wallet_exposure_limit": 1.0}}