{"config_name": "recursive_grid_NEARUSDT_454days",
 "logging_level": 0,
 "long": {"auto_unstuck_delay_minutes": 1269.8744265160726,
          "auto_unstuck_ema_dist": 0.02179584811430316,
          "auto_unstuck_qty_pct": 0.01,
          "auto_unstuck_wallet_exposure_threshold": 0.06437740718741664,
          "backwards_tp": false,
          "ddown_factor": 1.183733227989926,
          "ema_span_0": 521.4919283717412,
          "ema_span_1": 453.23394884040033,
          "enabled": true,
          "initial_eprice_ema_dist": 0.006496847017176118,
          "initial_qty_pct": 0.05,
          "markup_range": 0.05729559660459466,
          "min_markup": 0.008932765776445424,
          "n_close_orders": 7,
          "rentry_pprice_dist": 0.026119686182135345,
          "rentry_pprice_dist_wallet_exposure_weighting": 0.6394836345236765,
          "wallet_exposure_limit": 1},
 "short": {"auto_unstuck_delay_minutes": 1292.9162306769072,
           "auto_unstuck_ema_dist": -0.023318835884831246,
           "auto_unstuck_qty_pct": 0.06720234439696442,
           "auto_unstuck_wallet_exposure_threshold": 0.5806775628761088,
           "backwards_tp": true,
           "ddown_factor": 1.2165767789224429,
           "ema_span_0": 1310.9980409453976,
           "ema_span_1": 1112.8882252775204,
           "enabled": false,
           "initial_eprice_ema_dist": -0.019607833424166582,
           "initial_qty_pct": 0.033546584949872595,
           "markup_range": 0.04778531367860709,
           "min_markup": 0.003203181568029977,
           "n_close_orders": 5,
           "rentry_pprice_dist": 0.022710342963561808,
           "rentry_pprice_dist_wallet_exposure_weighting": 7.555450735372196,
           "wallet_exposure_limit": 1.0}}