{"config_name": "recursive_grid_SNXUSDT_454days",
 "logging_level": 0,
 "long": {"auto_unstuck_delay_minutes": 962.2028301217385,
          "auto_unstuck_ema_dist": 0.03888676156125401,
          "auto_unstuck_qty_pct": 0.01,
          "auto_unstuck_wallet_exposure_threshold": 0.08698505766116635,
          "backwards_tp": false,
          "ddown_factor": 0.8572888868309264,
          "ema_span_0": 677.7275672823107,
          "ema_span_1": 1060.7140106488064,
          "enabled": true,
          "initial_eprice_ema_dist": 0.002504469662604474,
          "initial_qty_pct": 0.05,
          "markup_range": 0.020488038506824735,
          "min_markup": 0.005700515366826418,
          "n_close_orders": 6,
          "rentry_pprice_dist": 0.04792124357448533,
          "rentry_pprice_dist_wallet_exposure_weighting": 1.223207396446992,
          "wallet_exposure_limit": 1.0},
 "short": {"auto_unstuck_delay_minutes": 918.5588229497389,
           "auto_unstuck_ema_dist": -0.008559041946432477,
           "auto_unstuck_qty_pct": 0.03578538667700281,
           "auto_unstuck_wallet_exposure_threshold": 0.648789645367154,
           "backwards_tp": true,
           "ddown_factor": 2.5147867453070325,
           "ema_span_0": 350.92087141834463,
           "ema_span_1": 604.7070897391459,
           "enabled": false,
           "initial_eprice_ema_dist": -0.04820777931496167,
           "initial_qty_pct": 0.016887158976840587,
           "markup_range": 0.01542620876748617,
           "min_markup": 0.007435650481735979,
           "n_close_orders": 4,
           "rentry_pprice_dist": 0.048478725715105406,
           "rentry_pprice_dist_wallet_exposure_weighting": 9.34851335319841,
           "wallet_exposure_limit": 1.0}}