{"config_name": "recursive_grid_APTUSDT_454days",
 "logging_level": 0,
 "long": {"auto_unstuck_delay_minutes": 1066.9549761110925,
          "auto_unstuck_ema_dist": -0.004272845291528439,
          "auto_unstuck_qty_pct": 0.01,
          "auto_unstuck_wallet_exposure_threshold": 0.0384210962794261,
          "backwards_tp": false,
          "ddown_factor": 0.7852973412299434,
          "ema_span_0": 574.8064667650108,
          "ema_span_1": 1348.9782357154568,
          "enabled": true,
          "initial_eprice_ema_dist": 0.00708007516914828,
          "initial_qty_pct": 0.05,
          "markup_range": 0.054222147169940275,
          "min_markup": 0.007035687850205321,
          "n_close_orders": 3,
          "rentry_pprice_dist": 0.03350137495677641,
          "rentry_pprice_dist_wallet_exposure_weighting": 1.0441447071327148,
          "wallet_exposure_limit": 1},
 "short": {"auto_unstuck_delay_minutes": 604.1100870156276,
           "auto_unstuck_ema_dist": -0.03402277063422529,
           "auto_unstuck_qty_pct": 0.03548203192679263,
           "auto_unstuck_wallet_exposure_threshold": 0.7670164669360456,
           "backwards_tp": true,
           "ddown_factor": 1.0017867006795222,
           "ema_span_0": 657.4515705170796,
           "ema_span_1": 386.93881200253065,
           "enabled": false,
           "initial_eprice_ema_dist": -0.024202268138446018,
           "initial_qty_pct": 0.016979240570608272,
           "markup_range": 0.013915679355340615,
           "min_markup": 0.006910335924566761,
           "n_close_orders": 16,
           "rentry_pprice_dist": 0.01167019652345879,
           "rentry_pprice_dist_wallet_exposure_weighting": 14.604426704886059,
           "wallet_exposure_limit": 1.0}}