{"config_name": "recursive_grid_SOLUSDT_365days",
 "logging_level": 0,
 "long": {"auto_unstuck_delay_minutes": 277.10562958115736,
          "auto_unstuck_ema_dist": -0.060546084437148685,
          "auto_unstuck_qty_pct": 0.011988681076672782,
          "auto_unstuck_wallet_exposure_threshold": 0.6443553322767998,
          "backwards_tp": false,
          "ddown_factor": 1.3988088147828919,
          "ema_span_0": 230.43878058704635,
          "ema_span_1": 1357.7251477020266,
          "enabled": true,
          "initial_eprice_ema_dist": -0.08579833979521938,
          "initial_qty_pct": 0.03269544812002207,
          "markup_range": 0.015228234438248991,
          "min_markup": 0.007669264355252311,
          "n_close_orders": 5,
          "rentry_pprice_dist": 0.03212461346013799,
          "rentry_pprice_dist_wallet_exposure_weighting": 0.897326000375427,
          "wallet_exposure_limit": 1},
 "short": {"auto_unstuck_delay_minutes": 1171.6192147238407,
           "auto_unstuck_ema_dist": -0.053344573098252974,
           "auto_unstuck_qty_pct": 0.07767959662104185,
           "auto_unstuck_wallet_exposure_threshold": 0.18311259579774275,
           "backwards_tp": false,
           "ddown_factor": 0.7488273080122698,
           "ema_span_0": 1335.058831181446,
           "ema_span_1": 1408.2020790207882,
           "enabled": false,
           "initial_eprice_ema_dist": -0.007759682494454947,
           "initial_qty_pct": 0.00784439820628522,
           "markup_range": 0.00031491453144132266,
           "min_markup": 0.027473691021085406,
           "n_close_orders": 4,
           "rentry_pprice_dist": 0.05188676088123092,
           "rentry_pprice_dist_wallet_exposure_weighting": 1.5684126043701068,
           "wallet_exposure_limit": 1.0}}