{"config_name": "recursive_grid_DOTUSDT_156days",
 "logging_level": 0,
 "long": {"auto_unstuck_delay_minutes": 1176.8292913571104,
          "auto_unstuck_ema_dist": 0.001597690037066218,
          "auto_unstuck_qty_pct": 0.01,
          "auto_unstuck_wallet_exposure_threshold": 0.068549182559329,
          "backwards_tp": false,
          "ddown_factor": 0.5366808013379977,
          "ema_span_0": 1038.6531479835144,
          "ema_span_1": 1135.5985132545131,
          "enabled": true,
          "initial_eprice_ema_dist": 0.00997471967030088,
          "initial_qty_pct": 0.03402713559582314,
          "markup_range": 0.040522417191707946,
          "min_markup": 0.013925595705766725,
          "n_close_orders": 6,
          "rentry_pprice_dist": 0.011058633552988324,
          "rentry_pprice_dist_wallet_exposure_weighting": 7.527532238749697,
          "wallet_exposure_limit": 1},
 "short": {"auto_unstuck_delay_minutes": 690.4154871669286,
           "auto_unstuck_ema_dist": -0.085113300509777,
           "auto_unstuck_qty_pct": 0.04916116416912913,
           "auto_unstuck_wallet_exposure_threshold": 0.1039018639534488,
           "backwards_tp": false,
           "ddown_factor": 1.7515131657778507,
           "ema_span_0": 1434.6693449263573,
           "ema_span_1": 322.93444164061793,
           "enabled": false,
           "initial_eprice_ema_dist": -0.038731020598148154,
           "initial_qty_pct": 0.018826429038758676,
           "markup_range": 0.01174215895490274,
           "min_markup": 0.0063745309879645684,
           "n_close_orders": 12,
           "rentry_pprice_dist": 0.0460052621450739,
           "rentry_pprice_dist_wallet_exposure_weighting": 11.020069001848409,
           "wallet_exposure_limit": 1.0}}