{"config_name": "recursive_grid_ORDIUSDT_143days",
 "logging_level": 0,
 "long": {"auto_unstuck_delay_minutes": 920.03844160712,
          "auto_unstuck_ema_dist": 0.006828543137487788,
          "auto_unstuck_qty_pct": 0.01,
          "auto_unstuck_wallet_exposure_threshold": 0.08979183792647412,
          "backwards_tp": false,
          "ddown_factor": 0.5046575718437968,
          "ema_span_0": 1226.755890353263,
          "ema_span_1": 740.841989717399,
          "enabled": true,
          "initial_eprice_ema_dist": 0.012238079483789154,
          "initial_qty_pct": 0.03501949927482708,
          "markup_range": 0.02068649479077752,
          "min_markup": 0.012893448356151168,
          "n_close_orders": 6,
          "rentry_pprice_dist": 0.020204628144874143,
          "rentry_pprice_dist_wallet_exposure_weighting": 8.874038156537303,
          "wallet_exposure_limit": 1},
 "short": {"auto_unstuck_delay_minutes": 1095.6162259283112,
           "auto_unstuck_ema_dist": -0.0724679900625595,
           "auto_unstuck_qty_pct": 0.08487102746533291,
           "auto_unstuck_wallet_exposure_threshold": 0.5177315006652164,
           "backwards_tp": false,
           "ddown_factor": 2.5851878083956676,
           "ema_span_0": 62.83905932586155,
           "ema_span_1": 378.73353190529957,
           "enabled": false,
           "initial_eprice_ema_dist": -0.0047501027711018,
           "initial_qty_pct": 0.041152603161086904,
           "markup_range": 0.044101082470680626,
           "min_markup": 0.004554454109832461,
           "n_close_orders": 15,
           "rentry_pprice_dist": 0.020673970206449753,
           "rentry_pprice_dist_wallet_exposure_weighting": 14.026055314789556,
           "wallet_exposure_limit": 1.0}}