{"config_name": "recursive_grid_ETHUSDT_1331days",
 "logging_level": 0,
 "long": {"auto_unstuck_delay_minutes": 0.0,
          "auto_unstuck_ema_dist": 0,
          "auto_unstuck_qty_pct": 0,
          "auto_unstuck_wallet_exposure_threshold": 0.0,
          "backwards_tp": false,
          "ddown_factor": 0.5113550478160483,
          "ema_span_0": 1261.1805186524355,
          "ema_span_1": 1343.1020822002727,
          "enabled": true,
          "initial_eprice_ema_dist": 0.06025982062983706,
          "initial_qty_pct": 0.04,
          "markup_range": 0.037860373499715876,
          "min_markup": 0.010077522406634457,
          "n_close_orders": 2,
          "rentry_pprice_dist": 0.019599963398107503,
          "rentry_pprice_dist_wallet_exposure_weighting": 9.701001335638002,
          "wallet_exposure_limit": 1},
 "short": {"auto_unstuck_delay_minutes": 835.5785524673255,
           "auto_unstuck_ema_dist": -0.03669896189665425,
           "auto_unstuck_qty_pct": 0.0930470363103969,
           "auto_unstuck_wallet_exposure_threshold": 0.34784891923090355,
           "backwards_tp": false,
           "ddown_factor": 2.8140083912360834,
           "ema_span_0": 1291.90066729906,
           "ema_span_1": 1114.1467094718498,
           "enabled": false,
           "initial_eprice_ema_dist": 0.0021173045031849247,
           "initial_qty_pct": 0.04223424116507733,
           "markup_range": 0.05016950405939995,
           "min_markup": 0.0032509629312239,
           "n_close_orders": 14,
           "rentry_pprice_dist": 0.025322354981820727,
           "rentry_pprice_dist_wallet_exposure_weighting": 9.814719546613004,
           "wallet_exposure_limit": 1.0}}