{"config_name": "recursive_grid_UNIUSDT_1183days",
 "logging_level": 0,
 "long": {"auto_unstuck_delay_minutes": 0,
          "auto_unstuck_ema_dist": 0,
          "auto_unstuck_qty_pct": 0,
          "auto_unstuck_wallet_exposure_threshold": 0.0,
          "backwards_tp": false,
          "ddown_factor": 0.5612563590117737,
          "ema_span_0": 1298.5811417452796,
          "ema_span_1": 1203.2738955297687,
          "enabled": true,
          "initial_eprice_ema_dist": 0.04005507004466319,
          "initial_qty_pct": 0.04,
          "markup_range": 0.02828809131904126,
          "min_markup": 0.012548082726777125,
          "n_close_orders": 3,
          "rentry_pprice_dist": 0.03860087282576459,
          "rentry_pprice_dist_wallet_exposure_weighting": 11.823246942846177,
          "wallet_exposure_limit": 1},
 "short": {"auto_unstuck_delay_minutes": 987.8417901092902,
           "auto_unstuck_ema_dist": -0.07972572751043913,
           "auto_unstuck_qty_pct": 0.01939978836510005,
           "auto_unstuck_wallet_exposure_threshold": 0.7867427736036717,
           "backwards_tp": false,
           "ddown_factor": 2.3252805608924674,
           "ema_span_0": 362.8209297434519,
           "ema_span_1": 241.51720684691858,
           "enabled": false,
           "initial_eprice_ema_dist": -0.020958720012141108,
           "initial_qty_pct": 0.012574240602324215,
           "markup_range": 0.05061517479498145,
           "min_markup": 0.0027407603722599504,
           "n_close_orders": 10,
           "rentry_pprice_dist": 0.010502449017541783,
           "rentry_pprice_dist_wallet_exposure_weighting": 10.528684774510742,
           "wallet_exposure_limit": 1.0}}