{"config_name": "recursive_grid_SHIB1000USDT_454days",
 "logging_level": 0,
 "long": {"auto_unstuck_delay_minutes": 1399.1874011101518,
          "auto_unstuck_ema_dist": -0.025075677452280665,
          "auto_unstuck_qty_pct": 0.01,
          "auto_unstuck_wallet_exposure_threshold": 0.06773788855690752,
          "backwards_tp": false,
          "ddown_factor": 1.648819787747165,
          "ema_span_0": 733.477348692445,
          "ema_span_1": 662.1123452215646,
          "enabled": true,
          "initial_eprice_ema_dist": 0.0004407330930868372,
          "initial_qty_pct": 0.05,
          "markup_range": 0.04135326393032216,
          "min_markup": 0.009708963082656775,
          "n_close_orders": 5,
          "rentry_pprice_dist": 0.028963050563892218,
          "rentry_pprice_dist_wallet_exposure_weighting": 1.1147961811112985,
          "wallet_exposure_limit": 1},
 "short": {"auto_unstuck_delay_minutes": 132.84206732050615,
           "auto_unstuck_ema_dist": -0.013155145486640582,
           "auto_unstuck_qty_pct": 0.09588236159981092,
           "auto_unstuck_wallet_exposure_threshold": 0.5473157457580116,
           "backwards_tp": true,
           "ddown_factor": 1.6786454475012251,
           "ema_span_0": 620.6747949684323,
           "ema_span_1": 1424.2120378059915,
           "enabled": false,
           "initial_eprice_ema_dist": -0.05158097701655098,
           "initial_qty_pct": 0.030504692969878136,
           "markup_range": 0.043588753209615506,
           "min_markup": 0.0011172204217051874,
           "n_close_orders": 13,
           "rentry_pprice_dist": 0.008891567017457318,
           "rentry_pprice_dist_wallet_exposure_weighting": 15.170335560224071,
           "wallet_exposure_limit": 1.0}}