{"config_name": "recursive_grid_SHIB1000USDT_365days",
 "logging_level": 0,
 "long": {"auto_unstuck_delay_minutes": 502.5294682047025,
          "auto_unstuck_ema_dist": -0.05351256667527076,
          "auto_unstuck_qty_pct": 0.06545337658968012,
          "auto_unstuck_wallet_exposure_threshold": 0.3897946582369137,
          "backwards_tp": false,
          "ddown_factor": 0.531504457851416,
          "ema_span_0": 1480.7599183902375,
          "ema_span_1": 1589.8720560926272,
          "enabled": true,
          "initial_eprice_ema_dist": 0.016850941929309846,
          "initial_qty_pct": 0.037227545464588674,
          "markup_range": 0.0010109098074032273,
          "min_markup": 0.016897809463786644,
          "n_close_orders": 4,
          "rentry_pprice_dist": 0.038338867494798874,
          "rentry_pprice_dist_wallet_exposure_weighting": 2.8462039161488057,
          "wallet_exposure_limit": 1},
 "short": {"auto_unstuck_delay_minutes": 682.7997207023552,
           "auto_unstuck_ema_dist": -0.037493411141198155,
           "auto_unstuck_qty_pct": 0.041404422860620155,
           "auto_unstuck_wallet_exposure_threshold": 0.06679559315649107,
           "backwards_tp": false,
           "ddown_factor": 1.5230960969143237,
           "ema_span_0": 1096.9794805005215,
           "ema_span_1": 1198.0909816008402,
           "enabled": false,
           "initial_eprice_ema_dist": -0.007591811405131899,
           "initial_qty_pct": 0.014743875460641508,
           "markup_range": 0.004946534214637389,
           "min_markup": 0.01888949619127496,
           "n_close_orders": 12,
           "rentry_pprice_dist": 0.056249009746472386,
           "rentry_pprice_dist_wallet_exposure_weighting": 1.864477091095078,
           "wallet_exposure_limit": 1.0}}