{"config_name": "recursive_grid_AVAXUSDT_366days",
 "logging_level": 0,
 "long": {"auto_unstuck_delay_minutes": 581.849833755911,
          "auto_unstuck_ema_dist": 0.021827358517617988,
          "auto_unstuck_qty_pct": 0.036483190207661775,
          "auto_unstuck_wallet_exposure_threshold": 0.14755381698261102,
          "backwards_tp": false,
          "ddown_factor": 0.2621644027124705,
          "ema_span_0": 1623.706184442096,
          "ema_span_1": 1042.417901996174,
          "enabled": true,
          "initial_eprice_ema_dist": -0.001958668961842131,
          "initial_qty_pct": 0.039109063781351004,
          "markup_range": 0.0023589360122499947,
          "min_markup": 0.01026844391954975,
          "n_close_orders": 6,
          "rentry_pprice_dist": 0.03252437333742223,
          "rentry_pprice_dist_wallet_exposure_weighting": 0.5680654010347161,
          "wallet_exposure_limit": 1},
 "short": {"auto_unstuck_delay_minutes": 0.0,
           "auto_unstuck_ema_dist": 0.0,
           "auto_unstuck_qty_pct": 0.0,
           "auto_unstuck_wallet_exposure_threshold": 0.0,
           "backwards_tp": false,
           "ddown_factor": 2.6212993917882197,
           "ema_span_0": 1261.5727588227687,
           "ema_span_1": 511.831640950766,
           "enabled": false,
           "initial_eprice_ema_dist": -0.0013403436570188602,
           "initial_qty_pct": 0.00948488131904339,
           "markup_range": 0.0019075250188491399,
           "min_markup": 0.006946466210122661,
           "n_close_orders": 15,
           "rentry_pprice_dist": 0.01891745561562885,
           "rentry_pprice_dist_wallet_exposure_weighting": 3.9972144604064477,
           "wallet_exposure_limit": 1.0}}