{"config_name": "recursive_grid_ETHUSDT_1377days",
 "logging_level": 0,
 "long": {"auto_unstuck_delay_minutes": 0,
          "auto_unstuck_ema_dist": 0.0,
          "auto_unstuck_qty_pct": 0,
          "auto_unstuck_wallet_exposure_threshold": 0.0,
          "backwards_tp": false,
          "ddown_factor": 0.47715466628867637,
          "ema_span_0": 1018.0807148979884,
          "ema_span_1": 644.7247562033212,
          "enabled": true,
          "initial_eprice_ema_dist": 0.041921349322717766,
          "initial_qty_pct": 0.04,
          "markup_range": 0.0426471376502711,
          "min_markup": 0.03,
          "n_close_orders": 4,
          "rentry_pprice_dist": 0.05,
          "rentry_pprice_dist_wallet_exposure_weighting": 15.979133239988847,
          "wallet_exposure_limit": 1},
 "short": {"auto_unstuck_delay_minutes": 772.4446044676489,
           "auto_unstuck_ema_dist": -0.07053697221263082,
           "auto_unstuck_qty_pct": 0.08589824481963905,
           "auto_unstuck_wallet_exposure_threshold": 0.6281913849747088,
           "backwards_tp": false,
           "ddown_factor": 1.623891382757873,
           "ema_span_0": 1249.4399739504292,
           "ema_span_1": 1144.8546433385866,
           "enabled": false,
           "initial_eprice_ema_dist": -0.0253127870552549,
           "initial_qty_pct": 0.031864260551280055,
           "markup_range": 0.003042455594681372,
           "min_markup": 0.008313863458012858,
           "n_close_orders": 6,
           "rentry_pprice_dist": 0.017213292697134227,
           "rentry_pprice_dist_wallet_exposure_weighting": 4.18713727559568,
           "wallet_exposure_limit": 1.0}}