{"config_name": "recursive_grid_SEIUSDT_302days",
 "logging_level": 0,
 "long": {"auto_unstuck_delay_minutes": 0,
          "auto_unstuck_ema_dist": 0,
          "auto_unstuck_qty_pct": 0,
          "auto_unstuck_wallet_exposure_threshold": 0.0,
          "backwards_tp": false,
          "ddown_factor": 0.5920768320105264,
          "ema_span_0": 675.9785245402278,
          "ema_span_1": 641.683527592032,
          "enabled": true,
          "initial_eprice_ema_dist": 0.019759357743200753,
          "initial_qty_pct": 0.04,
          "markup_range": 0.030709943008549373,
          "min_markup": 0.016543040857828144,
          "n_close_orders": 4,
          "rentry_pprice_dist": 0.030628440108551633,
          "rentry_pprice_dist_wallet_exposure_weighting": 9.234708682530751,
          "wallet_exposure_limit": 1},
 "short": {"auto_unstuck_delay_minutes": 854.5872521948936,
           "auto_unstuck_ema_dist": -0.051840044783007515,
           "auto_unstuck_qty_pct": 0.05446397842251876,
           "auto_unstuck_wallet_exposure_threshold": 0.6550635734795767,
           "backwards_tp": false,
           "ddown_factor": 0.888278167764232,
           "ema_span_0": 1273.3091920461034,
           "ema_span_1": 1257.7395433973343,
           "enabled": false,
           "initial_eprice_ema_dist": -0.06490956902532091,
           "initial_qty_pct": 0.03197559017377841,
           "markup_range": 0.008362676328691303,
           "min_markup": 0.007091925029867015,
           "n_close_orders": 13,
           "rentry_pprice_dist": 0.04729098470852387,
           "rentry_pprice_dist_wallet_exposure_weighting": 16.85427972782137,
           "wallet_exposure_limit": 1.0}}