{"config_name": "recursive_grid_SOLUSDT_365days",
 "logging_level": 0,
 "long": {"auto_unstuck_delay_minutes": 229.8842875502146,
          "auto_unstuck_ema_dist": -0.0018441104098891603,
          "auto_unstuck_qty_pct": 0.012716808131127957,
          "auto_unstuck_wallet_exposure_threshold": 0.5580728644272123,
          "backwards_tp": false,
          "ddown_factor": 1.3797475956571388,
          "ema_span_0": 1111.1541032066098,
          "ema_span_1": 615.3134453992695,
          "enabled": true,
          "initial_eprice_ema_dist": -0.04603778701156893,
          "initial_qty_pct": 0.03511002191904963,
          "markup_range": 0.019729157838825572,
          "min_markup": 0.009600438799366584,
          "n_close_orders": 5,
          "rentry_pprice_dist": 0.03430151822886401,
          "rentry_pprice_dist_wallet_exposure_weighting": 0.5414161849478315,
          "wallet_exposure_limit": 1},
 "short": {"auto_unstuck_delay_minutes": 1171.6192147238407,
           "auto_unstuck_ema_dist": -0.053344573098252974,
           "auto_unstuck_qty_pct": 0.07767959662104185,
           "auto_unstuck_wallet_exposure_threshold": 0.18311259579774275,
           "backwards_tp": false,
           "ddown_factor": 0.7488273080122698,
           "ema_span_0": 1335.058831181446,
           "ema_span_1": 1408.2020790207882,
           "enabled": false,
           "initial_eprice_ema_dist": -0.007759682494454947,
           "initial_qty_pct": 0.00784439820628522,
           "markup_range": 0.00031491453144132266,
           "min_markup": 0.027473691021085406,
           "n_close_orders": 4,
           "rentry_pprice_dist": 0.05188676088123092,
           "rentry_pprice_dist_wallet_exposure_weighting": 1.5684126043701068,
           "wallet_exposure_limit": 1.0}}