{"config_name": "recursive_grid_AIUSDT_73days",
 "logging_level": 0,
 "long": {"auto_unstuck_delay_minutes": 619.9965369993213,
          "auto_unstuck_ema_dist": -0.0472122577956441,
          "auto_unstuck_qty_pct": 0.01,
          "auto_unstuck_wallet_exposure_threshold": 0.040185691545963284,
          "backwards_tp": false,
          "ddown_factor": 2,
          "ema_span_0": 1183.5953489748335,
          "ema_span_1": 513.7003198799201,
          "enabled": true,
          "initial_eprice_ema_dist": 0.0030863442623578854,
          "initial_qty_pct": 0.05,
          "markup_range": 0.05653801573202128,
          "min_markup": 0.005097256672970746,
          "n_close_orders": 6,
          "rentry_pprice_dist": 0.021614081571420196,
          "rentry_pprice_dist_wallet_exposure_weighting": 0.970872443441062,
          "wallet_exposure_limit": 1},
 "short": {"auto_unstuck_delay_minutes": 1176.6570766117522,
           "auto_unstuck_ema_dist": -0.0014505160565270875,
           "auto_unstuck_qty_pct": 0.044521722806834974,
           "auto_unstuck_wallet_exposure_threshold": 0.7401808161778829,
           "backwards_tp": true,
           "ddown_factor": 1.0137952547206843,
           "ema_span_0": 1345.893681718886,
           "ema_span_1": 343.218699935223,
           "enabled": false,
           "initial_eprice_ema_dist": -0.049561086369386165,
           "initial_qty_pct": 0.036051888592702974,
           "markup_range": 0.02572823574944524,
           "min_markup": 0.004319277882384419,
           "n_close_orders": 8,
           "rentry_pprice_dist": 0.016578885104243584,
           "rentry_pprice_dist_wallet_exposure_weighting": 9.45185180470046,
           "wallet_exposure_limit": 1.0}}