{"config_name": "recursive_grid_1000BONKUSDT_143days",
 "logging_level": 0,
 "long": {"auto_unstuck_delay_minutes": 1204.8778996613853,
          "auto_unstuck_ema_dist": 0.011195174114834143,
          "auto_unstuck_qty_pct": 0.01,
          "auto_unstuck_wallet_exposure_threshold": 0.07407964603075591,
          "backwards_tp": false,
          "ddown_factor": 0.5846392690874033,
          "ema_span_0": 176.64166707986908,
          "ema_span_1": 168.9443741183766,
          "enabled": true,
          "initial_eprice_ema_dist": 0.019327622902988062,
          "initial_qty_pct": 0.031115020997572386,
          "markup_range": 0.03983952939753144,
          "min_markup": 0.01867160478138966,
          "n_close_orders": 6,
          "rentry_pprice_dist": 0.01589124854350577,
          "rentry_pprice_dist_wallet_exposure_weighting": 10.288144724977995,
          "wallet_exposure_limit": 1.0},
 "short": {"auto_unstuck_delay_minutes": 163.27489698165326,
           "auto_unstuck_ema_dist": -0.0876335737281622,
           "auto_unstuck_qty_pct": 0.05907974782514752,
           "auto_unstuck_wallet_exposure_threshold": 0.331452827740479,
           "backwards_tp": false,
           "ddown_factor": 0.45466419627991395,
           "ema_span_0": 1097.4397397977045,
           "ema_span_1": 924.684306051736,
           "enabled": false,
           "initial_eprice_ema_dist": -0.033384897286500265,
           "initial_qty_pct": 0.04180293344521514,
           "markup_range": 0.05794553705290883,
           "min_markup": 0.009801213592769125,
           "n_close_orders": 12,
           "rentry_pprice_dist": 0.03886327386525867,
           "rentry_pprice_dist_wallet_exposure_weighting": 12.329517454070189,
           "wallet_exposure_limit": 1.0}}