{"config_name": "recursive_grid_APTUSDT_365days",
 "logging_level": 0,
 "long": {"auto_unstuck_delay_minutes": 1121.5612977597875,
          "auto_unstuck_ema_dist": -0.0787607440621629,
          "auto_unstuck_qty_pct": 0.07244127616473922,
          "auto_unstuck_wallet_exposure_threshold": 0.1710178859984275,
          "backwards_tp": true,
          "ddown_factor": 0.16478724918115475,
          "ema_span_0": 228.76300034814565,
          "ema_span_1": 264.4591145841375,
          "enabled": true,
          "initial_eprice_ema_dist": -0.0017873140373565384,
          "initial_qty_pct": 0.03620148197320097,
          "markup_range": 0.013494029901578069,
          "min_markup": 0.0063871122318167155,
          "n_close_orders": 4,
          "rentry_pprice_dist": 0.05453620556886489,
          "rentry_pprice_dist_wallet_exposure_weighting": 1.3497654141103046,
          "wallet_exposure_limit": 1},
 "short": {"auto_unstuck_delay_minutes": 0.0,
           "auto_unstuck_ema_dist": 0.0,
           "auto_unstuck_qty_pct": 0.0,
           "auto_unstuck_wallet_exposure_threshold": 0.0,
           "backwards_tp": true,
           "ddown_factor": 2.1108911184447225,
           "ema_span_0": 827.6496136386202,
           "ema_span_1": 420.09044210855706,
           "enabled": false,
           "initial_eprice_ema_dist": -0.005134745958736565,
           "initial_qty_pct": 0.01832758442363604,
           "markup_range": 0.0018410091713101041,
           "min_markup": 0.004334236174535827,
           "n_close_orders": 9,
           "rentry_pprice_dist": 0.009255837435813756,
           "rentry_pprice_dist_wallet_exposure_weighting": 4.3157637213903355,
           "wallet_exposure_limit": 1.0}}