{"config_name": "recursive_grid_BTCUSDT_454days",
 "logging_level": 0,
 "long": {"auto_unstuck_delay_minutes": 1024.133454015232,
          "auto_unstuck_ema_dist": 0.004954141462689856,
          "auto_unstuck_qty_pct": 0.01,
          "auto_unstuck_wallet_exposure_threshold": 0.0780105010100675,
          "backwards_tp": false,
          "ddown_factor": 1.8508699117752316,
          "ema_span_0": 1282.9251518508597,
          "ema_span_1": 1292.9187816690883,
          "enabled": true,
          "initial_eprice_ema_dist": 0.004263910989750468,
          "initial_qty_pct": 0.05,
          "markup_range": 0.052854309290340656,
          "min_markup": 0.003371085019902163,
          "n_close_orders": 3,
          "rentry_pprice_dist": 0.021509525033689598,
          "rentry_pprice_dist_wallet_exposure_weighting": 1.0392611161846086,
          "wallet_exposure_limit": 1},
 "short": {"auto_unstuck_delay_minutes": 353.2360731922241,
           "auto_unstuck_ema_dist": -0.080004795985431,
           "auto_unstuck_qty_pct": 0.04734030042479907,
           "auto_unstuck_wallet_exposure_threshold": 0.3545264157246901,
           "backwards_tp": true,
           "ddown_factor": 0.6223761197082469,
           "ema_span_0": 199.3043602197864,
           "ema_span_1": 134.2751201578929,
           "enabled": false,
           "initial_eprice_ema_dist": -0.013281767263849262,
           "initial_qty_pct": 0.013080707446183304,
           "markup_range": 0.011708254815982524,
           "min_markup": 0.0011036517473693428,
           "n_close_orders": 11,
           "rentry_pprice_dist": 0.03399070423174539,
           "rentry_pprice_dist_wallet_exposure_weighting": 13.775973965490383,
           "wallet_exposure_limit": 1.0}}