{"config_name": "recursive_grid_1000RATSUSDT_143days",
 "logging_level": 0,
 "long": {"auto_unstuck_delay_minutes": 1246.8724660351993,
          "auto_unstuck_ema_dist": -0.025675651354002387,
          "auto_unstuck_qty_pct": 0.01,
          "auto_unstuck_wallet_exposure_threshold": 0.07986720887931711,
          "backwards_tp": false,
          "ddown_factor": 0.36483806106316685,
          "ema_span_0": 266.53647062986056,
          "ema_span_1": 248.46341009341478,
          "enabled": true,
          "initial_eprice_ema_dist": 0.02354701948168874,
          "initial_qty_pct": 0.04973338285922656,
          "markup_range": 0.04152689948078718,
          "min_markup": 0.010448737619351788,
          "n_close_orders": 7,
          "rentry_pprice_dist": 0.015042370183267912,
          "rentry_pprice_dist_wallet_exposure_weighting": 11.373071004355728,
          "wallet_exposure_limit": 1},
 "short": {"auto_unstuck_delay_minutes": 746.743429702792,
           "auto_unstuck_ema_dist": -0.0873842449037789,
           "auto_unstuck_qty_pct": 0.06079797051689596,
           "auto_unstuck_wallet_exposure_threshold": 0.18968371256722305,
           "backwards_tp": false,
           "ddown_factor": 1.439733825723779,
           "ema_span_0": 940.3576583364788,
           "ema_span_1": 998.6010389352432,
           "enabled": false,
           "initial_eprice_ema_dist": -0.08932860884646943,
           "initial_qty_pct": 0.04990765925403567,
           "markup_range": 0.05076573412287133,
           "min_markup": 0.0013050207201315122,
           "n_close_orders": 2,
           "rentry_pprice_dist": 0.02171307745480318,
           "rentry_pprice_dist_wallet_exposure_weighting": 8.10272535225985,
           "wallet_exposure_limit": 1.0}}