{"config_name": "recursive_grid_TIAUSDT_121days",
 "logging_level": 0,
 "long": {"auto_unstuck_delay_minutes": 181.34192113053297,
          "auto_unstuck_ema_dist": -0.08064799062649952,
          "auto_unstuck_qty_pct": 0.031682490978669285,
          "auto_unstuck_wallet_exposure_threshold": 0.07202157749744517,
          "backwards_tp": false,
          "ddown_factor": 1.003339384751673,
          "ema_span_0": 2001.0290559145299,
          "ema_span_1": 1716.848856117186,
          "enabled": true,
          "initial_eprice_ema_dist": -0.0065667505232045046,
          "initial_qty_pct": 0.07556487975372159,
          "markup_range": 0.013709333533846728,
          "min_markup": 0.02983046681240001,
          "n_close_orders": 7,
          "rentry_pprice_dist": 0.02488098868055586,
          "rentry_pprice_dist_wallet_exposure_weighting": 4.218102562587629,
          "wallet_exposure_limit": 1},
 "short": {"auto_unstuck_delay_minutes": 0.0,
           "auto_unstuck_ema_dist": 0.0,
           "auto_unstuck_qty_pct": 0.0,
           "auto_unstuck_wallet_exposure_threshold": 0.0,
           "backwards_tp": false,
           "ddown_factor": 0.3851425374481833,
           "ema_span_0": 851.5443706701845,
           "ema_span_1": 1044.1552668553127,
           "enabled": false,
           "initial_eprice_ema_dist": -0.0028556109977540007,
           "initial_qty_pct": 0.007395116542020666,
           "markup_range": 0.001686730820791087,
           "min_markup": 0.0011918965427270313,
           "n_close_orders": 7,
           "rentry_pprice_dist": 0.040440119818480336,
           "rentry_pprice_dist_wallet_exposure_weighting": 5.9123779161256795,
           "wallet_exposure_limit": 1.0}}