{"config_name": "recursive_grid_APTUSDT_454days",
 "logging_level": 0,
 "long": {"auto_unstuck_delay_minutes": 1177.5815964848948,
          "auto_unstuck_ema_dist": -0.005499627434954614,
          "auto_unstuck_qty_pct": 0.01,
          "auto_unstuck_wallet_exposure_threshold": 0.06609557069339522,
          "backwards_tp": false,
          "ddown_factor": 1.2028475743186045,
          "ema_span_0": 808.5030662677584,
          "ema_span_1": 599.6988626940023,
          "enabled": true,
          "initial_eprice_ema_dist": 0.003009722883809707,
          "initial_qty_pct": 0.05,
          "markup_range": 0.05699977783841636,
          "min_markup": 0.009452057139317654,
          "n_close_orders": 5,
          "rentry_pprice_dist": 0.03698792326013832,
          "rentry_pprice_dist_wallet_exposure_weighting": 1.8894673381150742,
          "wallet_exposure_limit": 1},
 "short": {"auto_unstuck_delay_minutes": 578.4937277607187,
           "auto_unstuck_ema_dist": -0.027649077476263245,
           "auto_unstuck_qty_pct": 0.07653361029266552,
           "auto_unstuck_wallet_exposure_threshold": 0.8829559621529887,
           "backwards_tp": true,
           "ddown_factor": 0.6473345851136919,
           "ema_span_0": 89.66546479138495,
           "ema_span_1": 855.5565458785227,
           "enabled": false,
           "initial_eprice_ema_dist": -0.033411958337270106,
           "initial_qty_pct": 0.012197626247713802,
           "markup_range": 0.007154467460532654,
           "min_markup": 0.0032670043635379007,
           "n_close_orders": 5,
           "rentry_pprice_dist": 0.022370439972339045,
           "rentry_pprice_dist_wallet_exposure_weighting": 11.560092181598282,
           "wallet_exposure_limit": 1.0}}