{"config_name": "recursive_grid_SOLUSDT_365days",
 "logging_level": 0,
 "long": {"auto_unstuck_delay_minutes": 306.2327215840678,
          "auto_unstuck_ema_dist": -0.08352385299010914,
          "auto_unstuck_qty_pct": 0.01211621593185951,
          "auto_unstuck_wallet_exposure_threshold": 0.5766650597063662,
          "backwards_tp": false,
          "ddown_factor": 1.3988088147828919,
          "ema_span_0": 79.67665857213551,
          "ema_span_1": 632.1221116136775,
          "enabled": true,
          "initial_eprice_ema_dist": -0.06701438276668993,
          "initial_qty_pct": 0.022747644627622958,
          "markup_range": 0.018301388571010074,
          "min_markup": 0.008978323269162581,
          "n_close_orders": 5,
          "rentry_pprice_dist": 0.03503073214026074,
          "rentry_pprice_dist_wallet_exposure_weighting": 0.3712961644981235,
          "wallet_exposure_limit": 1},
 "short": {"auto_unstuck_delay_minutes": 1171.6192147238407,
           "auto_unstuck_ema_dist": -0.053344573098252974,
           "auto_unstuck_qty_pct": 0.07767959662104185,
           "auto_unstuck_wallet_exposure_threshold": 0.18311259579774275,
           "backwards_tp": false,
           "ddown_factor": 0.7488273080122698,
           "ema_span_0": 1335.058831181446,
           "ema_span_1": 1408.2020790207882,
           "enabled": false,
           "initial_eprice_ema_dist": -0.007759682494454947,
           "initial_qty_pct": 0.00784439820628522,
           "markup_range": 0.00031491453144132266,
           "min_markup": 0.027473691021085406,
           "n_close_orders": 4,
           "rentry_pprice_dist": 0.05188676088123092,
           "rentry_pprice_dist_wallet_exposure_weighting": 1.5684126043701068,
           "wallet_exposure_limit": 1.0}}