{"config_name": "recursive_grid_ARBUSDT_156days",
 "logging_level": 0,
 "long": {"auto_unstuck_delay_minutes": 1209.9503688380555,
          "auto_unstuck_ema_dist": -0.034795962281236006,
          "auto_unstuck_qty_pct": 0.01,
          "auto_unstuck_wallet_exposure_threshold": 0.05406855933788754,
          "backwards_tp": false,
          "ddown_factor": 0.5019994718896694,
          "ema_span_0": 211.83827556939352,
          "ema_span_1": 857.5533164212843,
          "enabled": true,
          "initial_eprice_ema_dist": 0.00289864477764544,
          "initial_qty_pct": 0.03657094859966474,
          "markup_range": 0.029737113758448883,
          "min_markup": 0.01373811302229125,
          "n_close_orders": 7,
          "rentry_pprice_dist": 0.03516681130532692,
          "rentry_pprice_dist_wallet_exposure_weighting": 8.97623336116225,
          "wallet_exposure_limit": 1.0},
 "short": {"auto_unstuck_delay_minutes": 695.3109614361887,
           "auto_unstuck_ema_dist": -0.06639824129661831,
           "auto_unstuck_qty_pct": 0.047693098012285634,
           "auto_unstuck_wallet_exposure_threshold": 0.7016107586313259,
           "backwards_tp": false,
           "ddown_factor": 2.769963071569292,
           "ema_span_0": 476.50346980515667,
           "ema_span_1": 74.97182116950012,
           "enabled": false,
           "initial_eprice_ema_dist": -0.07743599306117457,
           "initial_qty_pct": 0.02678083935046721,
           "markup_range": 0.00804651880775862,
           "min_markup": 0.0041419349472004065,
           "n_close_orders": 6,
           "rentry_pprice_dist": 0.0469505548426295,
           "rentry_pprice_dist_wallet_exposure_weighting": 9.052262205941084,
           "wallet_exposure_limit": 1.0}}