{"config_name": "recursive_grid_ICPUSDT_1002days",
 "logging_level": 0,
 "long": {"auto_unstuck_delay_minutes": 0.0,
          "auto_unstuck_ema_dist": 0.0,
          "auto_unstuck_qty_pct": 0.0,
          "auto_unstuck_wallet_exposure_threshold": 0.0,
          "backwards_tp": false,
          "ddown_factor": 0.41331263849856503,
          "ema_span_0": 624.7604896486766,
          "ema_span_1": 1058.3373984725172,
          "enabled": true,
          "initial_eprice_ema_dist": 0.0937293466246589,
          "initial_qty_pct": 0.04,
          "markup_range": 0.013251203825323144,
          "min_markup": 0.02839513330199134,
          "n_close_orders": 2,
          "rentry_pprice_dist": 0.022648204887992046,
          "rentry_pprice_dist_wallet_exposure_weighting": 10.111706560684247,
          "wallet_exposure_limit": 1.0},
 "short": {"auto_unstuck_delay_minutes": 1358.3797542636223,
           "auto_unstuck_ema_dist": -0.08078615681632137,
           "auto_unstuck_qty_pct": 0.04767418384363177,
           "auto_unstuck_wallet_exposure_threshold": 0.8561215083222256,
           "backwards_tp": false,
           "ddown_factor": 2.8634202323569578,
           "ema_span_0": 94.86908731895358,
           "ema_span_1": 386.81813460338105,
           "enabled": false,
           "initial_eprice_ema_dist": -0.07625833153446243,
           "initial_qty_pct": 0.0498843614307886,
           "markup_range": 0.032678433134392275,
           "min_markup": 0.0029131858565091605,
           "n_close_orders": 11,
           "rentry_pprice_dist": 0.026546350194070912,
           "rentry_pprice_dist_wallet_exposure_weighting": 3.0199701893813358,
           "wallet_exposure_limit": 1.0}}