{"config_name": "recursive_grid_MATICUSDT_156days",
 "logging_level": 0,
 "long": {"auto_unstuck_delay_minutes": 777.3002755395399,
          "auto_unstuck_ema_dist": -0.006622396904775188,
          "auto_unstuck_qty_pct": 0.01,
          "auto_unstuck_wallet_exposure_threshold": 0.08607831683567019,
          "backwards_tp": false,
          "ddown_factor": 0.3113926750306862,
          "ema_span_0": 1174.254395970504,
          "ema_span_1": 889.7721939067359,
          "enabled": true,
          "initial_eprice_ema_dist": 0.013046659039561278,
          "initial_qty_pct": 0.038456163346220665,
          "markup_range": 0.02664220925410883,
          "min_markup": 0.0133189154947354,
          "n_close_orders": 7,
          "rentry_pprice_dist": 0.023779860397959433,
          "rentry_pprice_dist_wallet_exposure_weighting": 8.672298517034712,
          "wallet_exposure_limit": 1},
 "short": {"auto_unstuck_delay_minutes": 117.78939867115643,
           "auto_unstuck_ema_dist": -3.858751904683988e-05,
           "auto_unstuck_qty_pct": 0.04941539365322157,
           "auto_unstuck_wallet_exposure_threshold": 0.28019878564555456,
           "backwards_tp": false,
           "ddown_factor": 2.1210047384631854,
           "ema_span_0": 119.77843825829656,
           "ema_span_1": 1168.2229173391236,
           "enabled": false,
           "initial_eprice_ema_dist": -0.020226035891726002,
           "initial_qty_pct": 0.016914044917336783,
           "markup_range": 0.05900503343573541,
           "min_markup": 0.005108911623732411,
           "n_close_orders": 5,
           "rentry_pprice_dist": 0.0485931897674981,
           "rentry_pprice_dist_wallet_exposure_weighting": 14.753743713925198,
           "wallet_exposure_limit": 1.0}}