{"config_name": "recursive_grid_UNIUSDT_454days",
 "logging_level": 0,
 "long": {"auto_unstuck_delay_minutes": 899.1687876397241,
          "auto_unstuck_ema_dist": 0.009518962704566071,
          "auto_unstuck_qty_pct": 0.01,
          "auto_unstuck_wallet_exposure_threshold": 0.08474403535985532,
          "backwards_tp": false,
          "ddown_factor": 1.01072256512831,
          "ema_span_0": 491.16209411664056,
          "ema_span_1": 1132.2998566428455,
          "enabled": true,
          "initial_eprice_ema_dist": 0.0023898178645392633,
          "initial_qty_pct": 0.05,
          "markup_range": 0.020567319306133175,
          "min_markup": 0.002103043431773603,
          "n_close_orders": 6,
          "rentry_pprice_dist": 0.05044814311473799,
          "rentry_pprice_dist_wallet_exposure_weighting": 0.6681005131510207,
          "wallet_exposure_limit": 1},
 "short": {"auto_unstuck_delay_minutes": 443.12041783122197,
           "auto_unstuck_ema_dist": -0.09943353505742558,
           "auto_unstuck_qty_pct": 0.0683613278345124,
           "auto_unstuck_wallet_exposure_threshold": 0.5745843364955882,
           "backwards_tp": true,
           "ddown_factor": 2.549128159938612,
           "ema_span_0": 377.2775445452745,
           "ema_span_1": 823.6647504985281,
           "enabled": false,
           "initial_eprice_ema_dist": -0.09630689882116246,
           "initial_qty_pct": 0.016065896528113802,
           "markup_range": 0.047727759431226466,
           "min_markup": 0.002324897257093182,
           "n_close_orders": 4,
           "rentry_pprice_dist": 0.011236295600628846,
           "rentry_pprice_dist_wallet_exposure_weighting": 4.074410114153009,
           "wallet_exposure_limit": 1.0}}