{"config_name": "recursive_grid_ETHUSDT_143days",
 "logging_level": 0,
 "long": {"auto_unstuck_delay_minutes": 1416.7982729712212,
          "auto_unstuck_ema_dist": -0.036878030815969604,
          "auto_unstuck_qty_pct": 0.01,
          "auto_unstuck_wallet_exposure_threshold": 0.05445386357079464,
          "backwards_tp": false,
          "ddown_factor": 0.40837390090297637,
          "ema_span_0": 839.3952530838592,
          "ema_span_1": 655.1654246574702,
          "enabled": true,
          "initial_eprice_ema_dist": 0.005246361446403092,
          "initial_qty_pct": 0.034922117819340855,
          "markup_range": 0.025766371062724523,
          "min_markup": 0.008678545305498435,
          "n_close_orders": 7,
          "rentry_pprice_dist": 0.00568225101757182,
          "rentry_pprice_dist_wallet_exposure_weighting": 7.815693336468489,
          "wallet_exposure_limit": 1},
 "short": {"auto_unstuck_delay_minutes": 1178.3811710516586,
           "auto_unstuck_ema_dist": 0.0019561179092073278,
           "auto_unstuck_qty_pct": 0.05595272345416912,
           "auto_unstuck_wallet_exposure_threshold": 0.6104065145366571,
           "backwards_tp": false,
           "ddown_factor": 2.944774390038777,
           "ema_span_0": 1204.235998650194,
           "ema_span_1": 113.97723069213232,
           "enabled": false,
           "initial_eprice_ema_dist": -0.013846362360428091,
           "initial_qty_pct": 0.04421913146987106,
           "markup_range": 0.059717105473194386,
           "min_markup": 0.0061838814202172295,
           "n_close_orders": 5,
           "rentry_pprice_dist": 0.013529369207072546,
           "rentry_pprice_dist_wallet_exposure_weighting": 1.2128519293480178,
           "wallet_exposure_limit": 1.0}}