{"config_name": "recursive_grid_POWRUSDT_146days",
 "logging_level": 0,
 "long": {"auto_unstuck_delay_minutes": 875.6782604775874,
          "auto_unstuck_ema_dist": 0.019760678013586434,
          "auto_unstuck_qty_pct": 0.01,
          "auto_unstuck_wallet_exposure_threshold": 0.07719864489199622,
          "backwards_tp": false,
          "ddown_factor": 0.48343423301561517,
          "ema_span_0": 1440,
          "ema_span_1": 1222.7200694674923,
          "enabled": true,
          "initial_eprice_ema_dist": 0.018062979635204326,
          "initial_qty_pct": 0.03148620298656951,
          "markup_range": 0.011950585730996586,
          "min_markup": 0.011894117386092022,
          "n_close_orders": 8,
          "rentry_pprice_dist": 0.027438365105209393,
          "rentry_pprice_dist_wallet_exposure_weighting": 14.513748070389942,
          "wallet_exposure_limit": 1},
 "short": {"auto_unstuck_delay_minutes": 1061.3407647505894,
           "auto_unstuck_ema_dist": -0.0007542741683741055,
           "auto_unstuck_qty_pct": 0.09609055657142726,
           "auto_unstuck_wallet_exposure_threshold": 0.6313046336496093,
           "backwards_tp": false,
           "ddown_factor": 0.3557386801341622,
           "ema_span_0": 919.4474378814052,
           "ema_span_1": 1222.2419035615721,
           "enabled": false,
           "initial_eprice_ema_dist": -0.0007809840742093593,
           "initial_qty_pct": 0.04546272518611173,
           "markup_range": 0.057444796033479587,
           "min_markup": 0.007680120643014094,
           "n_close_orders": 16,
           "rentry_pprice_dist": 0.020970069865953,
           "rentry_pprice_dist_wallet_exposure_weighting": 0.010020344837822215,
           "wallet_exposure_limit": 1.0}}