{"config_name": "recursive_grid_CROUSDT_365days",
 "logging_level": 0,
 "long": {"auto_unstuck_delay_minutes": 807.038040003539,
          "auto_unstuck_ema_dist": -0.009934164690714859,
          "auto_unstuck_qty_pct": 0.09014785599079331,
          "auto_unstuck_wallet_exposure_threshold": 0.10673304850535482,
          "backwards_tp": true,
          "ddown_factor": 0.2666013410718077,
          "ema_span_0": 2119.6333346346473,
          "ema_span_1": 1759.083464399825,
          "enabled": true,
          "initial_eprice_ema_dist": 0.0023024847911548257,
          "initial_qty_pct": 0.03885323647455372,
          "markup_range": 0.010680424385675328,
          "min_markup": 0.007752285451018916,
          "n_close_orders": 8,
          "rentry_pprice_dist": 0.0192333108605383,
          "rentry_pprice_dist_wallet_exposure_weighting": 1.954002876965463,
          "wallet_exposure_limit": 1},
 "short": {"auto_unstuck_delay_minutes": 0.0,
           "auto_unstuck_ema_dist": 0.0,
           "auto_unstuck_qty_pct": 0.0,
           "auto_unstuck_wallet_exposure_threshold": 0.0,
           "backwards_tp": true,
           "ddown_factor": 2.1202155716043967,
           "ema_span_0": 707.0732038883773,
           "ema_span_1": 810.0604575317,
           "enabled": false,
           "initial_eprice_ema_dist": -0.004008468934052387,
           "initial_qty_pct": 0.006245090487036658,
           "markup_range": 0.00836979583984381,
           "min_markup": 0.006435804434911028,
           "n_close_orders": 14,
           "rentry_pprice_dist": 0.05359011117944534,
           "rentry_pprice_dist_wallet_exposure_weighting": 3.62216697827214,
           "wallet_exposure_limit": 1.0}}