{"config_name": "recursive_grid_1000RATSUSDT_150days",
 "logging_level": 0,
 "long": {"auto_unstuck_delay_minutes": 1284.9294073873075,
          "auto_unstuck_ema_dist": 0.02397250142492394,
          "auto_unstuck_qty_pct": 0.01,
          "auto_unstuck_wallet_exposure_threshold": 0.06969256611311145,
          "backwards_tp": false,
          "ddown_factor": 0.5323610481431225,
          "ema_span_0": 387.2175488884541,
          "ema_span_1": 808.8778552440236,
          "enabled": true,
          "initial_eprice_ema_dist": 0.027658560442117213,
          "initial_qty_pct": 0.036041194403903125,
          "markup_range": 0.01344550997499087,
          "min_markup": 0.01132812630048057,
          "n_close_orders": 4,
          "rentry_pprice_dist": 0.018093398234879668,
          "rentry_pprice_dist_wallet_exposure_weighting": 7.907217285625106,
          "wallet_exposure_limit": 1},
 "short": {"auto_unstuck_delay_minutes": 814.309449804449,
           "auto_unstuck_ema_dist": -0.0752804524988436,
           "auto_unstuck_qty_pct": 0.07738007794025102,
           "auto_unstuck_wallet_exposure_threshold": 0.18378815346314728,
           "backwards_tp": false,
           "ddown_factor": 2.068986526166479,
           "ema_span_0": 508.4910104240153,
           "ema_span_1": 907.9198435185792,
           "enabled": false,
           "initial_eprice_ema_dist": -0.00529682932509111,
           "initial_qty_pct": 0.012372793475551976,
           "markup_range": 0.012727891597240502,
           "min_markup": 0.0026244269932305443,
           "n_close_orders": 9,
           "rentry_pprice_dist": 0.013706389293991948,
           "rentry_pprice_dist_wallet_exposure_weighting": 16.925036887021164,
           "wallet_exposure_limit": 1.0}}