{"config_name": "recursive_grid_XRPUSDT_1127days",
 "logging_level": 0,
 "long": {"auto_unstuck_delay_minutes": 0,
          "auto_unstuck_ema_dist": 0,
          "auto_unstuck_qty_pct": 0.0,
          "auto_unstuck_wallet_exposure_threshold": 0.0,
          "backwards_tp": false,
          "ddown_factor": 0.42241886416480995,
          "ema_span_0": 835.0622499522196,
          "ema_span_1": 824.9494622994386,
          "enabled": true,
          "initial_eprice_ema_dist": 0.013569035053304928,
          "initial_qty_pct": 0.04,
          "markup_range": 0.03937411416801115,
          "min_markup": 0.008,
          "n_close_orders": 4,
          "rentry_pprice_dist": 0.015077764573652215,
          "rentry_pprice_dist_wallet_exposure_weighting": 11.69527329058292,
          "wallet_exposure_limit": 1},
 "short": {"auto_unstuck_delay_minutes": 1175.0623014254995,
           "auto_unstuck_ema_dist": -0.039806732154615804,
           "auto_unstuck_qty_pct": 0.03404061565979028,
           "auto_unstuck_wallet_exposure_threshold": 0.24241012039166857,
           "backwards_tp": false,
           "ddown_factor": 1.6547209412325348,
           "ema_span_0": 32.99987674322218,
           "ema_span_1": 1328.3647335150235,
           "enabled": false,
           "initial_eprice_ema_dist": -0.045154270353113264,
           "initial_qty_pct": 0.02319836776897315,
           "markup_range": 0.00493727952610689,
           "min_markup": 0.009254357948470161,
           "n_close_orders": 9,
           "rentry_pprice_dist": 0.019347786792509414,
           "rentry_pprice_dist_wallet_exposure_weighting": 12.486141801581148,
           "wallet_exposure_limit": 1.0}}