{"config_name": "recursive_grid_TONUSDT_156days",
 "logging_level": 0,
 "long": {"auto_unstuck_delay_minutes": 1173.1636500311977,
          "auto_unstuck_ema_dist": -0.03842097438116601,
          "auto_unstuck_qty_pct": 0.01,
          "auto_unstuck_wallet_exposure_threshold": 0.0694014956005636,
          "backwards_tp": false,
          "ddown_factor": 0.42620741407304225,
          "ema_span_0": 542.365592238725,
          "ema_span_1": 1269.8580829905138,
          "enabled": true,
          "initial_eprice_ema_dist": 0.009180713967984568,
          "initial_qty_pct": 0.03546004040658336,
          "markup_range": 0.04503143702219508,
          "min_markup": 0.010269721619023306,
          "n_close_orders": 5,
          "rentry_pprice_dist": 0.014978958956252082,
          "rentry_pprice_dist_wallet_exposure_weighting": 9.846758476112255,
          "wallet_exposure_limit": 1},
 "short": {"auto_unstuck_delay_minutes": 422.51661319264343,
           "auto_unstuck_ema_dist": -0.06662050939858087,
           "auto_unstuck_qty_pct": 0.06185051046986042,
           "auto_unstuck_wallet_exposure_threshold": 0.478944808610973,
           "backwards_tp": false,
           "ddown_factor": 0.40205820824243566,
           "ema_span_0": 458.30900961701906,
           "ema_span_1": 1326.2187731378642,
           "enabled": false,
           "initial_eprice_ema_dist": -0.0647347460093465,
           "initial_qty_pct": 0.01652538125262216,
           "markup_range": 0.027012549087237315,
           "min_markup": 0.00406534474013397,
           "n_close_orders": 13,
           "rentry_pprice_dist": 0.03130344715906278,
           "rentry_pprice_dist_wallet_exposure_weighting": 5.1698831492703645,
           "wallet_exposure_limit": 1.0}}