{"config_name": "recursive_grid_1000FLOKIUSDT_366days",
 "logging_level": 0,
 "long": {"auto_unstuck_delay_minutes": 613.3037427479042,
          "auto_unstuck_ema_dist": -0.02163601896368099,
          "auto_unstuck_qty_pct": 0.022865359022380065,
          "auto_unstuck_wallet_exposure_threshold": 0.19255356241712862,
          "backwards_tp": true,
          "ddown_factor": 0.2549875736007836,
          "ema_span_0": 2391.483183395534,
          "ema_span_1": 1462.9918042690103,
          "enabled": true,
          "initial_eprice_ema_dist": -0.005295135809055589,
          "initial_qty_pct": 0.03189931697545219,
          "markup_range": 0.013941096563951844,
          "min_markup": 0.0066606389107481965,
          "n_close_orders": 9,
          "rentry_pprice_dist": 0.023145910420173645,
          "rentry_pprice_dist_wallet_exposure_weighting": 3.3862669393335927,
          "wallet_exposure_limit": 1},
 "short": {"auto_unstuck_delay_minutes": 0.0,
           "auto_unstuck_ema_dist": 0.0,
           "auto_unstuck_qty_pct": 0.0,
           "auto_unstuck_wallet_exposure_threshold": 0.0,
           "backwards_tp": true,
           "ddown_factor": 1.792225061508641,
           "ema_span_0": 830.9969074539943,
           "ema_span_1": 685.3711359357097,
           "enabled": false,
           "initial_eprice_ema_dist": -0.0054973951207430505,
           "initial_qty_pct": 0.013520412972383627,
           "markup_range": 0.005536660214589265,
           "min_markup": 0.00573129935761081,
           "n_close_orders": 3,
           "rentry_pprice_dist": 0.037073823152483906,
           "rentry_pprice_dist_wallet_exposure_weighting": 3.013413608513636,
           "wallet_exposure_limit": 1.0}}