{"config_name": "recursive_grid_1000PEPEUSDT_302days",
 "logging_level": 0,
 "long": {"auto_unstuck_delay_minutes": 318.21442344829376,
          "auto_unstuck_ema_dist": 0.06879980138510502,
          "auto_unstuck_qty_pct": 0.0691248478284239,
          "auto_unstuck_wallet_exposure_threshold": 0.12112692067189587,
          "backwards_tp": false,
          "ddown_factor": 0.1,
          "ema_span_0": 317.859393229945,
          "ema_span_1": 717.9227116554212,
          "enabled": true,
          "initial_eprice_ema_dist": -0.009666765610356495,
          "initial_qty_pct": 0.03359654793387628,
          "markup_range": 0.00781369438745483,
          "min_markup": 0.006436177411047309,
          "n_close_orders": 4,
          "rentry_pprice_dist": 0.04852156340382177,
          "rentry_pprice_dist_wallet_exposure_weighting": 0.643022598956196,
          "wallet_exposure_limit": 1},
 "short": {"auto_unstuck_delay_minutes": 0.0,
           "auto_unstuck_ema_dist": 0.0,
           "auto_unstuck_qty_pct": 0.0,
           "auto_unstuck_wallet_exposure_threshold": 0.0,
           "backwards_tp": false,
           "ddown_factor": 1.929490022377074,
           "ema_span_0": 1208.704424868055,
           "ema_span_1": 1288.5681867766061,
           "enabled": false,
           "initial_eprice_ema_dist": 0.001477334679494723,
           "initial_qty_pct": 0.014833268966961796,
           "markup_range": 0.0012925099777031646,
           "min_markup": 0.005521446472728722,
           "n_close_orders": 5,
           "rentry_pprice_dist": 0.009083988570477559,
           "rentry_pprice_dist_wallet_exposure_weighting": 2.089869840658337,
           "wallet_exposure_limit": 1.0}}