{"config_name": "recursive_grid_SHIB1000USDT_156days",
 "logging_level": 0,
 "long": {"auto_unstuck_delay_minutes": 724.1550788102627,
          "auto_unstuck_ema_dist": 0.00019332058685142496,
          "auto_unstuck_qty_pct": 0.01,
          "auto_unstuck_wallet_exposure_threshold": 0.0632830459680971,
          "backwards_tp": false,
          "ddown_factor": 0.4361279994962459,
          "ema_span_0": 113.24007865550544,
          "ema_span_1": 1261.6259564406812,
          "enabled": true,
          "initial_eprice_ema_dist": -0.004665427138612366,
          "initial_qty_pct": 0.044437113430708,
          "markup_range": 0.014997541545078642,
          "min_markup": 0.009503704196694203,
          "n_close_orders": 8,
          "rentry_pprice_dist": 0.013703959837253595,
          "rentry_pprice_dist_wallet_exposure_weighting": 8.886619540513848,
          "wallet_exposure_limit": 1},
 "short": {"auto_unstuck_delay_minutes": 781.7193852865797,
           "auto_unstuck_ema_dist": -0.04767059609110085,
           "auto_unstuck_qty_pct": 0.07935272418291438,
           "auto_unstuck_wallet_exposure_threshold": 0.17051059513732064,
           "backwards_tp": false,
           "ddown_factor": 0.9130764185723812,
           "ema_span_0": 528.066285175229,
           "ema_span_1": 86.90814882902522,
           "enabled": false,
           "initial_eprice_ema_dist": -0.06382121947439023,
           "initial_qty_pct": 0.03275484473320993,
           "markup_range": 0.013212555159243492,
           "min_markup": 0.00744032542162538,
           "n_close_orders": 9,
           "rentry_pprice_dist": 0.014711837367616682,
           "rentry_pprice_dist_wallet_exposure_weighting": 17.60959429179187,
           "wallet_exposure_limit": 1.0}}