{"config_name": "recursive_grid_NEARUSDT_142days",
 "logging_level": 0,
 "long": {"auto_unstuck_delay_minutes": 617.9593773230166,
          "auto_unstuck_ema_dist": -0.03438250073454429,
          "auto_unstuck_qty_pct": 0.01,
          "auto_unstuck_wallet_exposure_threshold": 0.08214024744300477,
          "backwards_tp": false,
          "ddown_factor": 0.4373369660240502,
          "ema_span_0": 640.7087815973953,
          "ema_span_1": 452.37230904767887,
          "enabled": true,
          "initial_eprice_ema_dist": 0.002030029000508317,
          "initial_qty_pct": 0.03321581413183894,
          "markup_range": 0.029373000217333793,
          "min_markup": 0.02795541695722759,
          "n_close_orders": 4,
          "rentry_pprice_dist": 0.016325862156392448,
          "rentry_pprice_dist_wallet_exposure_weighting": 4.425736515851326,
          "wallet_exposure_limit": 1},
 "short": {"auto_unstuck_delay_minutes": 183.82560707552022,
           "auto_unstuck_ema_dist": -0.05815114784036044,
           "auto_unstuck_qty_pct": 0.06276756603910755,
           "auto_unstuck_wallet_exposure_threshold": 0.8587351980551273,
           "backwards_tp": false,
           "ddown_factor": 1.179946066323012,
           "ema_span_0": 721.0259076295265,
           "ema_span_1": 409.56822609451086,
           "enabled": false,
           "initial_eprice_ema_dist": -0.0853178292052395,
           "initial_qty_pct": 0.03481332373458266,
           "markup_range": 0.0426857941439657,
           "min_markup": 0.008084613492479104,
           "n_close_orders": 4,
           "rentry_pprice_dist": 0.030969289504298496,
           "rentry_pprice_dist_wallet_exposure_weighting": 7.270849928042473,
           "wallet_exposure_limit": 1.0}}