{"config_name": "recursive_grid_OPUSDT_365days",
 "logging_level": 0,
 "long": {"auto_unstuck_delay_minutes": 681.4242025983016,
          "auto_unstuck_ema_dist": 0.007093019593330349,
          "auto_unstuck_qty_pct": 0.09607695701885179,
          "auto_unstuck_wallet_exposure_threshold": 0.2410895142163606,
          "backwards_tp": false,
          "ddown_factor": 0.5792438527883508,
          "ema_span_0": 115.4737469768808,
          "ema_span_1": 426.22191850718525,
          "enabled": true,
          "initial_eprice_ema_dist": -0.1,
          "initial_qty_pct": 0.03856445243149724,
          "markup_range": 0.026668855993399077,
          "min_markup": 0.012412505836248498,
          "n_close_orders": 8,
          "rentry_pprice_dist": 0.04732194716699294,
          "rentry_pprice_dist_wallet_exposure_weighting": 0.0,
          "wallet_exposure_limit": 1},
 "short": {"auto_unstuck_delay_minutes": 333.13633403168626,
           "auto_unstuck_ema_dist": -0.023674166666314,
           "auto_unstuck_qty_pct": 0.09878543566350549,
           "auto_unstuck_wallet_exposure_threshold": 0.03613887912685798,
           "backwards_tp": false,
           "ddown_factor": 2.1775016732089303,
           "ema_span_0": 1431.7439381510953,
           "ema_span_1": 1361.9861837539042,
           "enabled": false,
           "initial_eprice_ema_dist": 0.0005524530929241454,
           "initial_qty_pct": 0.01664669527471772,
           "markup_range": 0.0070341233338302115,
           "min_markup": 0.04983993306214893,
           "n_close_orders": 10,
           "rentry_pprice_dist": 0.0404251727083287,
           "rentry_pprice_dist_wallet_exposure_weighting": 6.970694217702827,
           "wallet_exposure_limit": 1.0}}