{"config_name": "recursive_grid_MKRUSDT_454days",
 "logging_level": 0,
 "long": {"auto_unstuck_delay_minutes": 1160.9660072227116,
          "auto_unstuck_ema_dist": -0.015410672225869832,
          "auto_unstuck_qty_pct": 0.01,
          "auto_unstuck_wallet_exposure_threshold": 0.07329503133402186,
          "backwards_tp": false,
          "ddown_factor": 1.869583408721846,
          "ema_span_0": 859.4367485193702,
          "ema_span_1": 973.2724394354374,
          "enabled": true,
          "initial_eprice_ema_dist": 0.0033861812376466413,
          "initial_qty_pct": 0.05,
          "markup_range": 0.054614121668190053,
          "min_markup": 0.009995419607220139,
          "n_close_orders": 6,
          "rentry_pprice_dist": 0.021484780292125576,
          "rentry_pprice_dist_wallet_exposure_weighting": 0.5,
          "wallet_exposure_limit": 1},
 "short": {"auto_unstuck_delay_minutes": 579.2016711848835,
           "auto_unstuck_ema_dist": -0.08961962051494869,
           "auto_unstuck_qty_pct": 0.024274301969471175,
           "auto_unstuck_wallet_exposure_threshold": 0.1017762539585883,
           "backwards_tp": true,
           "ddown_factor": 0.4004750427680275,
           "ema_span_0": 1217.5562769524267,
           "ema_span_1": 1334.7129730110005,
           "enabled": false,
           "initial_eprice_ema_dist": -0.0746865850282766,
           "initial_qty_pct": 0.03145005121991059,
           "markup_range": 0.04502611869587876,
           "min_markup": 0.0021235210621639612,
           "n_close_orders": 16,
           "rentry_pprice_dist": 0.022786984911954435,
           "rentry_pprice_dist_wallet_exposure_weighting": 2.6392844613971156,
           "wallet_exposure_limit": 1.0}}