{"config_name": "recursive_grid_STXUSDT_923days",
 "logging_level": 0,
 "long": {"auto_unstuck_delay_minutes": 0.0,
          "auto_unstuck_ema_dist": 0.0,
          "auto_unstuck_qty_pct": 0.0,
          "auto_unstuck_wallet_exposure_threshold": 0.0,
          "backwards_tp": false,
          "ddown_factor": 0.49163785459848286,
          "ema_span_0": 799.6909005140876,
          "ema_span_1": 1171.3780274653425,
          "enabled": true,
          "initial_eprice_ema_dist": 0.0798880450164397,
          "initial_qty_pct": 0.04,
          "markup_range": 0.02424393345328494,
          "min_markup": 0.021573743242310008,
          "n_close_orders": 3,
          "rentry_pprice_dist": 0.014948139743443865,
          "rentry_pprice_dist_wallet_exposure_weighting": 9.13023880311839,
          "wallet_exposure_limit": 1.0},
 "short": {"auto_unstuck_delay_minutes": 1221.979583377498,
           "auto_unstuck_ema_dist": -0.019448311404559798,
           "auto_unstuck_qty_pct": 0.09111934435159244,
           "auto_unstuck_wallet_exposure_threshold": 0.32781714756190256,
           "backwards_tp": false,
           "ddown_factor": 2.307607045721886,
           "ema_span_0": 746.330045355268,
           "ema_span_1": 510.61277346695977,
           "enabled": false,
           "initial_eprice_ema_dist": -0.05075053677460953,
           "initial_qty_pct": 0.04673753704809146,
           "markup_range": 0.00892385681121945,
           "min_markup": 0.0024129728116982704,
           "n_close_orders": 7,
           "rentry_pprice_dist": 0.01932287304934732,
           "rentry_pprice_dist_wallet_exposure_weighting": 5.724054932734386,
           "wallet_exposure_limit": 1.0}}