{"config_name": "recursive_grid_OCEANUSDT_454days",
 "logging_level": 0,
 "long": {"auto_unstuck_delay_minutes": 1324.4713559712754,
          "auto_unstuck_ema_dist": 0.0050045676238440594,
          "auto_unstuck_qty_pct": 0.01,
          "auto_unstuck_wallet_exposure_threshold": 0.04111168253181303,
          "backwards_tp": false,
          "ddown_factor": 1.3318769800197425,
          "ema_span_0": 855.3779615985889,
          "ema_span_1": 480.85559230191893,
          "enabled": true,
          "initial_eprice_ema_dist": 0.004442832737620349,
          "initial_qty_pct": 0.05,
          "markup_range": 0.03955784561227777,
          "min_markup": 0.0028270451355579505,
          "n_close_orders": 4,
          "rentry_pprice_dist": 0.02603353190562326,
          "rentry_pprice_dist_wallet_exposure_weighting": 4.172916346368635,
          "wallet_exposure_limit": 1},
 "short": {"auto_unstuck_delay_minutes": 500.5712342569593,
           "auto_unstuck_ema_dist": -0.04093740167784154,
           "auto_unstuck_qty_pct": 0.022681213442373102,
           "auto_unstuck_wallet_exposure_threshold": 0.7353836875252073,
           "backwards_tp": true,
           "ddown_factor": 2.373730481276428,
           "ema_span_0": 1401.3885574642939,
           "ema_span_1": 526.2034837928253,
           "enabled": false,
           "initial_eprice_ema_dist": -0.08713774661421471,
           "initial_qty_pct": 0.023231294173998003,
           "markup_range": 0.0012242593601737761,
           "min_markup": 0.004412123291455461,
           "n_close_orders": 12,
           "rentry_pprice_dist": 0.04640516539380887,
           "rentry_pprice_dist_wallet_exposure_weighting": 19.398206482264623,
           "wallet_exposure_limit": 1.0}}