{"config_name": "recursive_grid_AVAXUSDT_1002days",
 "logging_level": 0,
 "long": {"auto_unstuck_delay_minutes": 0.0,
          "auto_unstuck_ema_dist": 0.0,
          "auto_unstuck_qty_pct": 0.0,
          "auto_unstuck_wallet_exposure_threshold": 0.0,
          "backwards_tp": false,
          "ddown_factor": 0.4440763741259135,
          "ema_span_0": 594.7565442240498,
          "ema_span_1": 403.14344935203457,
          "enabled": true,
          "initial_eprice_ema_dist": 0.09953344588699667,
          "initial_qty_pct": 0.04,
          "markup_range": 0.014141623229198203,
          "min_markup": 0.014782937336879225,
          "n_close_orders": 3,
          "rentry_pprice_dist": 0.028472861548253604,
          "rentry_pprice_dist_wallet_exposure_weighting": 8.872999442338495,
          "wallet_exposure_limit": 1.0},
 "short": {"auto_unstuck_delay_minutes": 720.9331120876756,
           "auto_unstuck_ema_dist": -0.0012209472613292915,
           "auto_unstuck_qty_pct": 0.019855679922407072,
           "auto_unstuck_wallet_exposure_threshold": 0.2361666363393792,
           "backwards_tp": false,
           "ddown_factor": 1.3238165995919553,
           "ema_span_0": 117.86215937677791,
           "ema_span_1": 568.7564708769158,
           "enabled": false,
           "initial_eprice_ema_dist": -0.05885213211396552,
           "initial_qty_pct": 0.01774150184311523,
           "markup_range": 0.026764949044374882,
           "min_markup": 0.0075657647626279105,
           "n_close_orders": 9,
           "rentry_pprice_dist": 0.03708899822918107,
           "rentry_pprice_dist_wallet_exposure_weighting": 10.52385274977205,
           "wallet_exposure_limit": 1.0}}