{"config_name": "recursive_grid_APTUSDT_454days",
 "logging_level": 0,
 "long": {"auto_unstuck_delay_minutes": 1179.0966007861803,
          "auto_unstuck_ema_dist": 0.030029036655083288,
          "auto_unstuck_qty_pct": 0.01,
          "auto_unstuck_wallet_exposure_threshold": 0.04825887219826238,
          "backwards_tp": false,
          "ddown_factor": 1.043535229004716,
          "ema_span_0": 1225.5491654122848,
          "ema_span_1": 1018.1155847931076,
          "enabled": true,
          "initial_eprice_ema_dist": 0.005697714756395489,
          "initial_qty_pct": 0.05,
          "markup_range": 0.04190067812151045,
          "min_markup": 0.0062192661331490155,
          "n_close_orders": 5,
          "rentry_pprice_dist": 0.06039525040379115,
          "rentry_pprice_dist_wallet_exposure_weighting": 1.7708711871677945,
          "wallet_exposure_limit": 1.0},
 "short": {"auto_unstuck_delay_minutes": 551.4686696324375,
           "auto_unstuck_ema_dist": -0.09714795714912987,
           "auto_unstuck_qty_pct": 0.06738484801882409,
           "auto_unstuck_wallet_exposure_threshold": 0.381907168599111,
           "backwards_tp": true,
           "ddown_factor": 2.2321787608615757,
           "ema_span_0": 1233.3511625847384,
           "ema_span_1": 40.35828310398779,
           "enabled": false,
           "initial_eprice_ema_dist": -0.05692920187613667,
           "initial_qty_pct": 0.04212145475741627,
           "markup_range": 0.005489677973321332,
           "min_markup": 0.002284115765200794,
           "n_close_orders": 8,
           "rentry_pprice_dist": 0.008892664519149395,
           "rentry_pprice_dist_wallet_exposure_weighting": 4.044350452537364,
           "wallet_exposure_limit": 1.0}}