{"config_name": "recursive_grid_1000FLOKIUSDT_366days",
 "logging_level": 0,
 "long": {"auto_unstuck_delay_minutes": 1054.3321186206772,
          "auto_unstuck_ema_dist": 0.06008321402122627,
          "auto_unstuck_qty_pct": 0.05335326154371609,
          "auto_unstuck_wallet_exposure_threshold": 0.04861221967855639,
          "backwards_tp": true,
          "ddown_factor": 0.25331437089670006,
          "ema_span_0": 2021.1269185772999,
          "ema_span_1": 2287.5784211229875,
          "enabled": true,
          "initial_eprice_ema_dist": -0.003863396886927192,
          "initial_qty_pct": 0.03189931697545219,
          "markup_range": 0.013104642674688943,
          "min_markup": 0.006601092857331189,
          "n_close_orders": 4,
          "rentry_pprice_dist": 0.040492429609186385,
          "rentry_pprice_dist_wallet_exposure_weighting": 2.6992511591953425,
          "wallet_exposure_limit": 1},
 "short": {"auto_unstuck_delay_minutes": 0.0,
           "auto_unstuck_ema_dist": 0.0,
           "auto_unstuck_qty_pct": 0.0,
           "auto_unstuck_wallet_exposure_threshold": 0.0,
           "backwards_tp": true,
           "ddown_factor": 1.792225061508641,
           "ema_span_0": 830.9969074539943,
           "ema_span_1": 685.3711359357097,
           "enabled": false,
           "initial_eprice_ema_dist": -0.0054973951207430505,
           "initial_qty_pct": 0.013520412972383627,
           "markup_range": 0.005536660214589265,
           "min_markup": 0.00573129935761081,
           "n_close_orders": 3,
           "rentry_pprice_dist": 0.037073823152483906,
           "rentry_pprice_dist_wallet_exposure_weighting": 3.013413608513636,
           "wallet_exposure_limit": 1.0}}