{"config_name": "recursive_grid_ARBUSDT_447days",
 "logging_level": 0,
 "long": {"auto_unstuck_delay_minutes": 0,
          "auto_unstuck_ema_dist": 0,
          "auto_unstuck_qty_pct": 0,
          "auto_unstuck_wallet_exposure_threshold": 0.0,
          "backwards_tp": false,
          "ddown_factor": 0.4251792982218818,
          "ema_span_0": 839.2875263971725,
          "ema_span_1": 946.6230731153271,
          "enabled": true,
          "initial_eprice_ema_dist": 0.010779505562229976,
          "initial_qty_pct": 0.04,
          "markup_range": 0.04,
          "min_markup": 0.008968957181695252,
          "n_close_orders": 2,
          "rentry_pprice_dist": 0.01679804897821649,
          "rentry_pprice_dist_wallet_exposure_weighting": 10.708783344754819,
          "wallet_exposure_limit": 1},
 "short": {"auto_unstuck_delay_minutes": 661.457503521868,
           "auto_unstuck_ema_dist": -0.04387660450241785,
           "auto_unstuck_qty_pct": 0.0709453726850857,
           "auto_unstuck_wallet_exposure_threshold": 0.11966309423526439,
           "backwards_tp": false,
           "ddown_factor": 1.0073552857679364,
           "ema_span_0": 535.3368331199579,
           "ema_span_1": 1094.741065282319,
           "enabled": false,
           "initial_eprice_ema_dist": -0.09129866202058583,
           "initial_qty_pct": 0.03914828258373833,
           "markup_range": 0.05076501183162122,
           "min_markup": 0.009758793901151797,
           "n_close_orders": 16,
           "rentry_pprice_dist": 0.043303769309158545,
           "rentry_pprice_dist_wallet_exposure_weighting": 19.927838846620837,
           "wallet_exposure_limit": 1.0}}