{"config_name": "recursive_grid_BEAMUSDT_212days",
 "logging_level": 0,
 "long": {"auto_unstuck_delay_minutes": 0.0,
          "auto_unstuck_ema_dist": 0.0,
          "auto_unstuck_qty_pct": 0.0,
          "auto_unstuck_wallet_exposure_threshold": 0.0,
          "backwards_tp": false,
          "ddown_factor": 0.5766012056915626,
          "ema_span_0": 1344.8260977503971,
          "ema_span_1": 1204.9646342490314,
          "enabled": true,
          "initial_eprice_ema_dist": 0.09022151443155457,
          "initial_qty_pct": 0.04,
          "markup_range": 0.02935753712978105,
          "min_markup": 0.02339963961351273,
          "n_close_orders": 3,
          "rentry_pprice_dist": 0.03594433698301279,
          "rentry_pprice_dist_wallet_exposure_weighting": 10.844688824251413,
          "wallet_exposure_limit": 1.0},
 "short": {"auto_unstuck_delay_minutes": 930.8998555405295,
           "auto_unstuck_ema_dist": -0.06684486663541492,
           "auto_unstuck_qty_pct": 0.010846351673377616,
           "auto_unstuck_wallet_exposure_threshold": 0.48336797602527815,
           "backwards_tp": false,
           "ddown_factor": 0.9790458979205551,
           "ema_span_0": 441.1527475219131,
           "ema_span_1": 1035.065234047658,
           "enabled": false,
           "initial_eprice_ema_dist": -0.06665458467514206,
           "initial_qty_pct": 0.010629168126370981,
           "markup_range": 0.025703532360646812,
           "min_markup": 0.006511178266192185,
           "n_close_orders": 11,
           "rentry_pprice_dist": 0.03519061985487364,
           "rentry_pprice_dist_wallet_exposure_weighting": 2.5795528868676487,
           "wallet_exposure_limit": 1.0}}