{"config_name": "recursive_grid_LINKUSDT_366days",
 "logging_level": 0,
 "long": {"auto_unstuck_delay_minutes": 843.5262123469855,
          "auto_unstuck_ema_dist": 0.010047491045982583,
          "auto_unstuck_qty_pct": 0.021019036396212862,
          "auto_unstuck_wallet_exposure_threshold": 0.13777137091773953,
          "backwards_tp": false,
          "ddown_factor": 0.8983621611660438,
          "ema_span_0": 1028.9175204675237,
          "ema_span_1": 219.3313184993183,
          "enabled": true,
          "initial_eprice_ema_dist": 0.0012510262442937687,
          "initial_qty_pct": 0.0448916953204775,
          "markup_range": 0.017439266609126838,
          "min_markup": 0.00831500646840414,
          "n_close_orders": 9,
          "rentry_pprice_dist": 0.02845437606666394,
          "rentry_pprice_dist_wallet_exposure_weighting": 0.5904785340622528,
          "wallet_exposure_limit": 1},
 "short": {"auto_unstuck_delay_minutes": 0.0,
           "auto_unstuck_ema_dist": 0.0,
           "auto_unstuck_qty_pct": 0.0,
           "auto_unstuck_wallet_exposure_threshold": 0.0,
           "backwards_tp": false,
           "ddown_factor": 1.4499402402209236,
           "ema_span_0": 1284.0446474355806,
           "ema_span_1": 559.4665728428731,
           "enabled": false,
           "initial_eprice_ema_dist": -0.00344730023875437,
           "initial_qty_pct": 0.006882919449992548,
           "markup_range": 0.004160151258594536,
           "min_markup": 0.007357374350291626,
           "n_close_orders": 8,
           "rentry_pprice_dist": 0.02171443270647971,
           "rentry_pprice_dist_wallet_exposure_weighting": 3.887876730558157,
           "wallet_exposure_limit": 1.0}}