{"config_name": "recursive_grid_ENAUSDT_50days",
 "logging_level": 0,
 "long": {"auto_unstuck_delay_minutes": 1336.6481895361337,
          "auto_unstuck_ema_dist": 0.05,
          "auto_unstuck_qty_pct": 0.01,
          "auto_unstuck_wallet_exposure_threshold": 0.030467511530376738,
          "backwards_tp": false,
          "ddown_factor": 1.3037867798367637,
          "ema_span_0": 400,
          "ema_span_1": 414.202644012757,
          "enabled": true,
          "initial_eprice_ema_dist": 0.007380309917783969,
          "initial_qty_pct": 0.049477247349486005,
          "markup_range": 0.0388981601367649,
          "min_markup": 0.04,
          "n_close_orders": 6,
          "rentry_pprice_dist": 0.023156845539007244,
          "rentry_pprice_dist_wallet_exposure_weighting": 11.826172027211218,
          "wallet_exposure_limit": 1.0},
 "short": {"auto_unstuck_delay_minutes": 278.6023547865818,
           "auto_unstuck_ema_dist": -0.007576761019771935,
           "auto_unstuck_qty_pct": 0.07809774409014376,
           "auto_unstuck_wallet_exposure_threshold": 0.305546958626871,
           "backwards_tp": false,
           "ddown_factor": 0.3357865721097921,
           "ema_span_0": 266.6443498448745,
           "ema_span_1": 161.78231441946699,
           "enabled": false,
           "initial_eprice_ema_dist": -0.048541372208404356,
           "initial_qty_pct": 0.01163618388936818,
           "markup_range": 0.05423375046755097,
           "min_markup": 0.006751158430525818,
           "n_close_orders": 10,
           "rentry_pprice_dist": 0.037191218229696434,
           "rentry_pprice_dist_wallet_exposure_weighting": 6.536460247895715,
           "wallet_exposure_limit": 1.0}}