{"config_name": "recursive_grid_AXSUSDT_1016days",
 "logging_level": 0,
 "long": {"auto_unstuck_delay_minutes": 0,
          "auto_unstuck_ema_dist": 0,
          "auto_unstuck_qty_pct": 0,
          "auto_unstuck_wallet_exposure_threshold": 0.0,
          "backwards_tp": false,
          "ddown_factor": 0.5469164694722742,
          "ema_span_0": 792.8539483168596,
          "ema_span_1": 502.99195674708585,
          "enabled": true,
          "initial_eprice_ema_dist": 0.06195230119586917,
          "initial_qty_pct": 0.04,
          "markup_range": 0.029232876126057558,
          "min_markup": 0.023310789010832864,
          "n_close_orders": 2,
          "rentry_pprice_dist": 0.04,
          "rentry_pprice_dist_wallet_exposure_weighting": 11.91540515458933,
          "wallet_exposure_limit": 1},
 "short": {"auto_unstuck_delay_minutes": 1393.4558448938317,
           "auto_unstuck_ema_dist": -0.08653067484097551,
           "auto_unstuck_qty_pct": 0.08529632372033873,
           "auto_unstuck_wallet_exposure_threshold": 0.6843724971781111,
           "backwards_tp": false,
           "ddown_factor": 1.1977757157926567,
           "ema_span_0": 524.6398383469361,
           "ema_span_1": 164.89685692832404,
           "enabled": false,
           "initial_eprice_ema_dist": -0.006208161926240283,
           "initial_qty_pct": 0.049006076300754486,
           "markup_range": 0.05231088417456684,
           "min_markup": 0.008179801865106275,
           "n_close_orders": 3,
           "rentry_pprice_dist": 0.035525349721514526,
           "rentry_pprice_dist_wallet_exposure_weighting": 7.015633722526047,
           "wallet_exposure_limit": 1.0}}