{"config_name": "recursive_grid_MATICUSDT_1126days",
 "logging_level": 0,
 "long": {"auto_unstuck_delay_minutes": 0,
          "auto_unstuck_ema_dist": 0.0,
          "auto_unstuck_qty_pct": 0,
          "auto_unstuck_wallet_exposure_threshold": 0.0,
          "backwards_tp": false,
          "ddown_factor": 0.5552978942785872,
          "ema_span_0": 1241.9491878138526,
          "ema_span_1": 1429.1391943240967,
          "enabled": true,
          "initial_eprice_ema_dist": 0.038581952139694606,
          "initial_qty_pct": 0.04,
          "markup_range": 0.049538828732681,
          "min_markup": 0.03,
          "n_close_orders": 4,
          "rentry_pprice_dist": 0.04600742563787569,
          "rentry_pprice_dist_wallet_exposure_weighting": 9.298173668940198,
          "wallet_exposure_limit": 1},
 "short": {"auto_unstuck_delay_minutes": 336.8555023794816,
           "auto_unstuck_ema_dist": -0.07307695631325423,
           "auto_unstuck_qty_pct": 0.08137581633825626,
           "auto_unstuck_wallet_exposure_threshold": 0.24180083225144414,
           "backwards_tp": false,
           "ddown_factor": 1.4011951477354616,
           "ema_span_0": 1238.894458879975,
           "ema_span_1": 1032.2321242592736,
           "enabled": false,
           "initial_eprice_ema_dist": -0.04130565847308455,
           "initial_qty_pct": 0.03810671907526694,
           "markup_range": 0.04864804040399019,
           "min_markup": 0.0031122357537339764,
           "n_close_orders": 9,
           "rentry_pprice_dist": 0.03856470659322442,
           "rentry_pprice_dist_wallet_exposure_weighting": 12.88465103466163,
           "wallet_exposure_limit": 1.0}}