{"config_name": "recursive_grid_ATOMUSDT_976days",
 "logging_level": 0,
 "long": {"auto_unstuck_delay_minutes": 0.0,
          "auto_unstuck_ema_dist": 0.0,
          "auto_unstuck_qty_pct": 0.0,
          "auto_unstuck_wallet_exposure_threshold": 0.0,
          "backwards_tp": false,
          "ddown_factor": 0.5170784073137576,
          "ema_span_0": 93.32091767979438,
          "ema_span_1": 1104.5614485411074,
          "enabled": true,
          "initial_eprice_ema_dist": 0.0787501921235744,
          "initial_qty_pct": 0.04,
          "markup_range": 0.011347953784941868,
          "min_markup": 0.018605972571314217,
          "n_close_orders": 3,
          "rentry_pprice_dist": 0.03523724833553691,
          "rentry_pprice_dist_wallet_exposure_weighting": 10.349079766764504,
          "wallet_exposure_limit": 1.0},
 "short": {"auto_unstuck_delay_minutes": 1371.0277264813658,
           "auto_unstuck_ema_dist": -0.0774660473427903,
           "auto_unstuck_qty_pct": 0.07612465318938379,
           "auto_unstuck_wallet_exposure_threshold": 0.3224334417019654,
           "backwards_tp": false,
           "ddown_factor": 1.536380005821192,
           "ema_span_0": 1314.808608980341,
           "ema_span_1": 1148.0690654554571,
           "enabled": false,
           "initial_eprice_ema_dist": -0.0034820072244051703,
           "initial_qty_pct": 0.02723290441773258,
           "markup_range": 0.004335377219471341,
           "min_markup": 0.001269136141947864,
           "n_close_orders": 14,
           "rentry_pprice_dist": 0.02615157661156335,
           "rentry_pprice_dist_wallet_exposure_weighting": 7.252807839536787,
           "wallet_exposure_limit": 1.0}}