{"config_name": "recursive_grid_DOTUSDT_366days",
 "logging_level": 0,
 "long": {"auto_unstuck_delay_minutes": 1438.3388712735364,
          "auto_unstuck_ema_dist": -0.07639128815907828,
          "auto_unstuck_qty_pct": 0.056566140067641074,
          "auto_unstuck_wallet_exposure_threshold": 0.16425351438209573,
          "backwards_tp": false,
          "ddown_factor": 0.31724673924816194,
          "ema_span_0": 2070.51895615136,
          "ema_span_1": 954.8148503875311,
          "enabled": true,
          "initial_eprice_ema_dist": 0.0017947577181329742,
          "initial_qty_pct": 0.03380470851922474,
          "markup_range": 0.010525769027719968,
          "min_markup": 0.005904349925040404,
          "n_close_orders": 6,
          "rentry_pprice_dist": 0.03692563509259973,
          "rentry_pprice_dist_wallet_exposure_weighting": 0.16893772580062996,
          "wallet_exposure_limit": 1},
 "short": {"auto_unstuck_delay_minutes": 0.0,
           "auto_unstuck_ema_dist": 0.0,
           "auto_unstuck_qty_pct": 0.0,
           "auto_unstuck_wallet_exposure_threshold": 0.0,
           "backwards_tp": false,
           "ddown_factor": 2.215535796810788,
           "ema_span_0": 634.7451553658157,
           "ema_span_1": 1087.842122061758,
           "enabled": false,
           "initial_eprice_ema_dist": -0.0014770113195988841,
           "initial_qty_pct": 0.006124017486568518,
           "markup_range": 0.004238891949560139,
           "min_markup": 0.008433783074405721,
           "n_close_orders": 3,
           "rentry_pprice_dist": 0.03386388288306383,
           "rentry_pprice_dist_wallet_exposure_weighting": 6.435646131971119,
           "wallet_exposure_limit": 1.0}}