{"config_name": "recursive_grid_FILUSDT_454days",
 "logging_level": 0,
 "long": {"auto_unstuck_delay_minutes": 647.141360472165,
          "auto_unstuck_ema_dist": -0.04066387651416181,
          "auto_unstuck_qty_pct": 0.01,
          "auto_unstuck_wallet_exposure_threshold": 0.09879526837988441,
          "backwards_tp": false,
          "ddown_factor": 0.6559618490470912,
          "ema_span_0": 730.5442245907709,
          "ema_span_1": 1009.8942466450966,
          "enabled": true,
          "initial_eprice_ema_dist": 0.009668693122776097,
          "initial_qty_pct": 0.05,
          "markup_range": 0.046333112152240875,
          "min_markup": 0.00783944485412843,
          "n_close_orders": 3,
          "rentry_pprice_dist": 0.028813630038565866,
          "rentry_pprice_dist_wallet_exposure_weighting": 1.116720652680544,
          "wallet_exposure_limit": 1},
 "short": {"auto_unstuck_delay_minutes": 1049.58284387128,
           "auto_unstuck_ema_dist": -0.03362088812998505,
           "auto_unstuck_qty_pct": 0.09451007994601433,
           "auto_unstuck_wallet_exposure_threshold": 0.16586970918602456,
           "backwards_tp": true,
           "ddown_factor": 2.615002808789654,
           "ema_span_0": 284.38354242603504,
           "ema_span_1": 256.28994799895105,
           "enabled": false,
           "initial_eprice_ema_dist": -0.05543961011779737,
           "initial_qty_pct": 0.012825904852858764,
           "markup_range": 0.022512480842667788,
           "min_markup": 0.0019176981268691127,
           "n_close_orders": 8,
           "rentry_pprice_dist": 0.034663239199862715,
           "rentry_pprice_dist_wallet_exposure_weighting": 13.716823469231352,
           "wallet_exposure_limit": 1.0}}