{"config_name": "recursive_grid_XLMUSDT_156days",
 "logging_level": 0,
 "long": {"auto_unstuck_delay_minutes": 921.7511829402013,
          "auto_unstuck_ema_dist": -0.0321081819239908,
          "auto_unstuck_qty_pct": 0.01,
          "auto_unstuck_wallet_exposure_threshold": 0.041862693728597834,
          "backwards_tp": false,
          "ddown_factor": 0.5093595679191504,
          "ema_span_0": 1132.9829060390305,
          "ema_span_1": 1089.9354797318958,
          "enabled": true,
          "initial_eprice_ema_dist": 0.006764806581562652,
          "initial_qty_pct": 0.04975496190685224,
          "markup_range": 0.012363977314714034,
          "min_markup": 0.00896021209149632,
          "n_close_orders": 5,
          "rentry_pprice_dist": 0.008670702312698494,
          "rentry_pprice_dist_wallet_exposure_weighting": 8.256272441657067,
          "wallet_exposure_limit": 1},
 "short": {"auto_unstuck_delay_minutes": 254.73580244581956,
           "auto_unstuck_ema_dist": -0.04154182667595226,
           "auto_unstuck_qty_pct": 0.0155535021358107,
           "auto_unstuck_wallet_exposure_threshold": 0.8738030788598822,
           "backwards_tp": false,
           "ddown_factor": 1.022564746019298,
           "ema_span_0": 978.2764824808817,
           "ema_span_1": 802.5024080537569,
           "enabled": false,
           "initial_eprice_ema_dist": -0.021169720014509993,
           "initial_qty_pct": 0.04124759395491548,
           "markup_range": 0.043590528005391226,
           "min_markup": 0.007091171358861819,
           "n_close_orders": 15,
           "rentry_pprice_dist": 0.020204562310163328,
           "rentry_pprice_dist_wallet_exposure_weighting": 13.747601384237228,
           "wallet_exposure_limit": 1.0}}