{"config_name": "recursive_grid_WOOUSDT_365days",
 "logging_level": 0,
 "long": {"auto_unstuck_delay_minutes": 199.4214473995199,
          "auto_unstuck_ema_dist": 0.05396439084765395,
          "auto_unstuck_qty_pct": 0.0736675914162448,
          "auto_unstuck_wallet_exposure_threshold": 0.46484730279710856,
          "backwards_tp": false,
          "ddown_factor": 0.18063283200903163,
          "ema_span_0": 1259.3416558100098,
          "ema_span_1": 837.4042362976061,
          "enabled": true,
          "initial_eprice_ema_dist": 0.009876910967612937,
          "initial_qty_pct": 0.024502968717456455,
          "markup_range": 0.02499178385091485,
          "min_markup": 0.007386364741587471,
          "n_close_orders": 4,
          "rentry_pprice_dist": 0.05297824861028112,
          "rentry_pprice_dist_wallet_exposure_weighting": 1.2704286583259723,
          "wallet_exposure_limit": 1},
 "short": {"auto_unstuck_delay_minutes": 168.73325057806576,
           "auto_unstuck_ema_dist": -0.039013600635125004,
           "auto_unstuck_qty_pct": 0.03761711566558851,
           "auto_unstuck_wallet_exposure_threshold": 0.0976862908477904,
           "backwards_tp": false,
           "ddown_factor": 1.93663205374015,
           "ema_span_0": 1244.0765122889472,
           "ema_span_1": 650.7842015989146,
           "enabled": false,
           "initial_eprice_ema_dist": 0.002909033259087073,
           "initial_qty_pct": 0.0186170478652106,
           "markup_range": 0.004459199280573097,
           "min_markup": 0.021444578957117346,
           "n_close_orders": 5,
           "rentry_pprice_dist": 0.030133231153018573,
           "rentry_pprice_dist_wallet_exposure_weighting": 4.416898470782827,
           "wallet_exposure_limit": 1.0}}