{"config_name": "recursive_grid_1000PEPEUSDT_302days",
 "logging_level": 0,
 "long": {"auto_unstuck_delay_minutes": 405.91277486635977,
          "auto_unstuck_ema_dist": 0.08884744779712385,
          "auto_unstuck_qty_pct": 0.09602508733017025,
          "auto_unstuck_wallet_exposure_threshold": 0.03424795290914997,
          "backwards_tp": false,
          "ddown_factor": 1.310174682718083,
          "ema_span_0": 1177.4410634009912,
          "ema_span_1": 2402.7522216261204,
          "enabled": true,
          "initial_eprice_ema_dist": -0.0012481636313275725,
          "initial_qty_pct": 0.03143330424780281,
          "markup_range": 0.015566897368689398,
          "min_markup": 0.01557634432277197,
          "n_close_orders": 9,
          "rentry_pprice_dist": 0.03714005306483661,
          "rentry_pprice_dist_wallet_exposure_weighting": 4.390503256941029,
          "wallet_exposure_limit": 1},
 "short": {"auto_unstuck_delay_minutes": 0.0,
           "auto_unstuck_ema_dist": 0.0,
           "auto_unstuck_qty_pct": 0.0,
           "auto_unstuck_wallet_exposure_threshold": 0.0,
           "backwards_tp": false,
           "ddown_factor": 1.3837587959943543,
           "ema_span_0": 740.6599523982936,
           "ema_span_1": 836.0375321496654,
           "enabled": false,
           "initial_eprice_ema_dist": -0.0005667830423822223,
           "initial_qty_pct": 0.01769907596055889,
           "markup_range": 0.009714690989884645,
           "min_markup": 0.002233443542076108,
           "n_close_orders": 8,
           "rentry_pprice_dist": 0.010357376106477075,
           "rentry_pprice_dist_wallet_exposure_weighting": 4.627068308310392,
           "wallet_exposure_limit": 1.0}}