{"config_name": "recursive_grid_NEOUSDT_150days",
 "logging_level": 0,
 "long": {"auto_unstuck_delay_minutes": 674.9870189749357,
          "auto_unstuck_ema_dist": -0.04844973497346068,
          "auto_unstuck_qty_pct": 0.01,
          "auto_unstuck_wallet_exposure_threshold": 0.07731575361481033,
          "backwards_tp": false,
          "ddown_factor": 0.3710121602474953,
          "ema_span_0": 860.9783331257256,
          "ema_span_1": 1210.5129758164712,
          "enabled": true,
          "initial_eprice_ema_dist": 0.0013523655924993826,
          "initial_qty_pct": 0.03704494588910883,
          "markup_range": 0.020265071022290727,
          "min_markup": 0.01866033095118436,
          "n_close_orders": 5,
          "rentry_pprice_dist": 0.00880698832767153,
          "rentry_pprice_dist_wallet_exposure_weighting": 8.247411435405402,
          "wallet_exposure_limit": 1},
 "short": {"auto_unstuck_delay_minutes": 153.04337542249476,
           "auto_unstuck_ema_dist": -0.09367637763406413,
           "auto_unstuck_qty_pct": 0.0672293227259571,
           "auto_unstuck_wallet_exposure_threshold": 0.4769036273368872,
           "backwards_tp": false,
           "ddown_factor": 2.492627874439223,
           "ema_span_0": 278.91669273867444,
           "ema_span_1": 30.050106929847093,
           "enabled": false,
           "initial_eprice_ema_dist": -0.055277906259379415,
           "initial_qty_pct": 0.041404538087649864,
           "markup_range": 0.05225747531230227,
           "min_markup": 0.0057126811602573515,
           "n_close_orders": 11,
           "rentry_pprice_dist": 0.035539295432369486,
           "rentry_pprice_dist_wallet_exposure_weighting": 17.8266513041952,
           "wallet_exposure_limit": 1.0}}