{"config_name": "recursive_grid_MYROUSDT_71days",
 "logging_level": 0,
 "long": {"auto_unstuck_delay_minutes": 1259.9957182825635,
          "auto_unstuck_ema_dist": 0.031735777264241205,
          "auto_unstuck_qty_pct": 0.01,
          "auto_unstuck_wallet_exposure_threshold": 0.04464922440007407,
          "backwards_tp": false,
          "ddown_factor": 1.3403748189603613,
          "ema_span_0": 468.26150943876775,
          "ema_span_1": 463.6903951755054,
          "enabled": true,
          "initial_eprice_ema_dist": 0.003927611524164878,
          "initial_qty_pct": 0.05,
          "markup_range": 0.02020500957764311,
          "min_markup": 0.009001639302669425,
          "n_close_orders": 5,
          "rentry_pprice_dist": 0.06848321315135837,
          "rentry_pprice_dist_wallet_exposure_weighting": 1.4605989156094736,
          "wallet_exposure_limit": 1},
 "short": {"auto_unstuck_delay_minutes": 937.7898855719957,
           "auto_unstuck_ema_dist": -0.0626704659064829,
           "auto_unstuck_qty_pct": 0.06634134587421554,
           "auto_unstuck_wallet_exposure_threshold": 0.17458945380698046,
           "backwards_tp": true,
           "ddown_factor": 0.5498223100978512,
           "ema_span_0": 72.12028371073202,
           "ema_span_1": 1166.43640641697,
           "enabled": false,
           "initial_eprice_ema_dist": -0.07192276765009853,
           "initial_qty_pct": 0.04630477154431718,
           "markup_range": 0.00406302837122251,
           "min_markup": 0.009340574267528014,
           "n_close_orders": 5,
           "rentry_pprice_dist": 0.006067002156538858,
           "rentry_pprice_dist_wallet_exposure_weighting": 16.17715265691247,
           "wallet_exposure_limit": 1.0}}