{"config_name": "recursive_grid_IMXUSDT_454days",
 "logging_level": 0,
 "long": {"auto_unstuck_delay_minutes": 1228.235254307337,
          "auto_unstuck_ema_dist": -0.0353098851356528,
          "auto_unstuck_qty_pct": 0.01,
          "auto_unstuck_wallet_exposure_threshold": 0.05209682519472354,
          "backwards_tp": false,
          "ddown_factor": 1.9037655132932114,
          "ema_span_0": 845.4931104953668,
          "ema_span_1": 1062.4499494361398,
          "enabled": true,
          "initial_eprice_ema_dist": 0.002810999777406985,
          "initial_qty_pct": 0.05,
          "markup_range": 0.03698617243341745,
          "min_markup": 0.007681725922493864,
          "n_close_orders": 4,
          "rentry_pprice_dist": 0.03864208184684691,
          "rentry_pprice_dist_wallet_exposure_weighting": 0.6161987745377178,
          "wallet_exposure_limit": 1.0},
 "short": {"auto_unstuck_delay_minutes": 638.229194410775,
           "auto_unstuck_ema_dist": -0.04030465749744659,
           "auto_unstuck_qty_pct": 0.05009947080060731,
           "auto_unstuck_wallet_exposure_threshold": 0.34512868186448054,
           "backwards_tp": true,
           "ddown_factor": 2.5903906016408347,
           "ema_span_0": 23.712189157741452,
           "ema_span_1": 438.7345985601864,
           "enabled": false,
           "initial_eprice_ema_dist": -0.04166861276489911,
           "initial_qty_pct": 0.02520574686789135,
           "markup_range": 0.03263332192545807,
           "min_markup": 0.0013594245024708647,
           "n_close_orders": 13,
           "rentry_pprice_dist": 0.007815286050546037,
           "rentry_pprice_dist_wallet_exposure_weighting": 0.5671940413734466,
           "wallet_exposure_limit": 1.0}}