{"config_name": "recursive_grid_1000RATSUSDT_150days",
 "logging_level": 0,
 "long": {"auto_unstuck_delay_minutes": 1153.8726995555353,
          "auto_unstuck_ema_dist": 0.007913746341019628,
          "auto_unstuck_qty_pct": 0.01,
          "auto_unstuck_wallet_exposure_threshold": 0.08878780534352593,
          "backwards_tp": false,
          "ddown_factor": 0.3236188184230863,
          "ema_span_0": 600.9229258447132,
          "ema_span_1": 650.6348980836676,
          "enabled": true,
          "initial_eprice_ema_dist": 0.04211309296346805,
          "initial_qty_pct": 0.049557486819326854,
          "markup_range": 0.048542592114604675,
          "min_markup": 0.020309299099653805,
          "n_close_orders": 4,
          "rentry_pprice_dist": 0.03345642899996893,
          "rentry_pprice_dist_wallet_exposure_weighting": 10.882012663645215,
          "wallet_exposure_limit": 1},
 "short": {"auto_unstuck_delay_minutes": 467.85846714956995,
           "auto_unstuck_ema_dist": -0.07228629844393324,
           "auto_unstuck_qty_pct": 0.07694217789421288,
           "auto_unstuck_wallet_exposure_threshold": 0.4911109239493837,
           "backwards_tp": false,
           "ddown_factor": 2.4219899609900257,
           "ema_span_0": 882.1747163350843,
           "ema_span_1": 214.05335603949726,
           "enabled": false,
           "initial_eprice_ema_dist": -0.055701115254603493,
           "initial_qty_pct": 0.010559742726876467,
           "markup_range": 0.005820917034179844,
           "min_markup": 0.005943550788290118,
           "n_close_orders": 11,
           "rentry_pprice_dist": 0.012426749010669232,
           "rentry_pprice_dist_wallet_exposure_weighting": 13.737554529783703,
           "wallet_exposure_limit": 1.0}}