{"config_name": "recursive_grid_ATOMUSDT_976days",
 "logging_level": 0,
 "long": {"auto_unstuck_delay_minutes": 0,
          "auto_unstuck_ema_dist": 0,
          "auto_unstuck_qty_pct": 0,
          "auto_unstuck_wallet_exposure_threshold": 0.0,
          "backwards_tp": false,
          "ddown_factor": 0.514779021167024,
          "ema_span_0": 547.1442369176096,
          "ema_span_1": 1146.9743800251938,
          "enabled": true,
          "initial_eprice_ema_dist": 0.017663059212184872,
          "initial_qty_pct": 0.04,
          "markup_range": 0.03856905984354916,
          "min_markup": 0.009748283474925781,
          "n_close_orders": 2,
          "rentry_pprice_dist": 0.025473303472876917,
          "rentry_pprice_dist_wallet_exposure_weighting": 9.61852283656627,
          "wallet_exposure_limit": 1},
 "short": {"auto_unstuck_delay_minutes": 554.1844028852811,
           "auto_unstuck_ema_dist": -0.01748101563830351,
           "auto_unstuck_qty_pct": 0.08130299216229081,
           "auto_unstuck_wallet_exposure_threshold": 0.3875896456736404,
           "backwards_tp": false,
           "ddown_factor": 2.4165104866823253,
           "ema_span_0": 42.15580602527553,
           "ema_span_1": 1164.383386068093,
           "enabled": false,
           "initial_eprice_ema_dist": -0.0056599651300464765,
           "initial_qty_pct": 0.042534626101406764,
           "markup_range": 0.05595166193211094,
           "min_markup": 0.008749430982768376,
           "n_close_orders": 3,
           "rentry_pprice_dist": 0.03264702725532563,
           "rentry_pprice_dist_wallet_exposure_weighting": 19.625822799581623,
           "wallet_exposure_limit": 1.0}}