{"config_name": "recursive_grid_XRPUSDT_143days",
 "logging_level": 0,
 "long": {"auto_unstuck_delay_minutes": 806.066304189809,
          "auto_unstuck_ema_dist": -0.03896657261892392,
          "auto_unstuck_qty_pct": 0.01,
          "auto_unstuck_wallet_exposure_threshold": 0.051221496808721054,
          "backwards_tp": false,
          "ddown_factor": 0.33991552499659305,
          "ema_span_0": 1287.3002605015972,
          "ema_span_1": 1157.2948274335915,
          "enabled": true,
          "initial_eprice_ema_dist": 0.0008694249833286136,
          "initial_qty_pct": 0.04600428869346937,
          "markup_range": 0.03663409467008192,
          "min_markup": 0.033790973784921075,
          "n_close_orders": 7,
          "rentry_pprice_dist": 0.037883223586207486,
          "rentry_pprice_dist_wallet_exposure_weighting": 14.617103703151713,
          "wallet_exposure_limit": 1.0},
 "short": {"auto_unstuck_delay_minutes": 344.17815643445743,
           "auto_unstuck_ema_dist": -0.0850182074847654,
           "auto_unstuck_qty_pct": 0.08013959236551817,
           "auto_unstuck_wallet_exposure_threshold": 0.33117555572385476,
           "backwards_tp": false,
           "ddown_factor": 0.18586810801171205,
           "ema_span_0": 108.6438976058893,
           "ema_span_1": 1383.242163407867,
           "enabled": false,
           "initial_eprice_ema_dist": -0.08064458009203117,
           "initial_qty_pct": 0.044842524550903366,
           "markup_range": 0.02087690864404898,
           "min_markup": 0.007344462877534896,
           "n_close_orders": 8,
           "rentry_pprice_dist": 0.04355424465691858,
           "rentry_pprice_dist_wallet_exposure_weighting": 12.39072193110428,
           "wallet_exposure_limit": 1.0}}