{"config_name": "recursive_grid_ETHUSDT_366days",
 "logging_level": 0,
 "long": {"auto_unstuck_delay_minutes": 1408.1580071208944,
          "auto_unstuck_ema_dist": -0.02752682134706219,
          "auto_unstuck_qty_pct": 0.014587470742117022,
          "auto_unstuck_wallet_exposure_threshold": 0.07911422559850206,
          "backwards_tp": false,
          "ddown_factor": 1.31602677466389,
          "ema_span_0": 10,
          "ema_span_1": 41.41460062103977,
          "enabled": true,
          "initial_eprice_ema_dist": 0.003,
          "initial_qty_pct": 0.04035774906187322,
          "markup_range": 0.0033746051056017536,
          "min_markup": 0.005320624398988709,
          "n_close_orders": 9,
          "rentry_pprice_dist": 0.011410217320827013,
          "rentry_pprice_dist_wallet_exposure_weighting": 0.8862702072320567,
          "wallet_exposure_limit": 1},
 "short": {"auto_unstuck_delay_minutes": 0.0,
           "auto_unstuck_ema_dist": 0.0,
           "auto_unstuck_qty_pct": 0.0,
           "auto_unstuck_wallet_exposure_threshold": 0.0,
           "backwards_tp": false,
           "ddown_factor": 2.3023279085688966,
           "ema_span_0": 913.8024110145097,
           "ema_span_1": 1338.5673010635373,
           "enabled": false,
           "initial_eprice_ema_dist": 0.0001197597227233678,
           "initial_qty_pct": 0.014571002949865207,
           "markup_range": 0.003377738561594774,
           "min_markup": 0.00937115886611516,
           "n_close_orders": 11,
           "rentry_pprice_dist": 0.03469871003591453,
           "rentry_pprice_dist_wallet_exposure_weighting": 6.753432264898204,
           "wallet_exposure_limit": 1.0}}