{"config_name": "recursive_grid_PYTHUSDT_205days",
 "logging_level": 0,
 "long": {"auto_unstuck_delay_minutes": 0.0,
          "auto_unstuck_ema_dist": 0.0,
          "auto_unstuck_qty_pct": 0.0,
          "auto_unstuck_wallet_exposure_threshold": 0.0,
          "backwards_tp": false,
          "ddown_factor": 0.49237250498881463,
          "ema_span_0": 245.7247066236801,
          "ema_span_1": 1215.482325829334,
          "enabled": true,
          "initial_eprice_ema_dist": -0.08313115859933713,
          "initial_qty_pct": 0.04,
          "markup_range": 0.01606073351249438,
          "min_markup": 0.013922118990106975,
          "n_close_orders": 2,
          "rentry_pprice_dist": 0.022909234102453234,
          "rentry_pprice_dist_wallet_exposure_weighting": 11.638130949535203,
          "wallet_exposure_limit": 1.0},
 "short": {"auto_unstuck_delay_minutes": 348.6674526099624,
           "auto_unstuck_ema_dist": -0.013638558836046963,
           "auto_unstuck_qty_pct": 0.02001942226506006,
           "auto_unstuck_wallet_exposure_threshold": 0.6484665521840067,
           "backwards_tp": false,
           "ddown_factor": 2.0584100504863336,
           "ema_span_0": 1343.6140480462032,
           "ema_span_1": 289.8367139928805,
           "enabled": false,
           "initial_eprice_ema_dist": -0.009466880380357867,
           "initial_qty_pct": 0.012558289693366826,
           "markup_range": 0.03841113297038021,
           "min_markup": 0.0024160027566338923,
           "n_close_orders": 11,
           "rentry_pprice_dist": 0.03302686780342613,
           "rentry_pprice_dist_wallet_exposure_weighting": 2.9046284011362533,
           "wallet_exposure_limit": 1.0}}