{"config_name": "recursive_grid_CROUSDT_365days",
 "logging_level": 0,
 "long": {"auto_unstuck_delay_minutes": 1100.4397809836926,
          "auto_unstuck_ema_dist": -0.023355096584048045,
          "auto_unstuck_qty_pct": 0.03838130106098695,
          "auto_unstuck_wallet_exposure_threshold": 0.15969822847267115,
          "backwards_tp": true,
          "ddown_factor": 0.31752374356920426,
          "ema_span_0": 863.8717368597066,
          "ema_span_1": 1989.7507871882362,
          "enabled": true,
          "initial_eprice_ema_dist": 0.0022970291392948768,
          "initial_qty_pct": 0.04188005660721191,
          "markup_range": 0.010926955360423953,
          "min_markup": 0.007796110266487159,
          "n_close_orders": 7,
          "rentry_pprice_dist": 0.019036864354249686,
          "rentry_pprice_dist_wallet_exposure_weighting": 2.125312329838758,
          "wallet_exposure_limit": 1},
 "short": {"auto_unstuck_delay_minutes": 0.0,
           "auto_unstuck_ema_dist": 0.0,
           "auto_unstuck_qty_pct": 0.0,
           "auto_unstuck_wallet_exposure_threshold": 0.0,
           "backwards_tp": true,
           "ddown_factor": 2.1202155716043967,
           "ema_span_0": 707.0732038883773,
           "ema_span_1": 810.0604575317,
           "enabled": false,
           "initial_eprice_ema_dist": -0.004008468934052387,
           "initial_qty_pct": 0.006245090487036658,
           "markup_range": 0.00836979583984381,
           "min_markup": 0.006435804434911028,
           "n_close_orders": 14,
           "rentry_pprice_dist": 0.05359011117944534,
           "rentry_pprice_dist_wallet_exposure_weighting": 3.62216697827214,
           "wallet_exposure_limit": 1.0}}