{"config_name": "recursive_grid_ETHUSDT_366days",
 "logging_level": 0,
 "long": {"auto_unstuck_delay_minutes": 289.25616909684345,
          "auto_unstuck_ema_dist": -0.037617257076382235,
          "auto_unstuck_qty_pct": 0.07278557486321997,
          "auto_unstuck_wallet_exposure_threshold": 0.09023071560200328,
          "backwards_tp": false,
          "ddown_factor": 2.199615036167964,
          "ema_span_0": 1704.1023085564543,
          "ema_span_1": 612.8298585874415,
          "enabled": true,
          "initial_eprice_ema_dist": -0.008314768641624016,
          "initial_qty_pct": 0.0364133443570219,
          "markup_range": 0.0005629627916894986,
          "min_markup": 0.006945299121666927,
          "n_close_orders": 4,
          "rentry_pprice_dist": 0.024379645154079446,
          "rentry_pprice_dist_wallet_exposure_weighting": 1.6733422098719732,
          "wallet_exposure_limit": 1},
 "short": {"auto_unstuck_delay_minutes": 0.0,
           "auto_unstuck_ema_dist": 0.0,
           "auto_unstuck_qty_pct": 0.0,
           "auto_unstuck_wallet_exposure_threshold": 0.0,
           "backwards_tp": false,
           "ddown_factor": 2.3023279085688966,
           "ema_span_0": 913.8024110145097,
           "ema_span_1": 1338.5673010635373,
           "enabled": false,
           "initial_eprice_ema_dist": 0.0001197597227233678,
           "initial_qty_pct": 0.014571002949865207,
           "markup_range": 0.003377738561594774,
           "min_markup": 0.00937115886611516,
           "n_close_orders": 11,
           "rentry_pprice_dist": 0.03469871003591453,
           "rentry_pprice_dist_wallet_exposure_weighting": 6.753432264898204,
           "wallet_exposure_limit": 1.0}}