{"config_name": "recursive_grid_ONDOUSDT_67days",
 "logging_level": 0,
 "long": {"auto_unstuck_delay_minutes": 1166.8832049359744,
          "auto_unstuck_ema_dist": 0.02220328957142921,
          "auto_unstuck_qty_pct": 0.01,
          "auto_unstuck_wallet_exposure_threshold": 0.05507176083703932,
          "backwards_tp": false,
          "ddown_factor": 0.9863734745432997,
          "ema_span_0": 826.8347381932228,
          "ema_span_1": 1010.1817366274672,
          "enabled": true,
          "initial_eprice_ema_dist": 0.00222030395886882,
          "initial_qty_pct": 0.05,
          "markup_range": 0.025667367925357933,
          "min_markup": 0.0026397033505458456,
          "n_close_orders": 6,
          "rentry_pprice_dist": 0.02926040302958368,
          "rentry_pprice_dist_wallet_exposure_weighting": 0.9009819046376542,
          "wallet_exposure_limit": 1.0},
 "short": {"auto_unstuck_delay_minutes": 935.083849620501,
           "auto_unstuck_ema_dist": -0.04083887314411626,
           "auto_unstuck_qty_pct": 0.01683216100552039,
           "auto_unstuck_wallet_exposure_threshold": 0.7371686750209328,
           "backwards_tp": true,
           "ddown_factor": 2.1031546483193218,
           "ema_span_0": 1357.1007492934934,
           "ema_span_1": 459.0267032232846,
           "enabled": false,
           "initial_eprice_ema_dist": -0.06741668519671648,
           "initial_qty_pct": 0.03017232939724932,
           "markup_range": 0.005152926119708781,
           "min_markup": 0.007735866687615475,
           "n_close_orders": 3,
           "rentry_pprice_dist": 0.030312103089468287,
           "rentry_pprice_dist_wallet_exposure_weighting": 11.660083522198182,
           "wallet_exposure_limit": 1.0}}