{"config_name": "recursive_grid_POLYXUSDT_158days",
 "logging_level": 0,
 "long": {"auto_unstuck_delay_minutes": 648.4239529950332,
          "auto_unstuck_ema_dist": -0.022677585974956418,
          "auto_unstuck_qty_pct": 0.01,
          "auto_unstuck_wallet_exposure_threshold": 0.09779842948105613,
          "backwards_tp": false,
          "ddown_factor": 1.3679848692293897,
          "ema_span_0": 1114.82909579569,
          "ema_span_1": 1120.7250197023957,
          "enabled": true,
          "initial_eprice_ema_dist": 0.00918245242378309,
          "initial_qty_pct": 0.05,
          "markup_range": 0.055916198481839305,
          "min_markup": 0.009903597287265949,
          "n_close_orders": 6,
          "rentry_pprice_dist": 0.05565343424231495,
          "rentry_pprice_dist_wallet_exposure_weighting": 3.7884837445783504,
          "wallet_exposure_limit": 1},
 "short": {"auto_unstuck_delay_minutes": 709.3169195356061,
           "auto_unstuck_ema_dist": -0.008877789767959832,
           "auto_unstuck_qty_pct": 0.0417909955749439,
           "auto_unstuck_wallet_exposure_threshold": 0.5806304410128256,
           "backwards_tp": true,
           "ddown_factor": 0.5002952751416667,
           "ema_span_0": 857.1272055945512,
           "ema_span_1": 223.1995702762661,
           "enabled": false,
           "initial_eprice_ema_dist": -0.007404813904670127,
           "initial_qty_pct": 0.03443132003343623,
           "markup_range": 0.0445526911113614,
           "min_markup": 0.007425205691026721,
           "n_close_orders": 3,
           "rentry_pprice_dist": 0.01855706286096032,
           "rentry_pprice_dist_wallet_exposure_weighting": 13.418554156091684,
           "wallet_exposure_limit": 1.0}}