{"config_name": "recursive_grid_BOMEUSDT_15days",
 "logging_level": 0,
 "long": {"auto_unstuck_delay_minutes": 713.3417186398443,
          "auto_unstuck_ema_dist": 0.03834157904431499,
          "auto_unstuck_qty_pct": 0.01,
          "auto_unstuck_wallet_exposure_threshold": 0.033907113256524415,
          "backwards_tp": false,
          "ddown_factor": 1.5998064923994566,
          "ema_span_0": 442.83790227244907,
          "ema_span_1": 484.81408109215454,
          "enabled": true,
          "initial_eprice_ema_dist": 0.0007583080477213385,
          "initial_qty_pct": 0.05,
          "markup_range": 0.03018839712797108,
          "min_markup": 0.006867297839650989,
          "n_close_orders": 6,
          "rentry_pprice_dist": 0.040564802453138274,
          "rentry_pprice_dist_wallet_exposure_weighting": 1.9335132603149678,
          "wallet_exposure_limit": 1},
 "short": {"auto_unstuck_delay_minutes": 632.8219088469174,
           "auto_unstuck_ema_dist": -0.05980185302770579,
           "auto_unstuck_qty_pct": 0.03546766537449451,
           "auto_unstuck_wallet_exposure_threshold": 0.3215342615032937,
           "backwards_tp": true,
           "ddown_factor": 1.84279190215125,
           "ema_span_0": 553.7927207344508,
           "ema_span_1": 176.05003220852385,
           "enabled": false,
           "initial_eprice_ema_dist": -0.002083016854894329,
           "initial_qty_pct": 0.013861186101069786,
           "markup_range": 0.0035068931432229466,
           "min_markup": 0.007739382283604253,
           "n_close_orders": 6,
           "rentry_pprice_dist": 0.03400630463744197,
           "rentry_pprice_dist_wallet_exposure_weighting": 0.5046442376447802,
           "wallet_exposure_limit": 1.0}}