{"config_name": "recursive_grid_MATICUSDT_365days",
 "logging_level": 0,
 "long": {"auto_unstuck_delay_minutes": 1334.896616464309,
          "auto_unstuck_ema_dist": -0.0010328977349231688,
          "auto_unstuck_qty_pct": 0.013963625565511109,
          "auto_unstuck_wallet_exposure_threshold": 0.1266139769470692,
          "backwards_tp": false,
          "ddown_factor": 1.4243774046862314,
          "ema_span_0": 558.3534253753714,
          "ema_span_1": 363.3302568991687,
          "enabled": true,
          "initial_eprice_ema_dist": 0.010216978308901815,
          "initial_qty_pct": 0.021018856147368165,
          "markup_range": 0.0030766355086964377,
          "min_markup": 0.006,
          "n_close_orders": 3,
          "rentry_pprice_dist": 0.023365628338595082,
          "rentry_pprice_dist_wallet_exposure_weighting": 2.4526821977135955,
          "wallet_exposure_limit": 1},
 "short": {"auto_unstuck_delay_minutes": 524.8149142602483,
           "auto_unstuck_ema_dist": -0.09455464869355751,
           "auto_unstuck_qty_pct": 0.04689627740717616,
           "auto_unstuck_wallet_exposure_threshold": 0.12986743250562438,
           "backwards_tp": false,
           "ddown_factor": 0.8153852375903352,
           "ema_span_0": 673.0504185766588,
           "ema_span_1": 719.0825043979596,
           "enabled": false,
           "initial_eprice_ema_dist": 0.0023579461678955964,
           "initial_qty_pct": 0.012723076707233244,
           "markup_range": 0.002404655862241838,
           "min_markup": 0.012602515808539706,
           "n_close_orders": 8,
           "rentry_pprice_dist": 0.007255174911521419,
           "rentry_pprice_dist_wallet_exposure_weighting": 1.1808653987629643,
           "wallet_exposure_limit": 1.0}}