{"config_name": "recursive_grid_ENAUSDT_50days",
 "logging_level": 0,
 "long": {"auto_unstuck_delay_minutes": 1138.3550053279441,
          "auto_unstuck_ema_dist": 0.041810519640458114,
          "auto_unstuck_qty_pct": 0.01,
          "auto_unstuck_wallet_exposure_threshold": 0.032865883432992814,
          "backwards_tp": false,
          "ddown_factor": 0.5286987627419274,
          "ema_span_0": 564.9957461268131,
          "ema_span_1": 577.2356581382543,
          "enabled": true,
          "initial_eprice_ema_dist": -0.025553501858670998,
          "initial_qty_pct": 0.04722038809636315,
          "markup_range": 0.0497163333701266,
          "min_markup": 0.039828697295133775,
          "n_close_orders": 8,
          "rentry_pprice_dist": 0.016383759386777618,
          "rentry_pprice_dist_wallet_exposure_weighting": 12.647412654873218,
          "wallet_exposure_limit": 1},
 "short": {"auto_unstuck_delay_minutes": 276.87365678552544,
           "auto_unstuck_ema_dist": -0.013898431839907022,
           "auto_unstuck_qty_pct": 0.03478810970007505,
           "auto_unstuck_wallet_exposure_threshold": 0.5004850055139513,
           "backwards_tp": false,
           "ddown_factor": 0.21105981980647506,
           "ema_span_0": 1048.1523264970233,
           "ema_span_1": 238.43539091657544,
           "enabled": false,
           "initial_eprice_ema_dist": -0.07007600503804388,
           "initial_qty_pct": 0.010928110855510193,
           "markup_range": 0.021381691657090744,
           "min_markup": 0.004094852668749488,
           "n_close_orders": 8,
           "rentry_pprice_dist": 0.026934897936981037,
           "rentry_pprice_dist_wallet_exposure_weighting": 8.503862085626285,
           "wallet_exposure_limit": 1.0}}