{"config_name": "recursive_grid_BNBUSDT_156days",
 "logging_level": 0,
 "long": {"auto_unstuck_delay_minutes": 1373.6630606199842,
          "auto_unstuck_ema_dist": 0.016628343007564304,
          "auto_unstuck_qty_pct": 0.01,
          "auto_unstuck_wallet_exposure_threshold": 0.04839376493676879,
          "backwards_tp": false,
          "ddown_factor": 0.30117386843346383,
          "ema_span_0": 319.06380826372697,
          "ema_span_1": 680.4936117507734,
          "enabled": true,
          "initial_eprice_ema_dist": -0.049907158165604155,
          "initial_qty_pct": 0.04924802948653351,
          "markup_range": 0.015985590756938187,
          "min_markup": 0.009656130821519487,
          "n_close_orders": 5,
          "rentry_pprice_dist": 0.005335855971409641,
          "rentry_pprice_dist_wallet_exposure_weighting": 8.429317210035416,
          "wallet_exposure_limit": 1},
 "short": {"auto_unstuck_delay_minutes": 1233.2301964900491,
           "auto_unstuck_ema_dist": 0.0024387910829300197,
           "auto_unstuck_qty_pct": 0.0501778409556248,
           "auto_unstuck_wallet_exposure_threshold": 0.49298920245266253,
           "backwards_tp": false,
           "ddown_factor": 1.8379972831427391,
           "ema_span_0": 600.3504405035912,
           "ema_span_1": 675.4974983557288,
           "enabled": false,
           "initial_eprice_ema_dist": -0.07687376306191586,
           "initial_qty_pct": 0.03526296044182272,
           "markup_range": 0.04162909852613567,
           "min_markup": 0.008959762452679248,
           "n_close_orders": 12,
           "rentry_pprice_dist": 0.04386299531046404,
           "rentry_pprice_dist_wallet_exposure_weighting": 14.374447996182631,
           "wallet_exposure_limit": 1.0}}