{"config_name": "recursive_grid_STXUSDT_365days",
 "logging_level": 0,
 "long": {"auto_unstuck_delay_minutes": 682.3508337846466,
          "auto_unstuck_ema_dist": 0.0048204408881906,
          "auto_unstuck_qty_pct": 0.03199398846299037,
          "auto_unstuck_wallet_exposure_threshold": 0.10509048316921145,
          "backwards_tp": true,
          "ddown_factor": 2.4958506369661273,
          "ema_span_0": 190.2017336869558,
          "ema_span_1": 558.3151350907061,
          "enabled": true,
          "initial_eprice_ema_dist": -0.009907164068090273,
          "initial_qty_pct": 0.03435710853603158,
          "markup_range": 0.013437724906431763,
          "min_markup": 0.021696028854190915,
          "n_close_orders": 3,
          "rentry_pprice_dist": 0.01748652611097073,
          "rentry_pprice_dist_wallet_exposure_weighting": 5.693979267855231,
          "wallet_exposure_limit": 1.0},
 "short": {"auto_unstuck_delay_minutes": 0.0,
           "auto_unstuck_ema_dist": 0.0,
           "auto_unstuck_qty_pct": 0.0,
           "auto_unstuck_wallet_exposure_threshold": 0.0,
           "backwards_tp": true,
           "ddown_factor": 2.6075685840730944,
           "ema_span_0": 1098.043306039082,
           "ema_span_1": 883.6508020828715,
           "enabled": false,
           "initial_eprice_ema_dist": -0.007683011077110139,
           "initial_qty_pct": 0.005461889855976885,
           "markup_range": 0.0015191161724373526,
           "min_markup": 0.008418144524441399,
           "n_close_orders": 4,
           "rentry_pprice_dist": 0.019475393002610242,
           "rentry_pprice_dist_wallet_exposure_weighting": 3.61132198489723,
           "wallet_exposure_limit": 1.0}}