{"config_name": "recursive_grid_FILUSDT_454days",
 "logging_level": 0,
 "long": {"auto_unstuck_delay_minutes": 641.4589533875793,
          "auto_unstuck_ema_dist": -0.015475195653466679,
          "auto_unstuck_qty_pct": 0.01,
          "auto_unstuck_wallet_exposure_threshold": 0.060988843441087036,
          "backwards_tp": false,
          "ddown_factor": 1.7959171325420502,
          "ema_span_0": 558.9107068041853,
          "ema_span_1": 602.8816600446703,
          "enabled": true,
          "initial_eprice_ema_dist": 0.008556103752446007,
          "initial_qty_pct": 0.05,
          "markup_range": 0.06,
          "min_markup": 0.009589963679913101,
          "n_close_orders": 6,
          "rentry_pprice_dist": 0.042003620768700144,
          "rentry_pprice_dist_wallet_exposure_weighting": 1.2318440733734768,
          "wallet_exposure_limit": 1},
 "short": {"auto_unstuck_delay_minutes": 858.5176661608702,
           "auto_unstuck_ema_dist": -0.0513609565224926,
           "auto_unstuck_qty_pct": 0.0652909421518492,
           "auto_unstuck_wallet_exposure_threshold": 0.16068313933892311,
           "backwards_tp": true,
           "ddown_factor": 2.5469435665512,
           "ema_span_0": 959.9466165561062,
           "ema_span_1": 1062.2363637886017,
           "enabled": false,
           "initial_eprice_ema_dist": -0.09113033421500122,
           "initial_qty_pct": 0.025867775015260996,
           "markup_range": 0.0012766346571279573,
           "min_markup": 0.007115911151687794,
           "n_close_orders": 16,
           "rentry_pprice_dist": 0.03909474256191371,
           "rentry_pprice_dist_wallet_exposure_weighting": 10.601426795534328,
           "wallet_exposure_limit": 1.0}}