{"config_name": "recursive_grid_DOTUSDT_1183days",
 "logging_level": 0,
 "long": {"auto_unstuck_delay_minutes": 0,
          "auto_unstuck_ema_dist": 0,
          "auto_unstuck_qty_pct": 0,
          "auto_unstuck_wallet_exposure_threshold": 0.0,
          "backwards_tp": false,
          "ddown_factor": 0.5478690103405971,
          "ema_span_0": 888.3853572267906,
          "ema_span_1": 1411.7369263276112,
          "enabled": true,
          "initial_eprice_ema_dist": 0.049281114701605,
          "initial_qty_pct": 0.04,
          "markup_range": 0.03831896725395485,
          "min_markup": 0.024503334119014487,
          "n_close_orders": 3,
          "rentry_pprice_dist": 0.034872578258641436,
          "rentry_pprice_dist_wallet_exposure_weighting": 11.096781753509651,
          "wallet_exposure_limit": 1},
 "short": {"auto_unstuck_delay_minutes": 132.0033644249564,
           "auto_unstuck_ema_dist": -0.05978206310072412,
           "auto_unstuck_qty_pct": 0.09890179373517208,
           "auto_unstuck_wallet_exposure_threshold": 0.2275945900258443,
           "backwards_tp": false,
           "ddown_factor": 1.1251702231721017,
           "ema_span_0": 1298.7695751416927,
           "ema_span_1": 794.4961891212345,
           "enabled": false,
           "initial_eprice_ema_dist": -0.06630435566518256,
           "initial_qty_pct": 0.039554143711369616,
           "markup_range": 0.05139885263241337,
           "min_markup": 0.009213997647422163,
           "n_close_orders": 8,
           "rentry_pprice_dist": 0.013510460048892593,
           "rentry_pprice_dist_wallet_exposure_weighting": 19.526787521355836,
           "wallet_exposure_limit": 1.0}}