{"config_name": "recursive_grid_ARUSDT_156days",
 "logging_level": 0,
 "long": {"auto_unstuck_delay_minutes": 622.3141718571144,
          "auto_unstuck_ema_dist": 0.029634040505757395,
          "auto_unstuck_qty_pct": 0.01,
          "auto_unstuck_wallet_exposure_threshold": 0.09337393411874254,
          "backwards_tp": false,
          "ddown_factor": 0.46220786727516583,
          "ema_span_0": 547.3187138060168,
          "ema_span_1": 508.2282902589721,
          "enabled": true,
          "initial_eprice_ema_dist": 0.013703536694192813,
          "initial_qty_pct": 0.0397589803286656,
          "markup_range": 0.03293924770583917,
          "min_markup": 0.015298048197563618,
          "n_close_orders": 8,
          "rentry_pprice_dist": 0.02687079951428757,
          "rentry_pprice_dist_wallet_exposure_weighting": 7.5,
          "wallet_exposure_limit": 1},
 "short": {"auto_unstuck_delay_minutes": 1409.2078267472973,
           "auto_unstuck_ema_dist": -0.0006415409384014498,
           "auto_unstuck_qty_pct": 0.07783970502684824,
           "auto_unstuck_wallet_exposure_threshold": 0.16633454550927676,
           "backwards_tp": false,
           "ddown_factor": 2.1880292323856407,
           "ema_span_0": 350.38663308750904,
           "ema_span_1": 618.2134665205499,
           "enabled": false,
           "initial_eprice_ema_dist": -0.07679640837285359,
           "initial_qty_pct": 0.043258488911370296,
           "markup_range": 0.0382471053120586,
           "min_markup": 0.0021952555412274766,
           "n_close_orders": 9,
           "rentry_pprice_dist": 0.020214638623167525,
           "rentry_pprice_dist_wallet_exposure_weighting": 2.1797394207946885,
           "wallet_exposure_limit": 1.0}}