{"config_name": "recursive_grid_ADAUSDT_365days",
 "logging_level": 0,
 "long": {"auto_unstuck_delay_minutes": 1114.2829310094924,
          "auto_unstuck_ema_dist": 0.0036871124369209345,
          "auto_unstuck_qty_pct": 0.03306846910536344,
          "auto_unstuck_wallet_exposure_threshold": 0.1840901952656296,
          "backwards_tp": true,
          "ddown_factor": 1.1646779926150461,
          "ema_span_0": 1373.1023834205218,
          "ema_span_1": 1365.9636178294545,
          "enabled": true,
          "initial_eprice_ema_dist": -0.004354430240106969,
          "initial_qty_pct": 0.07626547044843499,
          "markup_range": 0.013134244645779287,
          "min_markup": 0.008337399562987874,
          "n_close_orders": 7,
          "rentry_pprice_dist": 0.04242773312422376,
          "rentry_pprice_dist_wallet_exposure_weighting": 0.46818015140206803,
          "wallet_exposure_limit": 1},
 "short": {"auto_unstuck_delay_minutes": 0.0,
           "auto_unstuck_ema_dist": 0.0,
           "auto_unstuck_qty_pct": 0.0,
           "auto_unstuck_wallet_exposure_threshold": 0.0,
           "backwards_tp": true,
           "ddown_factor": 1.4992487765936697,
           "ema_span_0": 1120.6699375613289,
           "ema_span_1": 486.9523104426437,
           "enabled": false,
           "initial_eprice_ema_dist": -0.0049559723910989825,
           "initial_qty_pct": 0.0191831118049423,
           "markup_range": 0.007237683477068926,
           "min_markup": 0.0033909271662953813,
           "n_close_orders": 4,
           "rentry_pprice_dist": 0.03529203470053384,
           "rentry_pprice_dist_wallet_exposure_weighting": 0.5161006153547434,
           "wallet_exposure_limit": 1.0}}