{"config_name": "recursive_grid_ONDOUSDT_120days",
 "logging_level": 0,
 "long": {"auto_unstuck_delay_minutes": 504.0400043132635,
          "auto_unstuck_ema_dist": -0.0463461115165427,
          "auto_unstuck_qty_pct": 0.01,
          "auto_unstuck_wallet_exposure_threshold": 0.09094932084992388,
          "backwards_tp": false,
          "ddown_factor": 0.6657351538944664,
          "ema_span_0": 651.4356073717494,
          "ema_span_1": 1294.4559021570624,
          "enabled": true,
          "initial_eprice_ema_dist": 0.019539372002055265,
          "initial_qty_pct": 0.0402460159883434,
          "markup_range": 0.032680127077732726,
          "min_markup": 0.039295576130381524,
          "n_close_orders": 4,
          "rentry_pprice_dist": 0.016909352804241284,
          "rentry_pprice_dist_wallet_exposure_weighting": 1.0226826307102688,
          "wallet_exposure_limit": 1},
 "short": {"auto_unstuck_delay_minutes": 447.2281963068594,
           "auto_unstuck_ema_dist": -0.08037396869851707,
           "auto_unstuck_qty_pct": 0.01262643237563835,
           "auto_unstuck_wallet_exposure_threshold": 0.10123389052586217,
           "backwards_tp": false,
           "ddown_factor": 1.246138096025624,
           "ema_span_0": 316.06337117175923,
           "ema_span_1": 613.5070909330839,
           "enabled": false,
           "initial_eprice_ema_dist": -0.0700976412819573,
           "initial_qty_pct": 0.03301032974326064,
           "markup_range": 0.028011217246680303,
           "min_markup": 0.006424981102126681,
           "n_close_orders": 9,
           "rentry_pprice_dist": 0.049730974030017826,
           "rentry_pprice_dist_wallet_exposure_weighting": 15.034255352219873,
           "wallet_exposure_limit": 1.0}}