{"config_name": "recursive_grid_DOGEUSDT_454days",
 "logging_level": 0,
 "long": {"auto_unstuck_delay_minutes": 1400.318222768958,
          "auto_unstuck_ema_dist": -0.026756127620694438,
          "auto_unstuck_qty_pct": 0.01,
          "auto_unstuck_wallet_exposure_threshold": 0.09131019989132784,
          "backwards_tp": false,
          "ddown_factor": 1.5173423459958038,
          "ema_span_0": 704.6743367602318,
          "ema_span_1": 543.2145141356935,
          "enabled": true,
          "initial_eprice_ema_dist": 0.0048861325465574465,
          "initial_qty_pct": 0.05,
          "markup_range": 0.041132617368981356,
          "min_markup": 0.009862154058544991,
          "n_close_orders": 6,
          "rentry_pprice_dist": 0.06674362534297956,
          "rentry_pprice_dist_wallet_exposure_weighting": 0.7298583338948222,
          "wallet_exposure_limit": 1.0},
 "short": {"auto_unstuck_delay_minutes": 100.8946052032373,
           "auto_unstuck_ema_dist": -0.0992576950786917,
           "auto_unstuck_qty_pct": 0.09475577459824247,
           "auto_unstuck_wallet_exposure_threshold": 0.5434337134708874,
           "backwards_tp": true,
           "ddown_factor": 1.4339747439085502,
           "ema_span_0": 950.0740837655588,
           "ema_span_1": 75.47526894166256,
           "enabled": false,
           "initial_eprice_ema_dist": -0.08170116644066716,
           "initial_qty_pct": 0.0342815312483194,
           "markup_range": 0.00023640277333232705,
           "min_markup": 0.007684993105087485,
           "n_close_orders": 2,
           "rentry_pprice_dist": 0.048747960105591695,
           "rentry_pprice_dist_wallet_exposure_weighting": 6.47479261899055,
           "wallet_exposure_limit": 1.0}}