{"config_name": "recursive_grid_1000RATSUSDT_150days",
 "logging_level": 0,
 "long": {"auto_unstuck_delay_minutes": 1415.3389606787773,
          "auto_unstuck_ema_dist": 0.027956655098041783,
          "auto_unstuck_qty_pct": 0.01,
          "auto_unstuck_wallet_exposure_threshold": 0.07574000541078359,
          "backwards_tp": false,
          "ddown_factor": 0.46129686019218796,
          "ema_span_0": 265.34865276194876,
          "ema_span_1": 283.4996359397731,
          "enabled": true,
          "initial_eprice_ema_dist": 0.026729729749088927,
          "initial_qty_pct": 0.0475290607929066,
          "markup_range": 0.03243454085120258,
          "min_markup": 0.012299459486384215,
          "n_close_orders": 6,
          "rentry_pprice_dist": 0.014533331623418504,
          "rentry_pprice_dist_wallet_exposure_weighting": 9.900356289091807,
          "wallet_exposure_limit": 1},
 "short": {"auto_unstuck_delay_minutes": 69.64806326778765,
           "auto_unstuck_ema_dist": -0.09568527031090138,
           "auto_unstuck_qty_pct": 0.0695216373292497,
           "auto_unstuck_wallet_exposure_threshold": 0.3333698080560925,
           "backwards_tp": false,
           "ddown_factor": 2.107330712302869,
           "ema_span_0": 374.86064030168126,
           "ema_span_1": 1231.9226106090196,
           "enabled": false,
           "initial_eprice_ema_dist": -0.005980975173184605,
           "initial_qty_pct": 0.049519271235469335,
           "markup_range": 0.04998962716373771,
           "min_markup": 0.0032993411653246176,
           "n_close_orders": 15,
           "rentry_pprice_dist": 0.04383643689188806,
           "rentry_pprice_dist_wallet_exposure_weighting": 13.210522095909795,
           "wallet_exposure_limit": 1.0}}