{"config_name": "recursive_grid_FETUSDT_326days",
 "logging_level": 0,
 "long": {"auto_unstuck_delay_minutes": 1297.6019392065073,
          "auto_unstuck_ema_dist": -0.0348965412251461,
          "auto_unstuck_qty_pct": 0.07644422802857445,
          "auto_unstuck_wallet_exposure_threshold": 0.28341524311861316,
          "backwards_tp": false,
          "ddown_factor": 1.814499860738261,
          "ema_span_0": 663.4003360529417,
          "ema_span_1": 480.0562515559604,
          "enabled": true,
          "initial_eprice_ema_dist": -0.0026140895683153947,
          "initial_qty_pct": 0.029936542464031227,
          "markup_range": 0.01744130872997045,
          "min_markup": 0.007116987477939247,
          "n_close_orders": 3,
          "rentry_pprice_dist": 0.029017594456840722,
          "rentry_pprice_dist_wallet_exposure_weighting": 2.619316557424066,
          "wallet_exposure_limit": 1},
 "short": {"auto_unstuck_delay_minutes": 570.6898772668626,
           "auto_unstuck_ema_dist": -0.028564046039460264,
           "auto_unstuck_qty_pct": 0.08352358322682935,
           "auto_unstuck_wallet_exposure_threshold": 0.03332912353886699,
           "backwards_tp": false,
           "ddown_factor": 2.381031862268597,
           "ema_span_0": 1005.0494814231936,
           "ema_span_1": 885.0749624971043,
           "enabled": false,
           "initial_eprice_ema_dist": -0.0012613462986958788,
           "initial_qty_pct": 0.013716782718750747,
           "markup_range": 0.0071722780648531105,
           "min_markup": 0.04247538567918834,
           "n_close_orders": 2,
           "rentry_pprice_dist": 0.014179017187609881,
           "rentry_pprice_dist_wallet_exposure_weighting": 3.147912182210652,
           "wallet_exposure_limit": 1.0}}