{"config_name": "recursive_grid_ENAUSDT_50days",
 "logging_level": 0,
 "long": {"auto_unstuck_delay_minutes": 673.3641818890542,
          "auto_unstuck_ema_dist": 6.193185038436827e-05,
          "auto_unstuck_qty_pct": 0.01,
          "auto_unstuck_wallet_exposure_threshold": 0.06300816712926174,
          "backwards_tp": false,
          "ddown_factor": 0.43463384172354325,
          "ema_span_0": 423.7170762816175,
          "ema_span_1": 1193.535783873443,
          "enabled": true,
          "initial_eprice_ema_dist": 0.01471587958929138,
          "initial_qty_pct": 0.03379962787093567,
          "markup_range": 0.04129206653439556,
          "min_markup": 0.031552377371426174,
          "n_close_orders": 6,
          "rentry_pprice_dist": 0.029083402895356162,
          "rentry_pprice_dist_wallet_exposure_weighting": 14.833370119947629,
          "wallet_exposure_limit": 1.0},
 "short": {"auto_unstuck_delay_minutes": 597.2974845092455,
           "auto_unstuck_ema_dist": -0.00035444910369827887,
           "auto_unstuck_qty_pct": 0.05247762006728068,
           "auto_unstuck_wallet_exposure_threshold": 0.8713346786717517,
           "backwards_tp": false,
           "ddown_factor": 0.4406549062018579,
           "ema_span_0": 1155.5021261919987,
           "ema_span_1": 58.39113087117416,
           "enabled": false,
           "initial_eprice_ema_dist": -0.0013279516088123972,
           "initial_qty_pct": 0.022464911445812426,
           "markup_range": 0.0037001720641596124,
           "min_markup": 0.009693883591647075,
           "n_close_orders": 10,
           "rentry_pprice_dist": 0.0397987327395136,
           "rentry_pprice_dist_wallet_exposure_weighting": 3.247098104097481,
           "wallet_exposure_limit": 1.0}}