{"config_name": "recursive_grid_ETHUSDT_143days",
 "logging_level": 0,
 "long": {"auto_unstuck_delay_minutes": 595.948475853865,
          "auto_unstuck_ema_dist": 0.041052830810044086,
          "auto_unstuck_qty_pct": 0.01,
          "auto_unstuck_wallet_exposure_threshold": 0.05841115726225323,
          "backwards_tp": false,
          "ddown_factor": 0.3326417249567717,
          "ema_span_0": 1039.3385312618561,
          "ema_span_1": 643.9687106757841,
          "enabled": true,
          "initial_eprice_ema_dist": 0.010343014231182356,
          "initial_qty_pct": 0.038849125174334094,
          "markup_range": 0.03553813170101955,
          "min_markup": 0.012902541463311998,
          "n_close_orders": 8,
          "rentry_pprice_dist": 0.008427431808782065,
          "rentry_pprice_dist_wallet_exposure_weighting": 8.962022166483239,
          "wallet_exposure_limit": 1.0},
 "short": {"auto_unstuck_delay_minutes": 47.64573216907015,
           "auto_unstuck_ema_dist": -0.07811695136396708,
           "auto_unstuck_qty_pct": 0.09320118701069029,
           "auto_unstuck_wallet_exposure_threshold": 0.1248932782284748,
           "backwards_tp": false,
           "ddown_factor": 2.7849095197208484,
           "ema_span_0": 435.43670442791836,
           "ema_span_1": 1217.9051301202344,
           "enabled": false,
           "initial_eprice_ema_dist": -0.07270345269788325,
           "initial_qty_pct": 0.024628310148518053,
           "markup_range": 0.014900128309028312,
           "min_markup": 0.00818917265564061,
           "n_close_orders": 12,
           "rentry_pprice_dist": 0.04738533430688263,
           "rentry_pprice_dist_wallet_exposure_weighting": 2.342255803626263,
           "wallet_exposure_limit": 1.0}}