{"config_name": "recursive_grid_ETHUSDT_143days",
 "logging_level": 0,
 "long": {"auto_unstuck_delay_minutes": 1326.2574240803194,
          "auto_unstuck_ema_dist": 0.006469488685228078,
          "auto_unstuck_qty_pct": 0.01,
          "auto_unstuck_wallet_exposure_threshold": 0.08049391484932032,
          "backwards_tp": false,
          "ddown_factor": 0.5211343203169303,
          "ema_span_0": 784.1875655672079,
          "ema_span_1": 220.03275689104598,
          "enabled": true,
          "initial_eprice_ema_dist": 0.005898425902140303,
          "initial_qty_pct": 0.03541534738190239,
          "markup_range": 0.03111657443006224,
          "min_markup": 0.009091013438993347,
          "n_close_orders": 8,
          "rentry_pprice_dist": 0.0054850939318175276,
          "rentry_pprice_dist_wallet_exposure_weighting": 7.524580309369222,
          "wallet_exposure_limit": 1},
 "short": {"auto_unstuck_delay_minutes": 11.038070045344769,
           "auto_unstuck_ema_dist": -0.018687343905259793,
           "auto_unstuck_qty_pct": 0.02843646076536474,
           "auto_unstuck_wallet_exposure_threshold": 0.8339349961353284,
           "backwards_tp": false,
           "ddown_factor": 0.6749418940222401,
           "ema_span_0": 1326.2379865115413,
           "ema_span_1": 652.9770238239514,
           "enabled": false,
           "initial_eprice_ema_dist": -0.08048099991625993,
           "initial_qty_pct": 0.02044901418194235,
           "markup_range": 0.04388807111842519,
           "min_markup": 0.008219479243278292,
           "n_close_orders": 9,
           "rentry_pprice_dist": 0.03279599394668745,
           "rentry_pprice_dist_wallet_exposure_weighting": 18.89659134786249,
           "wallet_exposure_limit": 1.0}}