{"config_name": "recursive_grid_RLCUSDT_374days",
 "logging_level": 0,
 "long": {"auto_unstuck_delay_minutes": 987.4352497853704,
          "auto_unstuck_ema_dist": -0.003770580353464365,
          "auto_unstuck_qty_pct": 0.01,
          "auto_unstuck_wallet_exposure_threshold": 0.04115488219812984,
          "backwards_tp": false,
          "ddown_factor": 1.9658431431179149,
          "ema_span_0": 781.2418997566755,
          "ema_span_1": 642.293997993502,
          "enabled": true,
          "initial_eprice_ema_dist": 0.003671552349986061,
          "initial_qty_pct": 0.05,
          "markup_range": 0.05874679488290775,
          "min_markup": 0.01,
          "n_close_orders": 7,
          "rentry_pprice_dist": 0.03281102826704079,
          "rentry_pprice_dist_wallet_exposure_weighting": 1.5413036265511797,
          "wallet_exposure_limit": 1},
 "short": {"auto_unstuck_delay_minutes": 1433.3236734424315,
           "auto_unstuck_ema_dist": -0.025613550557368137,
           "auto_unstuck_qty_pct": 0.07702271486832193,
           "auto_unstuck_wallet_exposure_threshold": 0.3142694547117724,
           "backwards_tp": true,
           "ddown_factor": 1.9330181440222636,
           "ema_span_0": 910.2626070330675,
           "ema_span_1": 939.4554798657512,
           "enabled": false,
           "initial_eprice_ema_dist": -0.041297099480649385,
           "initial_qty_pct": 0.030753864457384726,
           "markup_range": 0.019367525625205367,
           "min_markup": 0.008285048212070243,
           "n_close_orders": 2,
           "rentry_pprice_dist": 0.03990513561899195,
           "rentry_pprice_dist_wallet_exposure_weighting": 16.597939239455716,
           "wallet_exposure_limit": 1.0}}