{"config_name": "recursive_grid_MNTUSDT_156days",
 "logging_level": 0,
 "long": {"auto_unstuck_delay_minutes": 1305.576407458035,
          "auto_unstuck_ema_dist": 0.004829350685886915,
          "auto_unstuck_qty_pct": 0.01,
          "auto_unstuck_wallet_exposure_threshold": 0.04042485628636841,
          "backwards_tp": false,
          "ddown_factor": 0.4067495849792485,
          "ema_span_0": 1275.4754516853804,
          "ema_span_1": 1172.597456428393,
          "enabled": true,
          "initial_eprice_ema_dist": 0.008013542632280634,
          "initial_qty_pct": 0.040594236710136726,
          "markup_range": 0.04033508422003888,
          "min_markup": 0.012794964710511302,
          "n_close_orders": 5,
          "rentry_pprice_dist": 0.00930376799299106,
          "rentry_pprice_dist_wallet_exposure_weighting": 7.967124127137276,
          "wallet_exposure_limit": 1},
 "short": {"auto_unstuck_delay_minutes": 805.8196105261178,
           "auto_unstuck_ema_dist": 0.0005902801771045241,
           "auto_unstuck_qty_pct": 0.03739964831765906,
           "auto_unstuck_wallet_exposure_threshold": 0.2244852354563016,
           "backwards_tp": false,
           "ddown_factor": 1.905755060806862,
           "ema_span_0": 836.603718971637,
           "ema_span_1": 557.3881436166563,
           "enabled": false,
           "initial_eprice_ema_dist": -0.03286555795456933,
           "initial_qty_pct": 0.045244631427337416,
           "markup_range": 0.016871992612483788,
           "min_markup": 0.0037136892878423776,
           "n_close_orders": 15,
           "rentry_pprice_dist": 0.01518796301821472,
           "rentry_pprice_dist_wallet_exposure_weighting": 1.8267787718173434,
           "wallet_exposure_limit": 1.0}}