{"config_name": "recursive_grid_XRPUSDT_365days",
 "logging_level": 0,
 "long": {"auto_unstuck_delay_minutes": 121.9061022801485,
          "auto_unstuck_ema_dist": 0.005622055336379547,
          "auto_unstuck_qty_pct": 0.045877614167218195,
          "auto_unstuck_wallet_exposure_threshold": 0.4995382378321322,
          "backwards_tp": false,
          "ddown_factor": 1.2052458601343516,
          "ema_span_0": 1151.8694062436452,
          "ema_span_1": 588.7060222564269,
          "enabled": true,
          "initial_eprice_ema_dist": 0.002181597788136042,
          "initial_qty_pct": 0.042714479305163006,
          "markup_range": 0.02273945944066912,
          "min_markup": 0.011453201931698305,
          "n_close_orders": 9,
          "rentry_pprice_dist": 0.023611181371918116,
          "rentry_pprice_dist_wallet_exposure_weighting": 0.9464362294559999,
          "wallet_exposure_limit": 1},
 "short": {"auto_unstuck_delay_minutes": 427.68706718995,
           "auto_unstuck_ema_dist": -0.04580408882725173,
           "auto_unstuck_qty_pct": 0.0878758089138846,
           "auto_unstuck_wallet_exposure_threshold": 0.12793633057309944,
           "backwards_tp": false,
           "ddown_factor": 0.3556337990508438,
           "ema_span_0": 465.23322292128455,
           "ema_span_1": 878.7248741174735,
           "enabled": false,
           "initial_eprice_ema_dist": -0.009622893236990024,
           "initial_qty_pct": 0.01598287390998953,
           "markup_range": 0.0012607321202686183,
           "min_markup": 0.039760824935781446,
           "n_close_orders": 14,
           "rentry_pprice_dist": 0.030642149905068406,
           "rentry_pprice_dist_wallet_exposure_weighting": 0.6966848719472576,
           "wallet_exposure_limit": 1.0}}