{"config_name": "recursive_grid_AVAXUSDT_366days",
 "logging_level": 0,
 "long": {"auto_unstuck_delay_minutes": 1093.159515617159,
          "auto_unstuck_ema_dist": -0.07746579924127768,
          "auto_unstuck_qty_pct": 0.09939665193509074,
          "auto_unstuck_wallet_exposure_threshold": 0.13674273828633937,
          "backwards_tp": false,
          "ddown_factor": 0.20488563010228833,
          "ema_span_0": 1046.978933993646,
          "ema_span_1": 223.66445771292598,
          "enabled": true,
          "initial_eprice_ema_dist": 0.00021711746301429099,
          "initial_qty_pct": 0.03009675879355497,
          "markup_range": 0.009903856992104098,
          "min_markup": 0.009682973259134085,
          "n_close_orders": 3,
          "rentry_pprice_dist": 0.03221089494739575,
          "rentry_pprice_dist_wallet_exposure_weighting": 0.9569462062256959,
          "wallet_exposure_limit": 1},
 "short": {"auto_unstuck_delay_minutes": 0.0,
           "auto_unstuck_ema_dist": 0.0,
           "auto_unstuck_qty_pct": 0.0,
           "auto_unstuck_wallet_exposure_threshold": 0.0,
           "backwards_tp": false,
           "ddown_factor": 2.3019536986882256,
           "ema_span_0": 806.1256346240132,
           "ema_span_1": 641.5874254159403,
           "enabled": false,
           "initial_eprice_ema_dist": -0.005652084833358237,
           "initial_qty_pct": 0.01606309285067837,
           "markup_range": 0.006023660286486194,
           "min_markup": 0.0022865986948697086,
           "n_close_orders": 15,
           "rentry_pprice_dist": 0.05893950394115736,
           "rentry_pprice_dist_wallet_exposure_weighting": 6.880307748921908,
           "wallet_exposure_limit": 1.0}}