{"config_name": "recursive_grid_SHIB1000USDT_156days",
 "logging_level": 0,
 "long": {"auto_unstuck_delay_minutes": 633.5644692866682,
          "auto_unstuck_ema_dist": 0.033106463272379025,
          "auto_unstuck_qty_pct": 0.01,
          "auto_unstuck_wallet_exposure_threshold": 0.09598571675098684,
          "backwards_tp": false,
          "ddown_factor": 0.3456961480537843,
          "ema_span_0": 107.96492095347895,
          "ema_span_1": 281.4159808817392,
          "enabled": true,
          "initial_eprice_ema_dist": 0.00786323290670913,
          "initial_qty_pct": 0.044093620355997246,
          "markup_range": 0.016461508266623986,
          "min_markup": 0.010138685624451423,
          "n_close_orders": 6,
          "rentry_pprice_dist": 0.02650092890930257,
          "rentry_pprice_dist_wallet_exposure_weighting": 12.599466263712348,
          "wallet_exposure_limit": 1},
 "short": {"auto_unstuck_delay_minutes": 572.8277123414529,
           "auto_unstuck_ema_dist": -0.076292018524456,
           "auto_unstuck_qty_pct": 0.06836933923692853,
           "auto_unstuck_wallet_exposure_threshold": 0.5913058300758056,
           "backwards_tp": false,
           "ddown_factor": 1.5409059937540253,
           "ema_span_0": 530.6412631517486,
           "ema_span_1": 460.17824233185445,
           "enabled": false,
           "initial_eprice_ema_dist": -0.01646370357732925,
           "initial_qty_pct": 0.018911695622700807,
           "markup_range": 0.029199149770438193,
           "min_markup": 0.005547811368298582,
           "n_close_orders": 6,
           "rentry_pprice_dist": 0.030858295750108712,
           "rentry_pprice_dist_wallet_exposure_weighting": 2.2122248937552413,
           "wallet_exposure_limit": 1.0}}