{"config_name": "recursive_grid_1000BONKUSDT_143days",
 "logging_level": 0,
 "long": {"auto_unstuck_delay_minutes": 980.720469264367,
          "auto_unstuck_ema_dist": -0.016823679215575604,
          "auto_unstuck_qty_pct": 0.01,
          "auto_unstuck_wallet_exposure_threshold": 0.043394380205940865,
          "backwards_tp": false,
          "ddown_factor": 0.5130124539903386,
          "ema_span_0": 111.29492197950134,
          "ema_span_1": 139.30980429893066,
          "enabled": true,
          "initial_eprice_ema_dist": 0.02347871377108133,
          "initial_qty_pct": 0.039729214875344906,
          "markup_range": 0.04818752731111584,
          "min_markup": 0.029836826062901244,
          "n_close_orders": 6,
          "rentry_pprice_dist": 0.013574990282542764,
          "rentry_pprice_dist_wallet_exposure_weighting": 9.370451807955863,
          "wallet_exposure_limit": 1.0},
 "short": {"auto_unstuck_delay_minutes": 194.40497169208612,
           "auto_unstuck_ema_dist": -0.07813791246885068,
           "auto_unstuck_qty_pct": 0.021104861940780973,
           "auto_unstuck_wallet_exposure_threshold": 0.8458554080366228,
           "backwards_tp": false,
           "ddown_factor": 0.8450779538623407,
           "ema_span_0": 829.8908735508383,
           "ema_span_1": 121.67128942581898,
           "enabled": false,
           "initial_eprice_ema_dist": -0.03044053951645069,
           "initial_qty_pct": 0.048569266774872305,
           "markup_range": 0.00024102218018966503,
           "min_markup": 0.004469461917201916,
           "n_close_orders": 3,
           "rentry_pprice_dist": 0.03936413519611553,
           "rentry_pprice_dist_wallet_exposure_weighting": 8.451540045919383,
           "wallet_exposure_limit": 1.0}}