{"config_name": "recursive_grid_DOTUSDT_366days",
 "logging_level": 0,
 "long": {"auto_unstuck_delay_minutes": 402.45339004757983,
          "auto_unstuck_ema_dist": -0.054587439921749616,
          "auto_unstuck_qty_pct": 0.029102386342240424,
          "auto_unstuck_wallet_exposure_threshold": 0.1533618264689678,
          "backwards_tp": false,
          "ddown_factor": 2.092215570416584,
          "ema_span_0": 423.4040185396518,
          "ema_span_1": 1772.1194485584679,
          "enabled": true,
          "initial_eprice_ema_dist": 0.0017947577181329742,
          "initial_qty_pct": 0.04163401999769331,
          "markup_range": 0.011096343909872169,
          "min_markup": 0.012472901364373085,
          "n_close_orders": 2,
          "rentry_pprice_dist": 0.03841561458191907,
          "rentry_pprice_dist_wallet_exposure_weighting": 0.4773605574449423,
          "wallet_exposure_limit": 1},
 "short": {"auto_unstuck_delay_minutes": 0.0,
           "auto_unstuck_ema_dist": 0.0,
           "auto_unstuck_qty_pct": 0.0,
           "auto_unstuck_wallet_exposure_threshold": 0.0,
           "backwards_tp": false,
           "ddown_factor": 2.215535796810788,
           "ema_span_0": 634.7451553658157,
           "ema_span_1": 1087.842122061758,
           "enabled": false,
           "initial_eprice_ema_dist": -0.0014770113195988841,
           "initial_qty_pct": 0.006124017486568518,
           "markup_range": 0.004238891949560139,
           "min_markup": 0.008433783074405721,
           "n_close_orders": 3,
           "rentry_pprice_dist": 0.03386388288306383,
           "rentry_pprice_dist_wallet_exposure_weighting": 6.435646131971119,
           "wallet_exposure_limit": 1.0}}