{"config_name": "recursive_grid_XLMUSDT_156days",
 "logging_level": 0,
 "long": {"auto_unstuck_delay_minutes": 606.8207380543538,
          "auto_unstuck_ema_dist": 0.005734338739012286,
          "auto_unstuck_qty_pct": 0.01,
          "auto_unstuck_wallet_exposure_threshold": 0.09137265953639956,
          "backwards_tp": false,
          "ddown_factor": 0.4979760194126845,
          "ema_span_0": 1010.8637370081605,
          "ema_span_1": 913.4316938136194,
          "enabled": true,
          "initial_eprice_ema_dist": 0.008575854250489281,
          "initial_qty_pct": 0.049023144745902664,
          "markup_range": 0.013430059309425788,
          "min_markup": 0.009409562617523617,
          "n_close_orders": 8,
          "rentry_pprice_dist": 0.006652589976758419,
          "rentry_pprice_dist_wallet_exposure_weighting": 12.140095767813186,
          "wallet_exposure_limit": 1},
 "short": {"auto_unstuck_delay_minutes": 671.0328342827823,
           "auto_unstuck_ema_dist": -0.09066848943070796,
           "auto_unstuck_qty_pct": 0.015059840562155199,
           "auto_unstuck_wallet_exposure_threshold": 0.14308012240404785,
           "backwards_tp": false,
           "ddown_factor": 0.8423972397403563,
           "ema_span_0": 1360.4928877725729,
           "ema_span_1": 278.7624367497147,
           "enabled": false,
           "initial_eprice_ema_dist": -0.03334526842063154,
           "initial_qty_pct": 0.04855802687972109,
           "markup_range": 0.021720373126887054,
           "min_markup": 0.007709246329323978,
           "n_close_orders": 5,
           "rentry_pprice_dist": 0.021297696198825992,
           "rentry_pprice_dist_wallet_exposure_weighting": 16.125053235396642,
           "wallet_exposure_limit": 1.0}}