{"config_name": "recursive_grid_IMXUSDT_156days",
 "logging_level": 0,
 "long": {"auto_unstuck_delay_minutes": 1356.0441829573936,
          "auto_unstuck_ema_dist": -0.016139342900942343,
          "auto_unstuck_qty_pct": 0.01,
          "auto_unstuck_wallet_exposure_threshold": 0.07850900755799516,
          "backwards_tp": false,
          "ddown_factor": 0.5416805531630813,
          "ema_span_0": 518.6337159375672,
          "ema_span_1": 240.7692291088083,
          "enabled": true,
          "initial_eprice_ema_dist": 0.005807164443289931,
          "initial_qty_pct": 0.040160030455641274,
          "markup_range": 0.047257805274351736,
          "min_markup": 0.018378032146616166,
          "n_close_orders": 8,
          "rentry_pprice_dist": 0.014015552462566024,
          "rentry_pprice_dist_wallet_exposure_weighting": 7.834498721732073,
          "wallet_exposure_limit": 1},
 "short": {"auto_unstuck_delay_minutes": 819.7741898849085,
           "auto_unstuck_ema_dist": -0.04600136958280553,
           "auto_unstuck_qty_pct": 0.0924720629884604,
           "auto_unstuck_wallet_exposure_threshold": 0.5158889098061293,
           "backwards_tp": false,
           "ddown_factor": 0.5886240471366686,
           "ema_span_0": 379.8395415438785,
           "ema_span_1": 1304.386266269433,
           "enabled": false,
           "initial_eprice_ema_dist": -0.00010211564007803209,
           "initial_qty_pct": 0.038492788639579445,
           "markup_range": 0.0361324354111698,
           "min_markup": 0.00562873267945664,
           "n_close_orders": 3,
           "rentry_pprice_dist": 0.04575275430269162,
           "rentry_pprice_dist_wallet_exposure_weighting": 19.640764790555572,
           "wallet_exposure_limit": 1.0}}