{"config_name": "recursive_grid_FTMUSDT_143days",
 "logging_level": 0,
 "long": {"auto_unstuck_delay_minutes": 1202.0272348527787,
          "auto_unstuck_ema_dist": 0.02055561152829578,
          "auto_unstuck_qty_pct": 0.01,
          "auto_unstuck_wallet_exposure_threshold": 0.08391513243891416,
          "backwards_tp": false,
          "ddown_factor": 0.43430776150527683,
          "ema_span_0": 185.53599138877996,
          "ema_span_1": 247.53549715999262,
          "enabled": true,
          "initial_eprice_ema_dist": 0.012365594853039346,
          "initial_qty_pct": 0.05,
          "markup_range": 0.040223481586438736,
          "min_markup": 0.017087616561865908,
          "n_close_orders": 4,
          "rentry_pprice_dist": 0.01578812857382562,
          "rentry_pprice_dist_wallet_exposure_weighting": 8.558393520237015,
          "wallet_exposure_limit": 1},
 "short": {"auto_unstuck_delay_minutes": 808.2685531237399,
           "auto_unstuck_ema_dist": -0.0789017912401266,
           "auto_unstuck_qty_pct": 0.03439681651749597,
           "auto_unstuck_wallet_exposure_threshold": 0.7689940222853293,
           "backwards_tp": false,
           "ddown_factor": 1.0761275359641502,
           "ema_span_0": 611.2380421782547,
           "ema_span_1": 293.3509734414066,
           "enabled": false,
           "initial_eprice_ema_dist": -0.07423835111985813,
           "initial_qty_pct": 0.0321864134825639,
           "markup_range": 0.05074326750082689,
           "min_markup": 0.00877326438224969,
           "n_close_orders": 15,
           "rentry_pprice_dist": 0.013435383950088177,
           "rentry_pprice_dist_wallet_exposure_weighting": 2.686453550179184,
           "wallet_exposure_limit": 1.0}}