{"config_name": "recursive_grid_1000RATSUSDT_150days",
 "logging_level": 0,
 "long": {"auto_unstuck_delay_minutes": 1105.9529966484256,
          "auto_unstuck_ema_dist": 0.0201198521789007,
          "auto_unstuck_qty_pct": 0.01,
          "auto_unstuck_wallet_exposure_threshold": 0.03430003459257511,
          "backwards_tp": false,
          "ddown_factor": 0.5551489844295554,
          "ema_span_0": 1090.1307859208337,
          "ema_span_1": 1054.4506533015365,
          "enabled": true,
          "initial_eprice_ema_dist": 0.03367355519824905,
          "initial_qty_pct": 0.043546034609525226,
          "markup_range": 0.02277478071856104,
          "min_markup": 0.010958260176171884,
          "n_close_orders": 4,
          "rentry_pprice_dist": 0.03634576434413313,
          "rentry_pprice_dist_wallet_exposure_weighting": 9.535889989661463,
          "wallet_exposure_limit": 1},
 "short": {"auto_unstuck_delay_minutes": 1043.7498296018514,
           "auto_unstuck_ema_dist": -0.06424854293322574,
           "auto_unstuck_qty_pct": 0.04913143011843252,
           "auto_unstuck_wallet_exposure_threshold": 0.14072938971769614,
           "backwards_tp": false,
           "ddown_factor": 1.2816458830139739,
           "ema_span_0": 351.50552212204883,
           "ema_span_1": 1384.6530458133586,
           "enabled": false,
           "initial_eprice_ema_dist": -0.06646898177056632,
           "initial_qty_pct": 0.015000229384601195,
           "markup_range": 0.04829321139176497,
           "min_markup": 0.009499926860029682,
           "n_close_orders": 12,
           "rentry_pprice_dist": 0.032417737157299086,
           "rentry_pprice_dist_wallet_exposure_weighting": 17.47613359170925,
           "wallet_exposure_limit": 1.0}}