{"config_name": "recursive_grid_WIFUSDT_78days",
 "logging_level": 0,
 "long": {"auto_unstuck_delay_minutes": 635.506587303172,
          "auto_unstuck_ema_dist": -0.006031363973717341,
          "auto_unstuck_qty_pct": 0.01,
          "auto_unstuck_wallet_exposure_threshold": 0.08162553910663303,
          "backwards_tp": false,
          "ddown_factor": 1.925584581626551,
          "ema_span_0": 1306.444158860546,
          "ema_span_1": 1386.107423385908,
          "enabled": true,
          "initial_eprice_ema_dist": 0.0073983514889673346,
          "initial_qty_pct": 0.05,
          "markup_range": 0.0305429199927166,
          "min_markup": 0.005600433928225032,
          "n_close_orders": 3,
          "rentry_pprice_dist": 0.04196919209069,
          "rentry_pprice_dist_wallet_exposure_weighting": 2.9765768925756193,
          "wallet_exposure_limit": 1.0},
 "short": {"auto_unstuck_delay_minutes": 445.2409253318341,
           "auto_unstuck_ema_dist": -0.04763570205898782,
           "auto_unstuck_qty_pct": 0.07088058960405011,
           "auto_unstuck_wallet_exposure_threshold": 0.7348724494806518,
           "backwards_tp": true,
           "ddown_factor": 2.776101798073171,
           "ema_span_0": 335.57441519442307,
           "ema_span_1": 95.84733790152585,
           "enabled": false,
           "initial_eprice_ema_dist": -0.018091608338195828,
           "initial_qty_pct": 0.030863523253807604,
           "markup_range": 0.027953737020685532,
           "min_markup": 0.006054885630014439,
           "n_close_orders": 15,
           "rentry_pprice_dist": 0.03171699926958794,
           "rentry_pprice_dist_wallet_exposure_weighting": 4.8578705605601495,
           "wallet_exposure_limit": 1.0}}