{"config_name": "recursive_grid_NEOUSDT_150days",
 "logging_level": 0,
 "long": {"auto_unstuck_delay_minutes": 1122.448412077827,
          "auto_unstuck_ema_dist": -0.015928157354480457,
          "auto_unstuck_qty_pct": 0.01,
          "auto_unstuck_wallet_exposure_threshold": 0.04297431668352674,
          "backwards_tp": false,
          "ddown_factor": 0.4029634198281295,
          "ema_span_0": 891.7174824707498,
          "ema_span_1": 1132.7732577864435,
          "enabled": true,
          "initial_eprice_ema_dist": -0.004521687434222329,
          "initial_qty_pct": 0.03234916746984877,
          "markup_range": 0.03599897337902682,
          "min_markup": 0.016956611863512,
          "n_close_orders": 8,
          "rentry_pprice_dist": 0.008146605218124383,
          "rentry_pprice_dist_wallet_exposure_weighting": 9.07174711080357,
          "wallet_exposure_limit": 1},
 "short": {"auto_unstuck_delay_minutes": 245.0409694293408,
           "auto_unstuck_ema_dist": -0.06469596143999758,
           "auto_unstuck_qty_pct": 0.09136192476384412,
           "auto_unstuck_wallet_exposure_threshold": 0.8864718537780044,
           "backwards_tp": false,
           "ddown_factor": 2.9272848155112676,
           "ema_span_0": 961.0346031167638,
           "ema_span_1": 294.64462166282664,
           "enabled": false,
           "initial_eprice_ema_dist": -0.051324874668053085,
           "initial_qty_pct": 0.010532462779428266,
           "markup_range": 0.054616503634561574,
           "min_markup": 0.004236136986622709,
           "n_close_orders": 11,
           "rentry_pprice_dist": 0.047596668359251956,
           "rentry_pprice_dist_wallet_exposure_weighting": 5.12309289185541,
           "wallet_exposure_limit": 1.0}}