{"config_name": "recursive_grid_GTCUSDT_926days",
 "logging_level": 0,
 "long": {"auto_unstuck_delay_minutes": 0,
          "auto_unstuck_ema_dist": 0,
          "auto_unstuck_qty_pct": 0,
          "auto_unstuck_wallet_exposure_threshold": 0.0,
          "backwards_tp": false,
          "ddown_factor": 0.5926877414141061,
          "ema_span_0": 827.7729749152405,
          "ema_span_1": 1355.3081833665647,
          "enabled": true,
          "initial_eprice_ema_dist": 0.03154415889243737,
          "initial_qty_pct": 0.04,
          "markup_range": 0.039951261857422725,
          "min_markup": 0.011858899190976761,
          "n_close_orders": 3,
          "rentry_pprice_dist": 0.027718901521304566,
          "rentry_pprice_dist_wallet_exposure_weighting": 9.883580906639047,
          "wallet_exposure_limit": 1},
 "short": {"auto_unstuck_delay_minutes": 1408.973897694671,
           "auto_unstuck_ema_dist": -0.07833892643104172,
           "auto_unstuck_qty_pct": 0.02280889435829289,
           "auto_unstuck_wallet_exposure_threshold": 0.13285010319960727,
           "backwards_tp": false,
           "ddown_factor": 0.4460183687173124,
           "ema_span_0": 1150.4201030388165,
           "ema_span_1": 640.6356723945653,
           "enabled": false,
           "initial_eprice_ema_dist": -0.002493230745203953,
           "initial_qty_pct": 0.04584174737573327,
           "markup_range": 0.008922328970175784,
           "min_markup": 0.006570298881433066,
           "n_close_orders": 8,
           "rentry_pprice_dist": 0.0360943166653708,
           "rentry_pprice_dist_wallet_exposure_weighting": 8.48297166834332,
           "wallet_exposure_limit": 1.0}}