{"config_name": "recursive_grid_CROUSDT_156days",
 "logging_level": 0,
 "long": {"auto_unstuck_delay_minutes": 972.357810407899,
          "auto_unstuck_ema_dist": 0.0066058974902490734,
          "auto_unstuck_qty_pct": 0.01,
          "auto_unstuck_wallet_exposure_threshold": 0.07290536087634264,
          "backwards_tp": false,
          "ddown_factor": 0.5655284804480822,
          "ema_span_0": 1266.5504642612734,
          "ema_span_1": 1239.773104125786,
          "enabled": true,
          "initial_eprice_ema_dist": 0.009344459335100586,
          "initial_qty_pct": 0.04738329502934454,
          "markup_range": 0.01,
          "min_markup": 0.010497019684242107,
          "n_close_orders": 7,
          "rentry_pprice_dist": 0.007682144989179826,
          "rentry_pprice_dist_wallet_exposure_weighting": 8.253338783354437,
          "wallet_exposure_limit": 1},
 "short": {"auto_unstuck_delay_minutes": 843.2998863040926,
           "auto_unstuck_ema_dist": -0.016614029698291066,
           "auto_unstuck_qty_pct": 0.09459219095890833,
           "auto_unstuck_wallet_exposure_threshold": 0.37797799284247524,
           "backwards_tp": false,
           "ddown_factor": 1.5447159687889727,
           "ema_span_0": 408.88403324767614,
           "ema_span_1": 865.5941718029112,
           "enabled": false,
           "initial_eprice_ema_dist": -0.09521856823620752,
           "initial_qty_pct": 0.043202410564163025,
           "markup_range": 0.05425577453906109,
           "min_markup": 0.004662431063840858,
           "n_close_orders": 6,
           "rentry_pprice_dist": 0.0051800553973862335,
           "rentry_pprice_dist_wallet_exposure_weighting": 17.603301190348976,
           "wallet_exposure_limit": 1.0}}