{"config_name": "recursive_grid_FILUSDT_454days",
 "logging_level": 0,
 "long": {"auto_unstuck_delay_minutes": 851.6678911216127,
          "auto_unstuck_ema_dist": 0.006633600681847554,
          "auto_unstuck_qty_pct": 0.01,
          "auto_unstuck_wallet_exposure_threshold": 0.09044766365357224,
          "backwards_tp": false,
          "ddown_factor": 0.8697095286414922,
          "ema_span_0": 1420.906501088617,
          "ema_span_1": 592.962691874543,
          "enabled": true,
          "initial_eprice_ema_dist": 0.00865447873704076,
          "initial_qty_pct": 0.05,
          "markup_range": 0.03732988007669783,
          "min_markup": 0.009790255078293779,
          "n_close_orders": 4,
          "rentry_pprice_dist": 0.058647296989342526,
          "rentry_pprice_dist_wallet_exposure_weighting": 1.1835508303339188,
          "wallet_exposure_limit": 1.0},
 "short": {"auto_unstuck_delay_minutes": 594.7817755169672,
           "auto_unstuck_ema_dist": -0.09053892557996669,
           "auto_unstuck_qty_pct": 0.02492136542379733,
           "auto_unstuck_wallet_exposure_threshold": 0.6082231647991703,
           "backwards_tp": true,
           "ddown_factor": 2.1142790117483683,
           "ema_span_0": 1433.1032986238117,
           "ema_span_1": 334.47974813789136,
           "enabled": false,
           "initial_eprice_ema_dist": -0.019962019940879136,
           "initial_qty_pct": 0.037177466917218766,
           "markup_range": 0.04979321042251585,
           "min_markup": 0.006678391044338706,
           "n_close_orders": 16,
           "rentry_pprice_dist": 0.04989610971345313,
           "rentry_pprice_dist_wallet_exposure_weighting": 0.544685597202359,
           "wallet_exposure_limit": 1.0}}