{"config_name": "recursive_grid_TONUSDT_156days",
 "logging_level": 0,
 "long": {"auto_unstuck_delay_minutes": 969.1795654120435,
          "auto_unstuck_ema_dist": -0.030872508005622315,
          "auto_unstuck_qty_pct": 0.01,
          "auto_unstuck_wallet_exposure_threshold": 0.06314772134419427,
          "backwards_tp": false,
          "ddown_factor": 0.4170814470006864,
          "ema_span_0": 599.6754609968763,
          "ema_span_1": 1015.156525248157,
          "enabled": true,
          "initial_eprice_ema_dist": 0.0014912068817253682,
          "initial_qty_pct": 0.047811940653283765,
          "markup_range": 0.046634251728891477,
          "min_markup": 0.013278542139638975,
          "n_close_orders": 5,
          "rentry_pprice_dist": 0.005424274421223151,
          "rentry_pprice_dist_wallet_exposure_weighting": 7.600882560731612,
          "wallet_exposure_limit": 1},
 "short": {"auto_unstuck_delay_minutes": 45.729898625716544,
           "auto_unstuck_ema_dist": -0.07541036363513172,
           "auto_unstuck_qty_pct": 0.04646370600808941,
           "auto_unstuck_wallet_exposure_threshold": 0.272456100571676,
           "backwards_tp": false,
           "ddown_factor": 2.1598371850294766,
           "ema_span_0": 956.5494859013656,
           "ema_span_1": 382.47390709418886,
           "enabled": false,
           "initial_eprice_ema_dist": -0.009236143324009932,
           "initial_qty_pct": 0.025071741982059637,
           "markup_range": 0.02119778543994626,
           "min_markup": 0.0074866320282219005,
           "n_close_orders": 7,
           "rentry_pprice_dist": 0.03187831966266673,
           "rentry_pprice_dist_wallet_exposure_weighting": 6.429494336925748,
           "wallet_exposure_limit": 1.0}}