{"config_name": "recursive_grid_KASUSDT_156days",
 "logging_level": 0,
 "long": {"auto_unstuck_delay_minutes": 806.5627239880769,
          "auto_unstuck_ema_dist": -0.039317077843912744,
          "auto_unstuck_qty_pct": 0.01,
          "auto_unstuck_wallet_exposure_threshold": 0.07686074067685918,
          "backwards_tp": false,
          "ddown_factor": 0.31354569197084303,
          "ema_span_0": 630.2546877788471,
          "ema_span_1": 365.6338121332325,
          "enabled": true,
          "initial_eprice_ema_dist": -0.008180536624361169,
          "initial_qty_pct": 0.03912332382308517,
          "markup_range": 0.04946816217493948,
          "min_markup": 0.010899460421558134,
          "n_close_orders": 6,
          "rentry_pprice_dist": 0.006795076635529948,
          "rentry_pprice_dist_wallet_exposure_weighting": 8.232782192467363,
          "wallet_exposure_limit": 1},
 "short": {"auto_unstuck_delay_minutes": 1081.6964790198608,
           "auto_unstuck_ema_dist": -0.00013672893718098822,
           "auto_unstuck_qty_pct": 0.030668540008838834,
           "auto_unstuck_wallet_exposure_threshold": 0.23717727511104983,
           "backwards_tp": false,
           "ddown_factor": 0.4571036021735353,
           "ema_span_0": 238.37385386349146,
           "ema_span_1": 1267.147299554791,
           "enabled": false,
           "initial_eprice_ema_dist": -0.047268082564688486,
           "initial_qty_pct": 0.03205793324730665,
           "markup_range": 0.01163261767407266,
           "min_markup": 0.009494240492912451,
           "n_close_orders": 8,
           "rentry_pprice_dist": 0.020503517603666355,
           "rentry_pprice_dist_wallet_exposure_weighting": 3.251229373947806,
           "wallet_exposure_limit": 1.0}}