{"config_name": "recursive_grid_CROUSDT_156days",
 "logging_level": 0,
 "long": {"auto_unstuck_delay_minutes": 816.8415805284438,
          "auto_unstuck_ema_dist": -0.04700316938922854,
          "auto_unstuck_qty_pct": 0.01,
          "auto_unstuck_wallet_exposure_threshold": 0.09020921440466556,
          "backwards_tp": false,
          "ddown_factor": 0.34493083462342833,
          "ema_span_0": 876.8955605124883,
          "ema_span_1": 465.9129665663186,
          "enabled": true,
          "initial_eprice_ema_dist": 0.008460215541130656,
          "initial_qty_pct": 0.04576958042285125,
          "markup_range": 0.03846517704093511,
          "min_markup": 0.008833924029752548,
          "n_close_orders": 5,
          "rentry_pprice_dist": 0.01718969598182052,
          "rentry_pprice_dist_wallet_exposure_weighting": 8.368337475229445,
          "wallet_exposure_limit": 1},
 "short": {"auto_unstuck_delay_minutes": 1436.4773818799235,
           "auto_unstuck_ema_dist": -0.05782987733767757,
           "auto_unstuck_qty_pct": 0.04705280095344105,
           "auto_unstuck_wallet_exposure_threshold": 0.7360978508222792,
           "backwards_tp": false,
           "ddown_factor": 2.5559993388453086,
           "ema_span_0": 1097.6013960368132,
           "ema_span_1": 1266.7145296531537,
           "enabled": false,
           "initial_eprice_ema_dist": -0.07000588103359062,
           "initial_qty_pct": 0.03244681741868271,
           "markup_range": 0.018275280870777882,
           "min_markup": 0.0016620923185659445,
           "n_close_orders": 9,
           "rentry_pprice_dist": 0.03489062090321704,
           "rentry_pprice_dist_wallet_exposure_weighting": 4.441692584419565,
           "wallet_exposure_limit": 1.0}}