{"config_name": "recursive_grid_NEARUSDT_142days",
 "logging_level": 0,
 "long": {"auto_unstuck_delay_minutes": 1143.7639944323319,
          "auto_unstuck_ema_dist": -0.0029876089887143813,
          "auto_unstuck_qty_pct": 0.01,
          "auto_unstuck_wallet_exposure_threshold": 0.09843271382468172,
          "backwards_tp": false,
          "ddown_factor": 0.6121304830015983,
          "ema_span_0": 563.3404098272475,
          "ema_span_1": 833.8002552446859,
          "enabled": true,
          "initial_eprice_ema_dist": 0.0016673319555910125,
          "initial_qty_pct": 0.038011972556206204,
          "markup_range": 0.029658680274706264,
          "min_markup": 0.04,
          "n_close_orders": 6,
          "rentry_pprice_dist": 0.018629511118764736,
          "rentry_pprice_dist_wallet_exposure_weighting": 4.795089366319015,
          "wallet_exposure_limit": 1},
 "short": {"auto_unstuck_delay_minutes": 987.0265809365471,
           "auto_unstuck_ema_dist": -0.05158625255094258,
           "auto_unstuck_qty_pct": 0.03593097225703123,
           "auto_unstuck_wallet_exposure_threshold": 0.22200942718533875,
           "backwards_tp": false,
           "ddown_factor": 0.8854195068172775,
           "ema_span_0": 1225.6461916123696,
           "ema_span_1": 1273.702089929166,
           "enabled": false,
           "initial_eprice_ema_dist": -0.0612095451618354,
           "initial_qty_pct": 0.017033545558493603,
           "markup_range": 0.032979958210382375,
           "min_markup": 0.0030482030997581685,
           "n_close_orders": 15,
           "rentry_pprice_dist": 0.0389705571144175,
           "rentry_pprice_dist_wallet_exposure_weighting": 0.7726633459064458,
           "wallet_exposure_limit": 1.0}}