{"config_name": "recursive_grid_MATICUSDT_156days",
 "logging_level": 0,
 "long": {"auto_unstuck_delay_minutes": 1372.7431760993763,
          "auto_unstuck_ema_dist": 0.02582404878123771,
          "auto_unstuck_qty_pct": 0.01,
          "auto_unstuck_wallet_exposure_threshold": 0.07052889065938361,
          "backwards_tp": false,
          "ddown_factor": 0.3,
          "ema_span_0": 740.8141367158473,
          "ema_span_1": 621.6594640684971,
          "enabled": true,
          "initial_eprice_ema_dist": 0.010656907826391804,
          "initial_qty_pct": 0.04061079429882404,
          "markup_range": 0.04762408959819811,
          "min_markup": 0.009931775484303048,
          "n_close_orders": 5,
          "rentry_pprice_dist": 0.011984024147264022,
          "rentry_pprice_dist_wallet_exposure_weighting": 9.875571203299312,
          "wallet_exposure_limit": 1},
 "short": {"auto_unstuck_delay_minutes": 1262.187365982856,
           "auto_unstuck_ema_dist": -0.010520246673517156,
           "auto_unstuck_qty_pct": 0.06786774891018503,
           "auto_unstuck_wallet_exposure_threshold": 0.8170326469661885,
           "backwards_tp": false,
           "ddown_factor": 0.8145328755956002,
           "ema_span_0": 1070.5081928593531,
           "ema_span_1": 220.52022529573136,
           "enabled": false,
           "initial_eprice_ema_dist": -0.0906777834670453,
           "initial_qty_pct": 0.03155351969782691,
           "markup_range": 0.023190807501846007,
           "min_markup": 0.003066436366412105,
           "n_close_orders": 5,
           "rentry_pprice_dist": 0.045227261629692816,
           "rentry_pprice_dist_wallet_exposure_weighting": 0.5189247813321951,
           "wallet_exposure_limit": 1.0}}