{"config_name": "recursive_grid_ADAUSDT_156days",
 "logging_level": 0,
 "long": {"auto_unstuck_delay_minutes": 1082.2330804023893,
          "auto_unstuck_ema_dist": 0.0324762794933577,
          "auto_unstuck_qty_pct": 0.01,
          "auto_unstuck_wallet_exposure_threshold": 0.06489092176548639,
          "backwards_tp": false,
          "ddown_factor": 0.5388012989759596,
          "ema_span_0": 734.0124699944097,
          "ema_span_1": 615.4798464050064,
          "enabled": true,
          "initial_eprice_ema_dist": 0.0098795378705009,
          "initial_qty_pct": 0.044300737508411174,
          "markup_range": 0.04346298884173847,
          "min_markup": 0.011701279633512082,
          "n_close_orders": 6,
          "rentry_pprice_dist": 0.013455007024831598,
          "rentry_pprice_dist_wallet_exposure_weighting": 10.585295003427479,
          "wallet_exposure_limit": 1},
 "short": {"auto_unstuck_delay_minutes": 892.7835430905135,
           "auto_unstuck_ema_dist": -0.03449784068623708,
           "auto_unstuck_qty_pct": 0.03144345755270664,
           "auto_unstuck_wallet_exposure_threshold": 0.8904252879653748,
           "backwards_tp": false,
           "ddown_factor": 2.589335032613561,
           "ema_span_0": 621.5367884204452,
           "ema_span_1": 191.0786560056415,
           "enabled": false,
           "initial_eprice_ema_dist": -0.016790415115244567,
           "initial_qty_pct": 0.04887662776908872,
           "markup_range": 0.042902193599119856,
           "min_markup": 0.008175165290669216,
           "n_close_orders": 9,
           "rentry_pprice_dist": 0.04996846624384229,
           "rentry_pprice_dist_wallet_exposure_weighting": 13.571850359639992,
           "wallet_exposure_limit": 1.0}}