{"config_name": "recursive_grid_BCHUSDT_1323days",
 "logging_level": 0,
 "long": {"auto_unstuck_delay_minutes": 0,
          "auto_unstuck_ema_dist": 0,
          "auto_unstuck_qty_pct": 0,
          "auto_unstuck_wallet_exposure_threshold": 0.0,
          "backwards_tp": false,
          "ddown_factor": 0.4322268290768337,
          "ema_span_0": 1438.5381162308706,
          "ema_span_1": 1047.5560505906901,
          "enabled": true,
          "initial_eprice_ema_dist": 0.03255670683849966,
          "initial_qty_pct": 0.04,
          "markup_range": 0.04104417588718235,
          "min_markup": 0.03,
          "n_close_orders": 3,
          "rentry_pprice_dist": 0.030795984286452444,
          "rentry_pprice_dist_wallet_exposure_weighting": 8.62199791720917,
          "wallet_exposure_limit": 1.0},
 "short": {"auto_unstuck_delay_minutes": 873.2915660317138,
           "auto_unstuck_ema_dist": -0.04384754773060991,
           "auto_unstuck_qty_pct": 0.09109485572624323,
           "auto_unstuck_wallet_exposure_threshold": 0.10950179750854626,
           "backwards_tp": false,
           "ddown_factor": 0.15363627975955996,
           "ema_span_0": 1296.584655037413,
           "ema_span_1": 468.2940418969924,
           "enabled": false,
           "initial_eprice_ema_dist": -0.09791457858617723,
           "initial_qty_pct": 0.04642517392967796,
           "markup_range": 0.043963195367002175,
           "min_markup": 0.006134561382250394,
           "n_close_orders": 5,
           "rentry_pprice_dist": 0.012337694377117375,
           "rentry_pprice_dist_wallet_exposure_weighting": 15.584841176080726,
           "wallet_exposure_limit": 1.0}}