{"config_name": "recursive_grid_ENAUSDT_50days",
 "logging_level": 0,
 "long": {"auto_unstuck_delay_minutes": 1024.6609521533728,
          "auto_unstuck_ema_dist": 0.009209760191904781,
          "auto_unstuck_qty_pct": 0.01,
          "auto_unstuck_wallet_exposure_threshold": 0.030865514869143268,
          "backwards_tp": false,
          "ddown_factor": 1.4235243909485245,
          "ema_span_0": 891.1537551183095,
          "ema_span_1": 552.490446736915,
          "enabled": true,
          "initial_eprice_ema_dist": 0.0031796867587201914,
          "initial_qty_pct": 0.030404483141858563,
          "markup_range": 0.010042928079114848,
          "min_markup": 0.03979814178968462,
          "n_close_orders": 7,
          "rentry_pprice_dist": 0.02471924573585891,
          "rentry_pprice_dist_wallet_exposure_weighting": 6.56619304784719,
          "wallet_exposure_limit": 1.0},
 "short": {"auto_unstuck_delay_minutes": 354.96339772678834,
           "auto_unstuck_ema_dist": -0.040659923991127014,
           "auto_unstuck_qty_pct": 0.062113893308449665,
           "auto_unstuck_wallet_exposure_threshold": 0.6086239680549439,
           "backwards_tp": false,
           "ddown_factor": 2.6725377002928727,
           "ema_span_0": 947.1962144444007,
           "ema_span_1": 425.2132262381044,
           "enabled": false,
           "initial_eprice_ema_dist": -0.027951525414922573,
           "initial_qty_pct": 0.01602362132397927,
           "markup_range": 0.018535471239488066,
           "min_markup": 0.00932611393305335,
           "n_close_orders": 4,
           "rentry_pprice_dist": 0.028768840888043302,
           "rentry_pprice_dist_wallet_exposure_weighting": 4.524368621419212,
           "wallet_exposure_limit": 1.0}}