{"config_name": "recursive_grid_POWRUSDT_146days",
 "logging_level": 0,
 "long": {"auto_unstuck_delay_minutes": 822.4023252319046,
          "auto_unstuck_ema_dist": -0.022626232536806345,
          "auto_unstuck_qty_pct": 0.01,
          "auto_unstuck_wallet_exposure_threshold": 0.09356829499034117,
          "backwards_tp": false,
          "ddown_factor": 0.5997289006814714,
          "ema_span_0": 1302.9443437720906,
          "ema_span_1": 385.9093508508786,
          "enabled": true,
          "initial_eprice_ema_dist": -0.007554109706297385,
          "initial_qty_pct": 0.033481398124886805,
          "markup_range": 0.010383886151056487,
          "min_markup": 0.008505344353126042,
          "n_close_orders": 6,
          "rentry_pprice_dist": 0.021926247357005997,
          "rentry_pprice_dist_wallet_exposure_weighting": 7.627500671565123,
          "wallet_exposure_limit": 1},
 "short": {"auto_unstuck_delay_minutes": 391.9277871566309,
           "auto_unstuck_ema_dist": -0.03832528526069325,
           "auto_unstuck_qty_pct": 0.0886657670854512,
           "auto_unstuck_wallet_exposure_threshold": 0.2705948197129942,
           "backwards_tp": false,
           "ddown_factor": 2.404248385724361,
           "ema_span_0": 1285.3631632907359,
           "ema_span_1": 358.08911139366035,
           "enabled": false,
           "initial_eprice_ema_dist": -0.03932763423725871,
           "initial_qty_pct": 0.036758218639170094,
           "markup_range": 0.0026265075563928785,
           "min_markup": 0.007656695310332501,
           "n_close_orders": 10,
           "rentry_pprice_dist": 0.03975250892522655,
           "rentry_pprice_dist_wallet_exposure_weighting": 3.1225048347842232,
           "wallet_exposure_limit": 1.0}}