{"config_name": "recursive_grid_GRTUSDT_143days",
 "logging_level": 0,
 "long": {"auto_unstuck_delay_minutes": 525.4048751944393,
          "auto_unstuck_ema_dist": 0.01506738906374115,
          "auto_unstuck_qty_pct": 0.01,
          "auto_unstuck_wallet_exposure_threshold": 0.05784323687446154,
          "backwards_tp": false,
          "ddown_factor": 0.5031622349523655,
          "ema_span_0": 751.8547697392647,
          "ema_span_1": 483.1445062670169,
          "enabled": true,
          "initial_eprice_ema_dist": 0.028793077763277417,
          "initial_qty_pct": 0.03884297577726491,
          "markup_range": 0.04770217947198096,
          "min_markup": 0.02284766775399905,
          "n_close_orders": 6,
          "rentry_pprice_dist": 0.037771491219505404,
          "rentry_pprice_dist_wallet_exposure_weighting": 13.939934561665837,
          "wallet_exposure_limit": 1},
 "short": {"auto_unstuck_delay_minutes": 1347.0813136903678,
           "auto_unstuck_ema_dist": -0.02500155754140497,
           "auto_unstuck_qty_pct": 0.014576227466584421,
           "auto_unstuck_wallet_exposure_threshold": 0.16072326596275596,
           "backwards_tp": false,
           "ddown_factor": 1.6294500017015698,
           "ema_span_0": 418.1255887451192,
           "ema_span_1": 280.6038532952482,
           "enabled": false,
           "initial_eprice_ema_dist": -0.03194644019449734,
           "initial_qty_pct": 0.026459186574491964,
           "markup_range": 0.04647723739216339,
           "min_markup": 0.008792349985867172,
           "n_close_orders": 12,
           "rentry_pprice_dist": 0.037788771452696025,
           "rentry_pprice_dist_wallet_exposure_weighting": 14.777316753645362,
           "wallet_exposure_limit": 1.0}}