{"config_name": "recursive_grid_FILUSDT_454days",
 "logging_level": 0,
 "long": {"auto_unstuck_delay_minutes": 1222.4004522713344,
          "auto_unstuck_ema_dist": -0.03691074386700068,
          "auto_unstuck_qty_pct": 0.01,
          "auto_unstuck_wallet_exposure_threshold": 0.09545913387648086,
          "backwards_tp": false,
          "ddown_factor": 1.5519614093751422,
          "ema_span_0": 594.7178400393902,
          "ema_span_1": 804.1995944847484,
          "enabled": true,
          "initial_eprice_ema_dist": 0.00835077285498984,
          "initial_qty_pct": 0.05,
          "markup_range": 0.05991494570830309,
          "min_markup": 0.0077211155323542325,
          "n_close_orders": 4,
          "rentry_pprice_dist": 0.03551576810194179,
          "rentry_pprice_dist_wallet_exposure_weighting": 2.49681994777698,
          "wallet_exposure_limit": 1},
 "short": {"auto_unstuck_delay_minutes": 1277.852433256554,
           "auto_unstuck_ema_dist": -0.0667033472574482,
           "auto_unstuck_qty_pct": 0.0796957715024476,
           "auto_unstuck_wallet_exposure_threshold": 0.6103577680934019,
           "backwards_tp": true,
           "ddown_factor": 1.2734486215191978,
           "ema_span_0": 1078.5847824993218,
           "ema_span_1": 735.2159284108559,
           "enabled": false,
           "initial_eprice_ema_dist": -0.06410273901047342,
           "initial_qty_pct": 0.03281319156496974,
           "markup_range": 0.04065519805759837,
           "min_markup": 0.004497372425634608,
           "n_close_orders": 12,
           "rentry_pprice_dist": 0.010358027719387236,
           "rentry_pprice_dist_wallet_exposure_weighting": 16.85308151829237,
           "wallet_exposure_limit": 1.0}}