{"config_name": "recursive_grid_FETUSDT_326days",
 "logging_level": 0,
 "long": {"auto_unstuck_delay_minutes": 876.8248341652574,
          "auto_unstuck_ema_dist": 0.013368922461186003,
          "auto_unstuck_qty_pct": 0.06811277140825173,
          "auto_unstuck_wallet_exposure_threshold": 0.44562233486197184,
          "backwards_tp": false,
          "ddown_factor": 1.8351535437705049,
          "ema_span_0": 327.5698533442018,
          "ema_span_1": 352.24201114190294,
          "enabled": true,
          "initial_eprice_ema_dist": 0.004372567599942027,
          "initial_qty_pct": 0.03442615882143729,
          "markup_range": 0.03,
          "min_markup": 0.007845108441474275,
          "n_close_orders": 5,
          "rentry_pprice_dist": 0.028134074345531192,
          "rentry_pprice_dist_wallet_exposure_weighting": 2.406762169673073,
          "wallet_exposure_limit": 1},
 "short": {"auto_unstuck_delay_minutes": 570.6898772668626,
           "auto_unstuck_ema_dist": -0.028564046039460264,
           "auto_unstuck_qty_pct": 0.08352358322682935,
           "auto_unstuck_wallet_exposure_threshold": 0.03332912353886699,
           "backwards_tp": false,
           "ddown_factor": 2.381031862268597,
           "ema_span_0": 1005.0494814231936,
           "ema_span_1": 885.0749624971043,
           "enabled": false,
           "initial_eprice_ema_dist": -0.0012613462986958788,
           "initial_qty_pct": 0.013716782718750747,
           "markup_range": 0.0071722780648531105,
           "min_markup": 0.04247538567918834,
           "n_close_orders": 2,
           "rentry_pprice_dist": 0.014179017187609881,
           "rentry_pprice_dist_wallet_exposure_weighting": 3.147912182210652,
           "wallet_exposure_limit": 1.0}}