{"config_name": "recursive_grid_AVAXUSDT_366days",
 "logging_level": 0,
 "long": {"auto_unstuck_delay_minutes": 726.7490619376074,
          "auto_unstuck_ema_dist": -0.04662292272800806,
          "auto_unstuck_qty_pct": 0.1,
          "auto_unstuck_wallet_exposure_threshold": 0.15979570234799118,
          "backwards_tp": true,
          "ddown_factor": 0.2282377783181316,
          "ema_span_0": 491.2488443878904,
          "ema_span_1": 158.16949694119464,
          "enabled": true,
          "initial_eprice_ema_dist": -0.001323251535499564,
          "initial_qty_pct": 0.03,
          "markup_range": 0.05,
          "min_markup": 0.02239533618465235,
          "n_close_orders": 2,
          "rentry_pprice_dist": 0.05982471718919444,
          "rentry_pprice_dist_wallet_exposure_weighting": 6.654051901248014,
          "wallet_exposure_limit": 1},
 "short": {"auto_unstuck_delay_minutes": 0.0,
           "auto_unstuck_ema_dist": 0.0,
           "auto_unstuck_qty_pct": 0.0,
           "auto_unstuck_wallet_exposure_threshold": 0.0,
           "backwards_tp": true,
           "ddown_factor": 0.9443550390308676,
           "ema_span_0": 685.95824576448,
           "ema_span_1": 555.5235908539556,
           "enabled": false,
           "initial_eprice_ema_dist": 0.000473072105214389,
           "initial_qty_pct": 0.012323715701640136,
           "markup_range": 0.008245737274452774,
           "min_markup": 0.009463954497804603,
           "n_close_orders": 12,
           "rentry_pprice_dist": 0.007472180790290205,
           "rentry_pprice_dist_wallet_exposure_weighting": 6.4710573000434035,
           "wallet_exposure_limit": 1.0}}