{"config_name": "recursive_grid_ICPUSDT_156days",
 "logging_level": 0,
 "long": {"auto_unstuck_delay_minutes": 1026.2046659257821,
          "auto_unstuck_ema_dist": 0.02282385950341974,
          "auto_unstuck_qty_pct": 0.01,
          "auto_unstuck_wallet_exposure_threshold": 0.0628573741741654,
          "backwards_tp": false,
          "ddown_factor": 0.5292368597143239,
          "ema_span_0": 1125.414828927369,
          "ema_span_1": 840.6139136635562,
          "enabled": true,
          "initial_eprice_ema_dist": 0.013184632907247529,
          "initial_qty_pct": 0.03855487617863193,
          "markup_range": 0.037397061971851435,
          "min_markup": 0.018385484786105546,
          "n_close_orders": 6,
          "rentry_pprice_dist": 0.023852620258345753,
          "rentry_pprice_dist_wallet_exposure_weighting": 8.388733391286879,
          "wallet_exposure_limit": 1},
 "short": {"auto_unstuck_delay_minutes": 736.629687538182,
           "auto_unstuck_ema_dist": -0.08838436066945778,
           "auto_unstuck_qty_pct": 0.055108163817794494,
           "auto_unstuck_wallet_exposure_threshold": 0.4721571052729424,
           "backwards_tp": false,
           "ddown_factor": 2.931396096365613,
           "ema_span_0": 1435.3355969626978,
           "ema_span_1": 1063.5948323555021,
           "enabled": false,
           "initial_eprice_ema_dist": -0.05584934381440079,
           "initial_qty_pct": 0.04118623982045329,
           "markup_range": 0.056613601739905664,
           "min_markup": 0.0018975032413508022,
           "n_close_orders": 9,
           "rentry_pprice_dist": 0.0433379748161782,
           "rentry_pprice_dist_wallet_exposure_weighting": 0.9044795286004992,
           "wallet_exposure_limit": 1.0}}