{"config_name": "recursive_grid_BTCUSDT_142days",
 "logging_level": 0,
 "long": {"auto_unstuck_delay_minutes": 1369.4690775695692,
          "auto_unstuck_ema_dist": -0.011682765282993383,
          "auto_unstuck_qty_pct": 0.01,
          "auto_unstuck_wallet_exposure_threshold": 0.038294619965408984,
          "backwards_tp": false,
          "ddown_factor": 0.49700103745266544,
          "ema_span_0": 597.2524496389603,
          "ema_span_1": 922.8863843993071,
          "enabled": true,
          "initial_eprice_ema_dist": 0.0015074807163911368,
          "initial_qty_pct": 0.049645537826031386,
          "markup_range": 0.034846590199200174,
          "min_markup": 0.017967284322624198,
          "n_close_orders": 3,
          "rentry_pprice_dist": 0.014832485755459547,
          "rentry_pprice_dist_wallet_exposure_weighting": 0.7313796443731201,
          "wallet_exposure_limit": 1},
 "short": {"auto_unstuck_delay_minutes": 276.38917242254246,
           "auto_unstuck_ema_dist": -0.014585550799861957,
           "auto_unstuck_qty_pct": 0.05754738526417105,
           "auto_unstuck_wallet_exposure_threshold": 0.33712352881633667,
           "backwards_tp": false,
           "ddown_factor": 2.0365263046560806,
           "ema_span_0": 926.7601710227518,
           "ema_span_1": 974.2695051715417,
           "enabled": false,
           "initial_eprice_ema_dist": -0.08393203238211241,
           "initial_qty_pct": 0.034225940949271394,
           "markup_range": 0.0597054425119673,
           "min_markup": 0.007769570787825016,
           "n_close_orders": 5,
           "rentry_pprice_dist": 0.03645842652245526,
           "rentry_pprice_dist_wallet_exposure_weighting": 17.40443675850688,
           "wallet_exposure_limit": 1.0}}