{"config_name": "recursive_grid_IMXUSDT_156days",
 "logging_level": 0,
 "long": {"auto_unstuck_delay_minutes": 1382.743517857422,
          "auto_unstuck_ema_dist": -0.008967171702447409,
          "auto_unstuck_qty_pct": 0.01,
          "auto_unstuck_wallet_exposure_threshold": 0.046521848415362166,
          "backwards_tp": false,
          "ddown_factor": 0.48972511140661407,
          "ema_span_0": 746.8230842403264,
          "ema_span_1": 749.3970886350533,
          "enabled": true,
          "initial_eprice_ema_dist": 0.006904231668558564,
          "initial_qty_pct": 0.038469751372787624,
          "markup_range": 0.021406683260593667,
          "min_markup": 0.01315942521399152,
          "n_close_orders": 7,
          "rentry_pprice_dist": 0.011354016737420751,
          "rentry_pprice_dist_wallet_exposure_weighting": 7.753746792414542,
          "wallet_exposure_limit": 1},
 "short": {"auto_unstuck_delay_minutes": 681.1779193290993,
           "auto_unstuck_ema_dist": -0.02153734647560411,
           "auto_unstuck_qty_pct": 0.019857565475845156,
           "auto_unstuck_wallet_exposure_threshold": 0.33044389298025356,
           "backwards_tp": false,
           "ddown_factor": 2.039050282850072,
           "ema_span_0": 192.12803461628212,
           "ema_span_1": 1075.8375761397315,
           "enabled": false,
           "initial_eprice_ema_dist": -0.08869352954369161,
           "initial_qty_pct": 0.042792300004377344,
           "markup_range": 0.044106894535756246,
           "min_markup": 0.006707167865789761,
           "n_close_orders": 10,
           "rentry_pprice_dist": 0.04671251679008082,
           "rentry_pprice_dist_wallet_exposure_weighting": 4.6071526152123266,
           "wallet_exposure_limit": 1.0}}