{"config_name": "recursive_grid_XRPUSDT_143days",
 "logging_level": 0,
 "long": {"auto_unstuck_delay_minutes": 894.422849939666,
          "auto_unstuck_ema_dist": 0.009548581675590183,
          "auto_unstuck_qty_pct": 0.01,
          "auto_unstuck_wallet_exposure_threshold": 0.09678714348355585,
          "backwards_tp": false,
          "ddown_factor": 0.3086464382540568,
          "ema_span_0": 1038.5657942462794,
          "ema_span_1": 1196.0172666462697,
          "enabled": true,
          "initial_eprice_ema_dist": -0.026070916259794814,
          "initial_qty_pct": 0.04616782042147894,
          "markup_range": 0.015830360911846367,
          "min_markup": 0.014607395837423752,
          "n_close_orders": 8,
          "rentry_pprice_dist": 0.007384234461334071,
          "rentry_pprice_dist_wallet_exposure_weighting": 10.251836522587672,
          "wallet_exposure_limit": 1},
 "short": {"auto_unstuck_delay_minutes": 762.6737656941099,
           "auto_unstuck_ema_dist": -0.037012751847685404,
           "auto_unstuck_qty_pct": 0.09065261308064294,
           "auto_unstuck_wallet_exposure_threshold": 0.38574024487326275,
           "backwards_tp": false,
           "ddown_factor": 2.6844583377505686,
           "ema_span_0": 431.9482621696812,
           "ema_span_1": 402.5730128836418,
           "enabled": false,
           "initial_eprice_ema_dist": -0.07913045041978861,
           "initial_qty_pct": 0.044889016248383005,
           "markup_range": 0.05936381555827387,
           "min_markup": 0.0042560325189110355,
           "n_close_orders": 6,
           "rentry_pprice_dist": 0.04772692886037662,
           "rentry_pprice_dist_wallet_exposure_weighting": 5.905236868383206,
           "wallet_exposure_limit": 1.0}}