{"config_name": "recursive_grid_TRXUSDT_454days",
 "logging_level": 0,
 "long": {"auto_unstuck_delay_minutes": 1137.0749214805012,
          "auto_unstuck_ema_dist": -0.015103020689860856,
          "auto_unstuck_qty_pct": 0.01,
          "auto_unstuck_wallet_exposure_threshold": 0.08549597104303316,
          "backwards_tp": false,
          "ddown_factor": 1.4220494508380366,
          "ema_span_0": 762.0717731091106,
          "ema_span_1": 505.0250001300647,
          "enabled": true,
          "initial_eprice_ema_dist": 0.00011061475072387671,
          "initial_qty_pct": 0.05,
          "markup_range": 0.057781862954411345,
          "min_markup": 0.00545016333154226,
          "n_close_orders": 4,
          "rentry_pprice_dist": 0.02,
          "rentry_pprice_dist_wallet_exposure_weighting": 0.9375105800181338,
          "wallet_exposure_limit": 1},
 "short": {"auto_unstuck_delay_minutes": 680.759908607372,
           "auto_unstuck_ema_dist": -0.08807272040095668,
           "auto_unstuck_qty_pct": 0.05663301714646262,
           "auto_unstuck_wallet_exposure_threshold": 0.21258477210342816,
           "backwards_tp": true,
           "ddown_factor": 1.5242834751146785,
           "ema_span_0": 1323.3132092980484,
           "ema_span_1": 199.7778175760571,
           "enabled": false,
           "initial_eprice_ema_dist": -0.08169647507267253,
           "initial_qty_pct": 0.028263296776347854,
           "markup_range": 0.016913574966198355,
           "min_markup": 0.005037356324770874,
           "n_close_orders": 3,
           "rentry_pprice_dist": 0.005362057751376705,
           "rentry_pprice_dist_wallet_exposure_weighting": 11.016405078354627,
           "wallet_exposure_limit": 1.0}}