{"config_name": "recursive_grid_1000PEPEUSDT_143days",
 "logging_level": 0,
 "long": {"auto_unstuck_delay_minutes": 1366.6527792106785,
          "auto_unstuck_ema_dist": -0.012119215342944209,
          "auto_unstuck_qty_pct": 0.01,
          "auto_unstuck_wallet_exposure_threshold": 0.051226751411063434,
          "backwards_tp": false,
          "ddown_factor": 0.3351307215385337,
          "ema_span_0": 1124.4537303187808,
          "ema_span_1": 650.0993296012853,
          "enabled": true,
          "initial_eprice_ema_dist": 0.028340962688693405,
          "initial_qty_pct": 0.031103691819702968,
          "markup_range": 0.04286019634603831,
          "min_markup": 0.019522048853664577,
          "n_close_orders": 6,
          "rentry_pprice_dist": 0.02000799044177844,
          "rentry_pprice_dist_wallet_exposure_weighting": 8.98353861615696,
          "wallet_exposure_limit": 1},
 "short": {"auto_unstuck_delay_minutes": 1214.725235504724,
           "auto_unstuck_ema_dist": -0.02341068372580994,
           "auto_unstuck_qty_pct": 0.05948291540445128,
           "auto_unstuck_wallet_exposure_threshold": 0.3486784430135891,
           "backwards_tp": false,
           "ddown_factor": 0.7124016913838258,
           "ema_span_0": 323.8215167004152,
           "ema_span_1": 1150.9778537606549,
           "enabled": false,
           "initial_eprice_ema_dist": -0.09226543517488234,
           "initial_qty_pct": 0.042373047246449747,
           "markup_range": 0.03959916132681631,
           "min_markup": 0.0017216838696184494,
           "n_close_orders": 6,
           "rentry_pprice_dist": 0.014682558812333352,
           "rentry_pprice_dist_wallet_exposure_weighting": 8.29582038132667,
           "wallet_exposure_limit": 1.0}}