{"config_name": "recursive_grid_GRTUSDT_454days",
 "logging_level": 0,
 "long": {"auto_unstuck_delay_minutes": 976.2142139938487,
          "auto_unstuck_ema_dist": 0.015054488418619252,
          "auto_unstuck_qty_pct": 0.01,
          "auto_unstuck_wallet_exposure_threshold": 0.094346051302226,
          "backwards_tp": false,
          "ddown_factor": 1.9553743040803675,
          "ema_span_0": 1201.9522149174968,
          "ema_span_1": 1184.9091291035656,
          "enabled": true,
          "initial_eprice_ema_dist": 0.0017596552624813513,
          "initial_qty_pct": 0.05,
          "markup_range": 0.0594937684653383,
          "min_markup": 0.004043147745290943,
          "n_close_orders": 6,
          "rentry_pprice_dist": 0.022614348794063235,
          "rentry_pprice_dist_wallet_exposure_weighting": 3.007088548030573,
          "wallet_exposure_limit": 1},
 "short": {"auto_unstuck_delay_minutes": 819.6636977638676,
           "auto_unstuck_ema_dist": -0.07805127275024781,
           "auto_unstuck_qty_pct": 0.09299850170513795,
           "auto_unstuck_wallet_exposure_threshold": 0.7508421942182809,
           "backwards_tp": true,
           "ddown_factor": 2.708607743461751,
           "ema_span_0": 1350.9314717460888,
           "ema_span_1": 1408.3752471375772,
           "enabled": false,
           "initial_eprice_ema_dist": -0.09337003608412607,
           "initial_qty_pct": 0.03944031643181184,
           "markup_range": 0.032793084695602756,
           "min_markup": 0.003757649273934885,
           "n_close_orders": 7,
           "rentry_pprice_dist": 0.025625580841806533,
           "rentry_pprice_dist_wallet_exposure_weighting": 12.987008746397803,
           "wallet_exposure_limit": 1.0}}