{"config_name": "recursive_grid_DOTUSDT_156days",
 "logging_level": 0,
 "long": {"auto_unstuck_delay_minutes": 1292.8698141503035,
          "auto_unstuck_ema_dist": -0.010097711430110911,
          "auto_unstuck_qty_pct": 0.01,
          "auto_unstuck_wallet_exposure_threshold": 0.035898326621461675,
          "backwards_tp": false,
          "ddown_factor": 0.4806118219939144,
          "ema_span_0": 1070.0940498867349,
          "ema_span_1": 1336.6787787758221,
          "enabled": true,
          "initial_eprice_ema_dist": 0.0156814231886174,
          "initial_qty_pct": 0.030976040717864205,
          "markup_range": 0.014377812925927205,
          "min_markup": 0.01404518360526706,
          "n_close_orders": 5,
          "rentry_pprice_dist": 0.016350144052392237,
          "rentry_pprice_dist_wallet_exposure_weighting": 12.9036607594605,
          "wallet_exposure_limit": 1},
 "short": {"auto_unstuck_delay_minutes": 692.1194911788788,
           "auto_unstuck_ema_dist": -0.07573742352948201,
           "auto_unstuck_qty_pct": 0.039737682779106095,
           "auto_unstuck_wallet_exposure_threshold": 0.13152974759500058,
           "backwards_tp": false,
           "ddown_factor": 0.4254237685734047,
           "ema_span_0": 1267.9467439867242,
           "ema_span_1": 19.542003206881212,
           "enabled": false,
           "initial_eprice_ema_dist": -0.03297467009779295,
           "initial_qty_pct": 0.025924901151828578,
           "markup_range": 0.012982252818652515,
           "min_markup": 0.002029275064475062,
           "n_close_orders": 13,
           "rentry_pprice_dist": 0.012001054831375518,
           "rentry_pprice_dist_wallet_exposure_weighting": 1.9131842300301316,
           "wallet_exposure_limit": 1.0}}