{"config_name": "recursive_grid_POWRUSDT_146days",
 "logging_level": 0,
 "long": {"auto_unstuck_delay_minutes": 1178.2777577060451,
          "auto_unstuck_ema_dist": -0.023016946360319646,
          "auto_unstuck_qty_pct": 0.01,
          "auto_unstuck_wallet_exposure_threshold": 0.03464444251890883,
          "backwards_tp": false,
          "ddown_factor": 0.3,
          "ema_span_0": 1154.4415189115246,
          "ema_span_1": 50.74192213142052,
          "enabled": true,
          "initial_eprice_ema_dist": 0.006821480311257849,
          "initial_qty_pct": 0.031713563976007594,
          "markup_range": 0.011958708843344672,
          "min_markup": 0.008,
          "n_close_orders": 5,
          "rentry_pprice_dist": 0.02249889444651907,
          "rentry_pprice_dist_wallet_exposure_weighting": 8.165968681992014,
          "wallet_exposure_limit": 1},
 "short": {"auto_unstuck_delay_minutes": 391.9277871566309,
           "auto_unstuck_ema_dist": -0.03832528526069325,
           "auto_unstuck_qty_pct": 0.0886657670854512,
           "auto_unstuck_wallet_exposure_threshold": 0.2705948197129942,
           "backwards_tp": false,
           "ddown_factor": 2.404248385724361,
           "ema_span_0": 1285.3631632907359,
           "ema_span_1": 358.08911139366035,
           "enabled": false,
           "initial_eprice_ema_dist": -0.03932763423725871,
           "initial_qty_pct": 0.036758218639170094,
           "markup_range": 0.0026265075563928785,
           "min_markup": 0.007656695310332501,
           "n_close_orders": 10,
           "rentry_pprice_dist": 0.03975250892522655,
           "rentry_pprice_dist_wallet_exposure_weighting": 3.1225048347842232,
           "wallet_exposure_limit": 1.0}}