{"config_name": "recursive_grid_UNIUSDT_365days",
 "logging_level": 0,
 "long": {"auto_unstuck_delay_minutes": 695.5591738059522,
          "auto_unstuck_ema_dist": -0.06924110476095577,
          "auto_unstuck_qty_pct": 0.08822578636088749,
          "auto_unstuck_wallet_exposure_threshold": 0.19953977490969113,
          "backwards_tp": true,
          "ddown_factor": 0.23480289624319992,
          "ema_span_0": 2261.2527634888247,
          "ema_span_1": 461.08559503410106,
          "enabled": true,
          "initial_eprice_ema_dist": -0.006893678610936284,
          "initial_qty_pct": 0.03,
          "markup_range": 0.011584043334905453,
          "min_markup": 0.006428252692905124,
          "n_close_orders": 9,
          "rentry_pprice_dist": 0.046672865907410425,
          "rentry_pprice_dist_wallet_exposure_weighting": 0.6528508854470343,
          "wallet_exposure_limit": 1},
 "short": {"auto_unstuck_delay_minutes": 0.0,
           "auto_unstuck_ema_dist": 0.0,
           "auto_unstuck_qty_pct": 0.0,
           "auto_unstuck_wallet_exposure_threshold": 0.0,
           "backwards_tp": true,
           "ddown_factor": 0.25457653643653627,
           "ema_span_0": 717.3541335397548,
           "ema_span_1": 1308.7035263217049,
           "enabled": false,
           "initial_eprice_ema_dist": -0.009906103006888028,
           "initial_qty_pct": 0.012494660462728346,
           "markup_range": 0.004095165784268329,
           "min_markup": 0.004566700129351256,
           "n_close_orders": 10,
           "rentry_pprice_dist": 0.054057688408647685,
           "rentry_pprice_dist_wallet_exposure_weighting": 8.891305405341226,
           "wallet_exposure_limit": 1.0}}