{"config_name": "recursive_grid_1000TURBOUSDT_85days",
 "logging_level": 0,
 "long": {"auto_unstuck_delay_minutes": 1210.8251382807439,
          "auto_unstuck_ema_dist": 0.015952146193739903,
          "auto_unstuck_qty_pct": 0.01,
          "auto_unstuck_wallet_exposure_threshold": 0.08225165772636223,
          "backwards_tp": false,
          "ddown_factor": 0.41858618837892736,
          "ema_span_0": 116.78511484510392,
          "ema_span_1": 135.80364108109538,
          "enabled": true,
          "initial_eprice_ema_dist": -0.02697089015499924,
          "initial_qty_pct": 0.03522789207033555,
          "markup_range": 0.030736408445861816,
          "min_markup": 0.019851725053647084,
          "n_close_orders": 8,
          "rentry_pprice_dist": 0.03355651646884893,
          "rentry_pprice_dist_wallet_exposure_weighting": 7.913321242078974,
          "wallet_exposure_limit": 1},
 "short": {"auto_unstuck_delay_minutes": 991.4723253350897,
           "auto_unstuck_ema_dist": -0.018539961885625567,
           "auto_unstuck_qty_pct": 0.07242577416937933,
           "auto_unstuck_wallet_exposure_threshold": 0.5864832380559463,
           "backwards_tp": false,
           "ddown_factor": 1.2680969073401753,
           "ema_span_0": 599.1594744160807,
           "ema_span_1": 15.703903279431092,
           "enabled": false,
           "initial_eprice_ema_dist": -0.0518915786076961,
           "initial_qty_pct": 0.034770154151744184,
           "markup_range": 0.006649999333841372,
           "min_markup": 0.00660568621243541,
           "n_close_orders": 8,
           "rentry_pprice_dist": 0.03401611795220808,
           "rentry_pprice_dist_wallet_exposure_weighting": 13.81081754543146,
           "wallet_exposure_limit": 1.0}}