{"config_name": "recursive_grid_1000PEPEUSDT_143days",
 "logging_level": 0,
 "long": {"auto_unstuck_delay_minutes": 1321.1699337494729,
          "auto_unstuck_ema_dist": -0.0006517788316764261,
          "auto_unstuck_qty_pct": 0.01,
          "auto_unstuck_wallet_exposure_threshold": 0.09926154037088009,
          "backwards_tp": false,
          "ddown_factor": 0.3417974099935667,
          "ema_span_0": 527.3081398459854,
          "ema_span_1": 519.8921353364893,
          "enabled": true,
          "initial_eprice_ema_dist": 0.011693679245634097,
          "initial_qty_pct": 0.05,
          "markup_range": 0.04929700034432584,
          "min_markup": 0.012961194630730515,
          "n_close_orders": 7,
          "rentry_pprice_dist": 0.01244109943117723,
          "rentry_pprice_dist_wallet_exposure_weighting": 12.413187788392628,
          "wallet_exposure_limit": 1},
 "short": {"auto_unstuck_delay_minutes": 852.8867217996658,
           "auto_unstuck_ema_dist": -0.09970133253684173,
           "auto_unstuck_qty_pct": 0.07506722976207818,
           "auto_unstuck_wallet_exposure_threshold": 0.6202674668461116,
           "backwards_tp": false,
           "ddown_factor": 1.1199608202677445,
           "ema_span_0": 900.4098067463892,
           "ema_span_1": 480.33212195729163,
           "enabled": false,
           "initial_eprice_ema_dist": -0.0022917988860312183,
           "initial_qty_pct": 0.018219057216987564,
           "markup_range": 0.051907663037600804,
           "min_markup": 0.0019290639909112879,
           "n_close_orders": 12,
           "rentry_pprice_dist": 0.04323247704046065,
           "rentry_pprice_dist_wallet_exposure_weighting": 15.96659831057471,
           "wallet_exposure_limit": 1.0}}