{"config_name": "recursive_grid_1000BTTUSDT_839days",
 "logging_level": 0,
 "long": {"auto_unstuck_delay_minutes": 0.0,
          "auto_unstuck_ema_dist": 0.0,
          "auto_unstuck_qty_pct": 0.0,
          "auto_unstuck_wallet_exposure_threshold": 0.0,
          "backwards_tp": false,
          "ddown_factor": 0.4071878711479372,
          "ema_span_0": 1145.2301189910318,
          "ema_span_1": 685.0185389911057,
          "enabled": true,
          "initial_eprice_ema_dist": 0.04943988329190602,
          "initial_qty_pct": 0.04,
          "markup_range": 0.037641957645252744,
          "min_markup": 0.025670647775960433,
          "n_close_orders": 2,
          "rentry_pprice_dist": 0.03116286859322001,
          "rentry_pprice_dist_wallet_exposure_weighting": 11.544024286473626,
          "wallet_exposure_limit": 1.0},
 "short": {"auto_unstuck_delay_minutes": 477.1261459408411,
           "auto_unstuck_ema_dist": -0.01939165867018075,
           "auto_unstuck_qty_pct": 0.09081507232676637,
           "auto_unstuck_wallet_exposure_threshold": 0.5117350493228351,
           "backwards_tp": false,
           "ddown_factor": 2.0136135041938816,
           "ema_span_0": 462.681036692303,
           "ema_span_1": 1395.1849533773789,
           "enabled": false,
           "initial_eprice_ema_dist": -0.05911130366953518,
           "initial_qty_pct": 0.034021883348385865,
           "markup_range": 0.023399003936162975,
           "min_markup": 0.009421847881005248,
           "n_close_orders": 11,
           "rentry_pprice_dist": 0.03262831172854326,
           "rentry_pprice_dist_wallet_exposure_weighting": 18.009257073670106,
           "wallet_exposure_limit": 1.0}}