{"config_name": "recursive_grid_ADAUSDT_156days",
 "logging_level": 0,
 "long": {"auto_unstuck_delay_minutes": 1198.8179616533428,
          "auto_unstuck_ema_dist": 0.04976659300041719,
          "auto_unstuck_qty_pct": 0.01,
          "auto_unstuck_wallet_exposure_threshold": 0.05559208125341689,
          "backwards_tp": false,
          "ddown_factor": 0.45127515275890784,
          "ema_span_0": 1072.0267383315054,
          "ema_span_1": 1298.0290955839496,
          "enabled": true,
          "initial_eprice_ema_dist": 0.01851002152330497,
          "initial_qty_pct": 0.03601313330031872,
          "markup_range": 0.04579540854685508,
          "min_markup": 0.008130444687035767,
          "n_close_orders": 7,
          "rentry_pprice_dist": 0.021272058821997685,
          "rentry_pprice_dist_wallet_exposure_weighting": 12.394327033274031,
          "wallet_exposure_limit": 1},
 "short": {"auto_unstuck_delay_minutes": 892.7835430905135,
           "auto_unstuck_ema_dist": -0.03449784068623708,
           "auto_unstuck_qty_pct": 0.03144345755270664,
           "auto_unstuck_wallet_exposure_threshold": 0.8904252879653748,
           "backwards_tp": false,
           "ddown_factor": 2.589335032613561,
           "ema_span_0": 621.5367884204452,
           "ema_span_1": 191.0786560056415,
           "enabled": false,
           "initial_eprice_ema_dist": -0.016790415115244567,
           "initial_qty_pct": 0.04887662776908872,
           "markup_range": 0.042902193599119856,
           "min_markup": 0.008175165290669216,
           "n_close_orders": 9,
           "rentry_pprice_dist": 0.04996846624384229,
           "rentry_pprice_dist_wallet_exposure_weighting": 13.571850359639992,
           "wallet_exposure_limit": 1.0}}