{"config_name": "recursive_grid_1000RATSUSDT_150days",
 "logging_level": 0,
 "long": {"auto_unstuck_delay_minutes": 1051.8940645694136,
          "auto_unstuck_ema_dist": 0.03195631422385094,
          "auto_unstuck_qty_pct": 0.01,
          "auto_unstuck_wallet_exposure_threshold": 0.0849582877190615,
          "backwards_tp": false,
          "ddown_factor": 0.47248312286509286,
          "ema_span_0": 748.5649016483011,
          "ema_span_1": 852.6541422506151,
          "enabled": true,
          "initial_eprice_ema_dist": 0.030955653801694225,
          "initial_qty_pct": 0.03329875601088486,
          "markup_range": 0.017264743563870925,
          "min_markup": 0.008918383084566087,
          "n_close_orders": 4,
          "rentry_pprice_dist": 0.03200858194324704,
          "rentry_pprice_dist_wallet_exposure_weighting": 7.573171878404461,
          "wallet_exposure_limit": 1},
 "short": {"auto_unstuck_delay_minutes": 133.7899317825316,
           "auto_unstuck_ema_dist": -0.03649046845211022,
           "auto_unstuck_qty_pct": 0.01810709777881504,
           "auto_unstuck_wallet_exposure_threshold": 0.6843134223479138,
           "backwards_tp": false,
           "ddown_factor": 2.32313361686541,
           "ema_span_0": 759.7327067437105,
           "ema_span_1": 811.8182102831969,
           "enabled": false,
           "initial_eprice_ema_dist": -0.038793266320614944,
           "initial_qty_pct": 0.02086598089491034,
           "markup_range": 0.0321386642687973,
           "min_markup": 0.005940460770278638,
           "n_close_orders": 6,
           "rentry_pprice_dist": 0.008655163473573518,
           "rentry_pprice_dist_wallet_exposure_weighting": 6.3053206765073995,
           "wallet_exposure_limit": 1.0}}