{"config_name": "recursive_grid_PYTHUSDT_205days",
 "logging_level": 0,
 "long": {"auto_unstuck_delay_minutes": 0,
          "auto_unstuck_ema_dist": 0,
          "auto_unstuck_qty_pct": 0,
          "auto_unstuck_wallet_exposure_threshold": 0.0,
          "backwards_tp": false,
          "ddown_factor": 0.5553851624119214,
          "ema_span_0": 668.8443591965771,
          "ema_span_1": 708.0917879356967,
          "enabled": true,
          "initial_eprice_ema_dist": 0.023326832841684405,
          "initial_qty_pct": 0.04,
          "markup_range": 0.02477816591099363,
          "min_markup": 0.02101534225135081,
          "n_close_orders": 3,
          "rentry_pprice_dist": 0.024233477422293898,
          "rentry_pprice_dist_wallet_exposure_weighting": 9.042584625213115,
          "wallet_exposure_limit": 1},
 "short": {"auto_unstuck_delay_minutes": 326.79285267283643,
           "auto_unstuck_ema_dist": -0.07466525080774936,
           "auto_unstuck_qty_pct": 0.07039698987047842,
           "auto_unstuck_wallet_exposure_threshold": 0.6176818704331254,
           "backwards_tp": false,
           "ddown_factor": 2.344264537442171,
           "ema_span_0": 1438.1329450668045,
           "ema_span_1": 1244.8638112322299,
           "enabled": false,
           "initial_eprice_ema_dist": -0.08448765530932778,
           "initial_qty_pct": 0.015638502977707427,
           "markup_range": 0.014111217535233438,
           "min_markup": 0.008744732189538036,
           "n_close_orders": 12,
           "rentry_pprice_dist": 0.04754085175257477,
           "rentry_pprice_dist_wallet_exposure_weighting": 10.1338407670156,
           "wallet_exposure_limit": 1.0}}