{"config_name": "recursive_grid_ENAUSDT_50days",
 "logging_level": 0,
 "long": {"auto_unstuck_delay_minutes": 984.3793613013901,
          "auto_unstuck_ema_dist": 0.014135292121309786,
          "auto_unstuck_qty_pct": 0.01,
          "auto_unstuck_wallet_exposure_threshold": 0.07603273106556026,
          "backwards_tp": false,
          "ddown_factor": 0.43621203952926585,
          "ema_span_0": 284.231334833652,
          "ema_span_1": 667.4019974175383,
          "enabled": true,
          "initial_eprice_ema_dist": -0.02912150750389044,
          "initial_qty_pct": 0.032573470923758556,
          "markup_range": 0.04742887933112484,
          "min_markup": 0.03853991579982708,
          "n_close_orders": 7,
          "rentry_pprice_dist": 0.014180315301341022,
          "rentry_pprice_dist_wallet_exposure_weighting": 14.68198530589752,
          "wallet_exposure_limit": 1},
 "short": {"auto_unstuck_delay_minutes": 817.2287794066958,
           "auto_unstuck_ema_dist": -0.0965758480837827,
           "auto_unstuck_qty_pct": 0.06830223227996962,
           "auto_unstuck_wallet_exposure_threshold": 0.6267582423064195,
           "backwards_tp": false,
           "ddown_factor": 1.7144143431977257,
           "ema_span_0": 255.71915084682263,
           "ema_span_1": 433.81144667380323,
           "enabled": false,
           "initial_eprice_ema_dist": -0.004155163025944486,
           "initial_qty_pct": 0.019752078536801505,
           "markup_range": 0.025958265218932675,
           "min_markup": 0.008185599191147854,
           "n_close_orders": 3,
           "rentry_pprice_dist": 0.04581415735939519,
           "rentry_pprice_dist_wallet_exposure_weighting": 17.339216212224283,
           "wallet_exposure_limit": 1.0}}