{"config_name": "recursive_grid_AIUSDT_73days",
 "logging_level": 0,
 "long": {"auto_unstuck_delay_minutes": 1189.3491514458976,
          "auto_unstuck_ema_dist": -0.00944303411095546,
          "auto_unstuck_qty_pct": 0.01,
          "auto_unstuck_wallet_exposure_threshold": 0.06559368248055603,
          "backwards_tp": false,
          "ddown_factor": 1.9681213162586988,
          "ema_span_0": 1095.0121278397926,
          "ema_span_1": 839.7492457079137,
          "enabled": true,
          "initial_eprice_ema_dist": 0.0007010370259942086,
          "initial_qty_pct": 0.05,
          "markup_range": 0.04655013855485724,
          "min_markup": 0.009314400862694945,
          "n_close_orders": 4,
          "rentry_pprice_dist": 0.022142741298450862,
          "rentry_pprice_dist_wallet_exposure_weighting": 1.521719461382573,
          "wallet_exposure_limit": 1},
 "short": {"auto_unstuck_delay_minutes": 1418.6440871661323,
           "auto_unstuck_ema_dist": -0.06332079770980184,
           "auto_unstuck_qty_pct": 0.012742308669868163,
           "auto_unstuck_wallet_exposure_threshold": 0.5611756480851476,
           "backwards_tp": true,
           "ddown_factor": 0.6508201267049623,
           "ema_span_0": 913.2069292162552,
           "ema_span_1": 1136.0907613682414,
           "enabled": false,
           "initial_eprice_ema_dist": -0.04345085174707465,
           "initial_qty_pct": 0.017093692390826535,
           "markup_range": 0.05081768275733418,
           "min_markup": 0.006868356878185199,
           "n_close_orders": 8,
           "rentry_pprice_dist": 0.016743699731992717,
           "rentry_pprice_dist_wallet_exposure_weighting": 19.824045606034716,
           "wallet_exposure_limit": 1.0}}