{"config_name": "recursive_grid_POWRUSDT_146days",
 "logging_level": 0,
 "long": {"auto_unstuck_delay_minutes": 770.0805640428081,
          "auto_unstuck_ema_dist": -0.016575939914224742,
          "auto_unstuck_qty_pct": 0.01,
          "auto_unstuck_wallet_exposure_threshold": 0.08992220774508555,
          "backwards_tp": false,
          "ddown_factor": 0.5373174062158127,
          "ema_span_0": 1244.539882923339,
          "ema_span_1": 1440,
          "enabled": true,
          "initial_eprice_ema_dist": 0.014339311150050507,
          "initial_qty_pct": 0.030359931143139455,
          "markup_range": 0.01750872361731251,
          "min_markup": 0.008,
          "n_close_orders": 5,
          "rentry_pprice_dist": 0.03457874671654526,
          "rentry_pprice_dist_wallet_exposure_weighting": 8.455522080589695,
          "wallet_exposure_limit": 1},
 "short": {"auto_unstuck_delay_minutes": 1028.1937921047095,
           "auto_unstuck_ema_dist": -0.0702971025079819,
           "auto_unstuck_qty_pct": 0.034452646916197774,
           "auto_unstuck_wallet_exposure_threshold": 0.36737699055568174,
           "backwards_tp": false,
           "ddown_factor": 1.0095049091546104,
           "ema_span_0": 813.6605214574745,
           "ema_span_1": 1286.5942385125652,
           "enabled": false,
           "initial_eprice_ema_dist": -0.09907420139896406,
           "initial_qty_pct": 0.026845358690641953,
           "markup_range": 0.013525348410936304,
           "min_markup": 0.006428674146052643,
           "n_close_orders": 15,
           "rentry_pprice_dist": 0.009556945149071424,
           "rentry_pprice_dist_wallet_exposure_weighting": 4.152271384794959,
           "wallet_exposure_limit": 1.0}}