{"config_name": "recursive_grid_FTMUSDT_143days",
 "logging_level": 0,
 "long": {"auto_unstuck_delay_minutes": 1408.9211334535257,
          "auto_unstuck_ema_dist": 0.0484971700831518,
          "auto_unstuck_qty_pct": 0.01,
          "auto_unstuck_wallet_exposure_threshold": 0.08549383186105754,
          "backwards_tp": false,
          "ddown_factor": 0.4550286808026003,
          "ema_span_0": 743.7031864203678,
          "ema_span_1": 782.369522179471,
          "enabled": true,
          "initial_eprice_ema_dist": 0.015729525385287005,
          "initial_qty_pct": 0.0395835410317083,
          "markup_range": 0.032296347108658384,
          "min_markup": 0.01368882792130297,
          "n_close_orders": 6,
          "rentry_pprice_dist": 0.02808500272991927,
          "rentry_pprice_dist_wallet_exposure_weighting": 7.665804395549589,
          "wallet_exposure_limit": 1.0},
 "short": {"auto_unstuck_delay_minutes": 429.40432458331253,
           "auto_unstuck_ema_dist": -0.08307691716827631,
           "auto_unstuck_qty_pct": 0.022719438274039994,
           "auto_unstuck_wallet_exposure_threshold": 0.5341746009505437,
           "backwards_tp": false,
           "ddown_factor": 0.4990454357542321,
           "ema_span_0": 125.82578884786618,
           "ema_span_1": 513.399605667853,
           "enabled": false,
           "initial_eprice_ema_dist": -0.047767628606797265,
           "initial_qty_pct": 0.0440378494384129,
           "markup_range": 0.013735845763964468,
           "min_markup": 0.0075918238742288145,
           "n_close_orders": 12,
           "rentry_pprice_dist": 0.015483995562989017,
           "rentry_pprice_dist_wallet_exposure_weighting": 16.347475189729774,
           "wallet_exposure_limit": 1.0}}