{"config_name": "recursive_grid_APTUSDT_649days",
 "logging_level": 0,
 "long": {"auto_unstuck_delay_minutes": 0,
          "auto_unstuck_ema_dist": 0.0,
          "auto_unstuck_qty_pct": 0,
          "auto_unstuck_wallet_exposure_threshold": 0.0,
          "backwards_tp": false,
          "ddown_factor": 0.4963634392043541,
          "ema_span_0": 1336.2401914043194,
          "ema_span_1": 1015.5600139603198,
          "enabled": true,
          "initial_eprice_ema_dist": 0.06208734439059334,
          "initial_qty_pct": 0.04,
          "markup_range": 0.03679896032810116,
          "min_markup": 0.03,
          "n_close_orders": 2,
          "rentry_pprice_dist": 0.04668139671033804,
          "rentry_pprice_dist_wallet_exposure_weighting": 15.55032398769246,
          "wallet_exposure_limit": 1.0},
 "short": {"auto_unstuck_delay_minutes": 190.6957302254068,
           "auto_unstuck_ema_dist": -0.019634076210988505,
           "auto_unstuck_qty_pct": 0.09363631732550175,
           "auto_unstuck_wallet_exposure_threshold": 0.3472323461569696,
           "backwards_tp": false,
           "ddown_factor": 2.997146155777995,
           "ema_span_0": 676.3419382846295,
           "ema_span_1": 711.2455979251329,
           "enabled": false,
           "initial_eprice_ema_dist": -0.041238299699387776,
           "initial_qty_pct": 0.020779359184601248,
           "markup_range": 0.04649177995175236,
           "min_markup": 0.009890540053910327,
           "n_close_orders": 8,
           "rentry_pprice_dist": 0.020843698419730265,
           "rentry_pprice_dist_wallet_exposure_weighting": 10.195196640735125,
           "wallet_exposure_limit": 1.0}}