{"config_name": "recursive_grid_XLMUSDT_156days",
 "logging_level": 0,
 "long": {"auto_unstuck_delay_minutes": 891.778455786581,
          "auto_unstuck_ema_dist": -0.03515700978376749,
          "auto_unstuck_qty_pct": 0.01,
          "auto_unstuck_wallet_exposure_threshold": 0.06736501980091272,
          "backwards_tp": false,
          "ddown_factor": 0.5041791138806218,
          "ema_span_0": 752.6617799578664,
          "ema_span_1": 917.2948019098068,
          "enabled": true,
          "initial_eprice_ema_dist": 0.008126930196418067,
          "initial_qty_pct": 0.04849986144218423,
          "markup_range": 0.013350522034798199,
          "min_markup": 0.00944322115496216,
          "n_close_orders": 6,
          "rentry_pprice_dist": 0.007085892820998741,
          "rentry_pprice_dist_wallet_exposure_weighting": 11.276707692990538,
          "wallet_exposure_limit": 1},
 "short": {"auto_unstuck_delay_minutes": 46.18253800914581,
           "auto_unstuck_ema_dist": -0.08330440295279662,
           "auto_unstuck_qty_pct": 0.09759546258521745,
           "auto_unstuck_wallet_exposure_threshold": 0.3272362493508998,
           "backwards_tp": false,
           "ddown_factor": 2.1025859511253193,
           "ema_span_0": 879.9124482801453,
           "ema_span_1": 1274.1130011475495,
           "enabled": false,
           "initial_eprice_ema_dist": -0.035850271530440514,
           "initial_qty_pct": 0.0224190532391396,
           "markup_range": 0.02817772524400801,
           "min_markup": 0.005641471862529242,
           "n_close_orders": 11,
           "rentry_pprice_dist": 0.00844349124699198,
           "rentry_pprice_dist_wallet_exposure_weighting": 15.621764412633294,
           "wallet_exposure_limit": 1.0}}