{"config_name": "recursive_grid_BCHUSDT_1323days",
 "logging_level": 0,
 "long": {"auto_unstuck_delay_minutes": 0.0,
          "auto_unstuck_ema_dist": 0.0,
          "auto_unstuck_qty_pct": 0.0,
          "auto_unstuck_wallet_exposure_threshold": 0.0,
          "backwards_tp": false,
          "ddown_factor": 0.5627768025251031,
          "ema_span_0": 1258.6032375816344,
          "ema_span_1": 1201.8019838076993,
          "enabled": true,
          "initial_eprice_ema_dist": 0.05905490324541557,
          "initial_qty_pct": 0.04,
          "markup_range": 0.04820070867543301,
          "min_markup": 0.03,
          "n_close_orders": 2,
          "rentry_pprice_dist": 0.04622531003505742,
          "rentry_pprice_dist_wallet_exposure_weighting": 13.34365514770541,
          "wallet_exposure_limit": 1.0},
 "short": {"auto_unstuck_delay_minutes": 126.11628462094592,
           "auto_unstuck_ema_dist": -0.03970357707150943,
           "auto_unstuck_qty_pct": 0.0758012372544573,
           "auto_unstuck_wallet_exposure_threshold": 0.3034179886550239,
           "backwards_tp": false,
           "ddown_factor": 2.0521351753516233,
           "ema_span_0": 202.66731741693476,
           "ema_span_1": 533.2185805664708,
           "enabled": false,
           "initial_eprice_ema_dist": -0.032996231240703625,
           "initial_qty_pct": 0.027115865198308914,
           "markup_range": 0.032744190424620616,
           "min_markup": 0.0012051462480959377,
           "n_close_orders": 6,
           "rentry_pprice_dist": 0.00860725894800195,
           "rentry_pprice_dist_wallet_exposure_weighting": 6.54707155997688,
           "wallet_exposure_limit": 1.0}}