{"config_name": "recursive_grid_BTCUSDT_143days",
 "logging_level": 0,
 "long": {"auto_unstuck_delay_minutes": 1291.5786605220028,
          "auto_unstuck_ema_dist": 0.00025422278374532896,
          "auto_unstuck_qty_pct": 0.01,
          "auto_unstuck_wallet_exposure_threshold": 0.03190408813859996,
          "backwards_tp": false,
          "ddown_factor": 0.553613653855213,
          "ema_span_0": 1134.1457758900906,
          "ema_span_1": 1162.2567643043305,
          "enabled": true,
          "initial_eprice_ema_dist": -0.0036483091082468028,
          "initial_qty_pct": 0.03732583874959878,
          "markup_range": 0.048120236330859524,
          "min_markup": 0.01075618825681561,
          "n_close_orders": 4,
          "rentry_pprice_dist": 0.005,
          "rentry_pprice_dist_wallet_exposure_weighting": 9.490603902646676,
          "wallet_exposure_limit": 1},
 "short": {"auto_unstuck_delay_minutes": 115.03981187891875,
           "auto_unstuck_ema_dist": -0.04996630629184544,
           "auto_unstuck_qty_pct": 0.03513014433377253,
           "auto_unstuck_wallet_exposure_threshold": 0.3362787970466464,
           "backwards_tp": false,
           "ddown_factor": 0.8644522186130925,
           "ema_span_0": 1410.220392016,
           "ema_span_1": 508.9014677889519,
           "enabled": false,
           "initial_eprice_ema_dist": -0.08803172963374754,
           "initial_qty_pct": 0.010305047875189204,
           "markup_range": 0.05113345482678738,
           "min_markup": 0.009525123292849845,
           "n_close_orders": 16,
           "rentry_pprice_dist": 0.019117772277869205,
           "rentry_pprice_dist_wallet_exposure_weighting": 13.085877457477784,
           "wallet_exposure_limit": 1.0}}