{"config_name": "recursive_grid_ALGOUSDT_994days",
 "logging_level": 0,
 "long": {"auto_unstuck_delay_minutes": 0.0,
          "auto_unstuck_ema_dist": 0,
          "auto_unstuck_qty_pct": 0,
          "auto_unstuck_wallet_exposure_threshold": 0.0,
          "backwards_tp": false,
          "ddown_factor": 0.4735085313249298,
          "ema_span_0": 710.6751334517943,
          "ema_span_1": 888.0196173906036,
          "enabled": true,
          "initial_eprice_ema_dist": 0.029575363996069436,
          "initial_qty_pct": 0.04,
          "markup_range": 0.039470221982051974,
          "min_markup": 0.009391318393882322,
          "n_close_orders": 3,
          "rentry_pprice_dist": 0.032432565047320935,
          "rentry_pprice_dist_wallet_exposure_weighting": 8.995120730096298,
          "wallet_exposure_limit": 1},
 "short": {"auto_unstuck_delay_minutes": 1010.0094631995266,
           "auto_unstuck_ema_dist": -0.08425028669084594,
           "auto_unstuck_qty_pct": 0.06044752721283927,
           "auto_unstuck_wallet_exposure_threshold": 0.4783553949598395,
           "backwards_tp": false,
           "ddown_factor": 2.6870585553707094,
           "ema_span_0": 1092.5105655268314,
           "ema_span_1": 396.3211086978366,
           "enabled": false,
           "initial_eprice_ema_dist": -0.01688612127648323,
           "initial_qty_pct": 0.030865703888108352,
           "markup_range": 0.01622223442222401,
           "min_markup": 0.002125541189595036,
           "n_close_orders": 10,
           "rentry_pprice_dist": 0.018301873850724414,
           "rentry_pprice_dist_wallet_exposure_weighting": 10.353465101598907,
           "wallet_exposure_limit": 1.0}}