{"config_name": "recursive_grid_HBARUSDT_365days",
 "logging_level": 0,
 "long": {"auto_unstuck_delay_minutes": 645.3899592660342,
          "auto_unstuck_ema_dist": -0.1,
          "auto_unstuck_qty_pct": 0.03806722151065738,
          "auto_unstuck_wallet_exposure_threshold": 0.7,
          "backwards_tp": false,
          "ddown_factor": 0.5064269580232893,
          "ema_span_0": 1554.184878893028,
          "ema_span_1": 1322.8131409007394,
          "enabled": true,
          "initial_eprice_ema_dist": -0.05099908523323069,
          "initial_qty_pct": 0.020155937503477755,
          "markup_range": 0.01996055528598682,
          "min_markup": 0.009258666392319766,
          "n_close_orders": 7,
          "rentry_pprice_dist": 0.024783042329111864,
          "rentry_pprice_dist_wallet_exposure_weighting": 1.1611039720421485,
          "wallet_exposure_limit": 1},
 "short": {"auto_unstuck_delay_minutes": 848.1367075795511,
           "auto_unstuck_ema_dist": -0.047785149668329314,
           "auto_unstuck_qty_pct": 0.04353656547107728,
           "auto_unstuck_wallet_exposure_threshold": 0.1006741695351811,
           "backwards_tp": false,
           "ddown_factor": 2.3038606016471257,
           "ema_span_0": 1038.5299751605012,
           "ema_span_1": 600.7125953748473,
           "enabled": false,
           "initial_eprice_ema_dist": 0.00017130052914562932,
           "initial_qty_pct": 0.015085684185320136,
           "markup_range": 0.006156603727911697,
           "min_markup": 0.02680969710969026,
           "n_close_orders": 15,
           "rentry_pprice_dist": 0.005490249638445554,
           "rentry_pprice_dist_wallet_exposure_weighting": 1.4270086684848389,
           "wallet_exposure_limit": 1.0}}