{"config_name": "recursive_grid_TONUSDT_156days",
 "logging_level": 0,
 "long": {"auto_unstuck_delay_minutes": 698.9992246728759,
          "auto_unstuck_ema_dist": -0.012731069703965096,
          "auto_unstuck_qty_pct": 0.01,
          "auto_unstuck_wallet_exposure_threshold": 0.05878650500103105,
          "backwards_tp": false,
          "ddown_factor": 0.39653575489913645,
          "ema_span_0": 737.0362926274099,
          "ema_span_1": 1110.6453644147657,
          "enabled": true,
          "initial_eprice_ema_dist": -0.0068854236478037385,
          "initial_qty_pct": 0.03987667390104682,
          "markup_range": 0.024237755313630933,
          "min_markup": 0.013225230967499857,
          "n_close_orders": 6,
          "rentry_pprice_dist": 0.0051506576451878176,
          "rentry_pprice_dist_wallet_exposure_weighting": 9.118412378336798,
          "wallet_exposure_limit": 1},
 "short": {"auto_unstuck_delay_minutes": 237.97237290025504,
           "auto_unstuck_ema_dist": -0.009710497555623532,
           "auto_unstuck_qty_pct": 0.029049111254794,
           "auto_unstuck_wallet_exposure_threshold": 0.40282566442898426,
           "backwards_tp": false,
           "ddown_factor": 2.9984495815991608,
           "ema_span_0": 614.4779509253372,
           "ema_span_1": 666.2756837495626,
           "enabled": false,
           "initial_eprice_ema_dist": -0.052727325833213406,
           "initial_qty_pct": 0.026055566629573236,
           "markup_range": 0.05761647361067334,
           "min_markup": 0.0015384930538869701,
           "n_close_orders": 16,
           "rentry_pprice_dist": 0.02216433566973431,
           "rentry_pprice_dist_wallet_exposure_weighting": 14.133586591746711,
           "wallet_exposure_limit": 1.0}}