{"config_name": "recursive_grid_AVAXUSDT_454days",
 "logging_level": 0,
 "long": {"auto_unstuck_delay_minutes": 1392.677298185093,
          "auto_unstuck_ema_dist": 0.043592773534721255,
          "auto_unstuck_qty_pct": 0.01,
          "auto_unstuck_wallet_exposure_threshold": 0.04721350019643042,
          "backwards_tp": false,
          "ddown_factor": 1.6722252450724233,
          "ema_span_0": 1411.3901763943195,
          "ema_span_1": 940.7392385280906,
          "enabled": true,
          "initial_eprice_ema_dist": 0.006718753262501251,
          "initial_qty_pct": 0.05,
          "markup_range": 0.05023915513622841,
          "min_markup": 0.005545405324750266,
          "n_close_orders": 4,
          "rentry_pprice_dist": 0.06433143619573417,
          "rentry_pprice_dist_wallet_exposure_weighting": 1.5890661176182628,
          "wallet_exposure_limit": 1.0},
 "short": {"auto_unstuck_delay_minutes": 208.22905058520482,
           "auto_unstuck_ema_dist": -0.07613272252929065,
           "auto_unstuck_qty_pct": 0.04704219627682098,
           "auto_unstuck_wallet_exposure_threshold": 0.7749212164093647,
           "backwards_tp": true,
           "ddown_factor": 0.8961352029931027,
           "ema_span_0": 407.47299030484356,
           "ema_span_1": 612.13372795443,
           "enabled": false,
           "initial_eprice_ema_dist": -0.06862774564931587,
           "initial_qty_pct": 0.04927212666383757,
           "markup_range": 0.004000088132585162,
           "min_markup": 0.00951876094805703,
           "n_close_orders": 6,
           "rentry_pprice_dist": 0.01431340035852208,
           "rentry_pprice_dist_wallet_exposure_weighting": 14.203289115262741,
           "wallet_exposure_limit": 1.0}}