{"config_name": "recursive_grid_SHIB1000USDT_144days",
 "logging_level": 0,
 "long": {"auto_unstuck_delay_minutes": 1112.4438627427687,
          "auto_unstuck_ema_dist": 0.00599577879521105,
          "auto_unstuck_qty_pct": 0.01,
          "auto_unstuck_wallet_exposure_threshold": 0.08695793273885635,
          "backwards_tp": false,
          "ddown_factor": 0.597599364985699,
          "ema_span_0": 479.236037791208,
          "ema_span_1": 1327.9062330539145,
          "enabled": true,
          "initial_eprice_ema_dist": -0.01539603768668914,
          "initial_qty_pct": 0.039267877283795,
          "markup_range": 0.016347518050020327,
          "min_markup": 0.010738666595890237,
          "n_close_orders": 6,
          "rentry_pprice_dist": 0.02617148124054448,
          "rentry_pprice_dist_wallet_exposure_weighting": 13.416444461505915,
          "wallet_exposure_limit": 1.0},
 "short": {"auto_unstuck_delay_minutes": 237.6145661582387,
           "auto_unstuck_ema_dist": -0.059245611413208554,
           "auto_unstuck_qty_pct": 0.017092151976750874,
           "auto_unstuck_wallet_exposure_threshold": 0.7442388338340568,
           "backwards_tp": false,
           "ddown_factor": 1.8880717365200712,
           "ema_span_0": 335.92872889237344,
           "ema_span_1": 745.7979301015108,
           "enabled": false,
           "initial_eprice_ema_dist": -0.050817788266683366,
           "initial_qty_pct": 0.015993180279585385,
           "markup_range": 0.021498607417675286,
           "min_markup": 0.005558567111686598,
           "n_close_orders": 9,
           "rentry_pprice_dist": 0.04715005185959971,
           "rentry_pprice_dist_wallet_exposure_weighting": 8.352448911745034,
           "wallet_exposure_limit": 1.0}}