{"config_name": "recursive_grid_1000BONKUSDT_449days",
 "logging_level": 0,
 "long": {"auto_unstuck_delay_minutes": 906.758537782613,
          "auto_unstuck_ema_dist": -0.033749219325782044,
          "auto_unstuck_qty_pct": 0.01,
          "auto_unstuck_wallet_exposure_threshold": 0.09548654025576855,
          "backwards_tp": false,
          "ddown_factor": 0.501469164772767,
          "ema_span_0": 510.7430051700598,
          "ema_span_1": 509.33676281527914,
          "enabled": true,
          "initial_eprice_ema_dist": 0.009253768676499926,
          "initial_qty_pct": 0.05,
          "markup_range": 0.06,
          "min_markup": 0.005515613024778003,
          "n_close_orders": 5,
          "rentry_pprice_dist": 0.04516318564760997,
          "rentry_pprice_dist_wallet_exposure_weighting": 1.470604624580031,
          "wallet_exposure_limit": 1},
 "short": {"auto_unstuck_delay_minutes": 1115.9947378004756,
           "auto_unstuck_ema_dist": -0.03610687557756065,
           "auto_unstuck_qty_pct": 0.07452185590247681,
           "auto_unstuck_wallet_exposure_threshold": 0.8092658067037686,
           "backwards_tp": true,
           "ddown_factor": 0.8497397642191765,
           "ema_span_0": 695.5079651081716,
           "ema_span_1": 1234.6937252516182,
           "enabled": false,
           "initial_eprice_ema_dist": -0.00915258567948328,
           "initial_qty_pct": 0.013156918103889423,
           "markup_range": 0.021984776498746018,
           "min_markup": 0.0019609443372937845,
           "n_close_orders": 3,
           "rentry_pprice_dist": 0.04979442776387014,
           "rentry_pprice_dist_wallet_exposure_weighting": 16.54910146021231,
           "wallet_exposure_limit": 1.0}}