{"config_name": "recursive_grid_BTCUSDT_143days",
 "logging_level": 0,
 "long": {"auto_unstuck_delay_minutes": 1160.6715478066901,
          "auto_unstuck_ema_dist": 0.01875532309414836,
          "auto_unstuck_qty_pct": 0.01,
          "auto_unstuck_wallet_exposure_threshold": 0.07177664229783229,
          "backwards_tp": false,
          "ddown_factor": 0.3816012170976571,
          "ema_span_0": 900.5796550948222,
          "ema_span_1": 490.1840263236156,
          "enabled": true,
          "initial_eprice_ema_dist": 0.012602256342646688,
          "initial_qty_pct": 0.04917741605898017,
          "markup_range": 0.02411382323658971,
          "min_markup": 0.03273521183697203,
          "n_close_orders": 8,
          "rentry_pprice_dist": 0.010356256507135873,
          "rentry_pprice_dist_wallet_exposure_weighting": 10.114306762526052,
          "wallet_exposure_limit": 1.0},
 "short": {"auto_unstuck_delay_minutes": 149.19129557559793,
           "auto_unstuck_ema_dist": -0.05582393816189639,
           "auto_unstuck_qty_pct": 0.016744315187525317,
           "auto_unstuck_wallet_exposure_threshold": 0.43805414706833024,
           "backwards_tp": false,
           "ddown_factor": 0.6796631496244782,
           "ema_span_0": 82.43758117084208,
           "ema_span_1": 1083.017197744857,
           "enabled": false,
           "initial_eprice_ema_dist": -0.07942583810919705,
           "initial_qty_pct": 0.02285313773165653,
           "markup_range": 0.030239382828518745,
           "min_markup": 0.005588801784564279,
           "n_close_orders": 15,
           "rentry_pprice_dist": 0.04408424818467816,
           "rentry_pprice_dist_wallet_exposure_weighting": 13.911354989547426,
           "wallet_exposure_limit": 1.0}}