{"config_name": "recursive_grid_1000BONKUSDT_143days",
 "logging_level": 0,
 "long": {"auto_unstuck_delay_minutes": 517.8535474870012,
          "auto_unstuck_ema_dist": -0.045594089621257806,
          "auto_unstuck_qty_pct": 0.01,
          "auto_unstuck_wallet_exposure_threshold": 0.08588311949562927,
          "backwards_tp": false,
          "ddown_factor": 0.4802070564268477,
          "ema_span_0": 1323.0248156210316,
          "ema_span_1": 184.6280759517947,
          "enabled": true,
          "initial_eprice_ema_dist": -0.025126499046976433,
          "initial_qty_pct": 0.03298815685092575,
          "markup_range": 0.01727562875649425,
          "min_markup": 0.016175711821983102,
          "n_close_orders": 4,
          "rentry_pprice_dist": 0.007332813969523913,
          "rentry_pprice_dist_wallet_exposure_weighting": 10.986401226434046,
          "wallet_exposure_limit": 1.0},
 "short": {"auto_unstuck_delay_minutes": 380.61058875764616,
           "auto_unstuck_ema_dist": -0.0904851478244027,
           "auto_unstuck_qty_pct": 0.09572082172360248,
           "auto_unstuck_wallet_exposure_threshold": 0.5710422709207122,
           "backwards_tp": false,
           "ddown_factor": 2.289184474766142,
           "ema_span_0": 559.0120904654757,
           "ema_span_1": 488.266893749255,
           "enabled": false,
           "initial_eprice_ema_dist": -0.08776754234142131,
           "initial_qty_pct": 0.029749123341640614,
           "markup_range": 0.021571804946445308,
           "min_markup": 0.007393394313346278,
           "n_close_orders": 6,
           "rentry_pprice_dist": 0.04710058669343327,
           "rentry_pprice_dist_wallet_exposure_weighting": 12.272709372270397,
           "wallet_exposure_limit": 1.0}}