{"config_name": "recursive_grid_1000RATSUSDT_143days",
 "logging_level": 0,
 "long": {"auto_unstuck_delay_minutes": 981.8409984939573,
          "auto_unstuck_ema_dist": -0.004198404436059096,
          "auto_unstuck_qty_pct": 0.01,
          "auto_unstuck_wallet_exposure_threshold": 0.088528253697091,
          "backwards_tp": false,
          "ddown_factor": 0.5975104224291443,
          "ema_span_0": 122.80891514731735,
          "ema_span_1": 135.81004064152467,
          "enabled": true,
          "initial_eprice_ema_dist": 0.026187041552423712,
          "initial_qty_pct": 0.048592803178140985,
          "markup_range": 0.04877248589153847,
          "min_markup": 0.01240650898595263,
          "n_close_orders": 5,
          "rentry_pprice_dist": 0.019048892836080772,
          "rentry_pprice_dist_wallet_exposure_weighting": 7.5,
          "wallet_exposure_limit": 1},
 "short": {"auto_unstuck_delay_minutes": 809.8759915977076,
           "auto_unstuck_ema_dist": -0.07917018174831589,
           "auto_unstuck_qty_pct": 0.04166367011293895,
           "auto_unstuck_wallet_exposure_threshold": 0.5091774294159291,
           "backwards_tp": false,
           "ddown_factor": 1.2978839644354283,
           "ema_span_0": 1241.39781540244,
           "ema_span_1": 129.74696709521842,
           "enabled": false,
           "initial_eprice_ema_dist": -0.03459433352997815,
           "initial_qty_pct": 0.04889064266707738,
           "markup_range": 0.010889977218756761,
           "min_markup": 0.0015704831716647253,
           "n_close_orders": 14,
           "rentry_pprice_dist": 0.011083455336321687,
           "rentry_pprice_dist_wallet_exposure_weighting": 0.33256484418993315,
           "wallet_exposure_limit": 1.0}}