{"config_name": "recursive_grid_INJUSDT_365days",
 "logging_level": 0,
 "long": {"auto_unstuck_delay_minutes": 685.7194585774428,
          "auto_unstuck_ema_dist": -0.05190353411306367,
          "auto_unstuck_qty_pct": 0.04320310969063946,
          "auto_unstuck_wallet_exposure_threshold": 0.6289672224400595,
          "backwards_tp": false,
          "ddown_factor": 1.0842771773682525,
          "ema_span_0": 503.2409373589788,
          "ema_span_1": 578.4387373908625,
          "enabled": true,
          "initial_eprice_ema_dist": 0.014903063418067857,
          "initial_qty_pct": 0.04385882403758276,
          "markup_range": 0.019445467042844465,
          "min_markup": 0.019988879265555738,
          "n_close_orders": 6,
          "rentry_pprice_dist": 0.024342270245417425,
          "rentry_pprice_dist_wallet_exposure_weighting": 3.54597364316068,
          "wallet_exposure_limit": 1},
 "short": {"auto_unstuck_delay_minutes": 32.14548067639825,
           "auto_unstuck_ema_dist": -0.099241501930292,
           "auto_unstuck_qty_pct": 0.09593031172128913,
           "auto_unstuck_wallet_exposure_threshold": 0.13689636919241396,
           "backwards_tp": false,
           "ddown_factor": 0.73296449504991,
           "ema_span_0": 792.1283239233674,
           "ema_span_1": 789.2886666613737,
           "enabled": false,
           "initial_eprice_ema_dist": -0.004859922354545928,
           "initial_qty_pct": 0.013088256293292282,
           "markup_range": 0.00941636970563485,
           "min_markup": 0.03134777420408856,
           "n_close_orders": 7,
           "rentry_pprice_dist": 0.041606965304503744,
           "rentry_pprice_dist_wallet_exposure_weighting": 0.9314675830894562,
           "wallet_exposure_limit": 1.0}}