{"config_name": "recursive_grid_NEARUSDT_143days",
 "logging_level": 0,
 "long": {"auto_unstuck_delay_minutes": 915.7327385400318,
          "auto_unstuck_ema_dist": -0.043969689255859645,
          "auto_unstuck_qty_pct": 0.01,
          "auto_unstuck_wallet_exposure_threshold": 0.06433092274864444,
          "backwards_tp": false,
          "ddown_factor": 0.45709525587370564,
          "ema_span_0": 547.4806193431328,
          "ema_span_1": 402.87126647575064,
          "enabled": true,
          "initial_eprice_ema_dist": 0.013814389502056199,
          "initial_qty_pct": 0.045229610981613794,
          "markup_range": 0.019613574347166575,
          "min_markup": 0.04,
          "n_close_orders": 6,
          "rentry_pprice_dist": 0.0109165182774589,
          "rentry_pprice_dist_wallet_exposure_weighting": 8.094493829184387,
          "wallet_exposure_limit": 1.0},
 "short": {"auto_unstuck_delay_minutes": 503.77541579042685,
           "auto_unstuck_ema_dist": -0.030826401702863812,
           "auto_unstuck_qty_pct": 0.08062185559343259,
           "auto_unstuck_wallet_exposure_threshold": 0.17904119182700085,
           "backwards_tp": false,
           "ddown_factor": 2.3005272343872565,
           "ema_span_0": 667.570866413331,
           "ema_span_1": 1064.3421580863728,
           "enabled": false,
           "initial_eprice_ema_dist": 0.0006733371485470874,
           "initial_qty_pct": 0.04876809530374133,
           "markup_range": 0.01300963281239244,
           "min_markup": 0.007284776992385859,
           "n_close_orders": 10,
           "rentry_pprice_dist": 0.0398349115649434,
           "rentry_pprice_dist_wallet_exposure_weighting": 17.184380564766176,
           "wallet_exposure_limit": 1.0}}