{"config_name": "recursive_grid_BTCUSDT_454days",
 "logging_level": 0,
 "long": {"auto_unstuck_delay_minutes": 941.3632590739487,
          "auto_unstuck_ema_dist": -0.013441572531467598,
          "auto_unstuck_qty_pct": 0.01,
          "auto_unstuck_wallet_exposure_threshold": 0.05423980462126192,
          "backwards_tp": false,
          "ddown_factor": 1.994742411857788,
          "ema_span_0": 524.1502119808116,
          "ema_span_1": 841.8362158331527,
          "enabled": true,
          "initial_eprice_ema_dist": 0.007383540427300978,
          "initial_qty_pct": 0.05,
          "markup_range": 0.03911274548002975,
          "min_markup": 0.004088533713354752,
          "n_close_orders": 4,
          "rentry_pprice_dist": 0.02,
          "rentry_pprice_dist_wallet_exposure_weighting": 0.8117894509845424,
          "wallet_exposure_limit": 1.0},
 "short": {"auto_unstuck_delay_minutes": 560.9987692507445,
           "auto_unstuck_ema_dist": -0.08959026533269586,
           "auto_unstuck_qty_pct": 0.0744877022575887,
           "auto_unstuck_wallet_exposure_threshold": 0.2085339162618631,
           "backwards_tp": true,
           "ddown_factor": 1.4336209255135386,
           "ema_span_0": 894.4883380895342,
           "ema_span_1": 1335.0074347539362,
           "enabled": false,
           "initial_eprice_ema_dist": -0.052369391203675814,
           "initial_qty_pct": 0.013607462274062043,
           "markup_range": 0.02024321609947475,
           "min_markup": 0.00122502121977186,
           "n_close_orders": 7,
           "rentry_pprice_dist": 0.008837217459905495,
           "rentry_pprice_dist_wallet_exposure_weighting": 17.127618834043442,
           "wallet_exposure_limit": 1.0}}