{"config_name": "recursive_grid_TONUSDT_212days",
 "logging_level": 0,
 "long": {"auto_unstuck_delay_minutes": 1393.160561036367,
          "auto_unstuck_ema_dist": -0.04208784507019558,
          "auto_unstuck_qty_pct": 0.01,
          "auto_unstuck_wallet_exposure_threshold": 0.051743468089980246,
          "backwards_tp": false,
          "ddown_factor": 1.7398534728581594,
          "ema_span_0": 609.2660971521167,
          "ema_span_1": 727.9442831590384,
          "enabled": true,
          "initial_eprice_ema_dist": 0.0011958563602111783,
          "initial_qty_pct": 0.05,
          "markup_range": 0.02923196020854655,
          "min_markup": 0.007891463185940733,
          "n_close_orders": 6,
          "rentry_pprice_dist": 0.022949084188117398,
          "rentry_pprice_dist_wallet_exposure_weighting": 1.4322031245510718,
          "wallet_exposure_limit": 1},
 "short": {"auto_unstuck_delay_minutes": 1182.743447282725,
           "auto_unstuck_ema_dist": -0.03590397468140474,
           "auto_unstuck_qty_pct": 0.06681304839555653,
           "auto_unstuck_wallet_exposure_threshold": 0.36009062748562437,
           "backwards_tp": true,
           "ddown_factor": 2.9181879824563945,
           "ema_span_0": 530.6933752148831,
           "ema_span_1": 96.60574836621365,
           "enabled": false,
           "initial_eprice_ema_dist": -0.058062146606805046,
           "initial_qty_pct": 0.04508346341298849,
           "markup_range": 0.04939449079814134,
           "min_markup": 0.00466505118649931,
           "n_close_orders": 3,
           "rentry_pprice_dist": 0.038132910469198436,
           "rentry_pprice_dist_wallet_exposure_weighting": 11.490601887477288,
           "wallet_exposure_limit": 1.0}}