{"config_name": "recursive_grid_NEARUSDT_142days",
 "logging_level": 0,
 "long": {"auto_unstuck_delay_minutes": 1269.6559662527882,
          "auto_unstuck_ema_dist": 0.030562855237305616,
          "auto_unstuck_qty_pct": 0.01,
          "auto_unstuck_wallet_exposure_threshold": 0.03635234723149361,
          "backwards_tp": false,
          "ddown_factor": 0.5327682319686198,
          "ema_span_0": 593.6014747377731,
          "ema_span_1": 546.0155234894052,
          "enabled": true,
          "initial_eprice_ema_dist": 0.016090246879464077,
          "initial_qty_pct": 0.04905077243437701,
          "markup_range": 0.03545752830163924,
          "min_markup": 0.03232834909541187,
          "n_close_orders": 7,
          "rentry_pprice_dist": 0.0181513555810183,
          "rentry_pprice_dist_wallet_exposure_weighting": 3.9636292447698716,
          "wallet_exposure_limit": 1},
 "short": {"auto_unstuck_delay_minutes": 1345.3536646714506,
           "auto_unstuck_ema_dist": -0.043497249210662184,
           "auto_unstuck_qty_pct": 0.03224805708423542,
           "auto_unstuck_wallet_exposure_threshold": 0.633820382209928,
           "backwards_tp": false,
           "ddown_factor": 0.28670552382691405,
           "ema_span_0": 1306.7814746990382,
           "ema_span_1": 1198.102853262797,
           "enabled": false,
           "initial_eprice_ema_dist": -0.09634912706377972,
           "initial_qty_pct": 0.012918504110763358,
           "markup_range": 0.03061344290323428,
           "min_markup": 0.002987126726680911,
           "n_close_orders": 9,
           "rentry_pprice_dist": 0.00563938636096603,
           "rentry_pprice_dist_wallet_exposure_weighting": 18.373769784064653,
           "wallet_exposure_limit": 1.0}}