{"config_name": "recursive_grid_ARBUSDT_447days",
 "logging_level": 0,
 "long": {"auto_unstuck_delay_minutes": 0,
          "auto_unstuck_ema_dist": 0,
          "auto_unstuck_qty_pct": 0.0,
          "auto_unstuck_wallet_exposure_threshold": 0.0,
          "backwards_tp": false,
          "ddown_factor": 0.4384688671637256,
          "ema_span_0": 966.8711315950495,
          "ema_span_1": 1433.7057006062278,
          "enabled": true,
          "initial_eprice_ema_dist": 0.015766004564067834,
          "initial_qty_pct": 0.04,
          "markup_range": 0.017593107277699412,
          "min_markup": 0.008995638964143841,
          "n_close_orders": 2,
          "rentry_pprice_dist": 0.03082461419942807,
          "rentry_pprice_dist_wallet_exposure_weighting": 10.265250531915424,
          "wallet_exposure_limit": 1},
 "short": {"auto_unstuck_delay_minutes": 1264.9560621563305,
           "auto_unstuck_ema_dist": -0.08178476325639225,
           "auto_unstuck_qty_pct": 0.07080077332681647,
           "auto_unstuck_wallet_exposure_threshold": 0.655595703107656,
           "backwards_tp": false,
           "ddown_factor": 0.5501580800081216,
           "ema_span_0": 26.380477370847576,
           "ema_span_1": 10.97808828377569,
           "enabled": false,
           "initial_eprice_ema_dist": -0.03270570111958852,
           "initial_qty_pct": 0.04608005531899875,
           "markup_range": 0.04160898148377545,
           "min_markup": 0.004350017939727812,
           "n_close_orders": 13,
           "rentry_pprice_dist": 0.01437653010112495,
           "rentry_pprice_dist_wallet_exposure_weighting": 1.010545344612348,
           "wallet_exposure_limit": 1.0}}