{"config_name": "recursive_grid_MATICUSDT_156days",
 "logging_level": 0,
 "long": {"auto_unstuck_delay_minutes": 589.085485218277,
          "auto_unstuck_ema_dist": 0.05,
          "auto_unstuck_qty_pct": 0.01,
          "auto_unstuck_wallet_exposure_threshold": 0.08141582015874933,
          "backwards_tp": false,
          "ddown_factor": 0.3,
          "ema_span_0": 809.285455029314,
          "ema_span_1": 1440,
          "enabled": true,
          "initial_eprice_ema_dist": 0.012482552596895704,
          "initial_qty_pct": 0.04205143131984521,
          "markup_range": 0.010997855211977874,
          "min_markup": 0.017342100978490635,
          "n_close_orders": 7,
          "rentry_pprice_dist": 0.021600774397409473,
          "rentry_pprice_dist_wallet_exposure_weighting": 9.16894966831909,
          "wallet_exposure_limit": 1},
 "short": {"auto_unstuck_delay_minutes": 794.571133322811,
           "auto_unstuck_ema_dist": -0.025261966449272644,
           "auto_unstuck_qty_pct": 0.05391253530145238,
           "auto_unstuck_wallet_exposure_threshold": 0.475814588711295,
           "backwards_tp": false,
           "ddown_factor": 1.4151139313291312,
           "ema_span_0": 1335.2949575304626,
           "ema_span_1": 347.7031119354143,
           "enabled": false,
           "initial_eprice_ema_dist": -0.007484620746527615,
           "initial_qty_pct": 0.0224765175083737,
           "markup_range": 0.04332352865396921,
           "min_markup": 0.003426303538399214,
           "n_close_orders": 9,
           "rentry_pprice_dist": 0.00808685078653177,
           "rentry_pprice_dist_wallet_exposure_weighting": 3.4939380155649724,
           "wallet_exposure_limit": 1.0}}