{"config_name": "recursive_grid_FILUSDT_454days",
 "logging_level": 0,
 "long": {"auto_unstuck_delay_minutes": 646.0072072682065,
          "auto_unstuck_ema_dist": -0.043268876947108015,
          "auto_unstuck_qty_pct": 0.01,
          "auto_unstuck_wallet_exposure_threshold": 0.09535469772628567,
          "backwards_tp": false,
          "ddown_factor": 0.6589115174762281,
          "ema_span_0": 450.328683734515,
          "ema_span_1": 501.7329459457993,
          "enabled": true,
          "initial_eprice_ema_dist": 0,
          "initial_qty_pct": 0.05,
          "markup_range": 0.057554100878279925,
          "min_markup": 0.009615418825744758,
          "n_close_orders": 7,
          "rentry_pprice_dist": 0.0280854776623017,
          "rentry_pprice_dist_wallet_exposure_weighting": 1.9808496897011703,
          "wallet_exposure_limit": 1},
 "short": {"auto_unstuck_delay_minutes": 1049.58284387128,
           "auto_unstuck_ema_dist": -0.03362088812998505,
           "auto_unstuck_qty_pct": 0.09451007994601433,
           "auto_unstuck_wallet_exposure_threshold": 0.16586970918602456,
           "backwards_tp": true,
           "ddown_factor": 2.615002808789654,
           "ema_span_0": 284.38354242603504,
           "ema_span_1": 256.28994799895105,
           "enabled": false,
           "initial_eprice_ema_dist": -0.05543961011779737,
           "initial_qty_pct": 0.012825904852858764,
           "markup_range": 0.022512480842667788,
           "min_markup": 0.0019176981268691127,
           "n_close_orders": 8,
           "rentry_pprice_dist": 0.034663239199862715,
           "rentry_pprice_dist_wallet_exposure_weighting": 13.716823469231352,
           "wallet_exposure_limit": 1.0}}