{"config_name": "recursive_grid_1000BONKUSDT_143days",
 "logging_level": 0,
 "long": {"auto_unstuck_delay_minutes": 1402.604300789438,
          "auto_unstuck_ema_dist": -0.03825558061711759,
          "auto_unstuck_qty_pct": 0.01,
          "auto_unstuck_wallet_exposure_threshold": 0.08700465951863456,
          "backwards_tp": false,
          "ddown_factor": 0.3490158959139829,
          "ema_span_0": 765.8458365074522,
          "ema_span_1": 555.3423158622361,
          "enabled": true,
          "initial_eprice_ema_dist": -0.0008797170562784562,
          "initial_qty_pct": 0.04129386921371718,
          "markup_range": 0.04014337177358973,
          "min_markup": 0.02957443039701594,
          "n_close_orders": 5,
          "rentry_pprice_dist": 0.011508586460358884,
          "rentry_pprice_dist_wallet_exposure_weighting": 8.457511291659692,
          "wallet_exposure_limit": 1.0},
 "short": {"auto_unstuck_delay_minutes": 1353.9641518940148,
           "auto_unstuck_ema_dist": -0.03818062193897686,
           "auto_unstuck_qty_pct": 0.07856127231929165,
           "auto_unstuck_wallet_exposure_threshold": 0.2835236593992819,
           "backwards_tp": false,
           "ddown_factor": 2.8384541903005154,
           "ema_span_0": 1066.3262098499094,
           "ema_span_1": 723.6292003568843,
           "enabled": false,
           "initial_eprice_ema_dist": -0.008946598026552413,
           "initial_qty_pct": 0.04677681537041412,
           "markup_range": 0.05431009951115329,
           "min_markup": 0.0026148407920108378,
           "n_close_orders": 13,
           "rentry_pprice_dist": 0.04589532409300121,
           "rentry_pprice_dist_wallet_exposure_weighting": 16.070550098655964,
           "wallet_exposure_limit": 1.0}}