{"config_name": "recursive_grid_TRXUSDT_454days",
 "logging_level": 0,
 "long": {"auto_unstuck_delay_minutes": 1054.7593299924836,
          "auto_unstuck_ema_dist": -0.026665622855449527,
          "auto_unstuck_qty_pct": 0.01,
          "auto_unstuck_wallet_exposure_threshold": 0.04255998256618277,
          "backwards_tp": false,
          "ddown_factor": 1.613826969126304,
          "ema_span_0": 1211.328937137631,
          "ema_span_1": 951.177772608038,
          "enabled": true,
          "initial_eprice_ema_dist": 0.005757263262717249,
          "initial_qty_pct": 0.05,
          "markup_range": 0.050068893481923414,
          "min_markup": 0.0023724655746858296,
          "n_close_orders": 4,
          "rentry_pprice_dist": 0.02462353469877935,
          "rentry_pprice_dist_wallet_exposure_weighting": 0.7588200269743761,
          "wallet_exposure_limit": 1},
 "short": {"auto_unstuck_delay_minutes": 231.69615766743695,
           "auto_unstuck_ema_dist": -0.050416820249240095,
           "auto_unstuck_qty_pct": 0.012598925074652934,
           "auto_unstuck_wallet_exposure_threshold": 0.8084168338112521,
           "backwards_tp": true,
           "ddown_factor": 0.6651364395564957,
           "ema_span_0": 800.1351585340041,
           "ema_span_1": 1432.2369380104694,
           "enabled": false,
           "initial_eprice_ema_dist": -0.08799354344713903,
           "initial_qty_pct": 0.02764153242597775,
           "markup_range": 0.03352940721781421,
           "min_markup": 0.006873294284556951,
           "n_close_orders": 10,
           "rentry_pprice_dist": 0.007323212371493552,
           "rentry_pprice_dist_wallet_exposure_weighting": 11.800929244013824,
           "wallet_exposure_limit": 1.0}}