{"config_name": "recursive_grid_FTMUSDT_143days",
 "logging_level": 0,
 "long": {"auto_unstuck_delay_minutes": 1342.6043417343524,
          "auto_unstuck_ema_dist": 0.013076462280827664,
          "auto_unstuck_qty_pct": 0.01,
          "auto_unstuck_wallet_exposure_threshold": 0.0578319029744678,
          "backwards_tp": false,
          "ddown_factor": 0.3536264387518455,
          "ema_span_0": 152.34254502891457,
          "ema_span_1": 714.5261230326955,
          "enabled": true,
          "initial_eprice_ema_dist": -0.00860467089015108,
          "initial_qty_pct": 0.03133304684032884,
          "markup_range": 0.026688430755438183,
          "min_markup": 0.02342631703357394,
          "n_close_orders": 7,
          "rentry_pprice_dist": 0.018228185443873016,
          "rentry_pprice_dist_wallet_exposure_weighting": 14.827515942189564,
          "wallet_exposure_limit": 1.0},
 "short": {"auto_unstuck_delay_minutes": 892.9527604015018,
           "auto_unstuck_ema_dist": -0.025734974171869027,
           "auto_unstuck_qty_pct": 0.051530963463690876,
           "auto_unstuck_wallet_exposure_threshold": 0.8298122512713789,
           "backwards_tp": false,
           "ddown_factor": 1.215041457166615,
           "ema_span_0": 476.9203893813896,
           "ema_span_1": 52.223408901431505,
           "enabled": false,
           "initial_eprice_ema_dist": -0.011939763459281313,
           "initial_qty_pct": 0.04823971507030267,
           "markup_range": 0.021074070322675758,
           "min_markup": 0.007119708457599198,
           "n_close_orders": 13,
           "rentry_pprice_dist": 0.030720440597111386,
           "rentry_pprice_dist_wallet_exposure_weighting": 4.688928262679326,
           "wallet_exposure_limit": 1.0}}