{"config_name": "recursive_grid_BEAMUSDT_212days",
 "logging_level": 0,
 "long": {"auto_unstuck_delay_minutes": 0,
          "auto_unstuck_ema_dist": 0,
          "auto_unstuck_qty_pct": 0.0,
          "auto_unstuck_wallet_exposure_threshold": 0.0,
          "backwards_tp": false,
          "ddown_factor": 0.4616123553002992,
          "ema_span_0": 382.16577047969145,
          "ema_span_1": 287.21047428686853,
          "enabled": true,
          "initial_eprice_ema_dist": 0.01408284628462629,
          "initial_qty_pct": 0.04,
          "markup_range": 0.030983275358044474,
          "min_markup": 0.012218650108954607,
          "n_close_orders": 4,
          "rentry_pprice_dist": 0.017440170093806055,
          "rentry_pprice_dist_wallet_exposure_weighting": 9.38833124709177,
          "wallet_exposure_limit": 1},
 "short": {"auto_unstuck_delay_minutes": 807.6228659583745,
           "auto_unstuck_ema_dist": -0.08607101827906483,
           "auto_unstuck_qty_pct": 0.06572982689280278,
           "auto_unstuck_wallet_exposure_threshold": 0.7767535656137,
           "backwards_tp": false,
           "ddown_factor": 0.6302291717614238,
           "ema_span_0": 269.2103454496123,
           "ema_span_1": 923.6180112524348,
           "enabled": false,
           "initial_eprice_ema_dist": -0.019341136148204013,
           "initial_qty_pct": 0.04448854249485638,
           "markup_range": 0.02113505174667895,
           "min_markup": 0.004198874770487233,
           "n_close_orders": 3,
           "rentry_pprice_dist": 0.036722231522106026,
           "rentry_pprice_dist_wallet_exposure_weighting": 15.404348151949772,
           "wallet_exposure_limit": 1.0}}