{"config_name": "recursive_grid_STXUSDT_365days",
 "logging_level": 0,
 "long": {"auto_unstuck_delay_minutes": 1101.296489093986,
          "auto_unstuck_ema_dist": -0.04960112706780615,
          "auto_unstuck_qty_pct": 0.09050311334913655,
          "auto_unstuck_wallet_exposure_threshold": 0.04490814838498347,
          "backwards_tp": true,
          "ddown_factor": 0.1,
          "ema_span_0": 671.2601316352024,
          "ema_span_1": 562.1182346521323,
          "enabled": true,
          "initial_eprice_ema_dist": -0.009657729465420282,
          "initial_qty_pct": 0.04367440320178493,
          "markup_range": 0.017196230371810492,
          "min_markup": 0.007315517372119631,
          "n_close_orders": 2,
          "rentry_pprice_dist": 0.026812379871683806,
          "rentry_pprice_dist_wallet_exposure_weighting": 2.141700982073404,
          "wallet_exposure_limit": 1},
 "short": {"auto_unstuck_delay_minutes": 0.0,
           "auto_unstuck_ema_dist": 0.0,
           "auto_unstuck_qty_pct": 0.0,
           "auto_unstuck_wallet_exposure_threshold": 0.0,
           "backwards_tp": true,
           "ddown_factor": 2.4032230620013384,
           "ema_span_0": 973.256510285513,
           "ema_span_1": 1280.8660458412724,
           "enabled": false,
           "initial_eprice_ema_dist": -0.00023484711833117976,
           "initial_qty_pct": 0.009289527438232779,
           "markup_range": 0.00015746861856138494,
           "min_markup": 0.007440128664534605,
           "n_close_orders": 6,
           "rentry_pprice_dist": 0.04026327319132493,
           "rentry_pprice_dist_wallet_exposure_weighting": 3.0546524148840652,
           "wallet_exposure_limit": 1.0}}