{"config_name": "recursive_grid_1000BONKUSDT_143days",
 "logging_level": 0,
 "long": {"auto_unstuck_delay_minutes": 867.710113048671,
          "auto_unstuck_ema_dist": 0.035931777387583436,
          "auto_unstuck_qty_pct": 0.01,
          "auto_unstuck_wallet_exposure_threshold": 0.06935356204237146,
          "backwards_tp": false,
          "ddown_factor": 0.33530915913425813,
          "ema_span_0": 1029.5964862600838,
          "ema_span_1": 976.3279488801236,
          "enabled": true,
          "initial_eprice_ema_dist": 0.025789936565016228,
          "initial_qty_pct": 0.04003791140751348,
          "markup_range": 0.029743168629697732,
          "min_markup": 0.009556898973750056,
          "n_close_orders": 5,
          "rentry_pprice_dist": 0.035854015142158496,
          "rentry_pprice_dist_wallet_exposure_weighting": 13.909106685533754,
          "wallet_exposure_limit": 1.0},
 "short": {"auto_unstuck_delay_minutes": 1309.5454296383716,
           "auto_unstuck_ema_dist": -0.0061267739742260074,
           "auto_unstuck_qty_pct": 0.044862693754664985,
           "auto_unstuck_wallet_exposure_threshold": 0.762663017885972,
           "backwards_tp": false,
           "ddown_factor": 1.9311784080456644,
           "ema_span_0": 30.299438799027012,
           "ema_span_1": 950.4550306844636,
           "enabled": false,
           "initial_eprice_ema_dist": -0.04322251276676541,
           "initial_qty_pct": 0.027152734092225732,
           "markup_range": 0.056871348741895825,
           "min_markup": 0.0047311691683582,
           "n_close_orders": 14,
           "rentry_pprice_dist": 0.0073994863186840525,
           "rentry_pprice_dist_wallet_exposure_weighting": 6.193023915271536,
           "wallet_exposure_limit": 1.0}}