{"config_name": "recursive_grid_TRXUSDT_1062days",
 "logging_level": 0,
 "long": {"auto_unstuck_delay_minutes": 0,
          "auto_unstuck_ema_dist": 0,
          "auto_unstuck_qty_pct": 0,
          "auto_unstuck_wallet_exposure_threshold": 0.0,
          "backwards_tp": false,
          "ddown_factor": 0.5448305796521191,
          "ema_span_0": 1396.8975343336926,
          "ema_span_1": 1235.070674309088,
          "enabled": true,
          "initial_eprice_ema_dist": 0.020647102180221658,
          "initial_qty_pct": 0.04,
          "markup_range": 0.04247829519376309,
          "min_markup": 0.03,
          "n_close_orders": 3,
          "rentry_pprice_dist": 0.04130801715921268,
          "rentry_pprice_dist_wallet_exposure_weighting": 8.803218166686424,
          "wallet_exposure_limit": 1.0},
 "short": {"auto_unstuck_delay_minutes": 651.1004395738303,
           "auto_unstuck_ema_dist": -0.08924438632701531,
           "auto_unstuck_qty_pct": 0.08342005536731485,
           "auto_unstuck_wallet_exposure_threshold": 0.447348559318949,
           "backwards_tp": false,
           "ddown_factor": 2.9678233910615583,
           "ema_span_0": 673.8929739991261,
           "ema_span_1": 1207.346240524712,
           "enabled": false,
           "initial_eprice_ema_dist": -0.07940548866320528,
           "initial_qty_pct": 0.014455908794994757,
           "markup_range": 0.016793550172144622,
           "min_markup": 0.004931643462086329,
           "n_close_orders": 16,
           "rentry_pprice_dist": 0.02510554964898215,
           "rentry_pprice_dist_wallet_exposure_weighting": 13.275260227624827,
           "wallet_exposure_limit": 1.0}}