{"config_name": "recursive_grid_BEAMUSDT_212days",
 "logging_level": 0,
 "long": {"auto_unstuck_delay_minutes": 0,
          "auto_unstuck_ema_dist": 0,
          "auto_unstuck_qty_pct": 0,
          "auto_unstuck_wallet_exposure_threshold": 0.0,
          "backwards_tp": false,
          "ddown_factor": 0.5628433125899589,
          "ema_span_0": 67.23109707743887,
          "ema_span_1": 69.51787738964379,
          "enabled": true,
          "initial_eprice_ema_dist": 0.011771721233136807,
          "initial_qty_pct": 0.04,
          "markup_range": 0.03325067858785781,
          "min_markup": 0.010472632885066497,
          "n_close_orders": 4,
          "rentry_pprice_dist": 0.01110452028936147,
          "rentry_pprice_dist_wallet_exposure_weighting": 8.877243975863758,
          "wallet_exposure_limit": 1},
 "short": {"auto_unstuck_delay_minutes": 700.466562327772,
           "auto_unstuck_ema_dist": -0.06417300961649,
           "auto_unstuck_qty_pct": 0.09812766600434453,
           "auto_unstuck_wallet_exposure_threshold": 0.8836398543053887,
           "backwards_tp": false,
           "ddown_factor": 0.8863324496459704,
           "ema_span_0": 682.8841662364019,
           "ema_span_1": 557.6729389461331,
           "enabled": false,
           "initial_eprice_ema_dist": -0.030378087697213507,
           "initial_qty_pct": 0.039948851422777966,
           "markup_range": 0.04938113734576317,
           "min_markup": 0.0044274998504432,
           "n_close_orders": 16,
           "rentry_pprice_dist": 0.014404289876897767,
           "rentry_pprice_dist_wallet_exposure_weighting": 6.8280773741801015,
           "wallet_exposure_limit": 1.0}}