{"config_name": "recursive_grid_1000RATSUSDT_150days",
 "logging_level": 0,
 "long": {"auto_unstuck_delay_minutes": 643.9957971778972,
          "auto_unstuck_ema_dist": 0.0002888961657262906,
          "auto_unstuck_qty_pct": 0.01,
          "auto_unstuck_wallet_exposure_threshold": 0.07854078947829987,
          "backwards_tp": false,
          "ddown_factor": 0.5675963086187946,
          "ema_span_0": 1092.688737900231,
          "ema_span_1": 717.3426459931336,
          "enabled": true,
          "initial_eprice_ema_dist": 0.046693373506308374,
          "initial_qty_pct": 0.037001251920363534,
          "markup_range": 0.036388903397977755,
          "min_markup": 0.010496551274618616,
          "n_close_orders": 5,
          "rentry_pprice_dist": 0.0370486514603964,
          "rentry_pprice_dist_wallet_exposure_weighting": 14.372625088669501,
          "wallet_exposure_limit": 1.0},
 "short": {"auto_unstuck_delay_minutes": 291.31950236338554,
           "auto_unstuck_ema_dist": -0.022490667722901633,
           "auto_unstuck_qty_pct": 0.0723691726338575,
           "auto_unstuck_wallet_exposure_threshold": 0.8587356687350082,
           "backwards_tp": false,
           "ddown_factor": 0.5258971981852084,
           "ema_span_0": 1374.2583819334027,
           "ema_span_1": 37.379535971484124,
           "enabled": false,
           "initial_eprice_ema_dist": 0.0004320392343384466,
           "initial_qty_pct": 0.022919388161295188,
           "markup_range": 0.03508989634344543,
           "min_markup": 0.008960971976385568,
           "n_close_orders": 14,
           "rentry_pprice_dist": 0.025344107247110826,
           "rentry_pprice_dist_wallet_exposure_weighting": 6.791998331127649,
           "wallet_exposure_limit": 1.0}}