{"config_name": "recursive_grid_SHIB1000USDT_144days",
 "logging_level": 0,
 "long": {"auto_unstuck_delay_minutes": 1151.740369451933,
          "auto_unstuck_ema_dist": 0.012732852532385177,
          "auto_unstuck_qty_pct": 0.01,
          "auto_unstuck_wallet_exposure_threshold": 0.07865596357443973,
          "backwards_tp": false,
          "ddown_factor": 0.5834141253853359,
          "ema_span_0": 404.0870004476322,
          "ema_span_1": 288.460126064341,
          "enabled": true,
          "initial_eprice_ema_dist": 0.00845246839942103,
          "initial_qty_pct": 0.04753180357400922,
          "markup_range": 0.04643749121935678,
          "min_markup": 0.015858719569937754,
          "n_close_orders": 5,
          "rentry_pprice_dist": 0.008167779283393925,
          "rentry_pprice_dist_wallet_exposure_weighting": 7.969678522446917,
          "wallet_exposure_limit": 1},
 "short": {"auto_unstuck_delay_minutes": 1428.967038533858,
           "auto_unstuck_ema_dist": -0.026406225078135268,
           "auto_unstuck_qty_pct": 0.05260191781599429,
           "auto_unstuck_wallet_exposure_threshold": 0.7275576282998201,
           "backwards_tp": false,
           "ddown_factor": 0.7325960552425353,
           "ema_span_0": 78.27504931620588,
           "ema_span_1": 1122.2368896724497,
           "enabled": false,
           "initial_eprice_ema_dist": -0.03277042053821466,
           "initial_qty_pct": 0.018130107075507843,
           "markup_range": 0.0494940501906427,
           "min_markup": 0.0012599187250844001,
           "n_close_orders": 12,
           "rentry_pprice_dist": 0.02449102789727939,
           "rentry_pprice_dist_wallet_exposure_weighting": 14.42919970681631,
           "wallet_exposure_limit": 1.0}}