{"config_name": "recursive_grid_XMRUSDT_880days",
 "logging_level": 0,
 "long": {"auto_unstuck_delay_minutes": 0,
          "auto_unstuck_ema_dist": 0,
          "auto_unstuck_qty_pct": 0,
          "auto_unstuck_wallet_exposure_threshold": 0.0,
          "backwards_tp": false,
          "ddown_factor": 0.597657619619397,
          "ema_span_0": 1367.7972385832854,
          "ema_span_1": 1339.5455559801258,
          "enabled": true,
          "initial_eprice_ema_dist": 0.01157850650489882,
          "initial_qty_pct": 0.04,
          "markup_range": 0.03754455195870161,
          "min_markup": 0.008791784569513813,
          "n_close_orders": 3,
          "rentry_pprice_dist": 0.024362300097249445,
          "rentry_pprice_dist_wallet_exposure_weighting": 10.27614246951888,
          "wallet_exposure_limit": 1},
 "short": {"auto_unstuck_delay_minutes": 80.87319789637247,
           "auto_unstuck_ema_dist": 0.0021225063474890477,
           "auto_unstuck_qty_pct": 0.03943915650797474,
           "auto_unstuck_wallet_exposure_threshold": 0.6214101216409806,
           "backwards_tp": false,
           "ddown_factor": 1.5008817986163465,
           "ema_span_0": 1307.4459199791872,
           "ema_span_1": 855.5598417092341,
           "enabled": false,
           "initial_eprice_ema_dist": -0.06460742665155783,
           "initial_qty_pct": 0.020050956005528482,
           "markup_range": 0.025114130570054013,
           "min_markup": 0.00767757531882212,
           "n_close_orders": 10,
           "rentry_pprice_dist": 0.035830850715168686,
           "rentry_pprice_dist_wallet_exposure_weighting": 11.009497169348009,
           "wallet_exposure_limit": 1.0}}