{"config_name": "recursive_grid_DOTUSDT_156days",
 "logging_level": 0,
 "long": {"auto_unstuck_delay_minutes": 1046.2967545962533,
          "auto_unstuck_ema_dist": 0.03089393937364497,
          "auto_unstuck_qty_pct": 0.01,
          "auto_unstuck_wallet_exposure_threshold": 0.09864546190860601,
          "backwards_tp": false,
          "ddown_factor": 0.5980683639661522,
          "ema_span_0": 182.4484931579938,
          "ema_span_1": 830.6680338970737,
          "enabled": true,
          "initial_eprice_ema_dist": 0.0038737577677653984,
          "initial_qty_pct": 0.04858048509056027,
          "markup_range": 0.022344794611648382,
          "min_markup": 0.015266153475404465,
          "n_close_orders": 8,
          "rentry_pprice_dist": 0.03624273022911715,
          "rentry_pprice_dist_wallet_exposure_weighting": 9.39582605548858,
          "wallet_exposure_limit": 1.0},
 "short": {"auto_unstuck_delay_minutes": 1270.2053089445708,
           "auto_unstuck_ema_dist": -0.07731345535714884,
           "auto_unstuck_qty_pct": 0.052487443718472575,
           "auto_unstuck_wallet_exposure_threshold": 0.2571604717017121,
           "backwards_tp": false,
           "ddown_factor": 1.2229834181429011,
           "ema_span_0": 1279.7052672463253,
           "ema_span_1": 69.60845702402483,
           "enabled": false,
           "initial_eprice_ema_dist": -0.09528576793985978,
           "initial_qty_pct": 0.025563552920220913,
           "markup_range": 0.034340230299539934,
           "min_markup": 0.003365340989501681,
           "n_close_orders": 12,
           "rentry_pprice_dist": 0.018943509990241806,
           "rentry_pprice_dist_wallet_exposure_weighting": 13.679959265188277,
           "wallet_exposure_limit": 1.0}}