{"config_name": "recursive_grid_OCEANUSDT_454days",
 "logging_level": 0,
 "long": {"auto_unstuck_delay_minutes": 1192.100263779075,
          "auto_unstuck_ema_dist": 0.03471780654999694,
          "auto_unstuck_qty_pct": 0.01,
          "auto_unstuck_wallet_exposure_threshold": 0.07079841002111911,
          "backwards_tp": false,
          "ddown_factor": 1.295058317070419,
          "ema_span_0": 615.3411380125684,
          "ema_span_1": 492.3278781810596,
          "enabled": true,
          "initial_eprice_ema_dist": 0.005660330805262721,
          "initial_qty_pct": 0.05,
          "markup_range": 0.05833024691146031,
          "min_markup": 0.008114458824201205,
          "n_close_orders": 4,
          "rentry_pprice_dist": 0.026968579265891794,
          "rentry_pprice_dist_wallet_exposure_weighting": 3.5719882698717034,
          "wallet_exposure_limit": 1.0},
 "short": {"auto_unstuck_delay_minutes": 783.7385817366423,
           "auto_unstuck_ema_dist": -0.07467576053676706,
           "auto_unstuck_qty_pct": 0.04425683832299866,
           "auto_unstuck_wallet_exposure_threshold": 0.6294805776322259,
           "backwards_tp": true,
           "ddown_factor": 0.35510170573784927,
           "ema_span_0": 305.66599978743875,
           "ema_span_1": 251.70491955896614,
           "enabled": false,
           "initial_eprice_ema_dist": -0.09772530100669631,
           "initial_qty_pct": 0.044624393562511785,
           "markup_range": 0.03543315160144871,
           "min_markup": 0.006725845775836588,
           "n_close_orders": 10,
           "rentry_pprice_dist": 0.013945298802998801,
           "rentry_pprice_dist_wallet_exposure_weighting": 15.021997099704825,
           "wallet_exposure_limit": 1.0}}