{"config_name": "recursive_grid_MNTUSDT_156days",
 "logging_level": 0,
 "long": {"auto_unstuck_delay_minutes": 1369.6025746764612,
          "auto_unstuck_ema_dist": 0.00391778891535206,
          "auto_unstuck_qty_pct": 0.01,
          "auto_unstuck_wallet_exposure_threshold": 0.08936201302488819,
          "backwards_tp": false,
          "ddown_factor": 0.5597987169386741,
          "ema_span_0": 1271.7614316198021,
          "ema_span_1": 1385.5138736552774,
          "enabled": true,
          "initial_eprice_ema_dist": 0.008120100543145251,
          "initial_qty_pct": 0.036573210833812174,
          "markup_range": 0.04302333782751941,
          "min_markup": 0.011345440685215112,
          "n_close_orders": 8,
          "rentry_pprice_dist": 0.008744787164097486,
          "rentry_pprice_dist_wallet_exposure_weighting": 8.825026733066155,
          "wallet_exposure_limit": 1},
 "short": {"auto_unstuck_delay_minutes": 1370.0491718225876,
           "auto_unstuck_ema_dist": -0.062443298614396486,
           "auto_unstuck_qty_pct": 0.09419926409320402,
           "auto_unstuck_wallet_exposure_threshold": 0.7300983163787836,
           "backwards_tp": false,
           "ddown_factor": 0.5534052845680668,
           "ema_span_0": 199.55622170988545,
           "ema_span_1": 78.65803300781437,
           "enabled": false,
           "initial_eprice_ema_dist": -0.05761697981473733,
           "initial_qty_pct": 0.019350333155853938,
           "markup_range": 0.04271246989077593,
           "min_markup": 0.0037102389681733226,
           "n_close_orders": 15,
           "rentry_pprice_dist": 0.02824679410802957,
           "rentry_pprice_dist_wallet_exposure_weighting": 14.670500625352057,
           "wallet_exposure_limit": 1.0}}