{"config_name": "recursive_grid_ENAUSDT_50days",
 "logging_level": 0,
 "long": {"auto_unstuck_delay_minutes": 949.2696364076953,
          "auto_unstuck_ema_dist": 0.046984629262554804,
          "auto_unstuck_qty_pct": 0.01,
          "auto_unstuck_wallet_exposure_threshold": 0.08461188273107288,
          "backwards_tp": false,
          "ddown_factor": 0.3297988589951565,
          "ema_span_0": 423.7170762816175,
          "ema_span_1": 354.62938999344874,
          "enabled": true,
          "initial_eprice_ema_dist": -0.01482195223802642,
          "initial_qty_pct": 0.043677432689531004,
          "markup_range": 0.042471030973043895,
          "min_markup": 0.036234291043726045,
          "n_close_orders": 6,
          "rentry_pprice_dist": 0.01819664882365205,
          "rentry_pprice_dist_wallet_exposure_weighting": 8.509794707598227,
          "wallet_exposure_limit": 1},
 "short": {"auto_unstuck_delay_minutes": 1111.563126246075,
           "auto_unstuck_ema_dist": -0.0014478659469499555,
           "auto_unstuck_qty_pct": 0.06410524077549092,
           "auto_unstuck_wallet_exposure_threshold": 0.6389444101737765,
           "backwards_tp": false,
           "ddown_factor": 2.1352432207962,
           "ema_span_0": 1284.2265439869002,
           "ema_span_1": 1215.454894016602,
           "enabled": false,
           "initial_eprice_ema_dist": -0.05939272308467219,
           "initial_qty_pct": 0.04318955723787889,
           "markup_range": 0.04894075917106339,
           "min_markup": 0.005214311148458703,
           "n_close_orders": 11,
           "rentry_pprice_dist": 0.009021124749460086,
           "rentry_pprice_dist_wallet_exposure_weighting": 18.268969022882754,
           "wallet_exposure_limit": 1.0}}