{"config_name": "recursive_grid_1000RATSUSDT_150days",
 "logging_level": 0,
 "long": {"auto_unstuck_delay_minutes": 1110.4462742503838,
          "auto_unstuck_ema_dist": 0.019640405789501436,
          "auto_unstuck_qty_pct": 0.01,
          "auto_unstuck_wallet_exposure_threshold": 0.0848849304284064,
          "backwards_tp": false,
          "ddown_factor": 0.4618064440647275,
          "ema_span_0": 258.4934945265894,
          "ema_span_1": 288.76531213075907,
          "enabled": true,
          "initial_eprice_ema_dist": 0.02659844624949986,
          "initial_qty_pct": 0.0460502103431676,
          "markup_range": 0.03307896956419728,
          "min_markup": 0.012037986159647109,
          "n_close_orders": 7,
          "rentry_pprice_dist": 0.013737328713389643,
          "rentry_pprice_dist_wallet_exposure_weighting": 11.136796227952145,
          "wallet_exposure_limit": 1},
 "short": {"auto_unstuck_delay_minutes": 1368.3129975089014,
           "auto_unstuck_ema_dist": -0.07648547647796497,
           "auto_unstuck_qty_pct": 0.05303959880426976,
           "auto_unstuck_wallet_exposure_threshold": 0.6629988557074264,
           "backwards_tp": false,
           "ddown_factor": 1.1691416345279502,
           "ema_span_0": 1083.1167372237537,
           "ema_span_1": 1094.4888029078015,
           "enabled": false,
           "initial_eprice_ema_dist": -0.06488068712743422,
           "initial_qty_pct": 0.025788103416157004,
           "markup_range": 0.04780348065700965,
           "min_markup": 0.0021173556666881426,
           "n_close_orders": 15,
           "rentry_pprice_dist": 0.033163555901074684,
           "rentry_pprice_dist_wallet_exposure_weighting": 12.89054999188734,
           "wallet_exposure_limit": 1.0}}