{"config_name": "recursive_grid_TONUSDT_156days",
 "logging_level": 0,
 "long": {"auto_unstuck_delay_minutes": 780.9199329700276,
          "auto_unstuck_ema_dist": -0.038159745170516166,
          "auto_unstuck_qty_pct": 0.01,
          "auto_unstuck_wallet_exposure_threshold": 0.07985434632032007,
          "backwards_tp": false,
          "ddown_factor": 0.4195381448180089,
          "ema_span_0": 446.55674025536615,
          "ema_span_1": 1140.2777384307003,
          "enabled": true,
          "initial_eprice_ema_dist": 0.0019104334989427049,
          "initial_qty_pct": 0.04919657746840849,
          "markup_range": 0.04035282782027103,
          "min_markup": 0.01485686690896379,
          "n_close_orders": 6,
          "rentry_pprice_dist": 0.005,
          "rentry_pprice_dist_wallet_exposure_weighting": 8.84231763142534,
          "wallet_exposure_limit": 1},
 "short": {"auto_unstuck_delay_minutes": 568.5997673965786,
           "auto_unstuck_ema_dist": -0.01169689204918016,
           "auto_unstuck_qty_pct": 0.05941348153616485,
           "auto_unstuck_wallet_exposure_threshold": 0.621528664344902,
           "backwards_tp": false,
           "ddown_factor": 0.7100787545352166,
           "ema_span_0": 424.2263789963776,
           "ema_span_1": 448.3691733611911,
           "enabled": false,
           "initial_eprice_ema_dist": -0.0643396398401953,
           "initial_qty_pct": 0.033428386035449634,
           "markup_range": 0.01450515456794645,
           "min_markup": 0.003758405609095056,
           "n_close_orders": 10,
           "rentry_pprice_dist": 0.01910483775243623,
           "rentry_pprice_dist_wallet_exposure_weighting": 14.434098567529738,
           "wallet_exposure_limit": 1.0}}