{"config_name": "recursive_grid_HBARUSDT_365days",
 "logging_level": 0,
 "long": {"auto_unstuck_delay_minutes": 257.14282176271826,
          "auto_unstuck_ema_dist": -0.012822131013192784,
          "auto_unstuck_qty_pct": 0.09518854733080614,
          "auto_unstuck_wallet_exposure_threshold": 0.7,
          "backwards_tp": false,
          "ddown_factor": 0.21893446174285125,
          "ema_span_0": 1407.7129565089722,
          "ema_span_1": 72.89560750451174,
          "enabled": true,
          "initial_eprice_ema_dist": -0.0610626418744344,
          "initial_qty_pct": 0.030672987264580225,
          "markup_range": 0.003782025124156222,
          "min_markup": 0.008294217923900856,
          "n_close_orders": 5,
          "rentry_pprice_dist": 0.022953887483685254,
          "rentry_pprice_dist_wallet_exposure_weighting": 0.11657140504239444,
          "wallet_exposure_limit": 1},
 "short": {"auto_unstuck_delay_minutes": 848.1367075795511,
           "auto_unstuck_ema_dist": -0.047785149668329314,
           "auto_unstuck_qty_pct": 0.04353656547107728,
           "auto_unstuck_wallet_exposure_threshold": 0.1006741695351811,
           "backwards_tp": false,
           "ddown_factor": 2.3038606016471257,
           "ema_span_0": 1038.5299751605012,
           "ema_span_1": 600.7125953748473,
           "enabled": false,
           "initial_eprice_ema_dist": 0.00017130052914562932,
           "initial_qty_pct": 0.015085684185320136,
           "markup_range": 0.006156603727911697,
           "min_markup": 0.02680969710969026,
           "n_close_orders": 15,
           "rentry_pprice_dist": 0.005490249638445554,
           "rentry_pprice_dist_wallet_exposure_weighting": 1.4270086684848389,
           "wallet_exposure_limit": 1.0}}