{"config_name": "recursive_grid_TRXUSDT_366days",
 "logging_level": 0,
 "long": {"auto_unstuck_delay_minutes": 1427.27592689477,
          "auto_unstuck_ema_dist": -0.02808051209290604,
          "auto_unstuck_qty_pct": 0.0184749299979622,
          "auto_unstuck_wallet_exposure_threshold": 0.18690269305383192,
          "backwards_tp": false,
          "ddown_factor": 0.4023603786573559,
          "ema_span_0": 2058.584765590812,
          "ema_span_1": 1164.7287631213053,
          "enabled": true,
          "initial_eprice_ema_dist": -0.005597612538968478,
          "initial_qty_pct": 0.04193066512708982,
          "markup_range": 0.009615655862550499,
          "min_markup": 0.00557625452076666,
          "n_close_orders": 8,
          "rentry_pprice_dist": 0.017569433977894587,
          "rentry_pprice_dist_wallet_exposure_weighting": 0.5691642960281376,
          "wallet_exposure_limit": 1.0},
 "short": {"auto_unstuck_delay_minutes": 0.0,
           "auto_unstuck_ema_dist": 0.0,
           "auto_unstuck_qty_pct": 0.0,
           "auto_unstuck_wallet_exposure_threshold": 0.0,
           "backwards_tp": false,
           "ddown_factor": 1.9760274901467747,
           "ema_span_0": 623.5061239306609,
           "ema_span_1": 406.80298517161685,
           "enabled": false,
           "initial_eprice_ema_dist": -0.0028708746283834033,
           "initial_qty_pct": 0.008000553335489699,
           "markup_range": 0.005640778922554732,
           "min_markup": 0.003683306728166379,
           "n_close_orders": 3,
           "rentry_pprice_dist": 0.05728260392731404,
           "rentry_pprice_dist_wallet_exposure_weighting": 1.4180008531277584,
           "wallet_exposure_limit": 1.0}}