{"config_name": "recursive_grid_IMXUSDT_454days",
 "logging_level": 0,
 "long": {"auto_unstuck_delay_minutes": 1404.6283621792613,
          "auto_unstuck_ema_dist": -0.05,
          "auto_unstuck_qty_pct": 0.01,
          "auto_unstuck_wallet_exposure_threshold": 0.050871223926913484,
          "backwards_tp": false,
          "ddown_factor": 0.78654476019161,
          "ema_span_0": 1013.1010220499358,
          "ema_span_1": 877.9066407639119,
          "enabled": true,
          "initial_eprice_ema_dist": 0.007935653420448862,
          "initial_qty_pct": 0.05,
          "markup_range": 0.0424420325593562,
          "min_markup": 0.0057032281935260574,
          "n_close_orders": 5,
          "rentry_pprice_dist": 0.022921969238204054,
          "rentry_pprice_dist_wallet_exposure_weighting": 1.5659115343210706,
          "wallet_exposure_limit": 1},
 "short": {"auto_unstuck_delay_minutes": 838.1862617437239,
           "auto_unstuck_ema_dist": -0.08367483169787017,
           "auto_unstuck_qty_pct": 0.051583867015040585,
           "auto_unstuck_wallet_exposure_threshold": 0.5779218767739224,
           "backwards_tp": true,
           "ddown_factor": 2.2199988511723348,
           "ema_span_0": 298.96280453681635,
           "ema_span_1": 149.11863815963386,
           "enabled": false,
           "initial_eprice_ema_dist": -0.07714077007751391,
           "initial_qty_pct": 0.02273893703648202,
           "markup_range": 0.04395103924035678,
           "min_markup": 0.0029662471894641696,
           "n_close_orders": 10,
           "rentry_pprice_dist": 0.023775828973903627,
           "rentry_pprice_dist_wallet_exposure_weighting": 6.157854931378948,
           "wallet_exposure_limit": 1.0}}