{"config_name": "recursive_grid_GRTUSDT_143days",
 "logging_level": 0,
 "long": {"auto_unstuck_delay_minutes": 1189.3387054764783,
          "auto_unstuck_ema_dist": 0.0012443755197665274,
          "auto_unstuck_qty_pct": 0.01,
          "auto_unstuck_wallet_exposure_threshold": 0.06895240116528864,
          "backwards_tp": false,
          "ddown_factor": 0.39441622665793663,
          "ema_span_0": 859.6995287396737,
          "ema_span_1": 681.3298019246321,
          "enabled": true,
          "initial_eprice_ema_dist": -0.0018126355840563865,
          "initial_qty_pct": 0.03405953700443705,
          "markup_range": 0.018180720738340917,
          "min_markup": 0.008194566333073056,
          "n_close_orders": 5,
          "rentry_pprice_dist": 0.030176200355550912,
          "rentry_pprice_dist_wallet_exposure_weighting": 9.309519072842527,
          "wallet_exposure_limit": 1},
 "short": {"auto_unstuck_delay_minutes": 297.283192648386,
           "auto_unstuck_ema_dist": -0.06101818847960628,
           "auto_unstuck_qty_pct": 0.050982867691238686,
           "auto_unstuck_wallet_exposure_threshold": 0.25076705219088213,
           "backwards_tp": false,
           "ddown_factor": 1.332728875929663,
           "ema_span_0": 297.80784101430015,
           "ema_span_1": 1365.6454590198457,
           "enabled": false,
           "initial_eprice_ema_dist": -0.09677273655710684,
           "initial_qty_pct": 0.01895578972603753,
           "markup_range": 0.05970932227190905,
           "min_markup": 0.0036025931007238328,
           "n_close_orders": 10,
           "rentry_pprice_dist": 0.00661614259992329,
           "rentry_pprice_dist_wallet_exposure_weighting": 16.083718896503644,
           "wallet_exposure_limit": 1.0}}