{"config_name": "recursive_grid_ETHUSDT_143days",
 "logging_level": 0,
 "long": {"auto_unstuck_delay_minutes": 642.1926279739369,
          "auto_unstuck_ema_dist": 0.024248579534998288,
          "auto_unstuck_qty_pct": 0.01,
          "auto_unstuck_wallet_exposure_threshold": 0.08852573868835598,
          "backwards_tp": false,
          "ddown_factor": 0.4678318071215861,
          "ema_span_0": 265.1207807553455,
          "ema_span_1": 1208.4652560753386,
          "enabled": true,
          "initial_eprice_ema_dist": 0.022883176418405184,
          "initial_qty_pct": 0.03342344605319164,
          "markup_range": 0.04503144791152232,
          "min_markup": 0.01073382208422817,
          "n_close_orders": 5,
          "rentry_pprice_dist": 0.016216226617858317,
          "rentry_pprice_dist_wallet_exposure_weighting": 14.067637214212507,
          "wallet_exposure_limit": 1.0},
 "short": {"auto_unstuck_delay_minutes": 397.2775169984769,
           "auto_unstuck_ema_dist": -0.07721684934168016,
           "auto_unstuck_qty_pct": 0.08450534561733969,
           "auto_unstuck_wallet_exposure_threshold": 0.6035550443807842,
           "backwards_tp": false,
           "ddown_factor": 2.4167935204968556,
           "ema_span_0": 1114.094073524651,
           "ema_span_1": 42.19562887732175,
           "enabled": false,
           "initial_eprice_ema_dist": -0.003223123206861689,
           "initial_qty_pct": 0.018670175964013908,
           "markup_range": 0.02112087111910578,
           "min_markup": 0.008746729136021222,
           "n_close_orders": 11,
           "rentry_pprice_dist": 0.019053102562106083,
           "rentry_pprice_dist_wallet_exposure_weighting": 12.465110034759277,
           "wallet_exposure_limit": 1.0}}