{"config_name": "recursive_grid_HBARUSDT_962days",
 "logging_level": 0,
 "long": {"auto_unstuck_delay_minutes": 0,
          "auto_unstuck_ema_dist": 0,
          "auto_unstuck_qty_pct": 0,
          "auto_unstuck_wallet_exposure_threshold": 0.0,
          "backwards_tp": false,
          "ddown_factor": 0.475384364133073,
          "ema_span_0": 1308.0351947600223,
          "ema_span_1": 1141.1768368352186,
          "enabled": true,
          "initial_eprice_ema_dist": 0.024667854441650098,
          "initial_qty_pct": 0.04,
          "markup_range": 0.03986809443997967,
          "min_markup": 0.01618233719342723,
          "n_close_orders": 3,
          "rentry_pprice_dist": 0.019527026156671085,
          "rentry_pprice_dist_wallet_exposure_weighting": 9.003856085994789,
          "wallet_exposure_limit": 1},
 "short": {"auto_unstuck_delay_minutes": 791.1946648788355,
           "auto_unstuck_ema_dist": -0.03558589047830871,
           "auto_unstuck_qty_pct": 0.07511623926583437,
           "auto_unstuck_wallet_exposure_threshold": 0.19773181527718178,
           "backwards_tp": false,
           "ddown_factor": 0.686844573104043,
           "ema_span_0": 840.298831307171,
           "ema_span_1": 476.55895107918866,
           "enabled": false,
           "initial_eprice_ema_dist": -0.04345217922940716,
           "initial_qty_pct": 0.026472962782734935,
           "markup_range": 0.05768530352037857,
           "min_markup": 0.006692739697799839,
           "n_close_orders": 3,
           "rentry_pprice_dist": 0.032908434661060644,
           "rentry_pprice_dist_wallet_exposure_weighting": 14.885344973518905,
           "wallet_exposure_limit": 1.0}}