{"config_name": "recursive_grid_1000RATSUSDT_129days",
 "logging_level": 0,
 "long": {"auto_unstuck_delay_minutes": 1231.7709860607179,
          "auto_unstuck_ema_dist": 0.027158102459413167,
          "auto_unstuck_qty_pct": 0.01,
          "auto_unstuck_wallet_exposure_threshold": 0.0784183327689398,
          "backwards_tp": false,
          "ddown_factor": 1.6478722961915742,
          "ema_span_0": 1429.4466226425163,
          "ema_span_1": 1404.869621847604,
          "enabled": true,
          "initial_eprice_ema_dist": 0.0054708664483447845,
          "initial_qty_pct": 0.05,
          "markup_range": 0.05625621269144261,
          "min_markup": 0.008996071665085311,
          "n_close_orders": 7,
          "rentry_pprice_dist": 0.06106150698845938,
          "rentry_pprice_dist_wallet_exposure_weighting": 2.774671621894318,
          "wallet_exposure_limit": 1},
 "short": {"auto_unstuck_delay_minutes": 565.4082409467916,
           "auto_unstuck_ema_dist": -0.020399257690732767,
           "auto_unstuck_qty_pct": 0.03252902654615721,
           "auto_unstuck_wallet_exposure_threshold": 0.6134493102765434,
           "backwards_tp": true,
           "ddown_factor": 1.5551773152179353,
           "ema_span_0": 387.9206496130591,
           "ema_span_1": 569.8746715088636,
           "enabled": false,
           "initial_eprice_ema_dist": -0.09067936839932643,
           "initial_qty_pct": 0.011949416413416541,
           "markup_range": 0.028410842555661828,
           "min_markup": 0.0025981045488488166,
           "n_close_orders": 10,
           "rentry_pprice_dist": 0.02912007713483517,
           "rentry_pprice_dist_wallet_exposure_weighting": 17.971532938831785,
           "wallet_exposure_limit": 1.0}}