{"config_name": "recursive_grid_OCEANUSDT_454days",
 "logging_level": 0,
 "long": {"auto_unstuck_delay_minutes": 608.2041620328141,
          "auto_unstuck_ema_dist": 0.04422634600260776,
          "auto_unstuck_qty_pct": 0.01,
          "auto_unstuck_wallet_exposure_threshold": 0.06491658343731696,
          "backwards_tp": false,
          "ddown_factor": 0.7353462529105006,
          "ema_span_0": 640.1174898788327,
          "ema_span_1": 737.9800007767678,
          "enabled": true,
          "initial_eprice_ema_dist": 0.006654449546879929,
          "initial_qty_pct": 0.05,
          "markup_range": 0.05872174814042057,
          "min_markup": 0.0048840673139702966,
          "n_close_orders": 7,
          "rentry_pprice_dist": 0.061767079064622255,
          "rentry_pprice_dist_wallet_exposure_weighting": 4.557987188706241,
          "wallet_exposure_limit": 1.0},
 "short": {"auto_unstuck_delay_minutes": 31.764568580066403,
           "auto_unstuck_ema_dist": -0.06108915162946302,
           "auto_unstuck_qty_pct": 0.0699779085617254,
           "auto_unstuck_wallet_exposure_threshold": 0.428750927147187,
           "backwards_tp": true,
           "ddown_factor": 0.30727536414013557,
           "ema_span_0": 796.4505155402953,
           "ema_span_1": 1431.5567845152757,
           "enabled": false,
           "initial_eprice_ema_dist": -0.07397266120697041,
           "initial_qty_pct": 0.027320587780444043,
           "markup_range": 0.006620922923594639,
           "min_markup": 0.003939146887269546,
           "n_close_orders": 2,
           "rentry_pprice_dist": 0.031716324311268695,
           "rentry_pprice_dist_wallet_exposure_weighting": 16.234547347514102,
           "wallet_exposure_limit": 1.0}}