{"config_name": "recursive_grid_1000TURBOUSDT_85days",
 "logging_level": 0,
 "long": {"auto_unstuck_delay_minutes": 1344.5807910170688,
          "auto_unstuck_ema_dist": 0.016953237530611745,
          "auto_unstuck_qty_pct": 0.01,
          "auto_unstuck_wallet_exposure_threshold": 0.06703170824171005,
          "backwards_tp": false,
          "ddown_factor": 0.4396892254382135,
          "ema_span_0": 162.32238146775137,
          "ema_span_1": 121.6672148893284,
          "enabled": true,
          "initial_eprice_ema_dist": -0.04518667317454764,
          "initial_qty_pct": 0.0355433627091832,
          "markup_range": 0.016567089756187064,
          "min_markup": 0.021286134735658453,
          "n_close_orders": 7,
          "rentry_pprice_dist": 0.03007531843586757,
          "rentry_pprice_dist_wallet_exposure_weighting": 9.1061383203764,
          "wallet_exposure_limit": 1},
 "short": {"auto_unstuck_delay_minutes": 484.2653026369211,
           "auto_unstuck_ema_dist": -0.06231535473525622,
           "auto_unstuck_qty_pct": 0.09443000996634882,
           "auto_unstuck_wallet_exposure_threshold": 0.19251710755132978,
           "backwards_tp": false,
           "ddown_factor": 0.9541449664333226,
           "ema_span_0": 852.7561315885328,
           "ema_span_1": 318.7489778762835,
           "enabled": false,
           "initial_eprice_ema_dist": -0.08045065580560534,
           "initial_qty_pct": 0.022692313989848313,
           "markup_range": 0.007444259742783641,
           "min_markup": 0.007277001197198246,
           "n_close_orders": 9,
           "rentry_pprice_dist": 0.02002630368358299,
           "rentry_pprice_dist_wallet_exposure_weighting": 16.75231351838701,
           "wallet_exposure_limit": 1.0}}