{"config_name": "recursive_grid_MATICUSDT_366days",
 "logging_level": 0,
 "long": {"auto_unstuck_delay_minutes": 1299.9175984443411,
          "auto_unstuck_ema_dist": -0.056253463107483886,
          "auto_unstuck_qty_pct": 0.03322783921864163,
          "auto_unstuck_wallet_exposure_threshold": 0.15873388189756954,
          "backwards_tp": false,
          "ddown_factor": 0.13641883486774195,
          "ema_span_0": 35.198820957391995,
          "ema_span_1": 779.7841768514126,
          "enabled": true,
          "initial_eprice_ema_dist": 0.0026153590829132885,
          "initial_qty_pct": 0.03,
          "markup_range": 0.008047850736932068,
          "min_markup": 0.0055161004296298555,
          "n_close_orders": 8,
          "rentry_pprice_dist": 0.04733286444998733,
          "rentry_pprice_dist_wallet_exposure_weighting": 3.785265112018103,
          "wallet_exposure_limit": 1.0},
 "short": {"auto_unstuck_delay_minutes": 0.0,
           "auto_unstuck_ema_dist": 0.0,
           "auto_unstuck_qty_pct": 0.0,
           "auto_unstuck_wallet_exposure_threshold": 0.0,
           "backwards_tp": false,
           "ddown_factor": 2.3742091195721122,
           "ema_span_0": 1174.7267614069315,
           "ema_span_1": 662.6281157843064,
           "enabled": false,
           "initial_eprice_ema_dist": -0.0028596608426172294,
           "initial_qty_pct": 0.018884631557469216,
           "markup_range": 0.008498951999536713,
           "min_markup": 0.005667917716721432,
           "n_close_orders": 6,
           "rentry_pprice_dist": 0.043235043395461976,
           "rentry_pprice_dist_wallet_exposure_weighting": 6.615230630064643,
           "wallet_exposure_limit": 1.0}}