{"config_name": "recursive_grid_SOLUSDT_365days",
 "logging_level": 0,
 "long": {"auto_unstuck_delay_minutes": 306.2327215840678,
          "auto_unstuck_ema_dist": -0.06702328246315747,
          "auto_unstuck_qty_pct": 0.05396077961453661,
          "auto_unstuck_wallet_exposure_threshold": 0.31355173298668665,
          "backwards_tp": false,
          "ddown_factor": 1.4598369822902169,
          "ema_span_0": 549.7389504714621,
          "ema_span_1": 581.9846760436209,
          "enabled": true,
          "initial_eprice_ema_dist": -0.050327777290615626,
          "initial_qty_pct": 0.03241338878426065,
          "markup_range": 0.016355589810392212,
          "min_markup": 0.00709343394114106,
          "n_close_orders": 5,
          "rentry_pprice_dist": 0.03255805367184325,
          "rentry_pprice_dist_wallet_exposure_weighting": 0.7252193059464086,
          "wallet_exposure_limit": 1},
 "short": {"auto_unstuck_delay_minutes": 1171.6192147238407,
           "auto_unstuck_ema_dist": -0.053344573098252974,
           "auto_unstuck_qty_pct": 0.07767959662104185,
           "auto_unstuck_wallet_exposure_threshold": 0.18311259579774275,
           "backwards_tp": false,
           "ddown_factor": 0.7488273080122698,
           "ema_span_0": 1335.058831181446,
           "ema_span_1": 1408.2020790207882,
           "enabled": false,
           "initial_eprice_ema_dist": -0.007759682494454947,
           "initial_qty_pct": 0.00784439820628522,
           "markup_range": 0.00031491453144132266,
           "min_markup": 0.027473691021085406,
           "n_close_orders": 4,
           "rentry_pprice_dist": 0.05188676088123092,
           "rentry_pprice_dist_wallet_exposure_weighting": 1.5684126043701068,
           "wallet_exposure_limit": 1.0}}