{"config_name": "recursive_grid_HBARUSDT_454days",
 "logging_level": 0,
 "long": {"auto_unstuck_delay_minutes": 1161.719338552596,
          "auto_unstuck_ema_dist": -0.020884129207196366,
          "auto_unstuck_qty_pct": 0.01,
          "auto_unstuck_wallet_exposure_threshold": 0.09111720006868496,
          "backwards_tp": false,
          "ddown_factor": 1.834995520680292,
          "ema_span_0": 1353.13953113532,
          "ema_span_1": 1338.5126174429631,
          "enabled": true,
          "initial_eprice_ema_dist": 0.009095360791017552,
          "initial_qty_pct": 0.05,
          "markup_range": 0.05601561843746878,
          "min_markup": 0.006676537740120538,
          "n_close_orders": 4,
          "rentry_pprice_dist": 0.021911136896000365,
          "rentry_pprice_dist_wallet_exposure_weighting": 0.6639763848943565,
          "wallet_exposure_limit": 1},
 "short": {"auto_unstuck_delay_minutes": 1439.681057379237,
           "auto_unstuck_ema_dist": -0.016072715791008566,
           "auto_unstuck_qty_pct": 0.026028058827631997,
           "auto_unstuck_wallet_exposure_threshold": 0.36683678143581344,
           "backwards_tp": true,
           "ddown_factor": 1.4956175874292794,
           "ema_span_0": 997.5588846553022,
           "ema_span_1": 87.24111887702486,
           "enabled": false,
           "initial_eprice_ema_dist": -0.007179600334822164,
           "initial_qty_pct": 0.016344615679597586,
           "markup_range": 0.04957503752866804,
           "min_markup": 0.0016003519500252077,
           "n_close_orders": 15,
           "rentry_pprice_dist": 0.011979852833381169,
           "rentry_pprice_dist_wallet_exposure_weighting": 7.779864677124375,
           "wallet_exposure_limit": 1.0}}