{"config_name": "recursive_grid_LTCUSDT_1331days",
 "logging_level": 0,
 "long": {"auto_unstuck_delay_minutes": 0.0,
          "auto_unstuck_ema_dist": 0.0,
          "auto_unstuck_qty_pct": 0.0,
          "auto_unstuck_wallet_exposure_threshold": 0.0,
          "backwards_tp": false,
          "ddown_factor": 0.473122159397851,
          "ema_span_0": 314.73767902347436,
          "ema_span_1": 369.8528204366788,
          "enabled": true,
          "initial_eprice_ema_dist": 0.09504081529289543,
          "initial_qty_pct": 0.04,
          "markup_range": 0.02616496450248955,
          "min_markup": 0.016031292063945563,
          "n_close_orders": 3,
          "rentry_pprice_dist": 0.023696246661838637,
          "rentry_pprice_dist_wallet_exposure_weighting": 10.651766108043994,
          "wallet_exposure_limit": 1.0},
 "short": {"auto_unstuck_delay_minutes": 626.6046170355819,
           "auto_unstuck_ema_dist": -0.061572666783961255,
           "auto_unstuck_qty_pct": 0.03452504637150707,
           "auto_unstuck_wallet_exposure_threshold": 0.36075519353702024,
           "backwards_tp": false,
           "ddown_factor": 0.39279267369230175,
           "ema_span_0": 811.6577978243122,
           "ema_span_1": 523.1753203573842,
           "enabled": false,
           "initial_eprice_ema_dist": -0.09850274506973267,
           "initial_qty_pct": 0.039179407493966874,
           "markup_range": 0.019341122688936743,
           "min_markup": 0.006539545581509923,
           "n_close_orders": 14,
           "rentry_pprice_dist": 0.049908088322482065,
           "rentry_pprice_dist_wallet_exposure_weighting": 18.11411568506172,
           "wallet_exposure_limit": 1.0}}