{"config_name": "recursive_grid_POWRUSDT_146days",
 "logging_level": 0,
 "long": {"auto_unstuck_delay_minutes": 1387.4885023812908,
          "auto_unstuck_ema_dist": 0.023915856677191018,
          "auto_unstuck_qty_pct": 0.01,
          "auto_unstuck_wallet_exposure_threshold": 0.06594692452865428,
          "backwards_tp": false,
          "ddown_factor": 0.44506227297003365,
          "ema_span_0": 1392.5600340605386,
          "ema_span_1": 1199.356088663478,
          "enabled": true,
          "initial_eprice_ema_dist": 0.03250636477818322,
          "initial_qty_pct": 0.03191585993702033,
          "markup_range": 0.011534650346835689,
          "min_markup": 0.008,
          "n_close_orders": 7,
          "rentry_pprice_dist": 0.03873207199010521,
          "rentry_pprice_dist_wallet_exposure_weighting": 14.157924982528613,
          "wallet_exposure_limit": 1},
 "short": {"auto_unstuck_delay_minutes": 1061.3407647505894,
           "auto_unstuck_ema_dist": -0.0007542741683741055,
           "auto_unstuck_qty_pct": 0.09609055657142726,
           "auto_unstuck_wallet_exposure_threshold": 0.6313046336496093,
           "backwards_tp": false,
           "ddown_factor": 0.3557386801341622,
           "ema_span_0": 919.4474378814052,
           "ema_span_1": 1222.2419035615721,
           "enabled": false,
           "initial_eprice_ema_dist": -0.0007809840742093593,
           "initial_qty_pct": 0.04546272518611173,
           "markup_range": 0.057444796033479587,
           "min_markup": 0.007680120643014094,
           "n_close_orders": 16,
           "rentry_pprice_dist": 0.020970069865953,
           "rentry_pprice_dist_wallet_exposure_weighting": 0.010020344837822215,
           "wallet_exposure_limit": 1.0}}