{"config_name": "recursive_grid_BCHUSDT_366days",
 "logging_level": 0,
 "long": {"auto_unstuck_delay_minutes": 1329.1764388311235,
          "auto_unstuck_ema_dist": -0.0006129539291262615,
          "auto_unstuck_qty_pct": 0.012378402792525282,
          "auto_unstuck_wallet_exposure_threshold": 0.19545648329111764,
          "backwards_tp": false,
          "ddown_factor": 1.4335638084180222,
          "ema_span_0": 1252.1053565219322,
          "ema_span_1": 44.627292298649806,
          "enabled": true,
          "initial_eprice_ema_dist": -0.0066352312148734525,
          "initial_qty_pct": 0.04977109987573313,
          "markup_range": 0.018547172953101845,
          "min_markup": 0.009690864659863614,
          "n_close_orders": 3,
          "rentry_pprice_dist": 0.03400744361678453,
          "rentry_pprice_dist_wallet_exposure_weighting": 0.03387586113971007,
          "wallet_exposure_limit": 1},
 "short": {"auto_unstuck_delay_minutes": 0.0,
           "auto_unstuck_ema_dist": 0.0,
           "auto_unstuck_qty_pct": 0.0,
           "auto_unstuck_wallet_exposure_threshold": 0.0,
           "backwards_tp": false,
           "ddown_factor": 1.9285296972045942,
           "ema_span_0": 1304.6418604552837,
           "ema_span_1": 447.15315788537436,
           "enabled": false,
           "initial_eprice_ema_dist": -0.004881299110689599,
           "initial_qty_pct": 0.005870606733433257,
           "markup_range": 0.00915608797971512,
           "min_markup": 0.004474043729618854,
           "n_close_orders": 12,
           "rentry_pprice_dist": 0.01042968757531566,
           "rentry_pprice_dist_wallet_exposure_weighting": 0.9990318768877898,
           "wallet_exposure_limit": 1.0}}