{"config_name": "recursive_grid_ARBUSDT_493days",
 "logging_level": 0,
 "long": {"auto_unstuck_delay_minutes": 0,
          "auto_unstuck_ema_dist": 0,
          "auto_unstuck_qty_pct": 0,
          "auto_unstuck_wallet_exposure_threshold": 0.0,
          "backwards_tp": false,
          "ddown_factor": 0.5178332057235657,
          "ema_span_0": 1002.2425236333021,
          "ema_span_1": 612.590830832042,
          "enabled": true,
          "initial_eprice_ema_dist": 0.029449619000651215,
          "initial_qty_pct": 0.04,
          "markup_range": 0.04094028090771175,
          "min_markup": 0.03,
          "n_close_orders": 3,
          "rentry_pprice_dist": 0.02578456433258388,
          "rentry_pprice_dist_wallet_exposure_weighting": 10.279528602129615,
          "wallet_exposure_limit": 1},
 "short": {"auto_unstuck_delay_minutes": 211.90475890719608,
           "auto_unstuck_ema_dist": -0.0008349911222450546,
           "auto_unstuck_qty_pct": 0.07981619477647219,
           "auto_unstuck_wallet_exposure_threshold": 0.7524744957616072,
           "backwards_tp": false,
           "ddown_factor": 0.5388384472104051,
           "ema_span_0": 1200.9408459838303,
           "ema_span_1": 575.7783138155116,
           "enabled": false,
           "initial_eprice_ema_dist": -0.03668951187053408,
           "initial_qty_pct": 0.021333983829258246,
           "markup_range": 0.012829888724605493,
           "min_markup": 0.002284899342475357,
           "n_close_orders": 12,
           "rentry_pprice_dist": 0.020095203660997384,
           "rentry_pprice_dist_wallet_exposure_weighting": 0.5325909986799404,
           "wallet_exposure_limit": 1.0}}