{"config_name": "recursive_grid_ETHUSDT_143days",
 "logging_level": 0,
 "long": {"auto_unstuck_delay_minutes": 721.2963533513274,
          "auto_unstuck_ema_dist": 0.009846716525688245,
          "auto_unstuck_qty_pct": 0.01,
          "auto_unstuck_wallet_exposure_threshold": 0.039066317749574225,
          "backwards_tp": false,
          "ddown_factor": 0.5211343203169303,
          "ema_span_0": 303.63487771861065,
          "ema_span_1": 237.7791185352671,
          "enabled": true,
          "initial_eprice_ema_dist": 0.007047679311719823,
          "initial_qty_pct": 0.03542699538572594,
          "markup_range": 0.04237660458540881,
          "min_markup": 0.010792485705986612,
          "n_close_orders": 5,
          "rentry_pprice_dist": 0.005791162849453829,
          "rentry_pprice_dist_wallet_exposure_weighting": 7.5,
          "wallet_exposure_limit": 1},
 "short": {"auto_unstuck_delay_minutes": 11.038070045344769,
           "auto_unstuck_ema_dist": -0.018687343905259793,
           "auto_unstuck_qty_pct": 0.02843646076536474,
           "auto_unstuck_wallet_exposure_threshold": 0.8339349961353284,
           "backwards_tp": false,
           "ddown_factor": 0.6749418940222401,
           "ema_span_0": 1326.2379865115413,
           "ema_span_1": 652.9770238239514,
           "enabled": false,
           "initial_eprice_ema_dist": -0.08048099991625993,
           "initial_qty_pct": 0.02044901418194235,
           "markup_range": 0.04388807111842519,
           "min_markup": 0.008219479243278292,
           "n_close_orders": 9,
           "rentry_pprice_dist": 0.03279599394668745,
           "rentry_pprice_dist_wallet_exposure_weighting": 18.89659134786249,
           "wallet_exposure_limit": 1.0}}