{"config_name": "recursive_grid_MKRUSDT_848days",
 "logging_level": 0,
 "long": {"auto_unstuck_delay_minutes": 0.0,
          "auto_unstuck_ema_dist": 0.0,
          "auto_unstuck_qty_pct": 0.0,
          "auto_unstuck_wallet_exposure_threshold": 0.0,
          "backwards_tp": false,
          "ddown_factor": 0.45836915073011214,
          "ema_span_0": 453.05278548147345,
          "ema_span_1": 1189.0908013475014,
          "enabled": true,
          "initial_eprice_ema_dist": -0.04725689218577163,
          "initial_qty_pct": 0.04,
          "markup_range": 0.03909258816194054,
          "min_markup": 0.01571801208190119,
          "n_close_orders": 4,
          "rentry_pprice_dist": 0.027818811700255564,
          "rentry_pprice_dist_wallet_exposure_weighting": 11.24518312043245,
          "wallet_exposure_limit": 1.0},
 "short": {"auto_unstuck_delay_minutes": 1183.7642105853008,
           "auto_unstuck_ema_dist": -0.07975537173649175,
           "auto_unstuck_qty_pct": 0.010894803632532122,
           "auto_unstuck_wallet_exposure_threshold": 0.7427362668203088,
           "backwards_tp": false,
           "ddown_factor": 0.6451813196555792,
           "ema_span_0": 801.8804590380661,
           "ema_span_1": 1170.30004950062,
           "enabled": false,
           "initial_eprice_ema_dist": -0.09935020616303203,
           "initial_qty_pct": 0.020394820703388675,
           "markup_range": 0.04107008766377244,
           "min_markup": 0.0027683822942344578,
           "n_close_orders": 11,
           "rentry_pprice_dist": 0.008050680097626358,
           "rentry_pprice_dist_wallet_exposure_weighting": 17.725497780335576,
           "wallet_exposure_limit": 1.0}}