{"config_name": "recursive_grid_NEOUSDT_150days",
 "logging_level": 0,
 "long": {"auto_unstuck_delay_minutes": 1086.4584583821356,
          "auto_unstuck_ema_dist": 0.018777116588738887,
          "auto_unstuck_qty_pct": 0.01,
          "auto_unstuck_wallet_exposure_threshold": 0.08659852953365095,
          "backwards_tp": false,
          "ddown_factor": 0.4840339723480929,
          "ema_span_0": 617.1074679120201,
          "ema_span_1": 738.8735388918876,
          "enabled": true,
          "initial_eprice_ema_dist": -0.007851116788051803,
          "initial_qty_pct": 0.040826970367096045,
          "markup_range": 0.019925148959867342,
          "min_markup": 0.010809005664552347,
          "n_close_orders": 4,
          "rentry_pprice_dist": 0.030182215048067014,
          "rentry_pprice_dist_wallet_exposure_weighting": 7.592185303912565,
          "wallet_exposure_limit": 1},
 "short": {"auto_unstuck_delay_minutes": 1302.9988083722917,
           "auto_unstuck_ema_dist": -0.0683827959799268,
           "auto_unstuck_qty_pct": 0.053457589592334535,
           "auto_unstuck_wallet_exposure_threshold": 0.8072872851554406,
           "backwards_tp": false,
           "ddown_factor": 1.4186406340190616,
           "ema_span_0": 615.4695333489693,
           "ema_span_1": 769.4861368158417,
           "enabled": false,
           "initial_eprice_ema_dist": -0.0011176036799294825,
           "initial_qty_pct": 0.02880253573747267,
           "markup_range": 0.036374192114913294,
           "min_markup": 0.0022939881183866593,
           "n_close_orders": 4,
           "rentry_pprice_dist": 0.030901757485101655,
           "rentry_pprice_dist_wallet_exposure_weighting": 7.720884981323755,
           "wallet_exposure_limit": 1.0}}