{"config_name": "recursive_grid_MNTUSDT_301days",
 "logging_level": 0,
 "long": {"auto_unstuck_delay_minutes": 0.0,
          "auto_unstuck_ema_dist": 0.0,
          "auto_unstuck_qty_pct": 0.0,
          "auto_unstuck_wallet_exposure_threshold": 0.0,
          "backwards_tp": false,
          "ddown_factor": 0.5122057304686273,
          "ema_span_0": 1094.926933288365,
          "ema_span_1": 1405.807680678049,
          "enabled": true,
          "initial_eprice_ema_dist": 0.01762267436501104,
          "initial_qty_pct": 0.04,
          "markup_range": 0.035927950249140694,
          "min_markup": 0.03,
          "n_close_orders": 4,
          "rentry_pprice_dist": 0.04802286912368768,
          "rentry_pprice_dist_wallet_exposure_weighting": 13.845658035058726,
          "wallet_exposure_limit": 1.0},
 "short": {"auto_unstuck_delay_minutes": 579.9555961304043,
           "auto_unstuck_ema_dist": -0.05891790261163061,
           "auto_unstuck_qty_pct": 0.07278202220102059,
           "auto_unstuck_wallet_exposure_threshold": 0.7906216062829509,
           "backwards_tp": false,
           "ddown_factor": 2.916483235582147,
           "ema_span_0": 724.9538833593846,
           "ema_span_1": 402.4146930500446,
           "enabled": false,
           "initial_eprice_ema_dist": -0.08517341753442967,
           "initial_qty_pct": 0.04057699204831405,
           "markup_range": 0.03743817218787776,
           "min_markup": 0.006346662974200384,
           "n_close_orders": 11,
           "rentry_pprice_dist": 0.015712364617738186,
           "rentry_pprice_dist_wallet_exposure_weighting": 8.980383129616097,
           "wallet_exposure_limit": 1.0}}