{"config_name": "recursive_grid_LTCUSDT_143days",
 "logging_level": 0,
 "long": {"auto_unstuck_delay_minutes": 754.738066519888,
          "auto_unstuck_ema_dist": 0.014936299089419848,
          "auto_unstuck_qty_pct": 0.01,
          "auto_unstuck_wallet_exposure_threshold": 0.07719861864699125,
          "backwards_tp": false,
          "ddown_factor": 0.5051270719546262,
          "ema_span_0": 1131.7753127376386,
          "ema_span_1": 700.0299579487759,
          "enabled": true,
          "initial_eprice_ema_dist": -0.001092140238060966,
          "initial_qty_pct": 0.03982828646763725,
          "markup_range": 0.014162434568686912,
          "min_markup": 0.008864878998149094,
          "n_close_orders": 7,
          "rentry_pprice_dist": 0.012380792583073978,
          "rentry_pprice_dist_wallet_exposure_weighting": 9.284989021910418,
          "wallet_exposure_limit": 1},
 "short": {"auto_unstuck_delay_minutes": 1425.417682803536,
           "auto_unstuck_ema_dist": -0.02965814361216633,
           "auto_unstuck_qty_pct": 0.01601794177870767,
           "auto_unstuck_wallet_exposure_threshold": 0.8903361133896756,
           "backwards_tp": false,
           "ddown_factor": 1.1805272666576634,
           "ema_span_0": 120.63753981816063,
           "ema_span_1": 906.6547058057863,
           "enabled": false,
           "initial_eprice_ema_dist": -0.060634714325720124,
           "initial_qty_pct": 0.03580760015269762,
           "markup_range": 0.045770769674233845,
           "min_markup": 0.00574445330126025,
           "n_close_orders": 16,
           "rentry_pprice_dist": 0.03983179795622662,
           "rentry_pprice_dist_wallet_exposure_weighting": 8.295677274975015,
           "wallet_exposure_limit": 1.0}}