{"config_name": "recursive_grid_GRTUSDT_143days",
 "logging_level": 0,
 "long": {"auto_unstuck_delay_minutes": 1304.558780004414,
          "auto_unstuck_ema_dist": 0.02916131725867238,
          "auto_unstuck_qty_pct": 0.01,
          "auto_unstuck_wallet_exposure_threshold": 0.09019362260375832,
          "backwards_tp": false,
          "ddown_factor": 0.5002057688885444,
          "ema_span_0": 193.11388251290887,
          "ema_span_1": 213.6575408051361,
          "enabled": true,
          "initial_eprice_ema_dist": -0.02680617551501713,
          "initial_qty_pct": 0.032594046491141025,
          "markup_range": 0.026476711393640648,
          "min_markup": 0.018359178318945884,
          "n_close_orders": 6,
          "rentry_pprice_dist": 0.02092268880839429,
          "rentry_pprice_dist_wallet_exposure_weighting": 8.102630262992383,
          "wallet_exposure_limit": 1},
 "short": {"auto_unstuck_delay_minutes": 762.6946702508469,
           "auto_unstuck_ema_dist": -0.05714080019028732,
           "auto_unstuck_qty_pct": 0.04814422940131451,
           "auto_unstuck_wallet_exposure_threshold": 0.26502680401728473,
           "backwards_tp": false,
           "ddown_factor": 2.2033740926429424,
           "ema_span_0": 1235.8321362399358,
           "ema_span_1": 265.8654869194079,
           "enabled": false,
           "initial_eprice_ema_dist": -0.05820973312177543,
           "initial_qty_pct": 0.04714087493293591,
           "markup_range": 0.0022016517006541057,
           "min_markup": 0.008149460132594048,
           "n_close_orders": 6,
           "rentry_pprice_dist": 0.03065494607123572,
           "rentry_pprice_dist_wallet_exposure_weighting": 5.982061485576229,
           "wallet_exposure_limit": 1.0}}