{"config_name": "recursive_grid_MATICUSDT_156days",
 "logging_level": 0,
 "long": {"auto_unstuck_delay_minutes": 1131.148622882149,
          "auto_unstuck_ema_dist": 0.0014854606639390412,
          "auto_unstuck_qty_pct": 0.01,
          "auto_unstuck_wallet_exposure_threshold": 0.07467046197260231,
          "backwards_tp": false,
          "ddown_factor": 0.30862774024477885,
          "ema_span_0": 1068.040338693107,
          "ema_span_1": 590.62061857404,
          "enabled": true,
          "initial_eprice_ema_dist": 0.0035531157918761097,
          "initial_qty_pct": 0.03042715315836745,
          "markup_range": 0.015048483174805597,
          "min_markup": 0.00816428781031057,
          "n_close_orders": 5,
          "rentry_pprice_dist": 0.013203844986126596,
          "rentry_pprice_dist_wallet_exposure_weighting": 8.981297197184517,
          "wallet_exposure_limit": 1},
 "short": {"auto_unstuck_delay_minutes": 92.8662331102314,
           "auto_unstuck_ema_dist": -0.06712686881729164,
           "auto_unstuck_qty_pct": 0.07652077552683048,
           "auto_unstuck_wallet_exposure_threshold": 0.5881534586502338,
           "backwards_tp": false,
           "ddown_factor": 1.6426736443042471,
           "ema_span_0": 143.70765993080073,
           "ema_span_1": 59.56231258028812,
           "enabled": false,
           "initial_eprice_ema_dist": -0.006811818522963142,
           "initial_qty_pct": 0.04613391321036764,
           "markup_range": 0.05936152942623254,
           "min_markup": 0.002284507293927171,
           "n_close_orders": 14,
           "rentry_pprice_dist": 0.03991803097025852,
           "rentry_pprice_dist_wallet_exposure_weighting": 1.2031645292819615,
           "wallet_exposure_limit": 1.0}}