{"config_name": "recursive_grid_THETAUSDT_454days",
 "logging_level": 0,
 "long": {"auto_unstuck_delay_minutes": 923.5493517234934,
          "auto_unstuck_ema_dist": 0.021802022445270686,
          "auto_unstuck_qty_pct": 0.01,
          "auto_unstuck_wallet_exposure_threshold": 0.051539751910700295,
          "backwards_tp": false,
          "ddown_factor": 0.8174729064474198,
          "ema_span_0": 466.6204333747936,
          "ema_span_1": 1143.8939417164918,
          "enabled": true,
          "initial_eprice_ema_dist": 0.007318459241349438,
          "initial_qty_pct": 0.05,
          "markup_range": 0.05513206394920964,
          "min_markup": 0.00615607132915341,
          "n_close_orders": 5,
          "rentry_pprice_dist": 0.04059835951455659,
          "rentry_pprice_dist_wallet_exposure_weighting": 1.813936313487997,
          "wallet_exposure_limit": 1.0},
 "short": {"auto_unstuck_delay_minutes": 27.985250982690587,
           "auto_unstuck_ema_dist": -0.006177950210910027,
           "auto_unstuck_qty_pct": 0.09959352137599145,
           "auto_unstuck_wallet_exposure_threshold": 0.5097974590840157,
           "backwards_tp": true,
           "ddown_factor": 1.2474241686936374,
           "ema_span_0": 458.7437175087755,
           "ema_span_1": 838.3906793797521,
           "enabled": false,
           "initial_eprice_ema_dist": -0.06500461473929742,
           "initial_qty_pct": 0.031570036913586196,
           "markup_range": 0.04672144511496513,
           "min_markup": 0.009719731811009259,
           "n_close_orders": 7,
           "rentry_pprice_dist": 0.03698604209168329,
           "rentry_pprice_dist_wallet_exposure_weighting": 18.818813810679437,
           "wallet_exposure_limit": 1.0}}