{"config_name": "recursive_grid_MKRUSDT_454days",
 "logging_level": 0,
 "long": {"auto_unstuck_delay_minutes": 768.1747332582404,
          "auto_unstuck_ema_dist": -0.020993922533748037,
          "auto_unstuck_qty_pct": 0.01,
          "auto_unstuck_wallet_exposure_threshold": 0.04911288342850695,
          "backwards_tp": false,
          "ddown_factor": 1.7313884126165426,
          "ema_span_0": 1142.511518636256,
          "ema_span_1": 465.3861555852686,
          "enabled": true,
          "initial_eprice_ema_dist": 0.0018947287236612841,
          "initial_qty_pct": 0.05,
          "markup_range": 0.015101030146196875,
          "min_markup": 0.004511569509636179,
          "n_close_orders": 4,
          "rentry_pprice_dist": 0.020389110328945373,
          "rentry_pprice_dist_wallet_exposure_weighting": 1.8670275402549605,
          "wallet_exposure_limit": 1},
 "short": {"auto_unstuck_delay_minutes": 1407.9467514748155,
           "auto_unstuck_ema_dist": -0.03367753883276203,
           "auto_unstuck_qty_pct": 0.06633161830711179,
           "auto_unstuck_wallet_exposure_threshold": 0.1347274671526625,
           "backwards_tp": true,
           "ddown_factor": 0.36717018865346973,
           "ema_span_0": 1021.2303993924972,
           "ema_span_1": 557.0233163829515,
           "enabled": false,
           "initial_eprice_ema_dist": -0.06367077191199,
           "initial_qty_pct": 0.01052873238219946,
           "markup_range": 0.00693451829870509,
           "min_markup": 0.005653544997892089,
           "n_close_orders": 14,
           "rentry_pprice_dist": 0.03350562883080744,
           "rentry_pprice_dist_wallet_exposure_weighting": 4.97734302289246,
           "wallet_exposure_limit": 1.0}}