{"config_name": "recursive_grid_FILUSDT_454days",
 "logging_level": 0,
 "long": {"auto_unstuck_delay_minutes": 546.1529034581861,
          "auto_unstuck_ema_dist": -0.014570987198731834,
          "auto_unstuck_qty_pct": 0.01,
          "auto_unstuck_wallet_exposure_threshold": 0.06410308790949436,
          "backwards_tp": false,
          "ddown_factor": 1.8412903780338754,
          "ema_span_0": 531.8688882447274,
          "ema_span_1": 521.1240403823944,
          "enabled": true,
          "initial_eprice_ema_dist": 0.008304699361174632,
          "initial_qty_pct": 0.05,
          "markup_range": 0.05926133858120953,
          "min_markup": 0.00926002944251629,
          "n_close_orders": 6,
          "rentry_pprice_dist": 0.042003620768700144,
          "rentry_pprice_dist_wallet_exposure_weighting": 1.2318440733734768,
          "wallet_exposure_limit": 1},
 "short": {"auto_unstuck_delay_minutes": 858.5176661608702,
           "auto_unstuck_ema_dist": -0.0513609565224926,
           "auto_unstuck_qty_pct": 0.0652909421518492,
           "auto_unstuck_wallet_exposure_threshold": 0.16068313933892311,
           "backwards_tp": true,
           "ddown_factor": 2.5469435665512,
           "ema_span_0": 959.9466165561062,
           "ema_span_1": 1062.2363637886017,
           "enabled": false,
           "initial_eprice_ema_dist": -0.09113033421500122,
           "initial_qty_pct": 0.025867775015260996,
           "markup_range": 0.0012766346571279573,
           "min_markup": 0.007115911151687794,
           "n_close_orders": 16,
           "rentry_pprice_dist": 0.03909474256191371,
           "rentry_pprice_dist_wallet_exposure_weighting": 10.601426795534328,
           "wallet_exposure_limit": 1.0}}