{"config_name": "recursive_grid_CROUSDT_156days",
 "logging_level": 0,
 "long": {"auto_unstuck_delay_minutes": 697.6997747371498,
          "auto_unstuck_ema_dist": -0.03514499816564096,
          "auto_unstuck_qty_pct": 0.01,
          "auto_unstuck_wallet_exposure_threshold": 0.04443836471604236,
          "backwards_tp": false,
          "ddown_factor": 0.3663245419629976,
          "ema_span_0": 183.5276741594475,
          "ema_span_1": 305.1040156700134,
          "enabled": true,
          "initial_eprice_ema_dist": -0.021809206098795154,
          "initial_qty_pct": 0.03805667670035725,
          "markup_range": 0.049221178563947844,
          "min_markup": 0.01459773556394639,
          "n_close_orders": 5,
          "rentry_pprice_dist": 0.03829564473339733,
          "rentry_pprice_dist_wallet_exposure_weighting": 10.482153109254915,
          "wallet_exposure_limit": 1.0},
 "short": {"auto_unstuck_delay_minutes": 1200.1492549387158,
           "auto_unstuck_ema_dist": -0.0332428995371737,
           "auto_unstuck_qty_pct": 0.0986072660963042,
           "auto_unstuck_wallet_exposure_threshold": 0.11337482366094456,
           "backwards_tp": false,
           "ddown_factor": 1.921838065277325,
           "ema_span_0": 1094.3086079667228,
           "ema_span_1": 1346.7175043444468,
           "enabled": false,
           "initial_eprice_ema_dist": -0.036418779768118026,
           "initial_qty_pct": 0.020756480876126714,
           "markup_range": 0.0515090794885629,
           "min_markup": 0.004140608032712011,
           "n_close_orders": 15,
           "rentry_pprice_dist": 0.006153799859132827,
           "rentry_pprice_dist_wallet_exposure_weighting": 14.708989307735417,
           "wallet_exposure_limit": 1.0}}