{"config_name": "recursive_grid_1000RATSUSDT_150days",
 "logging_level": 0,
 "long": {"auto_unstuck_delay_minutes": 1148.2769606885174,
          "auto_unstuck_ema_dist": -0.04590181469113782,
          "auto_unstuck_qty_pct": 0.01,
          "auto_unstuck_wallet_exposure_threshold": 0.07010668529037739,
          "backwards_tp": false,
          "ddown_factor": 0.41411821375770547,
          "ema_span_0": 339.4140419503935,
          "ema_span_1": 329.9571187107285,
          "enabled": true,
          "initial_eprice_ema_dist": 0.027380259977602246,
          "initial_qty_pct": 0.04970282022695677,
          "markup_range": 0.03416392391642985,
          "min_markup": 0.010192192916851061,
          "n_close_orders": 8,
          "rentry_pprice_dist": 0.012866417559438988,
          "rentry_pprice_dist_wallet_exposure_weighting": 12.53788820122258,
          "wallet_exposure_limit": 1},
 "short": {"auto_unstuck_delay_minutes": 1360.1871386456592,
           "auto_unstuck_ema_dist": -0.06927422122336344,
           "auto_unstuck_qty_pct": 0.05019421503923562,
           "auto_unstuck_wallet_exposure_threshold": 0.457128800197129,
           "backwards_tp": false,
           "ddown_factor": 0.8784698660815821,
           "ema_span_0": 436.8921891939446,
           "ema_span_1": 429.84444865634623,
           "enabled": false,
           "initial_eprice_ema_dist": -0.03998287944382739,
           "initial_qty_pct": 0.013075361404183704,
           "markup_range": 0.014765867558989593,
           "min_markup": 0.008847089280597478,
           "n_close_orders": 11,
           "rentry_pprice_dist": 0.036275150613565205,
           "rentry_pprice_dist_wallet_exposure_weighting": 5.913364018903091,
           "wallet_exposure_limit": 1.0}}