{"config_name": "recursive_grid_1000RATSUSDT_129days",
 "logging_level": 0,
 "long": {"auto_unstuck_delay_minutes": 1231.7709860607179,
          "auto_unstuck_ema_dist": -0.01541683948589341,
          "auto_unstuck_qty_pct": 0.01,
          "auto_unstuck_wallet_exposure_threshold": 0.09316409717748685,
          "backwards_tp": false,
          "ddown_factor": 0.8763584342540824,
          "ema_span_0": 1229.5034135039846,
          "ema_span_1": 950.4014610741984,
          "enabled": true,
          "initial_eprice_ema_dist": 0.0037738804999484666,
          "initial_qty_pct": 0.05,
          "markup_range": 0.02836506096259484,
          "min_markup": 0.007622670121264648,
          "n_close_orders": 7,
          "rentry_pprice_dist": 0.0647107702169636,
          "rentry_pprice_dist_wallet_exposure_weighting": 1.7845396668714313,
          "wallet_exposure_limit": 1.0},
 "short": {"auto_unstuck_delay_minutes": 523.2533209160662,
           "auto_unstuck_ema_dist": 0.0023560758543701155,
           "auto_unstuck_qty_pct": 0.06795044521442338,
           "auto_unstuck_wallet_exposure_threshold": 0.5766516270119352,
           "backwards_tp": true,
           "ddown_factor": 1.8802892211731126,
           "ema_span_0": 695.795051861056,
           "ema_span_1": 184.63883422469087,
           "enabled": false,
           "initial_eprice_ema_dist": -0.03909735378683914,
           "initial_qty_pct": 0.016487914368305163,
           "markup_range": 0.007861583159163306,
           "min_markup": 0.006509950768000838,
           "n_close_orders": 5,
           "rentry_pprice_dist": 0.04870566751486765,
           "rentry_pprice_dist_wallet_exposure_weighting": 13.761025624928944,
           "wallet_exposure_limit": 1.0}}