{"config_name": "recursive_grid_SHIB1000USDT_156days",
 "logging_level": 0,
 "long": {"auto_unstuck_delay_minutes": 1152.801314803826,
          "auto_unstuck_ema_dist": -0.003318340849318549,
          "auto_unstuck_qty_pct": 0.01,
          "auto_unstuck_wallet_exposure_threshold": 0.04802620991467376,
          "backwards_tp": false,
          "ddown_factor": 0.5249242353140289,
          "ema_span_0": 989.6345434265831,
          "ema_span_1": 415.24453839211594,
          "enabled": true,
          "initial_eprice_ema_dist": 0.00818116401617971,
          "initial_qty_pct": 0.04925509088948606,
          "markup_range": 0.024278099454333887,
          "min_markup": 0.014912323572619545,
          "n_close_orders": 7,
          "rentry_pprice_dist": 0.005,
          "rentry_pprice_dist_wallet_exposure_weighting": 8.337852541395584,
          "wallet_exposure_limit": 1.0},
 "short": {"auto_unstuck_delay_minutes": 572.8277123414529,
           "auto_unstuck_ema_dist": -0.076292018524456,
           "auto_unstuck_qty_pct": 0.06836933923692853,
           "auto_unstuck_wallet_exposure_threshold": 0.5913058300758056,
           "backwards_tp": false,
           "ddown_factor": 1.5409059937540253,
           "ema_span_0": 530.6412631517486,
           "ema_span_1": 460.17824233185445,
           "enabled": false,
           "initial_eprice_ema_dist": -0.01646370357732925,
           "initial_qty_pct": 0.018911695622700807,
           "markup_range": 0.029199149770438193,
           "min_markup": 0.005547811368298582,
           "n_close_orders": 6,
           "rentry_pprice_dist": 0.030858295750108712,
           "rentry_pprice_dist_wallet_exposure_weighting": 2.2122248937552413,
           "wallet_exposure_limit": 1.0}}