{"config_name": "recursive_grid_TRXUSDT_1016days",
 "logging_level": 0,
 "long": {"auto_unstuck_delay_minutes": 0,
          "auto_unstuck_ema_dist": 0,
          "auto_unstuck_qty_pct": 0,
          "auto_unstuck_wallet_exposure_threshold": 0.0,
          "backwards_tp": false,
          "ddown_factor": 0.44519910095620246,
          "ema_span_0": 942.7771374326039,
          "ema_span_1": 781.5227258147587,
          "enabled": true,
          "initial_eprice_ema_dist": 0.009476428350806159,
          "initial_qty_pct": 0.04,
          "markup_range": 0.02932459615173345,
          "min_markup": 0.013326350056868918,
          "n_close_orders": 4,
          "rentry_pprice_dist": 0.018948934137086846,
          "rentry_pprice_dist_wallet_exposure_weighting": 8.77605035091325,
          "wallet_exposure_limit": 1},
 "short": {"auto_unstuck_delay_minutes": 533.6088658274737,
           "auto_unstuck_ema_dist": -0.0800681240311005,
           "auto_unstuck_qty_pct": 0.09476131168078279,
           "auto_unstuck_wallet_exposure_threshold": 0.2568683763124413,
           "backwards_tp": false,
           "ddown_factor": 0.6273073914617348,
           "ema_span_0": 370.51396490647596,
           "ema_span_1": 859.2800608976073,
           "enabled": false,
           "initial_eprice_ema_dist": -0.04985144155132126,
           "initial_qty_pct": 0.03167731845295636,
           "markup_range": 0.011993020448974191,
           "min_markup": 0.008740765430787665,
           "n_close_orders": 2,
           "rentry_pprice_dist": 0.03218758404471416,
           "rentry_pprice_dist_wallet_exposure_weighting": 1.5223849292199776,
           "wallet_exposure_limit": 1.0}}