{"config_name": "recursive_grid_SHIB1000USDT_454days",
 "logging_level": 0,
 "long": {"auto_unstuck_delay_minutes": 1144.718155489967,
          "auto_unstuck_ema_dist": 0.01766371511190043,
          "auto_unstuck_qty_pct": 0.01,
          "auto_unstuck_wallet_exposure_threshold": 0.07694751155714882,
          "backwards_tp": false,
          "ddown_factor": 0.7646089288949058,
          "ema_span_0": 959.3615795690533,
          "ema_span_1": 856.278092639621,
          "enabled": true,
          "initial_eprice_ema_dist": 0.0060076758000934365,
          "initial_qty_pct": 0.05,
          "markup_range": 0.02315536625526541,
          "min_markup": 0.0026485111540352976,
          "n_close_orders": 6,
          "rentry_pprice_dist": 0.025683340996119547,
          "rentry_pprice_dist_wallet_exposure_weighting": 0.7018573166913202,
          "wallet_exposure_limit": 1.0},
 "short": {"auto_unstuck_delay_minutes": 507.9893914128131,
           "auto_unstuck_ema_dist": -0.04938415559839399,
           "auto_unstuck_qty_pct": 0.062334913953872334,
           "auto_unstuck_wallet_exposure_threshold": 0.2232505924764442,
           "backwards_tp": true,
           "ddown_factor": 0.6512630625838352,
           "ema_span_0": 1266.5916549410158,
           "ema_span_1": 1032.5869927166605,
           "enabled": false,
           "initial_eprice_ema_dist": -0.005162948461725686,
           "initial_qty_pct": 0.025809915816731747,
           "markup_range": 0.0021138823490651193,
           "min_markup": 0.0047179931785580834,
           "n_close_orders": 14,
           "rentry_pprice_dist": 0.018099155120545687,
           "rentry_pprice_dist_wallet_exposure_weighting": 14.013710138597597,
           "wallet_exposure_limit": 1.0}}