{"config_name": "recursive_grid_BCHUSDT_156days",
 "logging_level": 0,
 "long": {"auto_unstuck_delay_minutes": 1356.0331316356749,
          "auto_unstuck_ema_dist": -0.03662846467583509,
          "auto_unstuck_qty_pct": 0.01,
          "auto_unstuck_wallet_exposure_threshold": 0.09596078085712337,
          "backwards_tp": false,
          "ddown_factor": 0.4051221954800197,
          "ema_span_0": 1323.0193321801696,
          "ema_span_1": 957.7008261713502,
          "enabled": true,
          "initial_eprice_ema_dist": 0.015052222112430947,
          "initial_qty_pct": 0.03923149678668283,
          "markup_range": 0.05,
          "min_markup": 0.008,
          "n_close_orders": 4,
          "rentry_pprice_dist": 0.032968588162688224,
          "rentry_pprice_dist_wallet_exposure_weighting": 7.813115209308766,
          "wallet_exposure_limit": 1},
 "short": {"auto_unstuck_delay_minutes": 779.1191264441713,
           "auto_unstuck_ema_dist": -0.06885919211507062,
           "auto_unstuck_qty_pct": 0.03779869352927811,
           "auto_unstuck_wallet_exposure_threshold": 0.5475773155739955,
           "backwards_tp": false,
           "ddown_factor": 2.0289247575996754,
           "ema_span_0": 1038.7549755457378,
           "ema_span_1": 257.3642461811215,
           "enabled": false,
           "initial_eprice_ema_dist": -0.04678118763664732,
           "initial_qty_pct": 0.02805541897458526,
           "markup_range": 0.020582676850603335,
           "min_markup": 0.007668757697161004,
           "n_close_orders": 10,
           "rentry_pprice_dist": 0.04474369852271739,
           "rentry_pprice_dist_wallet_exposure_weighting": 15.958902673470252,
           "wallet_exposure_limit": 1.0}}