{"config_name": "recursive_grid_XMRUSDT_926days",
 "logging_level": 0,
 "long": {"auto_unstuck_delay_minutes": 0,
          "auto_unstuck_ema_dist": 0,
          "auto_unstuck_qty_pct": 0,
          "auto_unstuck_wallet_exposure_threshold": 0.0,
          "backwards_tp": false,
          "ddown_factor": 0.4169234696728039,
          "ema_span_0": 1009.5543401559813,
          "ema_span_1": 1045.811564070925,
          "enabled": true,
          "initial_eprice_ema_dist": 0.023022789406284102,
          "initial_qty_pct": 0.04,
          "markup_range": 0.048968642010086244,
          "min_markup": 0.03,
          "n_close_orders": 3,
          "rentry_pprice_dist": 0.025034053317616985,
          "rentry_pprice_dist_wallet_exposure_weighting": 9.53962300496084,
          "wallet_exposure_limit": 1},
 "short": {"auto_unstuck_delay_minutes": 1303.8002442803077,
           "auto_unstuck_ema_dist": -0.06593417907504465,
           "auto_unstuck_qty_pct": 0.06518902940396644,
           "auto_unstuck_wallet_exposure_threshold": 0.4766362361146175,
           "backwards_tp": false,
           "ddown_factor": 1.013227631614037,
           "ema_span_0": 1011.2629360756472,
           "ema_span_1": 818.6599574934429,
           "enabled": false,
           "initial_eprice_ema_dist": -0.013746019569866291,
           "initial_qty_pct": 0.045042375311619885,
           "markup_range": 0.013066420953322467,
           "min_markup": 0.0053190069200432,
           "n_close_orders": 9,
           "rentry_pprice_dist": 0.017509497781253058,
           "rentry_pprice_dist_wallet_exposure_weighting": 4.947774859452425,
           "wallet_exposure_limit": 1.0}}