{"config_name": "recursive_grid_BTCUSDT_142days",
 "logging_level": 0,
 "long": {"auto_unstuck_delay_minutes": 1189.154496485405,
          "auto_unstuck_ema_dist": -0.02324024376261728,
          "auto_unstuck_qty_pct": 0.01,
          "auto_unstuck_wallet_exposure_threshold": 0.07551547063292065,
          "backwards_tp": false,
          "ddown_factor": 0.9351706626351032,
          "ema_span_0": 818.0981927371851,
          "ema_span_1": 740.3778844157936,
          "enabled": true,
          "initial_eprice_ema_dist": 0.0024657349057586805,
          "initial_qty_pct": 0.03592581910671929,
          "markup_range": 0.033116097793529885,
          "min_markup": 0.017659810209291287,
          "n_close_orders": 3,
          "rentry_pprice_dist": 0.013817554057327154,
          "rentry_pprice_dist_wallet_exposure_weighting": 1.8858247636649477,
          "wallet_exposure_limit": 1},
 "short": {"auto_unstuck_delay_minutes": 358.2120189924644,
           "auto_unstuck_ema_dist": -0.00023907898111122372,
           "auto_unstuck_qty_pct": 0.021025174363454344,
           "auto_unstuck_wallet_exposure_threshold": 0.20277206600940875,
           "backwards_tp": false,
           "ddown_factor": 1.1113245749122873,
           "ema_span_0": 609.7818604200418,
           "ema_span_1": 321.33212363903675,
           "enabled": false,
           "initial_eprice_ema_dist": -0.007920847752387009,
           "initial_qty_pct": 0.029869292596716127,
           "markup_range": 0.05877005112946222,
           "min_markup": 0.00642881202613535,
           "n_close_orders": 10,
           "rentry_pprice_dist": 0.0357686555104858,
           "rentry_pprice_dist_wallet_exposure_weighting": 15.352530672901775,
           "wallet_exposure_limit": 1.0}}