{"config_name": "recursive_grid_UNIUSDT_156days",
 "logging_level": 0,
 "long": {"auto_unstuck_delay_minutes": 1316.923707943746,
          "auto_unstuck_ema_dist": 0.027456343858005626,
          "auto_unstuck_qty_pct": 0.01,
          "auto_unstuck_wallet_exposure_threshold": 0.04491411746840732,
          "backwards_tp": false,
          "ddown_factor": 0.5689386647074688,
          "ema_span_0": 667.1911774047032,
          "ema_span_1": 1010.1125244139206,
          "enabled": true,
          "initial_eprice_ema_dist": -0.009381758780358062,
          "initial_qty_pct": 0.03244112654283554,
          "markup_range": 0.040475649603083697,
          "min_markup": 0.01583008036715871,
          "n_close_orders": 4,
          "rentry_pprice_dist": 0.03128596080108606,
          "rentry_pprice_dist_wallet_exposure_weighting": 11.250976947423656,
          "wallet_exposure_limit": 1},
 "short": {"auto_unstuck_delay_minutes": 1153.3504446519632,
           "auto_unstuck_ema_dist": -0.07276036570380957,
           "auto_unstuck_qty_pct": 0.03315060177422225,
           "auto_unstuck_wallet_exposure_threshold": 0.11817848492264034,
           "backwards_tp": false,
           "ddown_factor": 0.31269278653763,
           "ema_span_0": 905.8234192103363,
           "ema_span_1": 1364.7577016934497,
           "enabled": false,
           "initial_eprice_ema_dist": -0.054379142060321725,
           "initial_qty_pct": 0.0275920055816095,
           "markup_range": 0.004480166615817775,
           "min_markup": 0.004693958749903122,
           "n_close_orders": 9,
           "rentry_pprice_dist": 0.045932327574091054,
           "rentry_pprice_dist_wallet_exposure_weighting": 12.046644801795207,
           "wallet_exposure_limit": 1.0}}