{"config_name": "recursive_grid_SOLUSDT_1080days",
 "logging_level": 0,
 "long": {"auto_unstuck_delay_minutes": 0.0,
          "auto_unstuck_ema_dist": 0.0,
          "auto_unstuck_qty_pct": 0.0,
          "auto_unstuck_wallet_exposure_threshold": 0.0,
          "backwards_tp": false,
          "ddown_factor": 0.518816846969875,
          "ema_span_0": 1236.996393656077,
          "ema_span_1": 137.24845443698092,
          "enabled": true,
          "initial_eprice_ema_dist": 0.058137443601070204,
          "initial_qty_pct": 0.04,
          "markup_range": 0.013281497274798467,
          "min_markup": 0.010519454809809776,
          "n_close_orders": 4,
          "rentry_pprice_dist": 0.007524091374093638,
          "rentry_pprice_dist_wallet_exposure_weighting": 9.33344763299481,
          "wallet_exposure_limit": 1.0},
 "short": {"auto_unstuck_delay_minutes": 497.1003354342029,
           "auto_unstuck_ema_dist": -0.09486721303710198,
           "auto_unstuck_qty_pct": 0.05401381219271945,
           "auto_unstuck_wallet_exposure_threshold": 0.16153975937756357,
           "backwards_tp": false,
           "ddown_factor": 1.9492595011781113,
           "ema_span_0": 397.74576174346976,
           "ema_span_1": 696.3336115800614,
           "enabled": false,
           "initial_eprice_ema_dist": -0.06787926601752757,
           "initial_qty_pct": 0.02097896506392227,
           "markup_range": 0.030707518463714847,
           "min_markup": 0.00402644617592569,
           "n_close_orders": 4,
           "rentry_pprice_dist": 0.04396734451682624,
           "rentry_pprice_dist_wallet_exposure_weighting": 19.306253672468202,
           "wallet_exposure_limit": 1.0}}