{"config_name": "recursive_grid_BTCUSDT_142days",
 "logging_level": 0,
 "long": {"auto_unstuck_delay_minutes": 1209.0554736393292,
          "auto_unstuck_ema_dist": -0.02068513129783389,
          "auto_unstuck_qty_pct": 0.01,
          "auto_unstuck_wallet_exposure_threshold": 0.053255151240979945,
          "backwards_tp": false,
          "ddown_factor": 0.4817613872669644,
          "ema_span_0": 846.7356307769851,
          "ema_span_1": 965.4515902192054,
          "enabled": true,
          "initial_eprice_ema_dist": 0.0016059442272358224,
          "initial_qty_pct": 0.03446564689390667,
          "markup_range": 0.03123714320822918,
          "min_markup": 0.017499357949403917,
          "n_close_orders": 3,
          "rentry_pprice_dist": 0.013333612875915772,
          "rentry_pprice_dist_wallet_exposure_weighting": 1.0117390840115106,
          "wallet_exposure_limit": 1},
 "short": {"auto_unstuck_delay_minutes": 764.9652601088268,
           "auto_unstuck_ema_dist": -0.08815739085531309,
           "auto_unstuck_qty_pct": 0.05369836343515425,
           "auto_unstuck_wallet_exposure_threshold": 0.2533180306339521,
           "backwards_tp": false,
           "ddown_factor": 1.3693060143167646,
           "ema_span_0": 881.1507073313925,
           "ema_span_1": 36.57297169901565,
           "enabled": false,
           "initial_eprice_ema_dist": -0.08857924198342373,
           "initial_qty_pct": 0.028950544742718576,
           "markup_range": 0.006942233812517362,
           "min_markup": 0.003569118683443267,
           "n_close_orders": 6,
           "rentry_pprice_dist": 0.04094804901820812,
           "rentry_pprice_dist_wallet_exposure_weighting": 14.473613872717754,
           "wallet_exposure_limit": 1.0}}