{"config_name": "recursive_grid_ICPUSDT_453days",
 "logging_level": 0,
 "long": {"auto_unstuck_delay_minutes": 949.2397905302578,
          "auto_unstuck_ema_dist": -0.042496151481024196,
          "auto_unstuck_qty_pct": 0.01,
          "auto_unstuck_wallet_exposure_threshold": 0.06603406708378956,
          "backwards_tp": false,
          "ddown_factor": 1.637565246921531,
          "ema_span_0": 850.588109823361,
          "ema_span_1": 875.7331061182745,
          "enabled": true,
          "initial_eprice_ema_dist": 0.008576928353373989,
          "initial_qty_pct": 0.05,
          "markup_range": 0.05980858436379456,
          "min_markup": 0.009989760547608409,
          "n_close_orders": 7,
          "rentry_pprice_dist": 0.02,
          "rentry_pprice_dist_wallet_exposure_weighting": 1.6426393859721913,
          "wallet_exposure_limit": 1.0},
 "short": {"auto_unstuck_delay_minutes": 940.7323258357225,
           "auto_unstuck_ema_dist": -0.09880416717290764,
           "auto_unstuck_qty_pct": 0.09619481413584488,
           "auto_unstuck_wallet_exposure_threshold": 0.11157447842504853,
           "backwards_tp": true,
           "ddown_factor": 1.8694157151270965,
           "ema_span_0": 53.96818612930576,
           "ema_span_1": 584.6817445417394,
           "enabled": false,
           "initial_eprice_ema_dist": -0.012074170491071484,
           "initial_qty_pct": 0.04336145556053678,
           "markup_range": 0.03670121243942002,
           "min_markup": 0.005700355883216347,
           "n_close_orders": 8,
           "rentry_pprice_dist": 0.03991766586336413,
           "rentry_pprice_dist_wallet_exposure_weighting": 14.526568387696948,
           "wallet_exposure_limit": 1.0}}