{"config_name": "recursive_grid_DOTUSDT_1183days",
 "logging_level": 0,
 "long": {"auto_unstuck_delay_minutes": 0,
          "auto_unstuck_ema_dist": 0,
          "auto_unstuck_qty_pct": 0,
          "auto_unstuck_wallet_exposure_threshold": 0.0,
          "backwards_tp": false,
          "ddown_factor": 0.5323413503101556,
          "ema_span_0": 1185.2880685708344,
          "ema_span_1": 1151.365560478518,
          "enabled": true,
          "initial_eprice_ema_dist": 0.019279766299582352,
          "initial_qty_pct": 0.04,
          "markup_range": 0.02989146782567414,
          "min_markup": 0.008,
          "n_close_orders": 3,
          "rentry_pprice_dist": 0.0362138971073145,
          "rentry_pprice_dist_wallet_exposure_weighting": 10.015522885436843,
          "wallet_exposure_limit": 1.0},
 "short": {"auto_unstuck_delay_minutes": 312.25149013608734,
           "auto_unstuck_ema_dist": -0.06551856557602231,
           "auto_unstuck_qty_pct": 0.010957895942176433,
           "auto_unstuck_wallet_exposure_threshold": 0.1435780505348145,
           "backwards_tp": false,
           "ddown_factor": 1.9126601806416508,
           "ema_span_0": 969.7951536986742,
           "ema_span_1": 1353.6118867534449,
           "enabled": false,
           "initial_eprice_ema_dist": -0.09233554769424901,
           "initial_qty_pct": 0.031490517643625794,
           "markup_range": 0.057800216982621395,
           "min_markup": 0.006756245902343344,
           "n_close_orders": 3,
           "rentry_pprice_dist": 0.01585376924354641,
           "rentry_pprice_dist_wallet_exposure_weighting": 13.149395753163908,
           "wallet_exposure_limit": 1.0}}