{"config_name": "recursive_grid_ADAUSDT_1229days",
 "logging_level": 0,
 "long": {"auto_unstuck_delay_minutes": 0,
          "auto_unstuck_ema_dist": 0,
          "auto_unstuck_qty_pct": 0,
          "auto_unstuck_wallet_exposure_threshold": 0.0,
          "backwards_tp": false,
          "ddown_factor": 0.5287315061395961,
          "ema_span_0": 279.6247282167469,
          "ema_span_1": 648.5671671120775,
          "enabled": true,
          "initial_eprice_ema_dist": 0.027193153405805994,
          "initial_qty_pct": 0.04,
          "markup_range": 0.030599081932994352,
          "min_markup": 0.03,
          "n_close_orders": 2,
          "rentry_pprice_dist": 0.03738476438178157,
          "rentry_pprice_dist_wallet_exposure_weighting": 13.121976135042495,
          "wallet_exposure_limit": 1},
 "short": {"auto_unstuck_delay_minutes": 361.92559313709853,
           "auto_unstuck_ema_dist": -0.023993030329032522,
           "auto_unstuck_qty_pct": 0.030611708941376804,
           "auto_unstuck_wallet_exposure_threshold": 0.316632201511201,
           "backwards_tp": false,
           "ddown_factor": 1.5426010438734568,
           "ema_span_0": 988.2441517045078,
           "ema_span_1": 920.4678065341125,
           "enabled": false,
           "initial_eprice_ema_dist": -0.07289634884201375,
           "initial_qty_pct": 0.031719662580160006,
           "markup_range": 0.0012089994095259037,
           "min_markup": 0.004388107204381798,
           "n_close_orders": 11,
           "rentry_pprice_dist": 0.030308375109250087,
           "rentry_pprice_dist_wallet_exposure_weighting": 11.834122926939019,
           "wallet_exposure_limit": 1.0}}