{"config_name": "recursive_grid_ALGOUSDT_994days",
 "logging_level": 0,
 "long": {"auto_unstuck_delay_minutes": 0.0,
          "auto_unstuck_ema_dist": 0.0,
          "auto_unstuck_qty_pct": 0.0,
          "auto_unstuck_wallet_exposure_threshold": 0.0,
          "backwards_tp": false,
          "ddown_factor": 0.5964802166563803,
          "ema_span_0": 518.549487727485,
          "ema_span_1": 1170.49003038101,
          "enabled": true,
          "initial_eprice_ema_dist": 0.05050395595506124,
          "initial_qty_pct": 0.04,
          "markup_range": 0.03638077788155335,
          "min_markup": 0.015008597829091093,
          "n_close_orders": 3,
          "rentry_pprice_dist": 0.01900881590782183,
          "rentry_pprice_dist_wallet_exposure_weighting": 10.498366893191186,
          "wallet_exposure_limit": 1.0},
 "short": {"auto_unstuck_delay_minutes": 501.9747965489994,
           "auto_unstuck_ema_dist": -0.03126466871031666,
           "auto_unstuck_qty_pct": 0.030991686901066087,
           "auto_unstuck_wallet_exposure_threshold": 0.6672800707104658,
           "backwards_tp": false,
           "ddown_factor": 0.6987686710836896,
           "ema_span_0": 299.8963081243028,
           "ema_span_1": 102.41343086647693,
           "enabled": false,
           "initial_eprice_ema_dist": -0.08085901214118915,
           "initial_qty_pct": 0.04093346964408015,
           "markup_range": 0.02760948720639671,
           "min_markup": 0.006939498733357645,
           "n_close_orders": 5,
           "rentry_pprice_dist": 0.009671127259525344,
           "rentry_pprice_dist_wallet_exposure_weighting": 19.590273373897006,
           "wallet_exposure_limit": 1.0}}