{"config_name": "recursive_grid_ICPUSDT_453days",
 "logging_level": 0,
 "long": {"auto_unstuck_delay_minutes": 906.4793094252097,
          "auto_unstuck_ema_dist": -0.015702085547130776,
          "auto_unstuck_qty_pct": 0.01,
          "auto_unstuck_wallet_exposure_threshold": 0.09435517248351871,
          "backwards_tp": false,
          "ddown_factor": 1.550674870177338,
          "ema_span_0": 664.1658402011516,
          "ema_span_1": 907.1167973526908,
          "enabled": true,
          "initial_eprice_ema_dist": 0.009827152561444123,
          "initial_qty_pct": 0.05,
          "markup_range": 0.05734412447688688,
          "min_markup": 0.009998827570863329,
          "n_close_orders": 7,
          "rentry_pprice_dist": 0.022077824151167352,
          "rentry_pprice_dist_wallet_exposure_weighting": 0.9811695452604767,
          "wallet_exposure_limit": 1},
 "short": {"auto_unstuck_delay_minutes": 177.16539952690934,
           "auto_unstuck_ema_dist": -0.057870046413672944,
           "auto_unstuck_qty_pct": 0.02831174401354404,
           "auto_unstuck_wallet_exposure_threshold": 0.8715049399119883,
           "backwards_tp": true,
           "ddown_factor": 1.632494503302528,
           "ema_span_0": 1299.5461975279134,
           "ema_span_1": 793.1172790844175,
           "enabled": false,
           "initial_eprice_ema_dist": -0.007711265777914672,
           "initial_qty_pct": 0.014025605591300287,
           "markup_range": 0.05324448909311883,
           "min_markup": 0.0037602370671365086,
           "n_close_orders": 9,
           "rentry_pprice_dist": 0.03938002322492987,
           "rentry_pprice_dist_wallet_exposure_weighting": 4.1783095613794945,
           "wallet_exposure_limit": 1.0}}