{"config_name": "recursive_grid_ETHUSDT_366days",
 "logging_level": 0,
 "long": {"auto_unstuck_delay_minutes": 1355.8686110294154,
          "auto_unstuck_ema_dist": 0.005843776356786484,
          "auto_unstuck_qty_pct": 0.02435054028477443,
          "auto_unstuck_wallet_exposure_threshold": 0.1840906591004653,
          "backwards_tp": false,
          "ddown_factor": 1.2487239069097837,
          "ema_span_0": 161.24028306465857,
          "ema_span_1": 66.46586825542457,
          "enabled": true,
          "initial_eprice_ema_dist": 0.003,
          "initial_qty_pct": 0.0358162187994626,
          "markup_range": 0.0012023572079112674,
          "min_markup": 0.0053959410814703,
          "n_close_orders": 9,
          "rentry_pprice_dist": 0.012486377763262151,
          "rentry_pprice_dist_wallet_exposure_weighting": 1.4947225231602024,
          "wallet_exposure_limit": 1.0},
 "short": {"auto_unstuck_delay_minutes": 0.0,
           "auto_unstuck_ema_dist": 0.0,
           "auto_unstuck_qty_pct": 0.0,
           "auto_unstuck_wallet_exposure_threshold": 0.0,
           "backwards_tp": false,
           "ddown_factor": 2.3023279085688966,
           "ema_span_0": 913.8024110145097,
           "ema_span_1": 1338.5673010635373,
           "enabled": false,
           "initial_eprice_ema_dist": 0.0001197597227233678,
           "initial_qty_pct": 0.014571002949865207,
           "markup_range": 0.003377738561594774,
           "min_markup": 0.00937115886611516,
           "n_close_orders": 11,
           "rentry_pprice_dist": 0.03469871003591453,
           "rentry_pprice_dist_wallet_exposure_weighting": 6.753432264898204,
           "wallet_exposure_limit": 1.0}}