{"config_name": "recursive_grid_ETHUSDT_1331days",
 "logging_level": 0,
 "long": {"auto_unstuck_delay_minutes": 0.0,
          "auto_unstuck_ema_dist": 0.0,
          "auto_unstuck_qty_pct": 0.0,
          "auto_unstuck_wallet_exposure_threshold": 0.0,
          "backwards_tp": false,
          "ddown_factor": 0.5745266220819671,
          "ema_span_0": 1298.6391320273715,
          "ema_span_1": 99.27098221960966,
          "enabled": true,
          "initial_eprice_ema_dist": 0.057354721059204944,
          "initial_qty_pct": 0.04,
          "markup_range": 0.022195949846570022,
          "min_markup": 0.01411301747135209,
          "n_close_orders": 2,
          "rentry_pprice_dist": 0.01590442793788418,
          "rentry_pprice_dist_wallet_exposure_weighting": 11.161536714518412,
          "wallet_exposure_limit": 1.0},
 "short": {"auto_unstuck_delay_minutes": 535.8797673827086,
           "auto_unstuck_ema_dist": -0.03344117923681586,
           "auto_unstuck_qty_pct": 0.029563153464424258,
           "auto_unstuck_wallet_exposure_threshold": 0.23382376892439283,
           "backwards_tp": false,
           "ddown_factor": 0.5878039563440423,
           "ema_span_0": 1361.3351873741178,
           "ema_span_1": 654.3918582488297,
           "enabled": false,
           "initial_eprice_ema_dist": -0.036790169184697755,
           "initial_qty_pct": 0.010109245819005163,
           "markup_range": 0.049505825733207616,
           "min_markup": 0.005509372077335203,
           "n_close_orders": 11,
           "rentry_pprice_dist": 0.020138022213900222,
           "rentry_pprice_dist_wallet_exposure_weighting": 17.997529050437905,
           "wallet_exposure_limit": 1.0}}