{"config_name": "recursive_grid_OCEANUSDT_454days",
 "logging_level": 0,
 "long": {"auto_unstuck_delay_minutes": 793.5875057205988,
          "auto_unstuck_ema_dist": 0.042400157280548884,
          "auto_unstuck_qty_pct": 0.01,
          "auto_unstuck_wallet_exposure_threshold": 0.040307812118268685,
          "backwards_tp": false,
          "ddown_factor": 0.9207015209010468,
          "ema_span_0": 694.8967668876788,
          "ema_span_1": 511.76290676952453,
          "enabled": true,
          "initial_eprice_ema_dist": 0.005504052767670396,
          "initial_qty_pct": 0.05,
          "markup_range": 0.052929267975519265,
          "min_markup": 0.005466885423731683,
          "n_close_orders": 6,
          "rentry_pprice_dist": 0.04494705548409923,
          "rentry_pprice_dist_wallet_exposure_weighting": 1.5958231958735336,
          "wallet_exposure_limit": 1.0},
 "short": {"auto_unstuck_delay_minutes": 1114.9610671465334,
           "auto_unstuck_ema_dist": -0.012188674814838305,
           "auto_unstuck_qty_pct": 0.09268296908610858,
           "auto_unstuck_wallet_exposure_threshold": 0.8849156837544808,
           "backwards_tp": true,
           "ddown_factor": 0.9951611509570246,
           "ema_span_0": 71.50717326751372,
           "ema_span_1": 213.57958879959565,
           "enabled": false,
           "initial_eprice_ema_dist": -0.0999117882357614,
           "initial_qty_pct": 0.019674948583536203,
           "markup_range": 0.03203019445231643,
           "min_markup": 0.00517004357359893,
           "n_close_orders": 15,
           "rentry_pprice_dist": 0.009237762874673308,
           "rentry_pprice_dist_wallet_exposure_weighting": 19.339105919142202,
           "wallet_exposure_limit": 1.0}}