{"config_name": "recursive_grid_MKRUSDT_454days",
 "logging_level": 0,
 "long": {"auto_unstuck_delay_minutes": 1399.217827182968,
          "auto_unstuck_ema_dist": 0.006075802540176821,
          "auto_unstuck_qty_pct": 0.01,
          "auto_unstuck_wallet_exposure_threshold": 0.0785099918205549,
          "backwards_tp": false,
          "ddown_factor": 1.9982658510741103,
          "ema_span_0": 616.8052415482764,
          "ema_span_1": 1279.8266047378002,
          "enabled": true,
          "initial_eprice_ema_dist": 0.005368160018607353,
          "initial_qty_pct": 0.05,
          "markup_range": 0.04992259155897167,
          "min_markup": 0.007671357243100224,
          "n_close_orders": 6,
          "rentry_pprice_dist": 0.02004306631321804,
          "rentry_pprice_dist_wallet_exposure_weighting": 1.087403322730037,
          "wallet_exposure_limit": 1},
 "short": {"auto_unstuck_delay_minutes": 1407.9467514748155,
           "auto_unstuck_ema_dist": -0.03367753883276203,
           "auto_unstuck_qty_pct": 0.06633161830711179,
           "auto_unstuck_wallet_exposure_threshold": 0.1347274671526625,
           "backwards_tp": true,
           "ddown_factor": 0.36717018865346973,
           "ema_span_0": 1021.2303993924972,
           "ema_span_1": 557.0233163829515,
           "enabled": false,
           "initial_eprice_ema_dist": -0.06367077191199,
           "initial_qty_pct": 0.01052873238219946,
           "markup_range": 0.00693451829870509,
           "min_markup": 0.005653544997892089,
           "n_close_orders": 14,
           "rentry_pprice_dist": 0.03350562883080744,
           "rentry_pprice_dist_wallet_exposure_weighting": 4.97734302289246,
           "wallet_exposure_limit": 1.0}}