{"config_name": "recursive_grid_ORDIUSDT_143days",
 "logging_level": 0,
 "long": {"auto_unstuck_delay_minutes": 1341.777426568382,
          "auto_unstuck_ema_dist": -0.02582088537180274,
          "auto_unstuck_qty_pct": 0.01,
          "auto_unstuck_wallet_exposure_threshold": 0.08439062959475627,
          "backwards_tp": false,
          "ddown_factor": 0.50436717671506,
          "ema_span_0": 401.09038219687966,
          "ema_span_1": 606.1235721842369,
          "enabled": true,
          "initial_eprice_ema_dist": 0.01273666713804039,
          "initial_qty_pct": 0.0496632786237214,
          "markup_range": 0.04992676768322438,
          "min_markup": 0.012134865190808248,
          "n_close_orders": 8,
          "rentry_pprice_dist": 0.015903539495337213,
          "rentry_pprice_dist_wallet_exposure_weighting": 9.818407912407096,
          "wallet_exposure_limit": 1},
 "short": {"auto_unstuck_delay_minutes": 160.36928709606113,
           "auto_unstuck_ema_dist": -0.061136068591297346,
           "auto_unstuck_qty_pct": 0.019611419354194477,
           "auto_unstuck_wallet_exposure_threshold": 0.7654973628516429,
           "backwards_tp": false,
           "ddown_factor": 1.7381241632598805,
           "ema_span_0": 1316.6411803583526,
           "ema_span_1": 265.66493797572724,
           "enabled": false,
           "initial_eprice_ema_dist": -0.09650370753114365,
           "initial_qty_pct": 0.03289010549856585,
           "markup_range": 0.009311426499095153,
           "min_markup": 0.0066490768945076445,
           "n_close_orders": 2,
           "rentry_pprice_dist": 0.023533145730577413,
           "rentry_pprice_dist_wallet_exposure_weighting": 16.85824272497179,
           "wallet_exposure_limit": 1.0}}