{"config_name": "recursive_grid_1000BONKUSDT_366days",
 "logging_level": 0,
 "long": {"auto_unstuck_delay_minutes": 1113.520577432272,
          "auto_unstuck_ema_dist": -0.08517085847440029,
          "auto_unstuck_qty_pct": 0.020994644219287557,
          "auto_unstuck_wallet_exposure_threshold": 0.15363397170631882,
          "backwards_tp": false,
          "ddown_factor": 0.8695538166996182,
          "ema_span_0": 646.9265168370819,
          "ema_span_1": 629.506000830909,
          "enabled": true,
          "initial_eprice_ema_dist": -0.0014595989347912421,
          "initial_qty_pct": 0.03293249328912469,
          "markup_range": 0.014348652830630455,
          "min_markup": 0.006131663315120985,
          "n_close_orders": 8,
          "rentry_pprice_dist": 0.05092492450140778,
          "rentry_pprice_dist_wallet_exposure_weighting": 2.9678579169609005,
          "wallet_exposure_limit": 1},
 "short": {"auto_unstuck_delay_minutes": 0.0,
           "auto_unstuck_ema_dist": 0.0,
           "auto_unstuck_qty_pct": 0.0,
           "auto_unstuck_wallet_exposure_threshold": 0.0,
           "backwards_tp": false,
           "ddown_factor": 2.6254685340044865,
           "ema_span_0": 1036.9974699180607,
           "ema_span_1": 429.66841660156183,
           "enabled": false,
           "initial_eprice_ema_dist": 0.00038869217798758945,
           "initial_qty_pct": 0.006254514974785415,
           "markup_range": 0.00283144548389054,
           "min_markup": 0.00574693028301825,
           "n_close_orders": 8,
           "rentry_pprice_dist": 0.006579426460744528,
           "rentry_pprice_dist_wallet_exposure_weighting": 5.894084525997819,
           "wallet_exposure_limit": 1.0}}