{"config_name": "recursive_grid_ETHUSDT_366days",
 "logging_level": 0,
 "long": {"auto_unstuck_delay_minutes": 567.095620311953,
          "auto_unstuck_ema_dist": -0.011459734954699458,
          "auto_unstuck_qty_pct": 0.021095241803561017,
          "auto_unstuck_wallet_exposure_threshold": 0.01596289619867669,
          "backwards_tp": false,
          "ddown_factor": 2.395818963594102,
          "ema_span_0": 1446.9923071533974,
          "ema_span_1": 2116.8503737471387,
          "enabled": true,
          "initial_eprice_ema_dist": -0.0027587444266174346,
          "initial_qty_pct": 0.08787339328027041,
          "markup_range": 0.010489438097927347,
          "min_markup": 0.018417888120705047,
          "n_close_orders": 8,
          "rentry_pprice_dist": 0.00626415440517451,
          "rentry_pprice_dist_wallet_exposure_weighting": 0.06468889464720373,
          "wallet_exposure_limit": 1.0},
 "short": {"auto_unstuck_delay_minutes": 0.0,
           "auto_unstuck_ema_dist": 0.0,
           "auto_unstuck_qty_pct": 0.0,
           "auto_unstuck_wallet_exposure_threshold": 0.0,
           "backwards_tp": false,
           "ddown_factor": 0.3441002867683152,
           "ema_span_0": 849.6067642814448,
           "ema_span_1": 840.5175974880565,
           "enabled": false,
           "initial_eprice_ema_dist": -0.002295971353514421,
           "initial_qty_pct": 0.016960454215003883,
           "markup_range": 0.006435408291966945,
           "min_markup": 0.006899748484894265,
           "n_close_orders": 5,
           "rentry_pprice_dist": 0.041631452131261855,
           "rentry_pprice_dist_wallet_exposure_weighting": 2.19797832894378,
           "wallet_exposure_limit": 1.0}}