{"config_name": "recursive_grid_BEAMUSDT_212days",
 "logging_level": 0,
 "long": {"auto_unstuck_delay_minutes": 0.0,
          "auto_unstuck_ema_dist": 0.0,
          "auto_unstuck_qty_pct": 0.0,
          "auto_unstuck_wallet_exposure_threshold": 0.0,
          "backwards_tp": false,
          "ddown_factor": 0.5246346628675516,
          "ema_span_0": 843.6899374437584,
          "ema_span_1": 882.49113750742,
          "enabled": true,
          "initial_eprice_ema_dist": 0.015766569654831877,
          "initial_qty_pct": 0.04,
          "markup_range": 0.0243008402319261,
          "min_markup": 0.014358095479320435,
          "n_close_orders": 2,
          "rentry_pprice_dist": 0.014961414210821925,
          "rentry_pprice_dist_wallet_exposure_weighting": 10.578745132108391,
          "wallet_exposure_limit": 1.0},
 "short": {"auto_unstuck_delay_minutes": 201.47724587508208,
           "auto_unstuck_ema_dist": -0.04971592899020846,
           "auto_unstuck_qty_pct": 0.06899475796142808,
           "auto_unstuck_wallet_exposure_threshold": 0.41813914654152495,
           "backwards_tp": false,
           "ddown_factor": 2.9579528177048404,
           "ema_span_0": 350.7058359677635,
           "ema_span_1": 121.40588332539615,
           "enabled": false,
           "initial_eprice_ema_dist": -0.03282702271842443,
           "initial_qty_pct": 0.030370967058273017,
           "markup_range": 0.059411313291881394,
           "min_markup": 0.002608526446622733,
           "n_close_orders": 10,
           "rentry_pprice_dist": 0.024661621078077667,
           "rentry_pprice_dist_wallet_exposure_weighting": 12.822863159970186,
           "wallet_exposure_limit": 1.0}}