{"config_name": "recursive_grid_ONDOUSDT_120days",
 "logging_level": 0,
 "long": {"auto_unstuck_delay_minutes": 1367.5690916896056,
          "auto_unstuck_ema_dist": 0.010171479062508072,
          "auto_unstuck_qty_pct": 0.01,
          "auto_unstuck_wallet_exposure_threshold": 0.05537077746348673,
          "backwards_tp": false,
          "ddown_factor": 1.4593032636014727,
          "ema_span_0": 1042.141299510246,
          "ema_span_1": 697.046939994796,
          "enabled": true,
          "initial_eprice_ema_dist": 0.007926842180072237,
          "initial_qty_pct": 0.0370523979306468,
          "markup_range": 0.039633236163575246,
          "min_markup": 0.0314010826518834,
          "n_close_orders": 4,
          "rentry_pprice_dist": 0.03503199017995781,
          "rentry_pprice_dist_wallet_exposure_weighting": 10.529810468814237,
          "wallet_exposure_limit": 1.0},
 "short": {"auto_unstuck_delay_minutes": 229.96951437957347,
           "auto_unstuck_ema_dist": -0.024780658723055016,
           "auto_unstuck_qty_pct": 0.03913951693653964,
           "auto_unstuck_wallet_exposure_threshold": 0.45754438381022333,
           "backwards_tp": false,
           "ddown_factor": 0.6696733224688545,
           "ema_span_0": 283.7275558071931,
           "ema_span_1": 626.7693491536652,
           "enabled": false,
           "initial_eprice_ema_dist": -0.05091156820451606,
           "initial_qty_pct": 0.04236487596348881,
           "markup_range": 0.03746349409287626,
           "min_markup": 0.002133400328513199,
           "n_close_orders": 8,
           "rentry_pprice_dist": 0.01181087969049931,
           "rentry_pprice_dist_wallet_exposure_weighting": 16.335257068248225,
           "wallet_exposure_limit": 1.0}}