{"config_name": "recursive_grid_BNBUSDT_454days",
 "logging_level": 0,
 "long": {"auto_unstuck_delay_minutes": 732.1708516734916,
          "auto_unstuck_ema_dist": -0.0040327407122023595,
          "auto_unstuck_qty_pct": 0.01,
          "auto_unstuck_wallet_exposure_threshold": 0.04117586001532789,
          "backwards_tp": false,
          "ddown_factor": 1.9518030704652767,
          "ema_span_0": 826.9727775115638,
          "ema_span_1": 723.3437941553051,
          "enabled": true,
          "initial_eprice_ema_dist": 0.005456398236334347,
          "initial_qty_pct": 0.05,
          "markup_range": 0.047955110149123265,
          "min_markup": 0.004044618194385333,
          "n_close_orders": 7,
          "rentry_pprice_dist": 0.026134372202134146,
          "rentry_pprice_dist_wallet_exposure_weighting": 0.5580071628951024,
          "wallet_exposure_limit": 1},
 "short": {"auto_unstuck_delay_minutes": 856.3697732146902,
           "auto_unstuck_ema_dist": -0.03368464816024436,
           "auto_unstuck_qty_pct": 0.07135938346346171,
           "auto_unstuck_wallet_exposure_threshold": 0.793753855034664,
           "backwards_tp": true,
           "ddown_factor": 0.9737816821444009,
           "ema_span_0": 542.7566454432887,
           "ema_span_1": 1415.26293936573,
           "enabled": false,
           "initial_eprice_ema_dist": -0.02063503052040376,
           "initial_qty_pct": 0.030305061643591473,
           "markup_range": 0.028029955504672095,
           "min_markup": 0.002019792777340355,
           "n_close_orders": 15,
           "rentry_pprice_dist": 0.019913769476118816,
           "rentry_pprice_dist_wallet_exposure_weighting": 8.409147856251824,
           "wallet_exposure_limit": 1.0}}