{"config_name": "recursive_grid_BCHUSDT_366days",
 "logging_level": 0,
 "long": {"auto_unstuck_delay_minutes": 1435.8954446612988,
          "auto_unstuck_ema_dist": -0.024596127149919392,
          "auto_unstuck_qty_pct": 0.03415862263971094,
          "auto_unstuck_wallet_exposure_threshold": 0.19452058876970127,
          "backwards_tp": false,
          "ddown_factor": 0.1053417192673268,
          "ema_span_0": 1532.8002679531485,
          "ema_span_1": 833.2087410992144,
          "enabled": true,
          "initial_eprice_ema_dist": -0.0057135986222188375,
          "initial_qty_pct": 0.03,
          "markup_range": 0.01880356669780876,
          "min_markup": 0.006872053109412902,
          "n_close_orders": 8,
          "rentry_pprice_dist": 0.03264994045651978,
          "rentry_pprice_dist_wallet_exposure_weighting": 0.34391816893269794,
          "wallet_exposure_limit": 1},
 "short": {"auto_unstuck_delay_minutes": 0.0,
           "auto_unstuck_ema_dist": 0.0,
           "auto_unstuck_qty_pct": 0.0,
           "auto_unstuck_wallet_exposure_threshold": 0.0,
           "backwards_tp": false,
           "ddown_factor": 1.9285296972045942,
           "ema_span_0": 1304.6418604552837,
           "ema_span_1": 447.15315788537436,
           "enabled": false,
           "initial_eprice_ema_dist": -0.004881299110689599,
           "initial_qty_pct": 0.005870606733433257,
           "markup_range": 0.00915608797971512,
           "min_markup": 0.004474043729618854,
           "n_close_orders": 12,
           "rentry_pprice_dist": 0.01042968757531566,
           "rentry_pprice_dist_wallet_exposure_weighting": 0.9990318768877898,
           "wallet_exposure_limit": 1.0}}