{"config_name": "recursive_grid_TAOUSDT_135days",
 "logging_level": 0,
 "long": {"auto_unstuck_delay_minutes": 0,
          "auto_unstuck_ema_dist": 0,
          "auto_unstuck_qty_pct": 0,
          "auto_unstuck_wallet_exposure_threshold": 0.0,
          "backwards_tp": false,
          "ddown_factor": 0.4192749401007374,
          "ema_span_0": 627.0151622896324,
          "ema_span_1": 823.2123162156261,
          "enabled": true,
          "initial_eprice_ema_dist": 0.012818150846410085,
          "initial_qty_pct": 0.04,
          "markup_range": 0.035843306286146966,
          "min_markup": 0.03,
          "n_close_orders": 2,
          "rentry_pprice_dist": 0.01406768850311231,
          "rentry_pprice_dist_wallet_exposure_weighting": 10.324564119779563,
          "wallet_exposure_limit": 1},
 "short": {"auto_unstuck_delay_minutes": 694.231198584192,
           "auto_unstuck_ema_dist": -0.05291119675243904,
           "auto_unstuck_qty_pct": 0.08283386548989913,
           "auto_unstuck_wallet_exposure_threshold": 0.5850133058014274,
           "backwards_tp": false,
           "ddown_factor": 0.9993003899649606,
           "ema_span_0": 1400.9617294547052,
           "ema_span_1": 1140.6276392600994,
           "enabled": false,
           "initial_eprice_ema_dist": -0.05967931108021111,
           "initial_qty_pct": 0.01281614604859656,
           "markup_range": 0.015383699376282903,
           "min_markup": 0.0032750847564163924,
           "n_close_orders": 8,
           "rentry_pprice_dist": 0.005863856328594297,
           "rentry_pprice_dist_wallet_exposure_weighting": 9.317293031127683,
           "wallet_exposure_limit": 1.0}}