{"config_name": "recursive_grid_1000RATSUSDT_150days",
 "logging_level": 0,
 "long": {"auto_unstuck_delay_minutes": 784.8557594189261,
          "auto_unstuck_ema_dist": 0.027961388046566733,
          "auto_unstuck_qty_pct": 0.01,
          "auto_unstuck_wallet_exposure_threshold": 0.0452451855926944,
          "backwards_tp": false,
          "ddown_factor": 0.5152353741974961,
          "ema_span_0": 143.60056548110012,
          "ema_span_1": 152.09058687726787,
          "enabled": true,
          "initial_eprice_ema_dist": 0.020240825110986876,
          "initial_qty_pct": 0.04333879505363768,
          "markup_range": 0.042644821213566955,
          "min_markup": 0.009743846451002522,
          "n_close_orders": 6,
          "rentry_pprice_dist": 0.014247258119248695,
          "rentry_pprice_dist_wallet_exposure_weighting": 10.588754877795392,
          "wallet_exposure_limit": 1},
 "short": {"auto_unstuck_delay_minutes": 1043.7498296018514,
           "auto_unstuck_ema_dist": -0.06424854293322574,
           "auto_unstuck_qty_pct": 0.04913143011843252,
           "auto_unstuck_wallet_exposure_threshold": 0.14072938971769614,
           "backwards_tp": false,
           "ddown_factor": 1.2816458830139739,
           "ema_span_0": 351.50552212204883,
           "ema_span_1": 1384.6530458133586,
           "enabled": false,
           "initial_eprice_ema_dist": -0.06646898177056632,
           "initial_qty_pct": 0.015000229384601195,
           "markup_range": 0.04829321139176497,
           "min_markup": 0.009499926860029682,
           "n_close_orders": 12,
           "rentry_pprice_dist": 0.032417737157299086,
           "rentry_pprice_dist_wallet_exposure_weighting": 17.47613359170925,
           "wallet_exposure_limit": 1.0}}