{"config_name": "recursive_grid_BTCUSDT_143days",
 "logging_level": 0,
 "long": {"auto_unstuck_delay_minutes": 941.8798779227303,
          "auto_unstuck_ema_dist": -0.012630408537755529,
          "auto_unstuck_qty_pct": 0.01,
          "auto_unstuck_wallet_exposure_threshold": 0.06672164523447398,
          "backwards_tp": false,
          "ddown_factor": 0.5505134375813259,
          "ema_span_0": 1220.255951220252,
          "ema_span_1": 905.446505277291,
          "enabled": true,
          "initial_eprice_ema_dist": -0.028408135885011284,
          "initial_qty_pct": 0.043555477223048124,
          "markup_range": 0.015186135304765556,
          "min_markup": 0.01408421724912163,
          "n_close_orders": 6,
          "rentry_pprice_dist": 0.0074410642250027055,
          "rentry_pprice_dist_wallet_exposure_weighting": 8.300731409697734,
          "wallet_exposure_limit": 1},
 "short": {"auto_unstuck_delay_minutes": 732.1239727929269,
           "auto_unstuck_ema_dist": -0.0273040808372179,
           "auto_unstuck_qty_pct": 0.03139055171758523,
           "auto_unstuck_wallet_exposure_threshold": 0.70374061951595,
           "backwards_tp": false,
           "ddown_factor": 1.5674686699069054,
           "ema_span_0": 705.2454270595744,
           "ema_span_1": 586.5887363220617,
           "enabled": false,
           "initial_eprice_ema_dist": -0.03636044237369625,
           "initial_qty_pct": 0.03466082636803201,
           "markup_range": 0.0044133827337792695,
           "min_markup": 0.0046370572222222285,
           "n_close_orders": 10,
           "rentry_pprice_dist": 0.013099845504365673,
           "rentry_pprice_dist_wallet_exposure_weighting": 17.087645944793195,
           "wallet_exposure_limit": 1.0}}