{"config_name": "recursive_grid_KASUSDT_156days",
 "logging_level": 0,
 "long": {"auto_unstuck_delay_minutes": 1304.2851906741957,
          "auto_unstuck_ema_dist": -0.03652251309089959,
          "auto_unstuck_qty_pct": 0.01,
          "auto_unstuck_wallet_exposure_threshold": 0.09776432898987064,
          "backwards_tp": false,
          "ddown_factor": 0.5511221059138829,
          "ema_span_0": 482.21688749013606,
          "ema_span_1": 466.8878872536195,
          "enabled": true,
          "initial_eprice_ema_dist": 0.0018809073571582693,
          "initial_qty_pct": 0.03083272507829734,
          "markup_range": 0.0326755137349556,
          "min_markup": 0.01450324810809098,
          "n_close_orders": 4,
          "rentry_pprice_dist": 0.01886390734021758,
          "rentry_pprice_dist_wallet_exposure_weighting": 10.962164030024589,
          "wallet_exposure_limit": 1.0},
 "short": {"auto_unstuck_delay_minutes": 1061.591623563597,
           "auto_unstuck_ema_dist": -0.05349654648219515,
           "auto_unstuck_qty_pct": 0.06083926911764026,
           "auto_unstuck_wallet_exposure_threshold": 0.16703964137090566,
           "backwards_tp": false,
           "ddown_factor": 1.9777487538076586,
           "ema_span_0": 527.5604456399951,
           "ema_span_1": 1112.6475065984678,
           "enabled": false,
           "initial_eprice_ema_dist": -0.08809953603451945,
           "initial_qty_pct": 0.04051860533515092,
           "markup_range": 0.02158307118547377,
           "min_markup": 0.009463047613236585,
           "n_close_orders": 4,
           "rentry_pprice_dist": 0.016854081080072237,
           "rentry_pprice_dist_wallet_exposure_weighting": 13.10484735472306,
           "wallet_exposure_limit": 1.0}}