{"config_name": "recursive_grid_TONUSDT_156days",
 "logging_level": 0,
 "long": {"auto_unstuck_delay_minutes": 1101.7056382785265,
          "auto_unstuck_ema_dist": -0.0252179605106218,
          "auto_unstuck_qty_pct": 0.01,
          "auto_unstuck_wallet_exposure_threshold": 0.07980668953838183,
          "backwards_tp": false,
          "ddown_factor": 0.3858228914855882,
          "ema_span_0": 1099.7468706261861,
          "ema_span_1": 722.7010246460079,
          "enabled": true,
          "initial_eprice_ema_dist": 0.0016772606286753686,
          "initial_qty_pct": 0.03979860539565481,
          "markup_range": 0.034322814606387225,
          "min_markup": 0.015464173805873905,
          "n_close_orders": 6,
          "rentry_pprice_dist": 0.005,
          "rentry_pprice_dist_wallet_exposure_weighting": 8.69824554806373,
          "wallet_exposure_limit": 1},
 "short": {"auto_unstuck_delay_minutes": 422.51661319264343,
           "auto_unstuck_ema_dist": -0.06662050939858087,
           "auto_unstuck_qty_pct": 0.06185051046986042,
           "auto_unstuck_wallet_exposure_threshold": 0.478944808610973,
           "backwards_tp": false,
           "ddown_factor": 0.40205820824243566,
           "ema_span_0": 458.30900961701906,
           "ema_span_1": 1326.2187731378642,
           "enabled": false,
           "initial_eprice_ema_dist": -0.0647347460093465,
           "initial_qty_pct": 0.01652538125262216,
           "markup_range": 0.027012549087237315,
           "min_markup": 0.00406534474013397,
           "n_close_orders": 13,
           "rentry_pprice_dist": 0.03130344715906278,
           "rentry_pprice_dist_wallet_exposure_weighting": 5.1698831492703645,
           "wallet_exposure_limit": 1.0}}