{"config_name": "recursive_grid_MANTAUSDT_71days",
 "logging_level": 0,
 "long": {"auto_unstuck_delay_minutes": 917.7820537152031,
          "auto_unstuck_ema_dist": -0.028471221699490058,
          "auto_unstuck_qty_pct": 0.01,
          "auto_unstuck_wallet_exposure_threshold": 0.04858415590365486,
          "backwards_tp": false,
          "ddown_factor": 1.8809770283097689,
          "ema_span_0": 920.8609184855004,
          "ema_span_1": 1108.7857436524075,
          "enabled": true,
          "initial_eprice_ema_dist": 0.00575584083005481,
          "initial_qty_pct": 0.05,
          "markup_range": 0.021875533462378215,
          "min_markup": 0.008185327896373475,
          "n_close_orders": 6,
          "rentry_pprice_dist": 0.028805123520542285,
          "rentry_pprice_dist_wallet_exposure_weighting": 1.2229227578059254,
          "wallet_exposure_limit": 1},
 "short": {"auto_unstuck_delay_minutes": 784.3789751610747,
           "auto_unstuck_ema_dist": -0.06918279491255228,
           "auto_unstuck_qty_pct": 0.029345034743622503,
           "auto_unstuck_wallet_exposure_threshold": 0.17197364332191045,
           "backwards_tp": true,
           "ddown_factor": 2.371454678414642,
           "ema_span_0": 160.35460926676157,
           "ema_span_1": 1153.2644676758152,
           "enabled": false,
           "initial_eprice_ema_dist": -0.04258901907406624,
           "initial_qty_pct": 0.01592783025025225,
           "markup_range": 0.014811284126538284,
           "min_markup": 0.007616763212828561,
           "n_close_orders": 8,
           "rentry_pprice_dist": 0.04895951954956219,
           "rentry_pprice_dist_wallet_exposure_weighting": 0.8782247519179509,
           "wallet_exposure_limit": 1.0}}