{"config_name": "recursive_grid_APTUSDT_454days",
 "logging_level": 0,
 "long": {"auto_unstuck_delay_minutes": 1113.3116747840613,
          "auto_unstuck_ema_dist": 0.001630111335178866,
          "auto_unstuck_qty_pct": 0.01,
          "auto_unstuck_wallet_exposure_threshold": 0.06408708325370711,
          "backwards_tp": false,
          "ddown_factor": 1.12987157469298,
          "ema_span_0": 611.7445046086467,
          "ema_span_1": 471.40416400564817,
          "enabled": true,
          "initial_eprice_ema_dist": 0.005220327260903228,
          "initial_qty_pct": 0.05,
          "markup_range": 0.05881819271506997,
          "min_markup": 0.004098251660831103,
          "n_close_orders": 4,
          "rentry_pprice_dist": 0.039814997304927865,
          "rentry_pprice_dist_wallet_exposure_weighting": 1.0423057064886394,
          "wallet_exposure_limit": 1.0},
 "short": {"auto_unstuck_delay_minutes": 551.4686696324375,
           "auto_unstuck_ema_dist": -0.09714795714912987,
           "auto_unstuck_qty_pct": 0.06738484801882409,
           "auto_unstuck_wallet_exposure_threshold": 0.381907168599111,
           "backwards_tp": true,
           "ddown_factor": 2.2321787608615757,
           "ema_span_0": 1233.3511625847384,
           "ema_span_1": 40.35828310398779,
           "enabled": false,
           "initial_eprice_ema_dist": -0.05692920187613667,
           "initial_qty_pct": 0.04212145475741627,
           "markup_range": 0.005489677973321332,
           "min_markup": 0.002284115765200794,
           "n_close_orders": 8,
           "rentry_pprice_dist": 0.008892664519149395,
           "rentry_pprice_dist_wallet_exposure_weighting": 4.044350452537364,
           "wallet_exposure_limit": 1.0}}