{"config_name": "recursive_grid_AVAXUSDT_454days",
 "logging_level": 0,
 "long": {"auto_unstuck_delay_minutes": 1298.3914099360047,
          "auto_unstuck_ema_dist": 0.04912071157416009,
          "auto_unstuck_qty_pct": 0.01,
          "auto_unstuck_wallet_exposure_threshold": 0.0842353090790702,
          "backwards_tp": false,
          "ddown_factor": 0.7642872831486134,
          "ema_span_0": 564.645188275707,
          "ema_span_1": 1142.1504806558792,
          "enabled": true,
          "initial_eprice_ema_dist": 0.009519378594826135,
          "initial_qty_pct": 0.05,
          "markup_range": 0.05125096876001773,
          "min_markup": 0.0056487716140488,
          "n_close_orders": 3,
          "rentry_pprice_dist": 0.046472536036233913,
          "rentry_pprice_dist_wallet_exposure_weighting": 3.9632023997317085,
          "wallet_exposure_limit": 1.0},
 "short": {"auto_unstuck_delay_minutes": 293.03256792687733,
           "auto_unstuck_ema_dist": -0.051582823966059795,
           "auto_unstuck_qty_pct": 0.06805291852494623,
           "auto_unstuck_wallet_exposure_threshold": 0.2965050003794148,
           "backwards_tp": true,
           "ddown_factor": 0.15439379534013067,
           "ema_span_0": 959.0248488795345,
           "ema_span_1": 636.0082324662133,
           "enabled": false,
           "initial_eprice_ema_dist": -0.0239727219576953,
           "initial_qty_pct": 0.016352439120716634,
           "markup_range": 0.04840895423873625,
           "min_markup": 0.00462857058996804,
           "n_close_orders": 4,
           "rentry_pprice_dist": 0.014677163768432144,
           "rentry_pprice_dist_wallet_exposure_weighting": 9.692078528612093,
           "wallet_exposure_limit": 1.0}}