{"config_name": "recursive_grid_AIUSDT_73days",
 "logging_level": 0,
 "long": {"auto_unstuck_delay_minutes": 629.7515398113288,
          "auto_unstuck_ema_dist": -0.026023640541040106,
          "auto_unstuck_qty_pct": 0.01,
          "auto_unstuck_wallet_exposure_threshold": 0.055503413992085165,
          "backwards_tp": false,
          "ddown_factor": 1.9869136598248112,
          "ema_span_0": 1073.451174331979,
          "ema_span_1": 1100.2937208067176,
          "enabled": true,
          "initial_eprice_ema_dist": 0.0030863442623578854,
          "initial_qty_pct": 0.05,
          "markup_range": 0.06,
          "min_markup": 0.005046329450875259,
          "n_close_orders": 6,
          "rentry_pprice_dist": 0.022204134618315777,
          "rentry_pprice_dist_wallet_exposure_weighting": 0.8285492125174414,
          "wallet_exposure_limit": 1.0},
 "short": {"auto_unstuck_delay_minutes": 1176.6570766117522,
           "auto_unstuck_ema_dist": -0.0014505160565270875,
           "auto_unstuck_qty_pct": 0.044521722806834974,
           "auto_unstuck_wallet_exposure_threshold": 0.7401808161778829,
           "backwards_tp": true,
           "ddown_factor": 1.0137952547206843,
           "ema_span_0": 1345.893681718886,
           "ema_span_1": 343.218699935223,
           "enabled": false,
           "initial_eprice_ema_dist": -0.049561086369386165,
           "initial_qty_pct": 0.036051888592702974,
           "markup_range": 0.02572823574944524,
           "min_markup": 0.004319277882384419,
           "n_close_orders": 8,
           "rentry_pprice_dist": 0.016578885104243584,
           "rentry_pprice_dist_wallet_exposure_weighting": 9.45185180470046,
           "wallet_exposure_limit": 1.0}}