{"config_name": "recursive_grid_ENAUSDT_50days",
 "logging_level": 0,
 "long": {"auto_unstuck_delay_minutes": 583.0302428459865,
          "auto_unstuck_ema_dist": -0.025989688955130843,
          "auto_unstuck_qty_pct": 0.01,
          "auto_unstuck_wallet_exposure_threshold": 0.05320382199197831,
          "backwards_tp": false,
          "ddown_factor": 0.5817949962017397,
          "ema_span_0": 1337.536296425872,
          "ema_span_1": 546.6069406019881,
          "enabled": true,
          "initial_eprice_ema_dist": 0.021097456324256643,
          "initial_qty_pct": 0.04535650136202561,
          "markup_range": 0.039630151747776364,
          "min_markup": 0.03174374616617991,
          "n_close_orders": 7,
          "rentry_pprice_dist": 0.02478071482275748,
          "rentry_pprice_dist_wallet_exposure_weighting": 7.685963749964838,
          "wallet_exposure_limit": 1.0},
 "short": {"auto_unstuck_delay_minutes": 111.88065499532242,
           "auto_unstuck_ema_dist": -0.005296228110967735,
           "auto_unstuck_qty_pct": 0.03901405971734683,
           "auto_unstuck_wallet_exposure_threshold": 0.8775333373779127,
           "backwards_tp": false,
           "ddown_factor": 1.4651367546280227,
           "ema_span_0": 990.1589994746669,
           "ema_span_1": 1268.6659594549678,
           "enabled": false,
           "initial_eprice_ema_dist": -0.009768564451163642,
           "initial_qty_pct": 0.04197309832192644,
           "markup_range": 0.03268363428910868,
           "min_markup": 0.002320632736900696,
           "n_close_orders": 15,
           "rentry_pprice_dist": 0.03781797550354709,
           "rentry_pprice_dist_wallet_exposure_weighting": 2.725908456908168,
           "wallet_exposure_limit": 1.0}}