{"config_name": "recursive_grid_1000BONKUSDT_366days",
 "logging_level": 0,
 "long": {"auto_unstuck_delay_minutes": 1389.847855145851,
          "auto_unstuck_ema_dist": 0.0042743716722966375,
          "auto_unstuck_qty_pct": 0.015488060606480697,
          "auto_unstuck_wallet_exposure_threshold": 0.19510040091009617,
          "backwards_tp": false,
          "ddown_factor": 0.27602816726328744,
          "ema_span_0": 2404.4218925853384,
          "ema_span_1": 2027.0979104840176,
          "enabled": true,
          "initial_eprice_ema_dist": 0.0024771048820777727,
          "initial_qty_pct": 0.03726749773806263,
          "markup_range": 0.019769858840025963,
          "min_markup": 0.005688847937902438,
          "n_close_orders": 9,
          "rentry_pprice_dist": 0.0548734066452341,
          "rentry_pprice_dist_wallet_exposure_weighting": 1.4723476205631867,
          "wallet_exposure_limit": 1},
 "short": {"auto_unstuck_delay_minutes": 0.0,
           "auto_unstuck_ema_dist": 0.0,
           "auto_unstuck_qty_pct": 0.0,
           "auto_unstuck_wallet_exposure_threshold": 0.0,
           "backwards_tp": false,
           "ddown_factor": 2.7959988495650756,
           "ema_span_0": 547.3364363121475,
           "ema_span_1": 506.6046462689166,
           "enabled": false,
           "initial_eprice_ema_dist": -0.009968364640490177,
           "initial_qty_pct": 0.019986787107126716,
           "markup_range": 0.00966703529024278,
           "min_markup": 0.0031034304814757238,
           "n_close_orders": 3,
           "rentry_pprice_dist": 0.0512984643334632,
           "rentry_pprice_dist_wallet_exposure_weighting": 2.1539486369638,
           "wallet_exposure_limit": 1.0}}