{"config_name": "recursive_grid_AVAXUSDT_366days",
 "logging_level": 0,
 "long": {"auto_unstuck_delay_minutes": 661.0582212248765,
          "auto_unstuck_ema_dist": 0.02652102635500508,
          "auto_unstuck_qty_pct": 0.0808411044602858,
          "auto_unstuck_wallet_exposure_threshold": 0.08281086630014146,
          "backwards_tp": false,
          "ddown_factor": 0.1,
          "ema_span_0": 1465.9831931507508,
          "ema_span_1": 1496.8777069388193,
          "enabled": true,
          "initial_eprice_ema_dist": -0.00023746814422894797,
          "initial_qty_pct": 0.04890723483208448,
          "markup_range": 0.0,
          "min_markup": 0.01319569155390905,
          "n_close_orders": 7,
          "rentry_pprice_dist": 0.029985305437909275,
          "rentry_pprice_dist_wallet_exposure_weighting": 0.9256013190069856,
          "wallet_exposure_limit": 1.0},
 "short": {"auto_unstuck_delay_minutes": 0.0,
           "auto_unstuck_ema_dist": 0.0,
           "auto_unstuck_qty_pct": 0.0,
           "auto_unstuck_wallet_exposure_threshold": 0.0,
           "backwards_tp": false,
           "ddown_factor": 2.3019536986882256,
           "ema_span_0": 806.1256346240132,
           "ema_span_1": 641.5874254159403,
           "enabled": false,
           "initial_eprice_ema_dist": -0.005652084833358237,
           "initial_qty_pct": 0.01606309285067837,
           "markup_range": 0.006023660286486194,
           "min_markup": 0.0022865986948697086,
           "n_close_orders": 15,
           "rentry_pprice_dist": 0.05893950394115736,
           "rentry_pprice_dist_wallet_exposure_weighting": 6.880307748921908,
           "wallet_exposure_limit": 1.0}}