{"config_name": "recursive_grid_1000BTTUSDT_839days",
 "logging_level": 0,
 "long": {"auto_unstuck_delay_minutes": 0.0,
          "auto_unstuck_ema_dist": 0.0,
          "auto_unstuck_qty_pct": 0.0,
          "auto_unstuck_wallet_exposure_threshold": 0.0,
          "backwards_tp": false,
          "ddown_factor": 0.41083796127539485,
          "ema_span_0": 755.5024760802361,
          "ema_span_1": 1142.1735083449214,
          "enabled": true,
          "initial_eprice_ema_dist": 0.09960030898640901,
          "initial_qty_pct": 0.04,
          "markup_range": 0.0313697158353108,
          "min_markup": 0.01076700348103939,
          "n_close_orders": 3,
          "rentry_pprice_dist": 0.01623299118556832,
          "rentry_pprice_dist_wallet_exposure_weighting": 11.143454668697403,
          "wallet_exposure_limit": 1.0},
 "short": {"auto_unstuck_delay_minutes": 116.98533548623911,
           "auto_unstuck_ema_dist": -0.015348366395784727,
           "auto_unstuck_qty_pct": 0.016883349058038972,
           "auto_unstuck_wallet_exposure_threshold": 0.19962281561911316,
           "backwards_tp": false,
           "ddown_factor": 0.387759598183699,
           "ema_span_0": 369.64034257052083,
           "ema_span_1": 12.672829564888865,
           "enabled": false,
           "initial_eprice_ema_dist": -0.05170073486567883,
           "initial_qty_pct": 0.036167995550576475,
           "markup_range": 0.025667551942223855,
           "min_markup": 0.0033263790308744874,
           "n_close_orders": 10,
           "rentry_pprice_dist": 0.013211107856843231,
           "rentry_pprice_dist_wallet_exposure_weighting": 10.524347885909833,
           "wallet_exposure_limit": 1.0}}